time_step,flow_5min,flow_hour,speed_kmh
0,119.0,1428.0,71.1
1,126.0,1512.0,70.4
2,125.0,1500.0,70.6
3,119.0,1428.0,70.0
4,111.0,1332.0,69.7
5,96.0,1152.0,69.4
6,93.0,1116.0,69.5
7,97.0,1164.0,69.6
8,96.0,1152.0,69.2
9,88.0,1056.0,69.3
10,84.0,1008.0,69.1
11,77.0,924.0,69.7
12,79.0,948.0,69.8
13,85.0,1020.0,69.8
14,75.0,900.0,69.3
15,84.0,1008.0,70.0
16,75.0,900.0,70.0
17,77.0,924.0,69.4
18,72.0,864.0,69.1
19,74.0,888.0,69.4
20,77.0,924.0,69.5
21,72.0,864.0,69.4
22,67.0,804.0,69.0
23,64.0,768.0,69.0
24,67.0,804.0,69.3
25,64.0,768.0,69.5
26,64.0,768.0,69.4
27,64.0,768.0,69.8
28,75.0,900.0,69.5
29,67.0,804.0,69.2
30,62.0,744.0,69.1
31,67.0,804.0,69.3
32,61.0,732.0,68.9
33,61.0,732.0,69.0
34,62.0,744.0,69.1
35,57.0,684.0,68.9
36,56.0,672.0,68.8
37,64.0,768.0,68.5
38,61.0,732.0,68.8
39,79.0,948.0,68.9
40,70.0,840.0,69.6
41,67.0,804.0,69.5
42,70.0,840.0,69.3
43,74.0,888.0,69.2
44,82.0,984.0,69.1
45,85.0,1020.0,69.5
46,82.0,984.0,69.6
47,82.0,984.0,69.4
48,85.0,1020.0,69.2
49,88.0,1056.0,69.3
50,101.0,1212.0,69.2
51,111.0,1332.0,69.4
52,120.0,1440.0,69.5
53,136.0,1632.0,69.5
54,144.0,1728.0,70.0
55,165.0,1980.0,69.7
56,167.0,2004.0,69.8
57,190.0,2280.0,70.5
58,188.0,2256.0,70.3
59,186.0,2232.0,70.3
60,187.0,2244.0,70.0
61,193.0,2316.0,70.1
62,224.0,2688.0,70.2
63,239.0,2868.0,70.1
64,253.0,3036.0,70.2
65,272.0,3264.0,70.2
66,285.0,3420.0,70.5
67,303.0,3636.0,70.1
68,321.0,3852.0,70.1
69,337.0,4044.0,70.4
70,327.0,3924.0,70.5
71,306.0,3672.0,70.4
72,308.0,3696.0,67.8
73,318.0,3816.0,66.5
74,332.0,3984.0,66.2
75,353.0,4236.0,66.0
76,368.0,4416.0,65.7
77,373.0,4476.0,65.9
78,385.0,4620.0,66.0
79,388.0,4656.0,66.0
80,391.0,4692.0,65.7
81,416.0,4992.0,65.8
82,402.0,4824.0,65.8
83,385.0,4620.0,65.8
84,378.0,4536.0,66.1
85,385.0,4620.0,65.7
86,402.0,4824.0,65.6
87,411.0,4932.0,66.3
88,410.0,4920.0,65.8
89,420.0,5040.0,65.8
90,428.0,5136.0,65.7
91,428.0,5136.0,65.7
92,432.0,5184.0,65.4
93,428.0,5136.0,65.6
94,416.0,4992.0,65.5
95,408.0,4896.0,65.3
96,391.0,4692.0,65.0
97,384.0,4608.0,65.4
98,384.0,4608.0,65.2
99,391.0,4692.0,65.2
100,384.0,4608.0,65.4
101,382.0,4584.0,65.2
102,379.0,4548.0,65.2
103,381.0,4572.0,65.1
104,388.0,4656.0,65.0
105,389.0,4668.0,64.9
106,384.0,4608.0,64.8
107,379.0,4548.0,64.9
108,365.0,4380.0,64.6
109,361.0,4332.0,64.5
110,359.0,4308.0,64.0
111,363.0,4356.0,63.8
112,368.0,4416.0,63.9
113,370.0,4440.0,63.8
114,373.0,4476.0,63.9
115,376.0,4512.0,63.8
116,381.0,4572.0,63.8
117,384.0,4608.0,63.6
118,378.0,4536.0,63.6
119,370.0,4440.0,63.5
120,366.0,4392.0,63.5
121,369.0,4428.0,63.5
122,376.0,4512.0,63.4
123,384.0,4608.0,63.1
124,382.0,4584.0,63.4
125,381.0,4572.0,63.2
126,376.0,4512.0,63.3
127,381.0,4572.0,63.2
128,391.0,4692.0,63.1
129,391.0,4692.0,62.7
130,391.0,4692.0,62.9
131,385.0,4620.0,62.5
132,385.0,4620.0,62.7
133,388.0,4656.0,62.7
134,402.0,4824.0,62.7
135,391.0,4692.0,62.6
136,411.0,4932.0,62.4
137,419.0,5028.0,62.4
138,395.0,4740.0,62.5
139,396.0,4752.0,62.1
140,399.0,4788.0,62.2
141,393.0,4716.0,62.2
142,402.0,4824.0,62.3
143,395.0,4740.0,62.2
144,402.0,4824.0,62.6
145,396.0,4752.0,62.8
146,402.0,4824.0,62.8
147,407.0,4884.0,62.6
148,406.0,4872.0,62.6
149,408.0,4896.0,62.4
150,402.0,4824.0,62.7
151,402.0,4824.0,62.6
152,411.0,4932.0,62.1
153,408.0,4896.0,61.3
154,410.0,4920.0,60.8
155,402.0,4824.0,61.2
156,404.0,4848.0,61.4
157,402.0,4824.0,61.0
158,410.0,4920.0,61.3
159,419.0,5028.0,61.3
160,419.0,5028.0,61.2
161,414.0,4968.0,61.4
162,414.0,4968.0,61.4
163,422.0,5064.0,61.3
164,425.0,5100.0,61.6
165,425.0,5100.0,61.0
166,426.0,5112.0,61.2
167,424.0,5088.0,60.9
168,416.0,4992.0,60.4
169,422.0,5064.0,60.0
170,426.0,5112.0,60.0
171,427.0,5124.0,59.6
172,427.0,5124.0,59.2
173,428.0,5136.0,58.7
174,428.0,5136.0,58.7
175,425.0,5100.0,57.8
176,430.0,5160.0,58.3
177,436.0,5232.0,57.5
178,434.0,5208.0,53.9
179,432.0,5184.0,55.2
180,428.0,5136.0,55.1
181,432.0,5184.0,54.4
182,434.0,5208.0,55.0
183,437.0,5244.0,54.5
184,433.0,5196.0,54.6
185,432.0,5184.0,54.4
186,429.0,5148.0,52.0
187,427.0,5124.0,54.6
188,436.0,5232.0,51.5
189,434.0,5208.0,49.0
190,432.0,5184.0,50.6
191,424.0,5088.0,52.5
192,422.0,5064.0,54.7
193,429.0,5148.0,54.2
194,430.0,5160.0,54.5
195,433.0,5196.0,55.2
196,430.0,5160.0,56.7
197,429.0,5148.0,57.2
198,416.0,4992.0,57.4
199,429.0,5148.0,57.7
200,430.0,5160.0,57.9
201,434.0,5208.0,58.2
202,432.0,5184.0,58.4
203,424.0,5088.0,58.6
204,419.0,5028.0,58.9
205,426.0,5112.0,59.1
206,437.0,5244.0,59.3
207,443.0,5316.0,59.6
208,440.0,5280.0,59.4
209,430.0,5160.0,59.0
210,426.0,5112.0,59.1
211,414.0,4968.0,59.2
212,414.0,4968.0,59.5
213,413.0,4956.0,60.0
214,419.0,5028.0,60.0
215,396.0,4752.0,60.1
216,410.0,4920.0,61.2
217,406.0,4872.0,63.0
218,417.0,5004.0,65.3
219,410.0,4920.0,66.2
220,400.0,4800.0,67.0
221,411.0,4932.0,67.3
222,385.0,4620.0,67.4
223,400.0,4800.0,67.6
224,411.0,4932.0,67.4
225,404.0,4848.0,67.8
226,385.0,4620.0,68.2
227,381.0,4572.0,68.1
228,393.0,4716.0,68.5
229,402.0,4824.0,68.5
230,396.0,4752.0,68.2
231,396.0,4752.0,68.6
232,393.0,4716.0,68.4
233,376.0,4512.0,68.5
234,367.0,4404.0,68.3
235,369.0,4428.0,68.2
236,358.0,4296.0,68.1
237,373.0,4476.0,67.7
238,359.0,4308.0,67.8
239,352.0,4224.0,67.7
240,359.0,4308.0,67.8
241,368.0,4416.0,67.8
242,373.0,4476.0,68.0
243,335.0,4020.0,68.0
244,360.0,4320.0,68.0
245,369.0,4428.0,68.0
246,352.0,4224.0,68.1
247,344.0,4128.0,68.2
248,347.0,4164.0,68.3
249,318.0,3816.0,68.4
250,332.0,3984.0,68.5
251,333.0,3996.0,68.7
252,314.0,3768.0,68.8
253,324.0,3888.0,68.9
254,350.0,4200.0,69.1
255,332.0,3984.0,69.3
256,326.0,3912.0,69.9
257,308.0,3696.0,69.6
258,306.0,3672.0,69.6
259,300.0,3600.0,69.6
260,302.0,3624.0,70.0
261,306.0,3672.0,70.0
262,318.0,3816.0,70.1
263,283.0,3396.0,70.4
264,272.0,3264.0,70.3
265,286.0,3432.0,70.4
266,296.0,3552.0,70.4
267,291.0,3492.0,69.9
268,270.0,3240.0,70.0
269,267.0,3204.0,69.8
270,259.0,3108.0,70.0
271,259.0,3108.0,70.1
272,228.0,2736.0,70.3
273,239.0,2868.0,70.4
274,232.0,2784.0,70.5
275,227.0,2724.0,70.5
276,210.0,2520.0,70.4
277,219.0,2628.0,70.1
278,206.0,2472.0,70.5
279,204.0,2448.0,69.9
280,198.0,2376.0,69.9
281,200.0,2400.0,70.2
282,201.0,2412.0,70.0
283,180.0,2160.0,70.1
284,186.0,2232.0,70.4
285,192.0,2304.0,70.2
286,178.0,2136.0,70.3
287,178.0,2136.0,70.3
288,165.0,1980.0,70.6
289,164.0,1968.0,70.2
290,157.0,1884.0,70.4
291,171.0,2052.0,70.1
292,147.0,1764.0,69.7
293,144.0,1728.0,69.7
294,131.0,1572.0,69.8
295,126.0,1512.0,69.8
296,128.0,1536.0,69.6
297,123.0,1476.0,70.2
298,116.0,1392.0,69.9
299,111.0,1332.0,70.1
300,113.0,1356.0,70.4
301,111.0,1332.0,70.1
302,111.0,1332.0,70.1
303,108.0,1296.0,69.9
304,98.0,1176.0,69.9
305,100.0,1200.0,70.4
306,95.0,1140.0,70.1
307,95.0,1140.0,70.0
308,93.0,1116.0,69.9
309,90.0,1080.0,69.9
310,90.0,1080.0,70.4
311,90.0,1080.0,70.0
312,93.0,1116.0,70.4
313,88.0,1056.0,70.4
314,78.0,936.0,70.3
315,87.0,1044.0,69.9
316,85.0,1020.0,69.9
317,75.0,900.0,70.4
318,78.0,936.0,70.2
319,75.0,900.0,69.5
320,81.0,972.0,69.8
321,74.0,888.0,69.5
322,70.0,840.0,69.7
323,72.0,864.0,69.5
324,70.0,840.0,69.9
325,70.0,840.0,69.9
326,67.0,804.0,69.8
327,72.0,864.0,69.5
328,75.0,900.0,69.7
329,75.0,900.0,69.6
330,67.0,804.0,69.6
331,67.0,804.0,69.8
332,64.0,768.0,69.7
333,67.0,804.0,69.6
334,82.0,984.0,69.7
335,70.0,840.0,69.6
336,67.0,804.0,69.7
337,67.0,804.0,69.5
338,72.0,864.0,69.4
339,72.0,864.0,69.2
340,70.0,840.0,69.6
341,75.0,900.0,69.6
342,75.0,900.0,69.8
343,82.0,984.0,69.8
344,88.0,1056.0,70.0
345,90.0,1080.0,70.0
346,91.0,1092.0,69.9
347,100.0,1200.0,69.7
348,88.0,1056.0,69.7
349,93.0,1116.0,69.9
350,100.0,1200.0,69.6
351,123.0,1476.0,69.6
352,138.0,1656.0,69.6
353,123.0,1476.0,69.9
354,129.0,1548.0,69.7
355,136.0,1632.0,69.9
356,147.0,1764.0,69.9
357,175.0,2100.0,70.3
358,165.0,1980.0,70.3
359,175.0,2100.0,70.4
360,180.0,2160.0,69.5
361,196.0,2352.0,69.1
362,201.0,2412.0,68.8
363,201.0,2412.0,68.7
364,231.0,2772.0,69.0
365,212.0,2544.0,68.8
366,225.0,2700.0,69.0
367,227.0,2724.0,69.1
368,224.0,2688.0,69.4
369,239.0,2868.0,69.4
370,259.0,3108.0,69.8
371,255.0,3060.0,69.5
372,268.0,3216.0,68.9
373,268.0,3216.0,68.0
374,273.0,3276.0,67.7
375,265.0,3180.0,67.3
376,294.0,3528.0,67.4
377,309.0,3708.0,67.3
378,303.0,3636.0,67.5
379,308.0,3696.0,67.5
380,309.0,3708.0,67.7
381,308.0,3696.0,67.6
382,318.0,3816.0,67.4
383,353.0,4236.0,67.4
384,306.0,3672.0,67.2
385,316.0,3792.0,67.3
386,316.0,3792.0,67.2
387,338.0,4056.0,66.8
388,326.0,3912.0,67.1
389,355.0,4260.0,67.4
390,335.0,4020.0,67.3
391,358.0,4296.0,67.2
392,335.0,4020.0,67.4
393,343.0,4116.0,67.2
394,343.0,4116.0,67.0
395,340.0,4080.0,67.5
396,332.0,3984.0,67.6
397,329.0,3948.0,67.2
398,335.0,4020.0,67.1
399,344.0,4128.0,66.9
400,347.0,4164.0,67.0
401,352.0,4224.0,66.8
402,355.0,4260.0,66.9
403,359.0,4308.0,67.0
404,369.0,4428.0,66.4
405,373.0,4476.0,66.5
406,369.0,4428.0,66.6
407,361.0,4332.0,66.6
408,360.0,4320.0,66.7
409,350.0,4200.0,66.6
410,361.0,4332.0,66.5
411,363.0,4356.0,66.4
412,369.0,4428.0,66.5
413,375.0,4500.0,66.4
414,381.0,4572.0,66.3
415,384.0,4608.0,66.2
416,388.0,4656.0,66.0
417,387.0,4644.0,66.1
418,385.0,4620.0,66.1
419,385.0,4620.0,66.0
420,391.0,4692.0,65.7
421,391.0,4692.0,66.1
422,391.0,4692.0,66.2
423,391.0,4692.0,66.3
424,393.0,4716.0,66.3
425,393.0,4716.0,66.7
426,396.0,4752.0,66.6
427,391.0,4692.0,66.5
428,396.0,4752.0,66.4
429,399.0,4788.0,66.5
430,396.0,4752.0,66.5
431,399.0,4788.0,66.5
432,399.0,4788.0,66.7
433,400.0,4800.0,66.7
434,406.0,4872.0,66.8
435,410.0,4920.0,66.2
436,406.0,4872.0,66.2
437,404.0,4848.0,66.3
438,404.0,4848.0,66.3
439,408.0,4896.0,66.4
440,404.0,4848.0,65.8
441,404.0,4848.0,66.5
442,408.0,4896.0,66.4
443,402.0,4824.0,66.5
444,404.0,4848.0,66.7
445,402.0,4824.0,66.7
446,410.0,4920.0,66.9
447,410.0,4920.0,66.4
448,407.0,4884.0,66.7
449,410.0,4920.0,66.9
450,410.0,4920.0,66.9
451,408.0,4896.0,66.8
452,411.0,4932.0,66.8
453,413.0,4956.0,66.7
454,404.0,4848.0,66.9
455,402.0,4824.0,66.7
456,402.0,4824.0,66.8
457,399.0,4788.0,67.0
458,402.0,4824.0,67.1
459,404.0,4848.0,66.8
460,410.0,4920.0,67.0
461,408.0,4896.0,67.0
462,407.0,4884.0,67.0
463,399.0,4788.0,67.2
464,410.0,4920.0,67.1
465,408.0,4896.0,67.2
466,411.0,4932.0,67.2
467,413.0,4956.0,66.9
468,399.0,4788.0,67.1
469,402.0,4824.0,67.2
470,408.0,4896.0,67.3
471,413.0,4956.0,67.2
472,410.0,4920.0,67.0
473,410.0,4920.0,67.2
474,402.0,4824.0,67.3
475,402.0,4824.0,67.4
476,406.0,4872.0,67.3
477,410.0,4920.0,67.3
478,406.0,4872.0,67.7
479,400.0,4800.0,67.4
480,391.0,4692.0,67.4
481,396.0,4752.0,67.4
482,404.0,4848.0,67.4
483,408.0,4896.0,67.5
484,402.0,4824.0,67.6
485,406.0,4872.0,67.6
486,406.0,4872.0,67.9
487,407.0,4884.0,67.8
488,404.0,4848.0,67.9
489,408.0,4896.0,67.6
490,416.0,4992.0,67.6
491,391.0,4692.0,67.7
492,393.0,4716.0,67.8
493,393.0,4716.0,67.8
494,396.0,4752.0,67.7
495,393.0,4716.0,67.8
496,402.0,4824.0,68.3
497,393.0,4716.0,68.1
498,391.0,4692.0,68.0
499,389.0,4668.0,68.0
500,385.0,4620.0,68.1
501,385.0,4620.0,68.3
502,381.0,4572.0,68.3
503,375.0,4500.0,68.5
504,370.0,4440.0,68.2
505,370.0,4440.0,68.3
506,373.0,4476.0,68.4
507,370.0,4440.0,68.6
508,381.0,4572.0,68.6
509,382.0,4584.0,68.9
510,363.0,4356.0,68.7
511,360.0,4320.0,68.8
512,358.0,4296.0,69.0
513,350.0,4200.0,68.8
514,340.0,4080.0,68.6
515,338.0,4056.0,68.8
516,352.0,4224.0,68.8
517,333.0,3996.0,68.8
518,333.0,3996.0,68.9
519,332.0,3984.0,69.2
520,335.0,4020.0,69.0
521,324.0,3888.0,68.8
522,314.0,3768.0,68.9
523,316.0,3792.0,68.8
524,318.0,3816.0,68.4
525,324.0,3888.0,68.2
526,312.0,3744.0,68.1
527,305.0,3660.0,67.7
528,305.0,3660.0,67.9
529,303.0,3636.0,67.9
530,303.0,3636.0,68.1
531,308.0,3696.0,68.2
532,305.0,3660.0,68.2
533,298.0,3576.0,68.3
534,288.0,3456.0,68.4
535,294.0,3528.0,68.4
536,303.0,3636.0,68.6
537,294.0,3528.0,68.7
538,280.0,3360.0,68.7
539,296.0,3552.0,68.8
540,291.0,3492.0,69.3
541,294.0,3528.0,70.0
542,274.0,3288.0,70.1
543,292.0,3504.0,70.2
544,294.0,3528.0,70.3
545,306.0,3672.0,70.3
546,292.0,3504.0,70.4
547,274.0,3288.0,70.3
548,280.0,3360.0,70.3
549,268.0,3216.0,70.4
550,271.0,3252.0,70.3
551,294.0,3528.0,70.4
552,262.0,3144.0,70.1
553,262.0,3144.0,69.9
554,265.0,3180.0,70.1
555,257.0,3084.0,69.9
556,254.0,3048.0,70.1
557,276.0,3312.0,70.4
558,273.0,3276.0,70.5
559,250.0,3000.0,70.5
560,249.0,2988.0,70.5
561,235.0,2820.0,70.8
562,250.0,3000.0,70.6
563,247.0,2964.0,70.8
564,239.0,2868.0,70.4
565,228.0,2736.0,70.3
566,218.0,2616.0,70.1
567,219.0,2628.0,70.2
568,228.0,2736.0,70.1
569,193.0,2316.0,70.2
570,194.0,2328.0,70.2
571,186.0,2232.0,70.2
572,186.0,2232.0,70.1
573,175.0,2100.0,70.3
574,184.0,2208.0,70.1
575,178.0,2136.0,70.4
576,157.0,1884.0,70.5
577,167.0,2004.0,70.3
578,160.0,1920.0,70.2
579,151.0,1812.0,69.9
580,157.0,1884.0,70.1
581,147.0,1764.0,70.1
582,129.0,1548.0,70.3
583,134.0,1608.0,70.3
584,131.0,1572.0,70.5
585,119.0,1428.0,70.1
586,116.0,1392.0,70.3
587,115.0,1380.0,70.5
588,108.0,1296.0,70.4
589,101.0,1212.0,70.3
590,105.0,1260.0,70.3
591,105.0,1260.0,70.1
592,97.0,1164.0,70.0
593,93.0,1116.0,70.3
594,85.0,1020.0,70.4
595,85.0,1020.0,70.0
596,82.0,984.0,70.4
597,81.0,972.0,70.0
598,82.0,984.0,70.4
599,81.0,972.0,70.3
600,78.0,936.0,70.4
601,78.0,936.0,70.3
602,77.0,924.0,70.3
603,74.0,888.0,70.4
604,72.0,864.0,70.3
605,67.0,804.0,70.3
606,64.0,768.0,70.4
607,64.0,768.0,70.5
608,62.0,744.0,70.4
609,59.0,708.0,70.0
610,57.0,684.0,70.1
611,56.0,672.0,70.1
612,52.0,624.0,70.4
613,53.0,636.0,70.5
614,52.0,624.0,70.4
615,55.0,660.0,70.2
616,52.0,624.0,70.3
617,49.0,588.0,70.2
618,48.0,576.0,70.5
619,48.0,576.0,70.3
620,47.0,564.0,70.2
621,47.0,564.0,70.4
622,44.0,528.0,70.2
623,42.0,504.0,69.7
624,44.0,528.0,70.0
625,44.0,528.0,70.0
626,44.0,528.0,70.1
627,44.0,528.0,70.0
628,44.0,528.0,70.1
629,46.0,552.0,70.0
630,46.0,552.0,69.9
631,50.0,600.0,69.9
632,52.0,624.0,70.2
633,52.0,624.0,70.3
634,50.0,600.0,70.1
635,52.0,624.0,70.0
636,49.0,588.0,70.0
637,52.0,624.0,70.0
638,53.0,636.0,70.2
639,59.0,708.0,70.2
640,60.0,720.0,70.0
641,62.0,744.0,70.0
642,64.0,768.0,69.8
643,70.0,840.0,70.2
644,75.0,900.0,70.0
645,75.0,900.0,69.9
646,75.0,900.0,70.0
647,90.0,1080.0,70.1
648,75.0,900.0,69.8
649,82.0,984.0,70.0
650,85.0,1020.0,69.9
651,91.0,1092.0,70.1
652,115.0,1380.0,70.1
653,111.0,1332.0,70.1
654,105.0,1260.0,70.3
655,115.0,1380.0,70.6
656,116.0,1392.0,70.6
657,127.0,1524.0,70.6
658,125.0,1500.0,70.7
659,131.0,1572.0,70.8
660,134.0,1608.0,70.4
661,149.0,1788.0,70.5
662,152.0,1824.0,70.4
663,163.0,1956.0,70.3
664,164.0,1968.0,70.2
665,167.0,2004.0,70.5
666,158.0,1896.0,70.6
667,160.0,1920.0,70.5
668,167.0,2004.0,70.7
669,175.0,2100.0,70.5
670,169.0,2028.0,70.7
671,180.0,2160.0,70.7
672,175.0,2100.0,70.1
673,186.0,2232.0,69.8
674,200.0,2400.0,69.6
675,221.0,2652.0,70.1
676,205.0,2460.0,70.0
677,196.0,2352.0,70.0
678,214.0,2568.0,69.8
679,214.0,2568.0,69.9
680,234.0,2808.0,69.8
681,230.0,2760.0,69.8
682,254.0,3048.0,69.6
683,234.0,2808.0,69.7
684,239.0,2868.0,69.2
685,239.0,2868.0,69.3
686,250.0,3000.0,69.1
687,260.0,3120.0,69.3
688,268.0,3216.0,69.0
689,273.0,3276.0,69.0
690,280.0,3360.0,69.0
691,286.0,3432.0,69.0
692,294.0,3528.0,68.9
693,301.0,3612.0,68.8
694,306.0,3672.0,68.8
695,303.0,3636.0,69.1
696,303.0,3636.0,68.5
697,300.0,3600.0,68.5
698,320.0,3840.0,68.3
699,314.0,3768.0,68.3
700,324.0,3888.0,68.2
701,327.0,3924.0,68.1
702,329.0,3948.0,68.0
703,335.0,4020.0,68.2
704,346.0,4152.0,68.1
705,347.0,4164.0,68.1
706,349.0,4188.0,68.1
707,347.0,4164.0,68.2
708,344.0,4128.0,68.1
709,338.0,4056.0,67.8
710,346.0,4152.0,67.7
711,355.0,4260.0,67.8
712,352.0,4224.0,67.5
713,358.0,4296.0,67.7
714,368.0,4416.0,67.5
715,368.0,4416.0,67.5
716,370.0,4440.0,67.3
717,373.0,4476.0,67.3
718,370.0,4440.0,67.3
719,378.0,4536.0,67.1
720,378.0,4536.0,67.1
721,373.0,4476.0,67.3
722,381.0,4572.0,67.2
723,381.0,4572.0,67.3
724,385.0,4620.0,66.9
725,387.0,4644.0,66.7
726,393.0,4716.0,67.0
727,396.0,4752.0,66.6
728,400.0,4800.0,66.6
729,399.0,4788.0,66.6
730,396.0,4752.0,66.5
731,395.0,4740.0,66.8
732,393.0,4716.0,66.8
733,389.0,4668.0,66.8
734,393.0,4716.0,66.7
735,395.0,4740.0,66.7
736,399.0,4788.0,66.4
737,402.0,4824.0,66.3
738,396.0,4752.0,66.1
739,396.0,4752.0,66.3
740,396.0,4752.0,66.3
741,396.0,4752.0,65.9
742,395.0,4740.0,66.4
743,391.0,4692.0,66.1
744,384.0,4608.0,66.3
745,385.0,4620.0,66.4
746,384.0,4608.0,66.5
747,389.0,4668.0,66.6
748,389.0,4668.0,66.7
749,385.0,4620.0,66.7
750,385.0,4620.0,66.5
751,379.0,4548.0,66.6
752,385.0,4620.0,66.7
753,384.0,4608.0,66.8
754,381.0,4572.0,66.7
755,375.0,4500.0,66.9
756,381.0,4572.0,67.0
757,375.0,4500.0,66.9
758,384.0,4608.0,66.7
759,381.0,4572.0,67.0
760,381.0,4572.0,66.6
761,376.0,4512.0,66.7
762,388.0,4656.0,66.7
763,388.0,4656.0,66.7
764,388.0,4656.0,66.7
765,385.0,4620.0,67.2
766,391.0,4692.0,67.0
767,384.0,4608.0,66.8
768,378.0,4536.0,67.0
769,379.0,4548.0,66.9
770,385.0,4620.0,67.2
771,382.0,4584.0,67.3
772,395.0,4740.0,66.8
773,382.0,4584.0,66.8
774,381.0,4572.0,66.9
775,379.0,4548.0,67.2
776,381.0,4572.0,67.1
777,376.0,4512.0,67.1
778,375.0,4500.0,67.2
779,365.0,4380.0,67.5
780,362.0,4344.0,67.4
781,370.0,4440.0,67.5
782,366.0,4392.0,67.6
783,370.0,4440.0,67.5
784,366.0,4392.0,68.1
785,363.0,4356.0,68.0
786,358.0,4296.0,68.3
787,358.0,4296.0,68.2
788,355.0,4260.0,68.0
789,353.0,4236.0,67.9
790,355.0,4260.0,68.1
791,350.0,4200.0,68.3
792,350.0,4200.0,68.1
793,353.0,4236.0,68.2
794,353.0,4236.0,68.2
795,355.0,4260.0,68.0
796,368.0,4416.0,67.7
797,343.0,4116.0,68.1
798,376.0,4512.0,68.0
799,346.0,4152.0,67.9
800,339.0,4068.0,67.9
801,337.0,4044.0,67.8
802,332.0,3984.0,67.8
803,329.0,3948.0,67.9
804,329.0,3948.0,67.7
805,326.0,3912.0,67.7
806,332.0,3984.0,67.5
807,333.0,3996.0,67.3
808,335.0,4020.0,67.3
809,328.0,3936.0,67.1
810,327.0,3924.0,66.8
811,318.0,3816.0,66.6
812,324.0,3888.0,66.3
813,332.0,3984.0,66.1
814,320.0,3840.0,65.9
815,321.0,3852.0,65.8
816,318.0,3816.0,65.4
817,317.0,3804.0,65.7
818,326.0,3912.0,65.9
819,318.0,3816.0,65.6
820,324.0,3888.0,66.0
821,320.0,3840.0,65.5
822,309.0,3708.0,65.5
823,309.0,3708.0,65.7
824,309.0,3708.0,65.5
825,299.0,3588.0,66.1
826,292.0,3504.0,66.0
827,288.0,3456.0,66.2
828,285.0,3420.0,68.1
829,285.0,3420.0,68.9
830,280.0,3360.0,69.5
831,279.0,3348.0,69.8
832,291.0,3492.0,70.1
833,276.0,3312.0,70.0
834,262.0,3144.0,70.3
835,261.0,3132.0,70.3
836,255.0,3060.0,70.3
837,257.0,3084.0,70.4
838,245.0,2940.0,70.5
839,247.0,2964.0,70.7
840,235.0,2820.0,70.4
841,230.0,2760.0,70.3
842,228.0,2736.0,70.4
843,219.0,2628.0,70.3
844,214.0,2568.0,70.2
845,204.0,2448.0,70.4
846,205.0,2460.0,70.2
847,188.0,2256.0,70.2
848,198.0,2376.0,70.4
849,178.0,2136.0,70.1
850,168.0,2016.0,70.4
851,167.0,2004.0,70.5
852,151.0,1812.0,70.5
853,152.0,1824.0,70.2
854,146.0,1752.0,70.4
855,142.0,1704.0,70.3
856,149.0,1788.0,70.1
857,139.0,1668.0,70.4
858,129.0,1548.0,70.4
859,122.0,1464.0,70.3
860,119.0,1428.0,70.6
861,119.0,1428.0,70.2
862,109.0,1308.0,69.7
863,108.0,1296.0,70.0
864,95.0,1140.0,71.3
865,93.0,1116.0,70.6
866,93.0,1116.0,70.4
867,85.0,1020.0,70.6
868,88.0,1056.0,70.2
869,82.0,984.0,70.2
870,77.0,924.0,70.4
871,72.0,864.0,70.4
872,67.0,804.0,70.1
873,72.0,864.0,69.9
874,64.0,768.0,69.7
875,60.0,720.0,69.7
876,59.0,708.0,70.2
877,61.0,732.0,70.1
878,62.0,744.0,70.3
879,56.0,672.0,70.1
880,55.0,660.0,70.1
881,53.0,636.0,69.8
882,49.0,588.0,69.6
883,57.0,684.0,69.6
884,48.0,576.0,69.6
885,48.0,576.0,69.7
886,50.0,600.0,69.4
887,46.0,552.0,69.5
888,48.0,576.0,69.6
889,47.0,564.0,69.5
890,46.0,552.0,69.5
891,47.0,564.0,69.7
892,46.0,552.0,69.5
893,47.0,564.0,69.6
894,46.0,552.0,69.5
895,46.0,552.0,69.3
896,47.0,564.0,69.5
897,47.0,564.0,69.5
898,46.0,552.0,69.4
899,48.0,576.0,69.1
900,48.0,576.0,69.5
901,47.0,564.0,69.2
902,52.0,624.0,69.3
903,49.0,588.0,69.4
904,55.0,660.0,69.3
905,59.0,708.0,69.3
906,61.0,732.0,69.4
907,67.0,804.0,69.6
908,74.0,888.0,69.8
909,79.0,948.0,69.3
910,75.0,900.0,69.5
911,75.0,900.0,69.3
912,77.0,924.0,69.4
913,79.0,948.0,69.7
914,90.0,1080.0,69.6
915,98.0,1176.0,69.6
916,115.0,1380.0,69.8
917,119.0,1428.0,69.7
918,134.0,1608.0,70.0
919,152.0,1824.0,70.2
920,162.0,1944.0,70.4
921,180.0,2160.0,70.9
922,169.0,2028.0,70.5
923,169.0,2028.0,70.3
924,184.0,2208.0,70.5
925,195.0,2340.0,70.2
926,210.0,2520.0,70.3
927,239.0,2868.0,70.4
928,253.0,3036.0,71.2
929,254.0,3048.0,71.3
930,294.0,3528.0,71.0
931,303.0,3636.0,70.9
932,322.0,3864.0,71.2
933,335.0,4020.0,71.4
934,327.0,3924.0,71.3
935,309.0,3708.0,71.0
936,305.0,3660.0,67.8
937,311.0,3732.0,66.7
938,332.0,3984.0,66.5
939,352.0,4224.0,66.5
940,365.0,4380.0,66.5
941,343.0,4116.0,66.5
942,332.0,3984.0,66.5
943,322.0,3864.0,66.5
944,321.0,3852.0,66.7
945,370.0,4440.0,66.6
946,343.0,4116.0,66.5
947,358.0,4296.0,66.4
948,329.0,3948.0,66.5
949,353.0,4236.0,66.4
950,355.0,4260.0,66.6
951,343.0,4116.0,66.5
952,369.0,4428.0,66.5
953,384.0,4608.0,66.5
954,332.0,3984.0,66.5
955,404.0,4848.0,66.3
956,417.0,5004.0,66.2
957,393.0,4716.0,66.0
958,368.0,4416.0,65.8
959,417.0,5004.0,66.0
960,388.0,4656.0,65.9
961,379.0,4548.0,66.1
962,400.0,4800.0,66.1
963,399.0,4788.0,66.2
964,391.0,4692.0,65.9
965,391.0,4692.0,65.7
966,391.0,4692.0,65.9
967,393.0,4716.0,65.7
968,395.0,4740.0,65.5
969,396.0,4752.0,65.6
970,388.0,4656.0,65.3
971,376.0,4512.0,65.6
972,363.0,4356.0,65.2
973,358.0,4296.0,65.3
974,360.0,4320.0,64.6
975,370.0,4440.0,64.5
976,365.0,4380.0,64.6
977,370.0,4440.0,64.8
978,362.0,4344.0,64.4
979,368.0,4416.0,64.7
980,373.0,4476.0,64.5
981,370.0,4440.0,64.6
982,367.0,4404.0,63.9
983,362.0,4344.0,64.2
984,358.0,4296.0,64.2
985,353.0,4236.0,64.3
986,362.0,4344.0,64.4
987,362.0,4344.0,63.7
988,366.0,4392.0,63.7
989,369.0,4428.0,63.6
990,366.0,4392.0,63.7
991,373.0,4476.0,64.1
992,375.0,4500.0,63.7
993,373.0,4476.0,63.9
994,367.0,4404.0,64.2
995,365.0,4380.0,63.7
996,361.0,4332.0,63.9
997,368.0,4416.0,64.0
998,381.0,4572.0,63.3
999,373.0,4476.0,63.6
1000,376.0,4512.0,63.8
1001,370.0,4440.0,63.9
1002,376.0,4512.0,64.2
1003,373.0,4476.0,63.5
1004,378.0,4536.0,63.6
1005,376.0,4512.0,63.5
1006,376.0,4512.0,64.0
1007,373.0,4476.0,63.7
1008,373.0,4476.0,64.3
1009,373.0,4476.0,64.1
1010,382.0,4584.0,64.1
1011,381.0,4572.0,64.0
1012,379.0,4548.0,64.4
1013,379.0,4548.0,64.6
1014,381.0,4572.0,64.2
1015,391.0,4692.0,64.0
1016,393.0,4716.0,64.1
1017,391.0,4692.0,64.2
1018,385.0,4620.0,64.0
1019,387.0,4644.0,63.8
1020,376.0,4512.0,63.9
1021,388.0,4656.0,64.1
1022,385.0,4620.0,64.0
1023,396.0,4752.0,64.4
1024,399.0,4788.0,64.2
1025,400.0,4800.0,64.0
1026,395.0,4740.0,64.0
1027,399.0,4788.0,64.3
1028,404.0,4848.0,64.2
1029,404.0,4848.0,64.4
1030,399.0,4788.0,64.7
1031,399.0,4788.0,65.0
1032,399.0,4788.0,64.8
1033,402.0,4824.0,65.1
1034,414.0,4968.0,64.7
1035,419.0,5028.0,64.8
1036,420.0,5040.0,64.7
1037,440.0,5280.0,64.8
1038,424.0,5088.0,64.3
1039,429.0,5148.0,64.3
1040,437.0,5244.0,64.6
1041,457.0,5484.0,64.6
1042,455.0,5460.0,64.4
1043,462.0,5544.0,64.6
1044,490.0,5880.0,63.8
1045,457.0,5484.0,63.6
1046,460.0,5520.0,64.0
1047,458.0,5496.0,64.3
1048,471.0,5652.0,64.1
1049,469.0,5628.0,64.3
1050,460.0,5520.0,64.1
1051,444.0,5328.0,64.2
1052,451.0,5412.0,63.8
1053,462.0,5544.0,63.8
1054,452.0,5424.0,63.5
1055,457.0,5484.0,63.9
1056,460.0,5520.0,63.4
1057,458.0,5496.0,63.7
1058,452.0,5424.0,64.0
1059,452.0,5424.0,64.4
1060,440.0,5280.0,64.7
1061,437.0,5244.0,62.4
1062,427.0,5124.0,63.7
1063,429.0,5148.0,63.7
1064,445.0,5340.0,63.8
1065,455.0,5460.0,64.0
1066,448.0,5376.0,63.9
1067,437.0,5244.0,64.7
1068,442.0,5304.0,64.0
1069,454.0,5448.0,65.2
1070,474.0,5688.0,65.3
1071,468.0,5616.0,64.6
1072,463.0,5556.0,64.5
1073,448.0,5376.0,64.6
1074,460.0,5520.0,64.9
1075,479.0,5748.0,65.0
1076,473.0,5676.0,65.7
1077,458.0,5496.0,66.2
1078,449.0,5388.0,66.9
1079,452.0,5424.0,67.2
1080,437.0,5244.0,67.4
1081,416.0,4992.0,67.5
1082,422.0,5064.0,67.4
1083,414.0,4968.0,68.0
1084,414.0,4968.0,68.3
1085,419.0,5028.0,68.4
1086,411.0,4932.0,68.6
1087,358.0,4296.0,68.8
1088,352.0,4224.0,68.9
1089,335.0,4020.0,68.9
1090,361.0,4332.0,69.5
1091,341.0,4092.0,69.7
1092,318.0,3816.0,69.7
1093,332.0,3984.0,70.0
1094,335.0,4020.0,70.0
1095,341.0,4092.0,69.8
1096,317.0,3804.0,69.9
1097,309.0,3708.0,69.9
1098,309.0,3708.0,69.5
1099,299.0,3588.0,69.3
1100,288.0,3456.0,68.9
1101,303.0,3636.0,68.7
1102,277.0,3324.0,68.5
1103,285.0,3420.0,68.6
1104,268.0,3216.0,68.7
1105,262.0,3144.0,68.6
1106,276.0,3312.0,68.6
1107,262.0,3144.0,68.8
1108,280.0,3360.0,68.6
1109,272.0,3264.0,68.4
1110,255.0,3060.0,68.8
1111,257.0,3084.0,68.4
1112,262.0,3144.0,68.7
1113,242.0,2904.0,68.7
1114,261.0,3132.0,68.6
1115,242.0,2904.0,68.9
1116,239.0,2868.0,69.6
1117,224.0,2688.0,69.8
1118,233.0,2796.0,70.1
1119,234.0,2808.0,70.6
1120,244.0,2928.0,70.7
1121,239.0,2868.0,70.6
1122,244.0,2928.0,70.3
1123,227.0,2724.0,70.4
1124,227.0,2724.0,70.6
1125,212.0,2544.0,70.8
1126,219.0,2628.0,70.6
1127,208.0,2496.0,70.6
1128,204.0,2448.0,70.8
1129,209.0,2508.0,70.5
1130,204.0,2448.0,70.4
1131,212.0,2544.0,70.6
1132,200.0,2400.0,70.0
1133,190.0,2280.0,70.3
1134,165.0,1980.0,70.3
1135,175.0,2100.0,70.2
1136,167.0,2004.0,70.6
1137,163.0,1956.0,70.5
1138,149.0,1788.0,70.1
1139,149.0,1788.0,69.8
1140,145.0,1740.0,70.1
1141,144.0,1728.0,70.2
1142,154.0,1848.0,70.2
1143,141.0,1692.0,70.2
1144,155.0,1860.0,70.0
1145,146.0,1752.0,70.1
1146,123.0,1476.0,70.2
1147,122.0,1464.0,70.1
1148,128.0,1536.0,69.4
1149,115.0,1380.0,69.8
1150,122.0,1464.0,69.6
1151,104.0,1248.0,69.4
1152,100.0,1200.0,70.7
1153,100.0,1200.0,70.8
1154,100.0,1200.0,70.4
1155,98.0,1176.0,70.2
1156,91.0,1092.0,70.0
1157,91.0,1092.0,70.0
1158,85.0,1020.0,69.8
1159,78.0,936.0,69.6
1160,77.0,924.0,69.8
1161,77.0,924.0,69.8
1162,81.0,972.0,68.8
1163,72.0,864.0,68.7
1164,67.0,804.0,69.1
1165,70.0,840.0,69.7
1166,64.0,768.0,69.8
1167,67.0,804.0,69.9
1168,64.0,768.0,69.2
1169,59.0,708.0,69.2
1170,61.0,732.0,69.5
1171,64.0,768.0,68.9
1172,61.0,732.0,68.8
1173,55.0,660.0,68.8
1174,57.0,684.0,68.7
1175,61.0,732.0,69.1
1176,52.0,624.0,69.2
1177,50.0,600.0,68.9
1178,59.0,708.0,69.1
1179,62.0,744.0,68.8
1180,67.0,804.0,68.9
1181,64.0,768.0,69.2
1182,57.0,684.0,68.7
1183,55.0,660.0,68.7
1184,52.0,624.0,68.7
1185,53.0,636.0,69.0
1186,53.0,636.0,68.9
1187,53.0,636.0,68.8
1188,59.0,708.0,68.6
1189,53.0,636.0,68.3
1190,62.0,744.0,68.6
1191,64.0,768.0,68.7
1192,60.0,720.0,68.8
1193,62.0,744.0,68.7
1194,67.0,804.0,68.9
1195,72.0,864.0,69.3
1196,77.0,924.0,69.6
1197,85.0,1020.0,69.6
1198,82.0,984.0,69.6
1199,77.0,924.0,69.5
1200,82.0,984.0,68.8
1201,78.0,936.0,68.8
1202,91.0,1092.0,69.1
1203,100.0,1200.0,69.3
1204,111.0,1332.0,69.2
1205,123.0,1476.0,69.9
1206,137.0,1644.0,69.5
1207,155.0,1860.0,69.8
1208,172.0,2064.0,70.4
1209,182.0,2184.0,70.1
1210,175.0,2100.0,70.7
1211,175.0,2100.0,70.2
1212,186.0,2232.0,70.1
1213,201.0,2412.0,70.2
1214,225.0,2700.0,70.3
1215,247.0,2964.0,70.2
1216,268.0,3216.0,71.1
1217,279.0,3348.0,70.6
1218,302.0,3624.0,70.3
1219,321.0,3852.0,70.1
1220,339.0,4068.0,70.6
1221,355.0,4260.0,71.1
1222,349.0,4188.0,71.1
1223,320.0,3840.0,70.7
1224,314.0,3768.0,68.1
1225,322.0,3864.0,66.9
1226,337.0,4044.0,66.5
1227,355.0,4260.0,66.3
1228,288.0,3456.0,66.1
1229,288.0,3456.0,66.0
1230,298.0,3576.0,66.1
1231,270.0,3240.0,66.1
1232,294.0,3528.0,66.2
1233,308.0,3696.0,66.2
1234,332.0,3984.0,66.3
1235,355.0,4260.0,66.5
1236,352.0,4224.0,66.4
1237,339.0,4068.0,66.4
1238,358.0,4296.0,66.3
1239,329.0,3948.0,66.6
1240,318.0,3816.0,66.4
1241,301.0,3612.0,66.5
1242,291.0,3492.0,66.5
1243,352.0,4224.0,66.2
1244,395.0,4740.0,65.9
1245,379.0,4548.0,65.7
1246,373.0,4476.0,65.4
1247,358.0,4296.0,65.6
1248,329.0,3948.0,65.8
1249,393.0,4716.0,65.8
1250,393.0,4716.0,65.5
1251,349.0,4188.0,66.1
1252,366.0,4392.0,65.7
1253,393.0,4716.0,65.9
1254,393.0,4716.0,66.0
1255,396.0,4752.0,66.2
1256,395.0,4740.0,65.7
1257,399.0,4788.0,65.8
1258,391.0,4692.0,66.0
1259,379.0,4548.0,65.7
1260,373.0,4476.0,65.2
1261,362.0,4344.0,64.9
1262,368.0,4416.0,64.8
1263,368.0,4416.0,64.6
1264,366.0,4392.0,64.5
1265,368.0,4416.0,64.5
1266,362.0,4344.0,64.6
1267,365.0,4380.0,64.7
1268,367.0,4404.0,64.7
1269,369.0,4428.0,64.5
1270,359.0,4308.0,64.3
1271,353.0,4236.0,64.1
1272,343.0,4116.0,64.3
1273,346.0,4152.0,64.4
1274,350.0,4200.0,64.4
1275,355.0,4260.0,64.9
1276,347.0,4164.0,64.5
1277,350.0,4200.0,64.3
1278,352.0,4224.0,64.0
1279,358.0,4296.0,64.1
1280,361.0,4332.0,64.0
1281,358.0,4296.0,64.2
1282,358.0,4296.0,64.0
1283,350.0,4200.0,63.9
1284,343.0,4116.0,63.9
1285,355.0,4260.0,63.9
1286,358.0,4296.0,63.8
1287,363.0,4356.0,63.9
1288,361.0,4332.0,64.1
1289,361.0,4332.0,64.3
1290,355.0,4260.0,64.0
1291,368.0,4416.0,64.5
1292,373.0,4476.0,64.4
1293,369.0,4428.0,64.2
1294,361.0,4332.0,64.5
1295,359.0,4308.0,64.4
1296,358.0,4296.0,64.2
1297,359.0,4308.0,64.2
1298,368.0,4416.0,64.3
1299,370.0,4440.0,64.4
1300,367.0,4404.0,64.5
1301,368.0,4416.0,64.4
1302,373.0,4476.0,64.2
1303,375.0,4500.0,64.3
1304,370.0,4440.0,64.9
1305,368.0,4416.0,64.4
1306,366.0,4392.0,64.6
1307,368.0,4416.0,64.8
1308,360.0,4320.0,64.3
1309,358.0,4296.0,64.2
1310,369.0,4428.0,65.3
1311,376.0,4512.0,65.2
1312,373.0,4476.0,65.2
1313,378.0,4536.0,64.8
1314,375.0,4500.0,64.5
1315,381.0,4572.0,64.8
1316,385.0,4620.0,64.3
1317,391.0,4692.0,64.3
1318,391.0,4692.0,64.1
1319,391.0,4692.0,64.2
1320,391.0,4692.0,64.2
1321,393.0,4716.0,64.2
1322,402.0,4824.0,64.4
1323,411.0,4932.0,64.4
1324,413.0,4956.0,64.5
1325,419.0,5028.0,64.3
1326,419.0,5028.0,64.4
1327,426.0,5112.0,64.3
1328,434.0,5208.0,64.4
1329,454.0,5448.0,64.9
1330,478.0,5736.0,64.7
1331,486.0,5832.0,64.3
1332,489.0,5868.0,64.2
1333,487.0,5844.0,64.0
1334,469.0,5628.0,63.7
1335,487.0,5844.0,64.0
1336,499.0,5988.0,63.8
1337,481.0,5772.0,63.4
1338,489.0,5868.0,63.8
1339,478.0,5736.0,63.2
1340,463.0,5556.0,63.2
1341,449.0,5388.0,62.2
1342,474.0,5688.0,62.9
1343,460.0,5520.0,63.2
1344,452.0,5424.0,63.7
1345,471.0,5652.0,64.1
1346,467.0,5604.0,64.4
1347,444.0,5328.0,64.6
1348,445.0,5340.0,64.6
1349,463.0,5556.0,64.7
1350,445.0,5340.0,65.1
1351,430.0,5160.0,65.2
1352,457.0,5484.0,64.6
1353,442.0,5304.0,62.7
1354,467.0,5604.0,63.3
1355,449.0,5388.0,63.2
1356,444.0,5328.0,63.3
1357,456.0,5472.0,64.4
1358,479.0,5748.0,64.4
1359,460.0,5520.0,64.2
1360,478.0,5736.0,63.7
1361,483.0,5796.0,63.1
1362,468.0,5616.0,62.2
1363,466.0,5592.0,61.9
1364,456.0,5472.0,63.7
1365,456.0,5472.0,66.1
1366,449.0,5388.0,66.8
1367,478.0,5736.0,67.2
1368,448.0,5376.0,67.2
1369,411.0,4932.0,67.5
1370,395.0,4740.0,67.7
1371,407.0,4884.0,68.2
1372,395.0,4740.0,68.5
1373,400.0,4800.0,68.7
1374,366.0,4392.0,68.7
1375,349.0,4188.0,68.8
1376,379.0,4548.0,68.9
1377,363.0,4356.0,69.1
1378,355.0,4260.0,69.2
1379,333.0,3996.0,69.8
1380,321.0,3852.0,68.9
1381,327.0,3924.0,69.1
1382,332.0,3984.0,69.6
1383,339.0,4068.0,69.5
1384,333.0,3996.0,69.7
1385,326.0,3912.0,69.9
1386,324.0,3888.0,69.8
1387,305.0,3660.0,69.3
1388,309.0,3708.0,69.2
1389,305.0,3660.0,68.8
1390,308.0,3696.0,68.5
1391,301.0,3612.0,68.3
1392,291.0,3492.0,68.3
1393,300.0,3600.0,68.5
1394,288.0,3456.0,68.6
1395,273.0,3276.0,68.4
1396,286.0,3432.0,68.7
1397,291.0,3492.0,68.6
1398,283.0,3396.0,68.5
1399,268.0,3216.0,68.5
1400,268.0,3216.0,68.6
1401,251.0,3012.0,68.7
1402,265.0,3180.0,68.8
1403,242.0,2904.0,68.8
1404,253.0,3036.0,69.6
1405,251.0,3012.0,69.8
1406,235.0,2820.0,70.0
1407,254.0,3048.0,70.3
1408,247.0,2964.0,70.2
1409,259.0,3108.0,70.4
1410,232.0,2784.0,70.5
1411,225.0,2700.0,70.2
1412,227.0,2724.0,70.1
1413,244.0,2928.0,69.9
1414,218.0,2616.0,70.1
1415,225.0,2700.0,69.8
1416,213.0,2556.0,69.7
1417,221.0,2652.0,70.0
1418,205.0,2460.0,70.0
1419,224.0,2688.0,70.0
1420,209.0,2508.0,70.5
1421,194.0,2328.0,70.5
1422,175.0,2100.0,70.5
1423,182.0,2184.0,70.2
1424,175.0,2100.0,70.1
1425,172.0,2064.0,70.1
1426,172.0,2064.0,69.9
1427,147.0,1764.0,69.7
1428,144.0,1728.0,69.9
1429,149.0,1788.0,70.1
1430,158.0,1896.0,70.0
1431,151.0,1812.0,70.4
1432,151.0,1812.0,70.3
1433,131.0,1572.0,70.4
1434,131.0,1572.0,70.4
1435,123.0,1476.0,70.1
1436,120.0,1440.0,70.0
1437,123.0,1476.0,69.9
1438,116.0,1392.0,69.6
1439,108.0,1296.0,69.9
1440,100.0,1200.0,70.6
1441,100.0,1200.0,70.3
1442,109.0,1308.0,70.4
1443,109.0,1308.0,70.4
1444,100.0,1200.0,69.8
1445,90.0,1080.0,70.2
1446,82.0,984.0,69.9
1447,75.0,900.0,69.7
1448,78.0,936.0,69.5
1449,79.0,948.0,69.1
1450,72.0,864.0,69.2
1451,72.0,864.0,69.2
1452,67.0,804.0,69.5
1453,67.0,804.0,69.1
1454,72.0,864.0,69.3
1455,75.0,900.0,69.5
1456,74.0,888.0,69.4
1457,62.0,744.0,69.2
1458,64.0,768.0,69.1
1459,55.0,660.0,69.2
1460,67.0,804.0,69.0
1461,67.0,804.0,69.1
1462,67.0,804.0,68.8
1463,60.0,720.0,69.0
1464,59.0,708.0,69.3
1465,64.0,768.0,69.4
1466,64.0,768.0,69.3
1467,64.0,768.0,69.1
1468,62.0,744.0,69.3
1469,55.0,660.0,68.9
1470,50.0,600.0,68.9
1471,55.0,660.0,68.7
1472,52.0,624.0,68.8
1473,59.0,708.0,68.8
1474,57.0,684.0,68.6
1475,50.0,600.0,68.6
1476,50.0,600.0,68.5
1477,52.0,624.0,68.5
1478,57.0,684.0,68.4
1479,62.0,744.0,68.6
1480,61.0,732.0,68.6
1481,62.0,744.0,69.0
1482,64.0,768.0,68.8
1483,70.0,840.0,68.8
1484,78.0,936.0,69.0
1485,81.0,972.0,69.5
1486,78.0,936.0,69.3
1487,79.0,948.0,69.3
1488,79.0,948.0,69.1
1489,85.0,1020.0,69.2
1490,98.0,1176.0,69.1
1491,101.0,1212.0,69.3
1492,111.0,1332.0,69.6
1493,127.0,1524.0,69.5
1494,142.0,1704.0,69.7
1495,149.0,1788.0,70.0
1496,175.0,2100.0,70.3
1497,186.0,2232.0,70.1
1498,178.0,2136.0,70.2
1499,171.0,2052.0,70.3
1500,175.0,2100.0,70.1
1501,190.0,2280.0,70.0
1502,227.0,2724.0,70.0
1503,250.0,3000.0,70.5
1504,261.0,3132.0,70.4
1505,277.0,3324.0,70.3
1506,299.0,3588.0,69.4
1507,318.0,3816.0,69.9
1508,343.0,4116.0,70.4
1509,352.0,4224.0,70.2
1510,344.0,4128.0,70.2
1511,320.0,3840.0,70.4
1512,320.0,3840.0,67.9
1513,322.0,3864.0,66.9
1514,328.0,3936.0,66.3
1515,306.0,3672.0,66.1
1516,343.0,4116.0,66.0
1517,321.0,3852.0,66.1
1518,318.0,3816.0,66.1
1519,328.0,3936.0,66.1
1520,382.0,4584.0,66.2
1521,338.0,4056.0,66.3
1522,338.0,4056.0,66.3
1523,373.0,4476.0,66.5
1524,399.0,4788.0,66.5
1525,376.0,4512.0,66.5
1526,341.0,4092.0,66.3
1527,361.0,4332.0,66.3
1528,381.0,4572.0,66.3
1529,309.0,3708.0,66.5
1530,350.0,4200.0,66.3
1531,384.0,4608.0,66.4
1532,411.0,4932.0,66.1
1533,436.0,5232.0,66.0
1534,433.0,5196.0,66.1
1535,406.0,4872.0,66.0
1536,396.0,4752.0,66.1
1537,396.0,4752.0,65.8
1538,402.0,4824.0,66.0
1539,404.0,4848.0,65.8
1540,400.0,4800.0,65.7
1541,395.0,4740.0,66.0
1542,389.0,4668.0,65.6
1543,402.0,4824.0,65.8
1544,399.0,4788.0,65.7
1545,396.0,4752.0,65.6
1546,396.0,4752.0,65.6
1547,381.0,4572.0,65.7
1548,367.0,4404.0,65.7
1549,361.0,4332.0,65.3
1550,363.0,4356.0,65.2
1551,367.0,4404.0,65.1
1552,366.0,4392.0,65.1
1553,368.0,4416.0,64.8
1554,367.0,4404.0,64.8
1555,367.0,4404.0,64.8
1556,373.0,4476.0,64.7
1557,365.0,4380.0,64.2
1558,361.0,4332.0,64.2
1559,352.0,4224.0,64.2
1560,346.0,4152.0,64.1
1561,340.0,4080.0,64.3
1562,350.0,4200.0,64.3
1563,350.0,4200.0,63.9
1564,349.0,4188.0,64.0
1565,352.0,4224.0,64.1
1566,355.0,4260.0,64.2
1567,358.0,4296.0,63.7
1568,361.0,4332.0,64.1
1569,362.0,4344.0,64.0
1570,359.0,4308.0,64.0
1571,353.0,4236.0,63.4
1572,347.0,4164.0,64.1
1573,353.0,4236.0,64.2
1574,365.0,4380.0,64.0
1575,361.0,4332.0,63.9
1576,355.0,4260.0,64.4
1577,353.0,4236.0,64.5
1578,353.0,4236.0,63.8
1579,358.0,4296.0,64.4
1580,358.0,4296.0,64.4
1581,363.0,4356.0,63.8
1582,363.0,4356.0,64.0
1583,360.0,4320.0,64.3
1584,368.0,4416.0,64.2
1585,370.0,4440.0,64.2
1586,373.0,4476.0,64.0
1587,379.0,4548.0,64.2
1588,375.0,4500.0,64.2
1589,376.0,4512.0,64.9
1590,375.0,4500.0,64.5
1591,375.0,4500.0,64.4
1592,384.0,4608.0,64.1
1593,379.0,4548.0,64.3
1594,376.0,4512.0,64.1
1595,381.0,4572.0,64.2
1596,376.0,4512.0,64.3
1597,379.0,4548.0,64.1
1598,381.0,4572.0,64.1
1599,391.0,4692.0,64.4
1600,391.0,4692.0,64.8
1601,399.0,4788.0,64.5
1602,391.0,4692.0,64.4
1603,396.0,4752.0,64.6
1604,402.0,4824.0,64.2
1605,411.0,4932.0,64.3
1606,407.0,4884.0,64.5
1607,406.0,4872.0,64.5
1608,402.0,4824.0,64.5
1609,404.0,4848.0,64.2
1610,414.0,4968.0,64.6
1611,419.0,5028.0,64.6
1612,424.0,5088.0,64.5
1613,428.0,5136.0,64.5
1614,434.0,5208.0,64.4
1615,430.0,5160.0,64.6
1616,442.0,5304.0,64.6
1617,466.0,5592.0,64.6
1618,452.0,5424.0,64.6
1619,448.0,5376.0,64.5
1620,467.0,5604.0,63.7
1621,448.0,5376.0,64.1
1622,449.0,5388.0,64.0
1623,462.0,5544.0,63.8
1624,460.0,5520.0,64.0
1625,466.0,5592.0,63.8
1626,481.0,5772.0,63.7
1627,455.0,5460.0,64.1
1628,448.0,5376.0,64.4
1629,454.0,5448.0,62.6
1630,455.0,5460.0,61.1
1631,462.0,5544.0,61.1
1632,467.0,5604.0,61.3
1633,460.0,5520.0,62.2
1634,484.0,5808.0,62.6
1635,463.0,5556.0,62.8
1636,448.0,5376.0,62.6
1637,460.0,5520.0,61.3
1638,468.0,5616.0,61.9
1639,478.0,5736.0,62.5
1640,462.0,5544.0,63.8
1641,451.0,5412.0,62.4
1642,449.0,5388.0,62.9
1643,443.0,5316.0,63.1
1644,434.0,5208.0,63.6
1645,449.0,5388.0,62.8
1646,463.0,5556.0,62.5
1647,462.0,5544.0,62.7
1648,462.0,5544.0,62.7
1649,454.0,5448.0,63.0
1650,448.0,5376.0,63.7
1651,466.0,5592.0,64.4
1652,463.0,5556.0,64.6
1653,433.0,5196.0,64.9
1654,426.0,5112.0,65.0
1655,452.0,5424.0,66.4
1656,437.0,5244.0,66.9
1657,422.0,5064.0,67.4
1658,436.0,5232.0,67.5
1659,424.0,5088.0,67.7
1660,408.0,4896.0,67.8
1661,424.0,5088.0,68.1
1662,419.0,5028.0,68.1
1663,393.0,4716.0,68.3
1664,368.0,4416.0,68.2
1665,373.0,4476.0,68.2
1666,360.0,4320.0,68.6
1667,340.0,4080.0,68.5
1668,324.0,3888.0,68.6
1669,343.0,4116.0,68.8
1670,343.0,4116.0,68.8
1671,353.0,4236.0,69.0
1672,339.0,4068.0,68.8
1673,343.0,4116.0,68.9
1674,335.0,4020.0,68.8
1675,308.0,3696.0,68.7
1676,306.0,3672.0,68.5
1677,301.0,3612.0,68.5
1678,305.0,3660.0,68.4
1679,312.0,3744.0,68.3
1680,286.0,3432.0,68.5
1681,296.0,3552.0,68.4
1682,299.0,3588.0,68.7
1683,316.0,3792.0,68.7
1684,279.0,3348.0,68.6
1685,280.0,3360.0,68.6
1686,291.0,3492.0,68.5
1687,292.0,3504.0,68.4
1688,265.0,3180.0,68.9
1689,270.0,3240.0,68.8
1690,272.0,3264.0,68.7
1691,274.0,3288.0,68.9
1692,276.0,3312.0,69.4
1693,257.0,3084.0,70.0
1694,257.0,3084.0,70.2
1695,259.0,3108.0,69.8
1696,254.0,3048.0,70.2
1697,265.0,3180.0,70.1
1698,249.0,2988.0,70.0
1699,247.0,2964.0,70.1
1700,242.0,2904.0,69.9
1701,242.0,2904.0,70.1
1702,249.0,2988.0,70.1
1703,227.0,2724.0,70.1
1704,225.0,2700.0,70.2
1705,206.0,2472.0,70.0
1706,218.0,2616.0,70.1
1707,218.0,2616.0,70.4
1708,203.0,2436.0,70.2
1709,203.0,2436.0,69.9
1710,184.0,2208.0,69.9
1711,194.0,2328.0,69.9
1712,186.0,2232.0,69.9
1713,180.0,2160.0,70.0
1714,168.0,2016.0,69.9
1715,163.0,1956.0,69.7
1716,158.0,1896.0,69.9
1717,142.0,1704.0,70.8
1718,160.0,1920.0,70.0
1719,165.0,1980.0,70.0
1720,146.0,1752.0,69.7
1721,146.0,1752.0,69.3
1722,134.0,1608.0,69.5
1723,134.0,1608.0,69.3
1724,136.0,1632.0,69.0
1725,129.0,1548.0,69.4
1726,117.0,1404.0,69.1
1727,119.0,1428.0,69.0
1728,108.0,1296.0,70.9
1729,109.0,1308.0,70.4
1730,111.0,1332.0,70.3
1731,113.0,1356.0,70.3
1732,98.0,1176.0,69.4
1733,85.0,1020.0,69.6
1734,95.0,1140.0,69.3
1735,81.0,972.0,69.0
1736,82.0,984.0,69.4
1737,79.0,948.0,69.0
1738,74.0,888.0,69.2
1739,75.0,900.0,69.0
1740,67.0,804.0,69.3
1741,67.0,804.0,69.1
1742,75.0,900.0,69.4
1743,64.0,768.0,69.5
1744,72.0,864.0,69.2
1745,67.0,804.0,69.6
1746,62.0,744.0,69.2
1747,62.0,744.0,69.0
1748,72.0,864.0,68.9
1749,72.0,864.0,68.9
1750,70.0,840.0,69.3
1751,60.0,720.0,68.9
1752,59.0,708.0,69.0
1753,55.0,660.0,69.5
1754,64.0,768.0,69.5
1755,70.0,840.0,69.9
1756,56.0,672.0,69.4
1757,60.0,720.0,69.0
1758,55.0,660.0,69.0
1759,53.0,636.0,68.9
1760,60.0,720.0,69.0
1761,57.0,684.0,68.9
1762,60.0,720.0,68.6
1763,55.0,660.0,68.4
1764,52.0,624.0,68.5
1765,55.0,660.0,68.6
1766,59.0,708.0,69.0
1767,60.0,720.0,68.9
1768,62.0,744.0,69.2
1769,64.0,768.0,68.9
1770,67.0,804.0,69.0
1771,74.0,888.0,69.1
1772,77.0,924.0,69.3
1773,85.0,1020.0,69.3
1774,84.0,1008.0,69.4
1775,81.0,972.0,69.6
1776,85.0,1020.0,69.2
1777,88.0,1056.0,69.0
1778,98.0,1176.0,69.1
1779,101.0,1212.0,69.0
1780,119.0,1428.0,69.4
1781,126.0,1512.0,69.5
1782,138.0,1656.0,69.5
1783,163.0,1956.0,69.5
1784,172.0,2064.0,70.1
1785,178.0,2136.0,70.2
1786,184.0,2208.0,70.3
1787,190.0,2280.0,70.2
1788,183.0,2196.0,70.2
1789,201.0,2412.0,70.1
1790,227.0,2724.0,69.9
1791,259.0,3108.0,70.0
1792,267.0,3204.0,70.0
1793,277.0,3324.0,69.9
1794,301.0,3612.0,70.0
1795,324.0,3888.0,70.4
1796,335.0,4020.0,70.3
1797,346.0,4152.0,70.5
1798,343.0,4116.0,71.2
1799,332.0,3984.0,70.7
1800,327.0,3924.0,68.6
1801,329.0,3948.0,67.2
1802,352.0,4224.0,66.7
1803,367.0,4404.0,66.5
1804,389.0,4668.0,66.5
1805,381.0,4572.0,66.3
1806,382.0,4584.0,66.3
1807,400.0,4800.0,66.3
1808,375.0,4500.0,66.4
1809,312.0,3744.0,66.3
1810,379.0,4548.0,66.5
1811,339.0,4068.0,66.6
1812,387.0,4644.0,66.5
1813,355.0,4260.0,66.7
1814,427.0,5124.0,66.5
1815,385.0,4620.0,66.7
1816,424.0,5088.0,66.6
1817,385.0,4620.0,66.6
1818,420.0,5040.0,66.5
1819,393.0,4716.0,66.3
1820,422.0,5064.0,66.3
1821,429.0,5148.0,66.0
1822,434.0,5208.0,66.1
1823,425.0,5100.0,66.2
1824,402.0,4824.0,66.1
1825,396.0,4752.0,65.9
1826,399.0,4788.0,65.8
1827,406.0,4872.0,65.8
1828,402.0,4824.0,65.8
1829,396.0,4752.0,65.7
1830,391.0,4692.0,65.7
1831,391.0,4692.0,65.7
1832,393.0,4716.0,65.7
1833,399.0,4788.0,65.2
1834,402.0,4824.0,65.2
1835,382.0,4584.0,65.4
1836,369.0,4428.0,65.1
1837,367.0,4404.0,65.1
1838,370.0,4440.0,64.8
1839,373.0,4476.0,64.7
1840,373.0,4476.0,64.4
1841,370.0,4440.0,64.4
1842,366.0,4392.0,64.5
1843,366.0,4392.0,64.7
1844,368.0,4416.0,64.7
1845,373.0,4476.0,64.4
1846,370.0,4440.0,64.5
1847,366.0,4392.0,64.3
1848,358.0,4296.0,64.3
1849,355.0,4260.0,63.9
1850,359.0,4308.0,64.0
1851,365.0,4380.0,63.9
1852,363.0,4356.0,63.9
1853,365.0,4380.0,63.9
1854,365.0,4380.0,63.9
1855,365.0,4380.0,63.9
1856,369.0,4428.0,64.0
1857,369.0,4428.0,63.9
1858,368.0,4416.0,64.0
1859,363.0,4356.0,64.2
1860,359.0,4308.0,64.3
1861,362.0,4344.0,63.9
1862,366.0,4392.0,63.8
1863,373.0,4476.0,63.8
1864,369.0,4428.0,64.0
1865,376.0,4512.0,63.9
1866,376.0,4512.0,63.9
1867,375.0,4500.0,63.9
1868,379.0,4548.0,64.1
1869,378.0,4536.0,64.3
1870,382.0,4584.0,64.0
1871,378.0,4536.0,64.0
1872,370.0,4440.0,64.5
1873,379.0,4548.0,64.5
1874,376.0,4512.0,64.0
1875,381.0,4572.0,64.2
1876,385.0,4620.0,64.2
1877,382.0,4584.0,65.0
1878,381.0,4572.0,65.0
1879,391.0,4692.0,64.9
1880,387.0,4644.0,64.9
1881,391.0,4692.0,64.2
1882,389.0,4668.0,64.4
1883,379.0,4548.0,64.6
1884,384.0,4608.0,64.1
1885,385.0,4620.0,64.9
1886,387.0,4644.0,65.1
1887,393.0,4716.0,64.5
1888,400.0,4800.0,64.2
1889,391.0,4692.0,63.8
1890,391.0,4692.0,63.9
1891,399.0,4788.0,64.2
1892,407.0,4884.0,64.2
1893,416.0,4992.0,64.3
1894,407.0,4884.0,64.1
1895,411.0,4932.0,63.9
1896,408.0,4896.0,63.5
1897,410.0,4920.0,63.7
1898,422.0,5064.0,63.6
1899,427.0,5124.0,63.8
1900,442.0,5304.0,63.8
1901,429.0,5148.0,64.0
1902,429.0,5148.0,63.8
1903,433.0,5196.0,63.9
1904,442.0,5304.0,63.8
1905,462.0,5544.0,63.3
1906,460.0,5520.0,62.8
1907,469.0,5628.0,62.7
1908,471.0,5652.0,62.0
1909,452.0,5424.0,61.6
1910,483.0,5796.0,60.9
1911,468.0,5616.0,60.9
1912,462.0,5544.0,60.6
1913,469.0,5628.0,60.4
1914,440.0,5280.0,60.0
1915,474.0,5688.0,60.0
1916,473.0,5676.0,60.0
1917,460.0,5520.0,59.2
1918,445.0,5340.0,57.6
1919,448.0,5376.0,58.0
1920,458.0,5496.0,56.2
1921,449.0,5388.0,57.5
1922,454.0,5448.0,58.9
1923,454.0,5448.0,58.3
1924,467.0,5604.0,58.6
1925,451.0,5412.0,59.1
1926,460.0,5520.0,59.1
1927,445.0,5340.0,59.2
1928,455.0,5460.0,59.5
1929,460.0,5520.0,59.9
1930,454.0,5448.0,59.8
1931,460.0,5520.0,59.1
1932,445.0,5340.0,59.4
1933,445.0,5340.0,59.8
1934,460.0,5520.0,59.6
1935,460.0,5520.0,58.8
1936,452.0,5424.0,58.5
1937,448.0,5376.0,57.2
1938,456.0,5472.0,59.1
1939,445.0,5340.0,59.2
1940,445.0,5340.0,59.5
1941,467.0,5604.0,59.8
1942,454.0,5448.0,60.5
1943,425.0,5100.0,61.3
1944,428.0,5136.0,62.7
1945,436.0,5232.0,65.3
1946,458.0,5496.0,66.1
1947,434.0,5208.0,66.7
1948,410.0,4920.0,67.1
1949,422.0,5064.0,67.4
1950,429.0,5148.0,67.8
1951,419.0,5028.0,68.1
1952,400.0,4800.0,68.0
1953,411.0,4932.0,68.2
1954,422.0,5064.0,68.4
1955,391.0,4692.0,68.7
1956,363.0,4356.0,68.8
1957,385.0,4620.0,69.1
1958,352.0,4224.0,68.9
1959,370.0,4440.0,69.0
1960,350.0,4200.0,69.1
1961,352.0,4224.0,68.9
1962,346.0,4152.0,68.7
1963,350.0,4200.0,68.4
1964,314.0,3768.0,68.4
1965,333.0,3996.0,68.3
1966,343.0,4116.0,68.2
1967,318.0,3816.0,68.1
1968,340.0,4080.0,68.4
1969,322.0,3864.0,68.3
1970,324.0,3888.0,68.4
1971,339.0,4068.0,68.6
1972,332.0,3984.0,68.3
1973,333.0,3996.0,68.6
1974,324.0,3888.0,68.4
1975,312.0,3744.0,68.7
1976,316.0,3792.0,68.6
1977,305.0,3660.0,69.2
1978,294.0,3528.0,69.3
1979,277.0,3324.0,68.9
1980,276.0,3312.0,69.7
1981,285.0,3420.0,69.8
1982,280.0,3360.0,69.8
1983,298.0,3576.0,70.1
1984,299.0,3588.0,70.2
1985,283.0,3396.0,69.9
1986,296.0,3552.0,69.6
1987,280.0,3360.0,70.3
1988,267.0,3204.0,70.3
1989,254.0,3048.0,70.2
1990,261.0,3132.0,70.3
1991,259.0,3108.0,70.4
1992,238.0,2856.0,70.1
1993,238.0,2856.0,70.6
1994,247.0,2964.0,70.7
1995,233.0,2796.0,70.3
1996,233.0,2796.0,70.2
1997,228.0,2736.0,70.0
1998,221.0,2652.0,70.3
1999,219.0,2628.0,70.4
2000,216.0,2592.0,70.0
2001,194.0,2328.0,70.4
2002,193.0,2316.0,69.9
2003,177.0,2124.0,70.2
2004,175.0,2100.0,69.8
2005,167.0,2004.0,70.2
2006,175.0,2100.0,70.0
2007,163.0,1956.0,70.4
2008,163.0,1956.0,70.1
2009,157.0,1884.0,70.1
2010,152.0,1824.0,70.0
2011,139.0,1668.0,69.7
2012,151.0,1812.0,69.9
2013,146.0,1752.0,69.8
2014,134.0,1608.0,70.0
2015,119.0,1428.0,69.8
2016,119.0,1428.0,71.1
2017,126.0,1512.0,70.4
2018,125.0,1500.0,70.6
2019,119.0,1428.0,70.0
2020,111.0,1332.0,69.7
2021,96.0,1152.0,69.4
2022,93.0,1116.0,69.5
2023,97.0,1164.0,69.6
2024,96.0,1152.0,69.2
2025,88.0,1056.0,69.3
2026,84.0,1008.0,69.1
2027,77.0,924.0,69.7
2028,79.0,948.0,69.8
2029,85.0,1020.0,69.8
2030,75.0,900.0,69.3
2031,84.0,1008.0,70.0
2032,75.0,900.0,70.0
2033,77.0,924.0,69.4
2034,72.0,864.0,69.1
2035,74.0,888.0,69.4
2036,77.0,924.0,69.5
2037,72.0,864.0,69.4
2038,67.0,804.0,69.0
2039,64.0,768.0,69.0
2040,67.0,804.0,69.3
2041,64.0,768.0,69.5
2042,64.0,768.0,69.4
2043,64.0,768.0,69.8
2044,75.0,900.0,69.5
2045,67.0,804.0,69.2
2046,62.0,744.0,69.1
2047,67.0,804.0,69.3
2048,61.0,732.0,68.9
2049,61.0,732.0,69.0
2050,62.0,744.0,69.1
2051,57.0,684.0,68.9
2052,56.0,672.0,68.8
2053,64.0,768.0,68.5
2054,61.0,732.0,68.8
2055,79.0,948.0,68.9
2056,70.0,840.0,69.6
2057,67.0,804.0,69.5
2058,70.0,840.0,69.3
2059,74.0,888.0,69.2
2060,82.0,984.0,69.1
2061,85.0,1020.0,69.5
2062,82.0,984.0,69.6
2063,82.0,984.0,69.4
2064,85.0,1020.0,69.2
2065,88.0,1056.0,69.3
2066,101.0,1212.0,69.2
2067,111.0,1332.0,69.4
2068,120.0,1440.0,69.5
2069,136.0,1632.0,69.5
2070,144.0,1728.0,70.0
2071,165.0,1980.0,69.7
2072,167.0,2004.0,69.8
2073,190.0,2280.0,70.5
2074,188.0,2256.0,70.3
2075,186.0,2232.0,70.3
2076,187.0,2244.0,70.0
2077,193.0,2316.0,70.1
2078,224.0,2688.0,70.2
2079,239.0,2868.0,70.1
2080,253.0,3036.0,70.2
2081,272.0,3264.0,70.2
2082,285.0,3420.0,70.5
2083,303.0,3636.0,70.1
2084,321.0,3852.0,70.1
2085,337.0,4044.0,70.4
2086,327.0,3924.0,70.5
2087,306.0,3672.0,70.4
2088,308.0,3696.0,67.8
2089,318.0,3816.0,66.5
2090,332.0,3984.0,66.2
2091,353.0,4236.0,66.0
2092,368.0,4416.0,65.7
2093,373.0,4476.0,65.9
2094,385.0,4620.0,66.0
2095,388.0,4656.0,66.0
2096,391.0,4692.0,65.7
2097,416.0,4992.0,65.8
2098,402.0,4824.0,65.8
2099,385.0,4620.0,65.8
2100,378.0,4536.0,66.1
2101,385.0,4620.0,65.7
2102,402.0,4824.0,65.6
2103,411.0,4932.0,66.3
2104,410.0,4920.0,65.8
2105,420.0,5040.0,65.8
2106,428.0,5136.0,65.7
2107,428.0,5136.0,65.7
2108,432.0,5184.0,65.4
2109,428.0,5136.0,65.6
2110,416.0,4992.0,65.5
2111,408.0,4896.0,65.3
2112,391.0,4692.0,65.0
2113,384.0,4608.0,65.4
2114,384.0,4608.0,65.2
2115,391.0,4692.0,65.2
2116,384.0,4608.0,65.4
2117,382.0,4584.0,65.2
2118,379.0,4548.0,65.2
2119,381.0,4572.0,65.1
2120,388.0,4656.0,65.0
2121,389.0,4668.0,64.9
2122,384.0,4608.0,64.8
2123,379.0,4548.0,64.9
2124,365.0,4380.0,64.6
2125,361.0,4332.0,64.5
2126,359.0,4308.0,64.0
2127,363.0,4356.0,63.8
2128,368.0,4416.0,63.9
2129,370.0,4440.0,63.8
2130,373.0,4476.0,63.9
2131,376.0,4512.0,63.8
2132,381.0,4572.0,63.8
2133,384.0,4608.0,63.6
2134,378.0,4536.0,63.6
2135,370.0,4440.0,63.5
2136,366.0,4392.0,63.5
2137,369.0,4428.0,63.5
2138,376.0,4512.0,63.4
2139,384.0,4608.0,63.1
2140,382.0,4584.0,63.4
2141,381.0,4572.0,63.2
2142,376.0,4512.0,63.3
2143,381.0,4572.0,63.2
2144,391.0,4692.0,63.1
2145,391.0,4692.0,62.7
2146,391.0,4692.0,62.9
2147,385.0,4620.0,62.5
2148,385.0,4620.0,62.7
2149,388.0,4656.0,62.7
2150,402.0,4824.0,62.7
2151,391.0,4692.0,62.6
2152,411.0,4932.0,62.4
2153,419.0,5028.0,62.4
2154,395.0,4740.0,62.5
2155,396.0,4752.0,62.1
2156,399.0,4788.0,62.2
2157,393.0,4716.0,62.2
2158,402.0,4824.0,62.3
2159,395.0,4740.0,62.2
2160,402.0,4824.0,62.6
2161,396.0,4752.0,62.8
2162,402.0,4824.0,62.8
2163,407.0,4884.0,62.6
2164,406.0,4872.0,62.6
2165,408.0,4896.0,62.4
2166,402.0,4824.0,62.7
2167,402.0,4824.0,62.6
2168,411.0,4932.0,62.1
2169,408.0,4896.0,61.3
2170,410.0,4920.0,60.8
2171,402.0,4824.0,61.2
2172,404.0,4848.0,61.4
2173,402.0,4824.0,61.0
2174,410.0,4920.0,61.3
2175,419.0,5028.0,61.3
2176,419.0,5028.0,61.2
2177,414.0,4968.0,61.4
2178,414.0,4968.0,61.4
2179,422.0,5064.0,61.3
2180,425.0,5100.0,61.6
2181,425.0,5100.0,61.0
2182,426.0,5112.0,61.2
2183,424.0,5088.0,60.9
2184,416.0,4992.0,60.4
2185,422.0,5064.0,60.0
2186,426.0,5112.0,60.0
2187,427.0,5124.0,59.6
2188,427.0,5124.0,59.2
2189,428.0,5136.0,58.7
2190,428.0,5136.0,58.7
2191,425.0,5100.0,57.8
2192,430.0,5160.0,58.3
2193,436.0,5232.0,57.5
2194,434.0,5208.0,53.9
2195,432.0,5184.0,55.2
2196,428.0,5136.0,55.1
2197,432.0,5184.0,54.4
2198,434.0,5208.0,55.0
2199,437.0,5244.0,54.5
2200,433.0,5196.0,54.6
2201,432.0,5184.0,54.4
2202,429.0,5148.0,52.0
2203,427.0,5124.0,54.6
2204,436.0,5232.0,51.5
2205,434.0,5208.0,49.0
2206,432.0,5184.0,50.6
2207,424.0,5088.0,52.5
2208,422.0,5064.0,54.7
2209,429.0,5148.0,54.2
2210,430.0,5160.0,54.5
2211,433.0,5196.0,55.2
2212,430.0,5160.0,56.7
2213,429.0,5148.0,57.2
2214,416.0,4992.0,57.4
2215,429.0,5148.0,57.7
2216,430.0,5160.0,57.9
2217,434.0,5208.0,58.2
2218,432.0,5184.0,58.4
2219,424.0,5088.0,58.6
2220,419.0,5028.0,58.9
2221,426.0,5112.0,59.1
2222,437.0,5244.0,59.3
2223,443.0,5316.0,59.6
2224,440.0,5280.0,59.4
2225,430.0,5160.0,59.0
2226,426.0,5112.0,59.1
2227,414.0,4968.0,59.2
2228,414.0,4968.0,59.5
2229,413.0,4956.0,60.0
2230,419.0,5028.0,60.0
2231,396.0,4752.0,60.1
2232,410.0,4920.0,61.2
2233,406.0,4872.0,63.0
2234,417.0,5004.0,65.3
2235,410.0,4920.0,66.2
2236,400.0,4800.0,67.0
2237,411.0,4932.0,67.3
2238,385.0,4620.0,67.4
2239,400.0,4800.0,67.6
2240,411.0,4932.0,67.4
2241,404.0,4848.0,67.8
2242,385.0,4620.0,68.2
2243,381.0,4572.0,68.1
2244,393.0,4716.0,68.5
2245,402.0,4824.0,68.5
2246,396.0,4752.0,68.2
2247,396.0,4752.0,68.6
2248,393.0,4716.0,68.4
2249,376.0,4512.0,68.5
2250,367.0,4404.0,68.3
2251,369.0,4428.0,68.2
2252,358.0,4296.0,68.1
2253,373.0,4476.0,67.7
2254,359.0,4308.0,67.8
2255,352.0,4224.0,67.7
2256,359.0,4308.0,67.8
2257,368.0,4416.0,67.8
2258,373.0,4476.0,68.0
2259,335.0,4020.0,68.0
2260,360.0,4320.0,68.0
2261,369.0,4428.0,68.0
2262,352.0,4224.0,68.1
2263,344.0,4128.0,68.2
2264,347.0,4164.0,68.3
2265,318.0,3816.0,68.4
2266,332.0,3984.0,68.5
2267,333.0,3996.0,68.7
2268,314.0,3768.0,68.8
2269,324.0,3888.0,68.9
2270,350.0,4200.0,69.1
2271,332.0,3984.0,69.3
2272,326.0,3912.0,69.9
2273,308.0,3696.0,69.6
2274,306.0,3672.0,69.6
2275,300.0,3600.0,69.6
2276,302.0,3624.0,70.0
2277,306.0,3672.0,70.0
2278,318.0,3816.0,70.1
2279,283.0,3396.0,70.4
2280,272.0,3264.0,70.3
2281,286.0,3432.0,70.4
2282,296.0,3552.0,70.4
2283,291.0,3492.0,69.9
2284,270.0,3240.0,70.0
2285,267.0,3204.0,69.8
2286,259.0,3108.0,70.0
2287,259.0,3108.0,70.1
2288,228.0,2736.0,70.3
2289,239.0,2868.0,70.4
2290,232.0,2784.0,70.5
2291,227.0,2724.0,70.5
2292,210.0,2520.0,70.4
2293,219.0,2628.0,70.1
2294,206.0,2472.0,70.5
2295,204.0,2448.0,69.9
2296,198.0,2376.0,69.9
2297,200.0,2400.0,70.2
2298,201.0,2412.0,70.0
2299,180.0,2160.0,70.1
2300,186.0,2232.0,70.4
2301,192.0,2304.0,70.2
2302,178.0,2136.0,70.3
2303,178.0,2136.0,70.3
2304,165.0,1980.0,70.6
2305,164.0,1968.0,70.2
2306,157.0,1884.0,70.4
2307,171.0,2052.0,70.1
2308,147.0,1764.0,69.7
2309,144.0,1728.0,69.7
2310,131.0,1572.0,69.8
2311,126.0,1512.0,69.8
2312,128.0,1536.0,69.6
2313,123.0,1476.0,70.2
2314,116.0,1392.0,69.9
2315,111.0,1332.0,70.1
2316,113.0,1356.0,70.4
2317,111.0,1332.0,70.1
2318,111.0,1332.0,70.1
2319,108.0,1296.0,69.9
2320,98.0,1176.0,69.9
2321,100.0,1200.0,70.4
2322,95.0,1140.0,70.1
2323,95.0,1140.0,70.0
2324,93.0,1116.0,69.9
2325,90.0,1080.0,69.9
2326,90.0,1080.0,70.4
2327,90.0,1080.0,70.0
2328,93.0,1116.0,70.4
2329,88.0,1056.0,70.4
2330,78.0,936.0,70.3
2331,87.0,1044.0,69.9
2332,85.0,1020.0,69.9
2333,75.0,900.0,70.4
2334,78.0,936.0,70.2
2335,75.0,900.0,69.5
2336,81.0,972.0,69.8
2337,74.0,888.0,69.5
2338,70.0,840.0,69.7
2339,72.0,864.0,69.5
2340,70.0,840.0,69.9
2341,70.0,840.0,69.9
2342,67.0,804.0,69.8
2343,72.0,864.0,69.5
2344,75.0,900.0,69.7
2345,75.0,900.0,69.6
2346,67.0,804.0,69.6
2347,67.0,804.0,69.8
2348,64.0,768.0,69.7
2349,67.0,804.0,69.6
2350,82.0,984.0,69.7
2351,70.0,840.0,69.6
2352,67.0,804.0,69.7
2353,67.0,804.0,69.5
2354,72.0,864.0,69.4
2355,72.0,864.0,69.2
2356,70.0,840.0,69.6
2357,75.0,900.0,69.6
2358,75.0,900.0,69.8
2359,82.0,984.0,69.8
2360,88.0,1056.0,70.0
2361,90.0,1080.0,70.0
2362,91.0,1092.0,69.9
2363,100.0,1200.0,69.7
2364,88.0,1056.0,69.7
2365,93.0,1116.0,69.9
2366,100.0,1200.0,69.6
2367,123.0,1476.0,69.6
2368,138.0,1656.0,69.6
2369,123.0,1476.0,69.9
2370,129.0,1548.0,69.7
2371,136.0,1632.0,69.9
2372,147.0,1764.0,69.9
2373,175.0,2100.0,70.3
2374,165.0,1980.0,70.3
2375,175.0,2100.0,70.4
2376,180.0,2160.0,69.5
2377,196.0,2352.0,69.1
2378,201.0,2412.0,68.8
2379,201.0,2412.0,68.7
2380,231.0,2772.0,69.0
2381,212.0,2544.0,68.8
2382,225.0,2700.0,69.0
2383,227.0,2724.0,69.1
2384,224.0,2688.0,69.4
2385,239.0,2868.0,69.4
2386,259.0,3108.0,69.8
2387,255.0,3060.0,69.5
2388,268.0,3216.0,68.9
2389,268.0,3216.0,68.0
2390,273.0,3276.0,67.7
2391,265.0,3180.0,67.3
2392,294.0,3528.0,67.4
2393,309.0,3708.0,67.3
2394,303.0,3636.0,67.5
2395,308.0,3696.0,67.5
2396,309.0,3708.0,67.7
2397,308.0,3696.0,67.6
2398,318.0,3816.0,67.4
2399,353.0,4236.0,67.4
2400,306.0,3672.0,67.2
2401,316.0,3792.0,67.3
2402,316.0,3792.0,67.2
2403,338.0,4056.0,66.8
2404,326.0,3912.0,67.1
2405,355.0,4260.0,67.4
2406,335.0,4020.0,67.3
2407,358.0,4296.0,67.2
2408,335.0,4020.0,67.4
2409,343.0,4116.0,67.2
2410,343.0,4116.0,67.0
2411,340.0,4080.0,67.5
2412,332.0,3984.0,67.6
2413,329.0,3948.0,67.2
2414,335.0,4020.0,67.1
2415,344.0,4128.0,66.9
2416,347.0,4164.0,67.0
2417,352.0,4224.0,66.8
2418,355.0,4260.0,66.9
2419,359.0,4308.0,67.0
2420,369.0,4428.0,66.4
2421,373.0,4476.0,66.5
2422,369.0,4428.0,66.6
2423,361.0,4332.0,66.6
2424,360.0,4320.0,66.7
2425,350.0,4200.0,66.6
2426,361.0,4332.0,66.5
2427,363.0,4356.0,66.4
2428,369.0,4428.0,66.5
2429,375.0,4500.0,66.4
2430,381.0,4572.0,66.3
2431,384.0,4608.0,66.2
2432,388.0,4656.0,66.0
2433,387.0,4644.0,66.1
2434,385.0,4620.0,66.1
2435,385.0,4620.0,66.0
2436,391.0,4692.0,65.7
2437,391.0,4692.0,66.1
2438,391.0,4692.0,66.2
2439,391.0,4692.0,66.3
2440,393.0,4716.0,66.3
2441,393.0,4716.0,66.7
2442,396.0,4752.0,66.6
2443,391.0,4692.0,66.5
2444,396.0,4752.0,66.4
2445,399.0,4788.0,66.5
2446,396.0,4752.0,66.5
2447,399.0,4788.0,66.5
2448,399.0,4788.0,66.7
2449,400.0,4800.0,66.7
2450,406.0,4872.0,66.8
2451,410.0,4920.0,66.2
2452,406.0,4872.0,66.2
2453,404.0,4848.0,66.3
2454,404.0,4848.0,66.3
2455,408.0,4896.0,66.4
2456,404.0,4848.0,65.8
2457,404.0,4848.0,66.5
2458,408.0,4896.0,66.4
2459,402.0,4824.0,66.5
2460,404.0,4848.0,66.7
2461,402.0,4824.0,66.7
2462,410.0,4920.0,66.9
2463,410.0,4920.0,66.4
2464,407.0,4884.0,66.7
2465,410.0,4920.0,66.9
2466,410.0,4920.0,66.9
2467,408.0,4896.0,66.8
2468,411.0,4932.0,66.8
2469,413.0,4956.0,66.7
2470,404.0,4848.0,66.9
2471,402.0,4824.0,66.7
2472,402.0,4824.0,66.8
2473,399.0,4788.0,67.0
2474,402.0,4824.0,67.1
2475,404.0,4848.0,66.8
2476,410.0,4920.0,67.0
2477,408.0,4896.0,67.0
2478,407.0,4884.0,67.0
2479,399.0,4788.0,67.2
2480,410.0,4920.0,67.1
2481,408.0,4896.0,67.2
2482,411.0,4932.0,67.2
2483,413.0,4956.0,66.9
2484,399.0,4788.0,67.1
2485,402.0,4824.0,67.2
2486,408.0,4896.0,67.3
2487,413.0,4956.0,67.2
2488,410.0,4920.0,67.0
2489,410.0,4920.0,67.2
2490,402.0,4824.0,67.3
2491,402.0,4824.0,67.4
2492,406.0,4872.0,67.3
2493,410.0,4920.0,67.3
2494,406.0,4872.0,67.7
2495,400.0,4800.0,67.4
2496,391.0,4692.0,67.4
2497,396.0,4752.0,67.4
2498,404.0,4848.0,67.4
2499,408.0,4896.0,67.5
2500,402.0,4824.0,67.6
2501,406.0,4872.0,67.6
2502,406.0,4872.0,67.9
2503,407.0,4884.0,67.8
2504,404.0,4848.0,67.9
2505,408.0,4896.0,67.6
2506,416.0,4992.0,67.6
2507,391.0,4692.0,67.7
2508,393.0,4716.0,67.8
2509,393.0,4716.0,67.8
2510,396.0,4752.0,67.7
2511,393.0,4716.0,67.8
2512,402.0,4824.0,68.3
2513,393.0,4716.0,68.1
2514,391.0,4692.0,68.0
2515,389.0,4668.0,68.0
2516,385.0,4620.0,68.1
2517,385.0,4620.0,68.3
2518,381.0,4572.0,68.3
2519,375.0,4500.0,68.5
2520,370.0,4440.0,68.2
2521,370.0,4440.0,68.3
2522,373.0,4476.0,68.4
2523,370.0,4440.0,68.6
2524,381.0,4572.0,68.6
2525,382.0,4584.0,68.9
2526,363.0,4356.0,68.7
2527,360.0,4320.0,68.8
2528,358.0,4296.0,69.0
2529,350.0,4200.0,68.8
2530,340.0,4080.0,68.6
2531,338.0,4056.0,68.8
2532,352.0,4224.0,68.8
2533,333.0,3996.0,68.8
2534,333.0,3996.0,68.9
2535,332.0,3984.0,69.2
2536,335.0,4020.0,69.0
2537,324.0,3888.0,68.8
2538,314.0,3768.0,68.9
2539,316.0,3792.0,68.8
2540,318.0,3816.0,68.4
2541,324.0,3888.0,68.2
2542,312.0,3744.0,68.1
2543,305.0,3660.0,67.7
2544,305.0,3660.0,67.9
2545,303.0,3636.0,67.9
2546,303.0,3636.0,68.1
2547,308.0,3696.0,68.2
2548,305.0,3660.0,68.2
2549,298.0,3576.0,68.3
2550,288.0,3456.0,68.4
2551,294.0,3528.0,68.4
2552,303.0,3636.0,68.6
2553,294.0,3528.0,68.7
2554,280.0,3360.0,68.7
2555,296.0,3552.0,68.8
2556,291.0,3492.0,69.3
2557,294.0,3528.0,70.0
2558,274.0,3288.0,70.1
2559,292.0,3504.0,70.2
2560,294.0,3528.0,70.3
2561,306.0,3672.0,70.3
2562,292.0,3504.0,70.4
2563,274.0,3288.0,70.3
2564,280.0,3360.0,70.3
2565,268.0,3216.0,70.4
2566,271.0,3252.0,70.3
2567,294.0,3528.0,70.4
2568,262.0,3144.0,70.1
2569,262.0,3144.0,69.9
2570,265.0,3180.0,70.1
2571,257.0,3084.0,69.9
2572,254.0,3048.0,70.1
2573,276.0,3312.0,70.4
2574,273.0,3276.0,70.5
2575,250.0,3000.0,70.5
2576,249.0,2988.0,70.5
2577,235.0,2820.0,70.8
2578,250.0,3000.0,70.6
2579,247.0,2964.0,70.8
2580,239.0,2868.0,70.4
2581,228.0,2736.0,70.3
2582,218.0,2616.0,70.1
2583,219.0,2628.0,70.2
2584,228.0,2736.0,70.1
2585,193.0,2316.0,70.2
2586,194.0,2328.0,70.2
2587,186.0,2232.0,70.2
2588,186.0,2232.0,70.1
2589,175.0,2100.0,70.3
2590,184.0,2208.0,70.1
2591,178.0,2136.0,70.4
2592,157.0,1884.0,70.5
2593,167.0,2004.0,70.3
2594,160.0,1920.0,70.2
2595,151.0,1812.0,69.9
2596,157.0,1884.0,70.1
2597,147.0,1764.0,70.1
2598,129.0,1548.0,70.3
2599,134.0,1608.0,70.3
2600,131.0,1572.0,70.5
2601,119.0,1428.0,70.1
2602,116.0,1392.0,70.3
2603,115.0,1380.0,70.5
2604,108.0,1296.0,70.4
2605,101.0,1212.0,70.3
2606,105.0,1260.0,70.3
2607,105.0,1260.0,70.1
2608,97.0,1164.0,70.0
2609,93.0,1116.0,70.3
2610,85.0,1020.0,70.4
2611,85.0,1020.0,70.0
2612,82.0,984.0,70.4
2613,81.0,972.0,70.0
2614,82.0,984.0,70.4
2615,81.0,972.0,70.3
2616,78.0,936.0,70.4
2617,78.0,936.0,70.3
2618,77.0,924.0,70.3
2619,74.0,888.0,70.4
2620,72.0,864.0,70.3
2621,67.0,804.0,70.3
2622,64.0,768.0,70.4
2623,64.0,768.0,70.5
2624,62.0,744.0,70.4
2625,59.0,708.0,70.0
2626,57.0,684.0,70.1
2627,56.0,672.0,70.1
2628,52.0,624.0,70.4
2629,53.0,636.0,70.5
2630,52.0,624.0,70.4
2631,55.0,660.0,70.2
2632,52.0,624.0,70.3
2633,49.0,588.0,70.2
2634,48.0,576.0,70.5
2635,48.0,576.0,70.3
2636,47.0,564.0,70.2
2637,47.0,564.0,70.4
2638,44.0,528.0,70.2
2639,42.0,504.0,69.7
2640,44.0,528.0,70.0
2641,44.0,528.0,70.0
2642,44.0,528.0,70.1
2643,44.0,528.0,70.0
2644,44.0,528.0,70.1
2645,46.0,552.0,70.0
2646,46.0,552.0,69.9
2647,50.0,600.0,69.9
2648,52.0,624.0,70.2
2649,52.0,624.0,70.3
2650,50.0,600.0,70.1
2651,52.0,624.0,70.0
2652,49.0,588.0,70.0
2653,52.0,624.0,70.0
2654,53.0,636.0,70.2
2655,59.0,708.0,70.2
2656,60.0,720.0,70.0
2657,62.0,744.0,70.0
2658,64.0,768.0,69.8
2659,70.0,840.0,70.2
2660,75.0,900.0,70.0
2661,75.0,900.0,69.9
2662,75.0,900.0,70.0
2663,90.0,1080.0,70.1
2664,75.0,900.0,69.8
2665,82.0,984.0,70.0
2666,85.0,1020.0,69.9
2667,91.0,1092.0,70.1
2668,115.0,1380.0,70.1
2669,111.0,1332.0,70.1
2670,105.0,1260.0,70.3
2671,115.0,1380.0,70.6
2672,116.0,1392.0,70.6
2673,127.0,1524.0,70.6
2674,125.0,1500.0,70.7
2675,131.0,1572.0,70.8
2676,134.0,1608.0,70.4
2677,149.0,1788.0,70.5
2678,152.0,1824.0,70.4
2679,163.0,1956.0,70.3
2680,164.0,1968.0,70.2
2681,167.0,2004.0,70.5
2682,158.0,1896.0,70.6
2683,160.0,1920.0,70.5
2684,167.0,2004.0,70.7
2685,175.0,2100.0,70.5
2686,169.0,2028.0,70.7
2687,180.0,2160.0,70.7
2688,175.0,2100.0,70.1
2689,186.0,2232.0,69.8
2690,200.0,2400.0,69.6
2691,221.0,2652.0,70.1
2692,205.0,2460.0,70.0
2693,196.0,2352.0,70.0
2694,214.0,2568.0,69.8
2695,214.0,2568.0,69.9
2696,234.0,2808.0,69.8
2697,230.0,2760.0,69.8
2698,254.0,3048.0,69.6
2699,234.0,2808.0,69.7
2700,239.0,2868.0,69.2
2701,239.0,2868.0,69.3
2702,250.0,3000.0,69.1
2703,260.0,3120.0,69.3
2704,268.0,3216.0,69.0
2705,273.0,3276.0,69.0
2706,280.0,3360.0,69.0
2707,286.0,3432.0,69.0
2708,294.0,3528.0,68.9
2709,301.0,3612.0,68.8
2710,306.0,3672.0,68.8
2711,303.0,3636.0,69.1
2712,303.0,3636.0,68.5
2713,300.0,3600.0,68.5
2714,320.0,3840.0,68.3
2715,314.0,3768.0,68.3
2716,324.0,3888.0,68.2
2717,327.0,3924.0,68.1
2718,329.0,3948.0,68.0
2719,335.0,4020.0,68.2
2720,346.0,4152.0,68.1
2721,347.0,4164.0,68.1
2722,349.0,4188.0,68.1
2723,347.0,4164.0,68.2
2724,344.0,4128.0,68.1
2725,338.0,4056.0,67.8
2726,346.0,4152.0,67.7
2727,355.0,4260.0,67.8
2728,352.0,4224.0,67.5
2729,358.0,4296.0,67.7
2730,368.0,4416.0,67.5
2731,368.0,4416.0,67.5
2732,370.0,4440.0,67.3
2733,373.0,4476.0,67.3
2734,370.0,4440.0,67.3
2735,378.0,4536.0,67.1
2736,378.0,4536.0,67.1
2737,373.0,4476.0,67.3
2738,381.0,4572.0,67.2
2739,381.0,4572.0,67.3
2740,385.0,4620.0,66.9
2741,387.0,4644.0,66.7
2742,393.0,4716.0,67.0
2743,396.0,4752.0,66.6
2744,400.0,4800.0,66.6
2745,399.0,4788.0,66.6
2746,396.0,4752.0,66.5
2747,395.0,4740.0,66.8
2748,393.0,4716.0,66.8
2749,389.0,4668.0,66.8
2750,393.0,4716.0,66.7
2751,395.0,4740.0,66.7
2752,399.0,4788.0,66.4
2753,402.0,4824.0,66.3
2754,396.0,4752.0,66.1
2755,396.0,4752.0,66.3
2756,396.0,4752.0,66.3
2757,396.0,4752.0,65.9
2758,395.0,4740.0,66.4
2759,391.0,4692.0,66.1
2760,384.0,4608.0,66.3
2761,385.0,4620.0,66.4
2762,384.0,4608.0,66.5
2763,389.0,4668.0,66.6
2764,389.0,4668.0,66.7
2765,385.0,4620.0,66.7
2766,385.0,4620.0,66.5
2767,379.0,4548.0,66.6
2768,385.0,4620.0,66.7
2769,384.0,4608.0,66.8
2770,381.0,4572.0,66.7
2771,375.0,4500.0,66.9
2772,381.0,4572.0,67.0
2773,375.0,4500.0,66.9
2774,384.0,4608.0,66.7
2775,381.0,4572.0,67.0
2776,381.0,4572.0,66.6
2777,376.0,4512.0,66.7
2778,388.0,4656.0,66.7
2779,388.0,4656.0,66.7
2780,388.0,4656.0,66.7
2781,385.0,4620.0,67.2
2782,391.0,4692.0,67.0
2783,384.0,4608.0,66.8
2784,378.0,4536.0,67.0
2785,379.0,4548.0,66.9
2786,385.0,4620.0,67.2
2787,382.0,4584.0,67.3
2788,395.0,4740.0,66.8
2789,382.0,4584.0,66.8
2790,381.0,4572.0,66.9
2791,379.0,4548.0,67.2
2792,381.0,4572.0,67.1
2793,376.0,4512.0,67.1
2794,375.0,4500.0,67.2
2795,365.0,4380.0,67.5
2796,362.0,4344.0,67.4
2797,370.0,4440.0,67.5
2798,366.0,4392.0,67.6
2799,370.0,4440.0,67.5
2800,366.0,4392.0,68.1
2801,363.0,4356.0,68.0
2802,358.0,4296.0,68.3
2803,358.0,4296.0,68.2
2804,355.0,4260.0,68.0
2805,353.0,4236.0,67.9
2806,355.0,4260.0,68.1
2807,350.0,4200.0,68.3
2808,350.0,4200.0,68.1
2809,353.0,4236.0,68.2
2810,353.0,4236.0,68.2
2811,355.0,4260.0,68.0
2812,368.0,4416.0,67.7
2813,343.0,4116.0,68.1
2814,376.0,4512.0,68.0
2815,346.0,4152.0,67.9
2816,339.0,4068.0,67.9
2817,337.0,4044.0,67.8
2818,332.0,3984.0,67.8
2819,329.0,3948.0,67.9
2820,329.0,3948.0,67.7
2821,326.0,3912.0,67.7
2822,332.0,3984.0,67.5
2823,333.0,3996.0,67.3
2824,335.0,4020.0,67.3
2825,328.0,3936.0,67.1
2826,327.0,3924.0,66.8
2827,318.0,3816.0,66.6
2828,324.0,3888.0,66.3
2829,332.0,3984.0,66.1
2830,320.0,3840.0,65.9
2831,321.0,3852.0,65.8
2832,318.0,3816.0,65.4
2833,317.0,3804.0,65.7
2834,326.0,3912.0,65.9
2835,318.0,3816.0,65.6
2836,324.0,3888.0,66.0
2837,320.0,3840.0,65.5
2838,309.0,3708.0,65.5
2839,309.0,3708.0,65.7
2840,309.0,3708.0,65.5
2841,299.0,3588.0,66.1
2842,292.0,3504.0,66.0
2843,288.0,3456.0,66.2
2844,285.0,3420.0,68.1
2845,285.0,3420.0,68.9
2846,280.0,3360.0,69.5
2847,279.0,3348.0,69.8
2848,291.0,3492.0,70.1
2849,276.0,3312.0,70.0
2850,262.0,3144.0,70.3
2851,261.0,3132.0,70.3
2852,255.0,3060.0,70.3
2853,257.0,3084.0,70.4
2854,245.0,2940.0,70.5
2855,247.0,2964.0,70.7
2856,235.0,2820.0,70.4
2857,230.0,2760.0,70.3
2858,228.0,2736.0,70.4
2859,219.0,2628.0,70.3
2860,214.0,2568.0,70.2
2861,204.0,2448.0,70.4
2862,205.0,2460.0,70.2
2863,188.0,2256.0,70.2
2864,198.0,2376.0,70.4
2865,178.0,2136.0,70.1
2866,168.0,2016.0,70.4
2867,167.0,2004.0,70.5
2868,151.0,1812.0,70.5
2869,152.0,1824.0,70.2
2870,146.0,1752.0,70.4
2871,142.0,1704.0,70.3
2872,149.0,1788.0,70.1
2873,139.0,1668.0,70.4
2874,129.0,1548.0,70.4
2875,122.0,1464.0,70.3
2876,119.0,1428.0,70.6
2877,119.0,1428.0,70.2
2878,109.0,1308.0,69.7
2879,108.0,1296.0,70.0
2880,95.0,1140.0,71.3
2881,93.0,1116.0,70.6
2882,93.0,1116.0,70.4
2883,85.0,1020.0,70.6
2884,88.0,1056.0,70.2
2885,82.0,984.0,70.2
2886,77.0,924.0,70.4
2887,72.0,864.0,70.4
2888,67.0,804.0,70.1
2889,72.0,864.0,69.9
2890,64.0,768.0,69.7
2891,60.0,720.0,69.7
2892,59.0,708.0,70.2
2893,61.0,732.0,70.1
2894,62.0,744.0,70.3
2895,56.0,672.0,70.1
2896,55.0,660.0,70.1
2897,53.0,636.0,69.8
2898,49.0,588.0,69.6
2899,57.0,684.0,69.6
2900,48.0,576.0,69.6
2901,48.0,576.0,69.7
2902,50.0,600.0,69.4
2903,46.0,552.0,69.5
2904,48.0,576.0,69.6
2905,47.0,564.0,69.5
2906,46.0,552.0,69.5
2907,47.0,564.0,69.7
2908,46.0,552.0,69.5
2909,47.0,564.0,69.6
2910,46.0,552.0,69.5
2911,46.0,552.0,69.3
2912,47.0,564.0,69.5
2913,47.0,564.0,69.5
2914,46.0,552.0,69.4
2915,48.0,576.0,69.1
2916,48.0,576.0,69.5
2917,47.0,564.0,69.2
2918,52.0,624.0,69.3
2919,49.0,588.0,69.4
2920,55.0,660.0,69.3
2921,59.0,708.0,69.3
2922,61.0,732.0,69.4
2923,67.0,804.0,69.6
2924,74.0,888.0,69.8
2925,79.0,948.0,69.3
2926,75.0,900.0,69.5
2927,75.0,900.0,69.3
2928,77.0,924.0,69.4
2929,79.0,948.0,69.7
2930,90.0,1080.0,69.6
2931,98.0,1176.0,69.6
2932,115.0,1380.0,69.8
2933,119.0,1428.0,69.7
2934,134.0,1608.0,70.0
2935,152.0,1824.0,70.2
2936,162.0,1944.0,70.4
2937,180.0,2160.0,70.9
2938,169.0,2028.0,70.5
2939,169.0,2028.0,70.3
2940,184.0,2208.0,70.5
2941,195.0,2340.0,70.2
2942,210.0,2520.0,70.3
2943,239.0,2868.0,70.4
2944,253.0,3036.0,71.2
2945,254.0,3048.0,71.3
2946,294.0,3528.0,71.0
2947,303.0,3636.0,70.9
2948,322.0,3864.0,71.2
2949,335.0,4020.0,71.4
2950,327.0,3924.0,71.3
2951,309.0,3708.0,71.0
2952,305.0,3660.0,67.8
2953,311.0,3732.0,66.7
2954,332.0,3984.0,66.5
2955,352.0,4224.0,66.5
2956,365.0,4380.0,66.5
2957,343.0,4116.0,66.5
2958,332.0,3984.0,66.5
2959,322.0,3864.0,66.5
2960,321.0,3852.0,66.7
2961,370.0,4440.0,66.6
2962,343.0,4116.0,66.5
2963,358.0,4296.0,66.4
2964,329.0,3948.0,66.5
2965,353.0,4236.0,66.4
2966,355.0,4260.0,66.6
2967,343.0,4116.0,66.5
2968,369.0,4428.0,66.5
2969,384.0,4608.0,66.5
2970,332.0,3984.0,66.5
2971,404.0,4848.0,66.3
2972,417.0,5004.0,66.2
2973,393.0,4716.0,66.0
2974,368.0,4416.0,65.8
2975,417.0,5004.0,66.0
2976,388.0,4656.0,65.9
2977,379.0,4548.0,66.1
2978,400.0,4800.0,66.1
2979,399.0,4788.0,66.2
2980,391.0,4692.0,65.9
2981,391.0,4692.0,65.7
2982,391.0,4692.0,65.9
2983,393.0,4716.0,65.7
2984,395.0,4740.0,65.5
2985,396.0,4752.0,65.6
2986,388.0,4656.0,65.3
2987,376.0,4512.0,65.6
2988,363.0,4356.0,65.2
2989,358.0,4296.0,65.3
2990,360.0,4320.0,64.6
2991,370.0,4440.0,64.5
2992,365.0,4380.0,64.6
2993,370.0,4440.0,64.8
2994,362.0,4344.0,64.4
2995,368.0,4416.0,64.7
2996,373.0,4476.0,64.5
2997,370.0,4440.0,64.6
2998,367.0,4404.0,63.9
2999,362.0,4344.0,64.2
3000,358.0,4296.0,64.2
3001,353.0,4236.0,64.3
3002,362.0,4344.0,64.4
3003,362.0,4344.0,63.7
3004,366.0,4392.0,63.7
3005,369.0,4428.0,63.6
3006,366.0,4392.0,63.7
3007,373.0,4476.0,64.1
3008,375.0,4500.0,63.7
3009,373.0,4476.0,63.9
3010,367.0,4404.0,64.2
3011,365.0,4380.0,63.7
3012,361.0,4332.0,63.9
3013,368.0,4416.0,64.0
3014,381.0,4572.0,63.3
3015,373.0,4476.0,63.6
3016,376.0,4512.0,63.8
3017,370.0,4440.0,63.9
3018,376.0,4512.0,64.2
3019,373.0,4476.0,63.5
3020,378.0,4536.0,63.6
3021,376.0,4512.0,63.5
3022,376.0,4512.0,64.0
3023,373.0,4476.0,63.7
3024,373.0,4476.0,64.3
3025,373.0,4476.0,64.1
3026,382.0,4584.0,64.1
3027,381.0,4572.0,64.0
3028,379.0,4548.0,64.4
3029,379.0,4548.0,64.6
3030,381.0,4572.0,64.2
3031,391.0,4692.0,64.0
3032,393.0,4716.0,64.1
3033,391.0,4692.0,64.2
3034,385.0,4620.0,64.0
3035,387.0,4644.0,63.8
3036,376.0,4512.0,63.9
3037,388.0,4656.0,64.1
3038,385.0,4620.0,64.0
3039,396.0,4752.0,64.4
3040,399.0,4788.0,64.2
3041,400.0,4800.0,64.0
3042,395.0,4740.0,64.0
3043,399.0,4788.0,64.3
3044,404.0,4848.0,64.2
3045,404.0,4848.0,64.4
3046,399.0,4788.0,64.7
3047,399.0,4788.0,65.0
3048,399.0,4788.0,64.8
3049,402.0,4824.0,65.1
3050,414.0,4968.0,64.7
3051,419.0,5028.0,64.8
3052,420.0,5040.0,64.7
3053,440.0,5280.0,64.8
3054,424.0,5088.0,64.3
3055,429.0,5148.0,64.3
3056,437.0,5244.0,64.6
3057,457.0,5484.0,64.6
3058,455.0,5460.0,64.4
3059,462.0,5544.0,64.6
3060,490.0,5880.0,63.8
3061,457.0,5484.0,63.6
3062,460.0,5520.0,64.0
3063,458.0,5496.0,64.3
3064,471.0,5652.0,64.1
3065,469.0,5628.0,64.3
3066,460.0,5520.0,64.1
3067,444.0,5328.0,64.2
3068,451.0,5412.0,63.8
3069,462.0,5544.0,63.8
3070,452.0,5424.0,63.5
3071,457.0,5484.0,63.9
3072,460.0,5520.0,63.4
3073,458.0,5496.0,63.7
3074,452.0,5424.0,64.0
3075,452.0,5424.0,64.4
3076,440.0,5280.0,64.7
3077,437.0,5244.0,62.4
3078,427.0,5124.0,63.7
3079,429.0,5148.0,63.7
3080,445.0,5340.0,63.8
3081,455.0,5460.0,64.0
3082,448.0,5376.0,63.9
3083,437.0,5244.0,64.7
3084,442.0,5304.0,64.0
3085,454.0,5448.0,65.2
3086,474.0,5688.0,65.3
3087,468.0,5616.0,64.6
3088,463.0,5556.0,64.5
3089,448.0,5376.0,64.6
3090,460.0,5520.0,64.9
3091,479.0,5748.0,65.0
3092,473.0,5676.0,65.7
3093,458.0,5496.0,66.2
3094,449.0,5388.0,66.9
3095,452.0,5424.0,67.2
3096,437.0,5244.0,67.4
3097,416.0,4992.0,67.5
3098,422.0,5064.0,67.4
3099,414.0,4968.0,68.0
3100,414.0,4968.0,68.3
3101,419.0,5028.0,68.4
3102,411.0,4932.0,68.6
3103,358.0,4296.0,68.8
3104,352.0,4224.0,68.9
3105,335.0,4020.0,68.9
3106,361.0,4332.0,69.5
3107,341.0,4092.0,69.7
3108,318.0,3816.0,69.7
3109,332.0,3984.0,70.0
3110,335.0,4020.0,70.0
3111,341.0,4092.0,69.8
3112,317.0,3804.0,69.9
3113,309.0,3708.0,69.9
3114,309.0,3708.0,69.5
3115,299.0,3588.0,69.3
3116,288.0,3456.0,68.9
3117,303.0,3636.0,68.7
3118,277.0,3324.0,68.5
3119,285.0,3420.0,68.6
3120,268.0,3216.0,68.7
3121,262.0,3144.0,68.6
3122,276.0,3312.0,68.6
3123,262.0,3144.0,68.8
3124,280.0,3360.0,68.6
3125,272.0,3264.0,68.4
3126,255.0,3060.0,68.8
3127,257.0,3084.0,68.4
3128,262.0,3144.0,68.7
3129,242.0,2904.0,68.7
3130,261.0,3132.0,68.6
3131,242.0,2904.0,68.9
3132,239.0,2868.0,69.6
3133,224.0,2688.0,69.8
3134,233.0,2796.0,70.1
3135,234.0,2808.0,70.6
3136,244.0,2928.0,70.7
3137,239.0,2868.0,70.6
3138,244.0,2928.0,70.3
3139,227.0,2724.0,70.4
3140,227.0,2724.0,70.6
3141,212.0,2544.0,70.8
3142,219.0,2628.0,70.6
3143,208.0,2496.0,70.6
3144,204.0,2448.0,70.8
3145,209.0,2508.0,70.5
3146,204.0,2448.0,70.4
3147,212.0,2544.0,70.6
3148,200.0,2400.0,70.0
3149,190.0,2280.0,70.3
3150,165.0,1980.0,70.3
3151,175.0,2100.0,70.2
3152,167.0,2004.0,70.6
3153,163.0,1956.0,70.5
3154,149.0,1788.0,70.1
3155,149.0,1788.0,69.8
3156,145.0,1740.0,70.1
3157,144.0,1728.0,70.2
3158,154.0,1848.0,70.2
3159,141.0,1692.0,70.2
3160,155.0,1860.0,70.0
3161,146.0,1752.0,70.1
3162,123.0,1476.0,70.2
3163,122.0,1464.0,70.1
3164,128.0,1536.0,69.4
3165,115.0,1380.0,69.8
3166,122.0,1464.0,69.6
3167,104.0,1248.0,69.4
3168,100.0,1200.0,70.7
3169,100.0,1200.0,70.8
3170,100.0,1200.0,70.4
3171,98.0,1176.0,70.2
3172,91.0,1092.0,70.0
3173,91.0,1092.0,70.0
3174,85.0,1020.0,69.8
3175,78.0,936.0,69.6
3176,77.0,924.0,69.8
3177,77.0,924.0,69.8
3178,81.0,972.0,68.8
3179,72.0,864.0,68.7
3180,67.0,804.0,69.1
3181,70.0,840.0,69.7
3182,64.0,768.0,69.8
3183,67.0,804.0,69.9
3184,64.0,768.0,69.2
3185,59.0,708.0,69.2
3186,61.0,732.0,69.5
3187,64.0,768.0,68.9
3188,61.0,732.0,68.8
3189,55.0,660.0,68.8
3190,57.0,684.0,68.7
3191,61.0,732.0,69.1
3192,52.0,624.0,69.2
3193,50.0,600.0,68.9
3194,59.0,708.0,69.1
3195,62.0,744.0,68.8
3196,67.0,804.0,68.9
3197,64.0,768.0,69.2
3198,57.0,684.0,68.7
3199,55.0,660.0,68.7
3200,52.0,624.0,68.7
3201,53.0,636.0,69.0
3202,53.0,636.0,68.9
3203,53.0,636.0,68.8
3204,59.0,708.0,68.6
3205,53.0,636.0,68.3
3206,62.0,744.0,68.6
3207,64.0,768.0,68.7
3208,60.0,720.0,68.8
3209,62.0,744.0,68.7
3210,67.0,804.0,68.9
3211,72.0,864.0,69.3
3212,77.0,924.0,69.6
3213,85.0,1020.0,69.6
3214,82.0,984.0,69.6
3215,77.0,924.0,69.5
3216,82.0,984.0,68.8
3217,78.0,936.0,68.8
3218,91.0,1092.0,69.1
3219,100.0,1200.0,69.3
3220,111.0,1332.0,69.2
3221,123.0,1476.0,69.9
3222,137.0,1644.0,69.5
3223,155.0,1860.0,69.8
3224,172.0,2064.0,70.4
3225,182.0,2184.0,70.1
3226,175.0,2100.0,70.7
3227,175.0,2100.0,70.2
3228,186.0,2232.0,70.1
3229,201.0,2412.0,70.2
3230,225.0,2700.0,70.3
3231,247.0,2964.0,70.2
3232,268.0,3216.0,71.1
3233,279.0,3348.0,70.6
3234,302.0,3624.0,70.3
3235,321.0,3852.0,70.1
3236,339.0,4068.0,70.6
3237,355.0,4260.0,71.1
3238,349.0,4188.0,71.1
3239,320.0,3840.0,70.7
3240,314.0,3768.0,68.1
3241,322.0,3864.0,66.9
3242,337.0,4044.0,66.5
3243,355.0,4260.0,66.3
3244,288.0,3456.0,66.1
3245,288.0,3456.0,66.0
3246,298.0,3576.0,66.1
3247,270.0,3240.0,66.1
3248,294.0,3528.0,66.2
3249,308.0,3696.0,66.2
3250,332.0,3984.0,66.3
3251,355.0,4260.0,66.5
3252,352.0,4224.0,66.4
3253,339.0,4068.0,66.4
3254,358.0,4296.0,66.3
3255,329.0,3948.0,66.6
3256,318.0,3816.0,66.4
3257,301.0,3612.0,66.5
3258,291.0,3492.0,66.5
3259,352.0,4224.0,66.2
3260,395.0,4740.0,65.9
3261,379.0,4548.0,65.7
3262,373.0,4476.0,65.4
3263,358.0,4296.0,65.6
3264,329.0,3948.0,65.8
3265,393.0,4716.0,65.8
3266,393.0,4716.0,65.5
3267,349.0,4188.0,66.1
3268,366.0,4392.0,65.7
3269,393.0,4716.0,65.9
3270,393.0,4716.0,66.0
3271,396.0,4752.0,66.2
3272,395.0,4740.0,65.7
3273,399.0,4788.0,65.8
3274,391.0,4692.0,66.0
3275,379.0,4548.0,65.7
3276,373.0,4476.0,65.2
3277,362.0,4344.0,64.9
3278,368.0,4416.0,64.8
3279,368.0,4416.0,64.6
3280,366.0,4392.0,64.5
3281,368.0,4416.0,64.5
3282,362.0,4344.0,64.6
3283,365.0,4380.0,64.7
3284,367.0,4404.0,64.7
3285,369.0,4428.0,64.5
3286,359.0,4308.0,64.3
3287,353.0,4236.0,64.1
3288,343.0,4116.0,64.3
3289,346.0,4152.0,64.4
3290,350.0,4200.0,64.4
3291,355.0,4260.0,64.9
3292,347.0,4164.0,64.5
3293,350.0,4200.0,64.3
3294,352.0,4224.0,64.0
3295,358.0,4296.0,64.1
3296,361.0,4332.0,64.0
3297,358.0,4296.0,64.2
3298,358.0,4296.0,64.0
3299,350.0,4200.0,63.9
3300,343.0,4116.0,63.9
3301,355.0,4260.0,63.9
3302,358.0,4296.0,63.8
3303,363.0,4356.0,63.9
3304,361.0,4332.0,64.1
3305,361.0,4332.0,64.3
3306,355.0,4260.0,64.0
3307,368.0,4416.0,64.5
3308,373.0,4476.0,64.4
3309,369.0,4428.0,64.2
3310,361.0,4332.0,64.5
3311,359.0,4308.0,64.4
3312,358.0,4296.0,64.2
3313,359.0,4308.0,64.2
3314,368.0,4416.0,64.3
3315,370.0,4440.0,64.4
3316,367.0,4404.0,64.5
3317,368.0,4416.0,64.4
3318,373.0,4476.0,64.2
3319,375.0,4500.0,64.3
3320,370.0,4440.0,64.9
3321,368.0,4416.0,64.4
3322,366.0,4392.0,64.6
3323,368.0,4416.0,64.8
3324,360.0,4320.0,64.3
3325,358.0,4296.0,64.2
3326,369.0,4428.0,65.3
3327,376.0,4512.0,65.2
3328,373.0,4476.0,65.2
3329,378.0,4536.0,64.8
3330,375.0,4500.0,64.5
3331,381.0,4572.0,64.8
3332,385.0,4620.0,64.3
3333,391.0,4692.0,64.3
3334,391.0,4692.0,64.1
3335,391.0,4692.0,64.2
3336,391.0,4692.0,64.2
3337,393.0,4716.0,64.2
3338,402.0,4824.0,64.4
3339,411.0,4932.0,64.4
3340,413.0,4956.0,64.5
3341,419.0,5028.0,64.3
3342,419.0,5028.0,64.4
3343,426.0,5112.0,64.3
3344,434.0,5208.0,64.4
3345,454.0,5448.0,64.9
3346,478.0,5736.0,64.7
3347,486.0,5832.0,64.3
3348,489.0,5868.0,64.2
3349,487.0,5844.0,64.0
3350,469.0,5628.0,63.7
3351,487.0,5844.0,64.0
3352,499.0,5988.0,63.8
3353,481.0,5772.0,63.4
3354,489.0,5868.0,63.8
3355,478.0,5736.0,63.2
3356,463.0,5556.0,63.2
3357,449.0,5388.0,62.2
3358,474.0,5688.0,62.9
3359,460.0,5520.0,63.2
3360,452.0,5424.0,63.7
3361,471.0,5652.0,64.1
3362,467.0,5604.0,64.4
3363,444.0,5328.0,64.6
3364,445.0,5340.0,64.6
3365,463.0,5556.0,64.7
3366,445.0,5340.0,65.1
3367,430.0,5160.0,65.2
3368,457.0,5484.0,64.6
3369,442.0,5304.0,62.7
3370,467.0,5604.0,63.3
3371,449.0,5388.0,63.2
3372,444.0,5328.0,63.3
3373,456.0,5472.0,64.4
3374,479.0,5748.0,64.4
3375,460.0,5520.0,64.2
3376,478.0,5736.0,63.7
3377,483.0,5796.0,63.1
3378,468.0,5616.0,62.2
3379,466.0,5592.0,61.9
3380,456.0,5472.0,63.7
3381,456.0,5472.0,66.1
3382,449.0,5388.0,66.8
3383,478.0,5736.0,67.2
3384,448.0,5376.0,67.2
3385,411.0,4932.0,67.5
3386,395.0,4740.0,67.7
3387,407.0,4884.0,68.2
3388,395.0,4740.0,68.5
3389,400.0,4800.0,68.7
3390,366.0,4392.0,68.7
3391,349.0,4188.0,68.8
3392,379.0,4548.0,68.9
3393,363.0,4356.0,69.1
3394,355.0,4260.0,69.2
3395,333.0,3996.0,69.8
3396,321.0,3852.0,68.9
3397,327.0,3924.0,69.1
3398,332.0,3984.0,69.6
3399,339.0,4068.0,69.5
3400,333.0,3996.0,69.7
3401,326.0,3912.0,69.9
3402,324.0,3888.0,69.8
3403,305.0,3660.0,69.3
3404,309.0,3708.0,69.2
3405,305.0,3660.0,68.8
3406,308.0,3696.0,68.5
3407,301.0,3612.0,68.3
3408,291.0,3492.0,68.3
3409,300.0,3600.0,68.5
3410,288.0,3456.0,68.6
3411,273.0,3276.0,68.4
3412,286.0,3432.0,68.7
3413,291.0,3492.0,68.6
3414,283.0,3396.0,68.5
3415,268.0,3216.0,68.5
3416,268.0,3216.0,68.6
3417,251.0,3012.0,68.7
3418,265.0,3180.0,68.8
3419,242.0,2904.0,68.8
3420,253.0,3036.0,69.6
3421,251.0,3012.0,69.8
3422,235.0,2820.0,70.0
3423,254.0,3048.0,70.3
3424,247.0,2964.0,70.2
3425,259.0,3108.0,70.4
3426,232.0,2784.0,70.5
3427,225.0,2700.0,70.2
3428,227.0,2724.0,70.1
3429,244.0,2928.0,69.9
3430,218.0,2616.0,70.1
3431,225.0,2700.0,69.8
3432,213.0,2556.0,69.7
3433,221.0,2652.0,70.0
3434,205.0,2460.0,70.0
3435,224.0,2688.0,70.0
3436,209.0,2508.0,70.5
3437,194.0,2328.0,70.5
3438,175.0,2100.0,70.5
3439,182.0,2184.0,70.2
3440,175.0,2100.0,70.1
3441,172.0,2064.0,70.1
3442,172.0,2064.0,69.9
3443,147.0,1764.0,69.7
3444,144.0,1728.0,69.9
3445,149.0,1788.0,70.1
3446,158.0,1896.0,70.0
3447,151.0,1812.0,70.4
3448,151.0,1812.0,70.3
3449,131.0,1572.0,70.4
3450,131.0,1572.0,70.4
3451,123.0,1476.0,70.1
3452,120.0,1440.0,70.0
3453,123.0,1476.0,69.9
3454,116.0,1392.0,69.6
3455,108.0,1296.0,69.9
3456,100.0,1200.0,70.6
3457,100.0,1200.0,70.3
3458,109.0,1308.0,70.4
3459,109.0,1308.0,70.4
3460,100.0,1200.0,69.8
3461,90.0,1080.0,70.2
3462,82.0,984.0,69.9
3463,75.0,900.0,69.7
3464,78.0,936.0,69.5
3465,79.0,948.0,69.1
3466,72.0,864.0,69.2
3467,72.0,864.0,69.2
3468,67.0,804.0,69.5
3469,67.0,804.0,69.1
3470,72.0,864.0,69.3
3471,75.0,900.0,69.5
3472,74.0,888.0,69.4
3473,62.0,744.0,69.2
3474,64.0,768.0,69.1
3475,55.0,660.0,69.2
3476,67.0,804.0,69.0
3477,67.0,804.0,69.1
3478,67.0,804.0,68.8
3479,60.0,720.0,69.0
3480,59.0,708.0,69.3
3481,64.0,768.0,69.4
3482,64.0,768.0,69.3
3483,64.0,768.0,69.1
3484,62.0,744.0,69.3
3485,55.0,660.0,68.9
3486,50.0,600.0,68.9
3487,55.0,660.0,68.7
3488,52.0,624.0,68.8
3489,59.0,708.0,68.8
3490,57.0,684.0,68.6
3491,50.0,600.0,68.6
3492,50.0,600.0,68.5
3493,52.0,624.0,68.5
3494,57.0,684.0,68.4
3495,62.0,744.0,68.6
3496,61.0,732.0,68.6
3497,62.0,744.0,69.0
3498,64.0,768.0,68.8
3499,70.0,840.0,68.8
3500,78.0,936.0,69.0
3501,81.0,972.0,69.5
3502,78.0,936.0,69.3
3503,79.0,948.0,69.3
3504,79.0,948.0,69.1
3505,85.0,1020.0,69.2
3506,98.0,1176.0,69.1
3507,101.0,1212.0,69.3
3508,111.0,1332.0,69.6
3509,127.0,1524.0,69.5
3510,142.0,1704.0,69.7
3511,149.0,1788.0,70.0
3512,175.0,2100.0,70.3
3513,186.0,2232.0,70.1
3514,178.0,2136.0,70.2
3515,171.0,2052.0,70.3
3516,175.0,2100.0,70.1
3517,190.0,2280.0,70.0
3518,227.0,2724.0,70.0
3519,250.0,3000.0,70.5
3520,261.0,3132.0,70.4
3521,277.0,3324.0,70.3
3522,299.0,3588.0,69.4
3523,318.0,3816.0,69.9
3524,343.0,4116.0,70.4
3525,352.0,4224.0,70.2
3526,344.0,4128.0,70.2
3527,320.0,3840.0,70.4
3528,320.0,3840.0,67.9
3529,322.0,3864.0,66.9
3530,328.0,3936.0,66.3
3531,306.0,3672.0,66.1
3532,343.0,4116.0,66.0
3533,321.0,3852.0,66.1
3534,318.0,3816.0,66.1
3535,328.0,3936.0,66.1
3536,382.0,4584.0,66.2
3537,338.0,4056.0,66.3
3538,338.0,4056.0,66.3
3539,373.0,4476.0,66.5
3540,399.0,4788.0,66.5
3541,376.0,4512.0,66.5
3542,341.0,4092.0,66.3
3543,361.0,4332.0,66.3
3544,381.0,4572.0,66.3
3545,309.0,3708.0,66.5
3546,350.0,4200.0,66.3
3547,384.0,4608.0,66.4
3548,411.0,4932.0,66.1
3549,436.0,5232.0,66.0
3550,433.0,5196.0,66.1
3551,406.0,4872.0,66.0
3552,396.0,4752.0,66.1
3553,396.0,4752.0,65.8
3554,402.0,4824.0,66.0
3555,404.0,4848.0,65.8
3556,400.0,4800.0,65.7
3557,395.0,4740.0,66.0
3558,389.0,4668.0,65.6
3559,402.0,4824.0,65.8
3560,399.0,4788.0,65.7
3561,396.0,4752.0,65.6
3562,396.0,4752.0,65.6
3563,381.0,4572.0,65.7
3564,367.0,4404.0,65.7
3565,361.0,4332.0,65.3
3566,363.0,4356.0,65.2
3567,367.0,4404.0,65.1
3568,366.0,4392.0,65.1
3569,368.0,4416.0,64.8
3570,367.0,4404.0,64.8
3571,367.0,4404.0,64.8
3572,373.0,4476.0,64.7
3573,365.0,4380.0,64.2
3574,361.0,4332.0,64.2
3575,352.0,4224.0,64.2
3576,346.0,4152.0,64.1
3577,340.0,4080.0,64.3
3578,350.0,4200.0,64.3
3579,350.0,4200.0,63.9
3580,349.0,4188.0,64.0
3581,352.0,4224.0,64.1
3582,355.0,4260.0,64.2
3583,358.0,4296.0,63.7
3584,361.0,4332.0,64.1
3585,362.0,4344.0,64.0
3586,359.0,4308.0,64.0
3587,353.0,4236.0,63.4
3588,347.0,4164.0,64.1
3589,353.0,4236.0,64.2
3590,365.0,4380.0,64.0
3591,361.0,4332.0,63.9
3592,355.0,4260.0,64.4
3593,353.0,4236.0,64.5
3594,353.0,4236.0,63.8
3595,358.0,4296.0,64.4
3596,358.0,4296.0,64.4
3597,363.0,4356.0,63.8
3598,363.0,4356.0,64.0
3599,360.0,4320.0,64.3
3600,368.0,4416.0,64.2
3601,370.0,4440.0,64.2
3602,373.0,4476.0,64.0
3603,379.0,4548.0,64.2
3604,375.0,4500.0,64.2
3605,376.0,4512.0,64.9
3606,375.0,4500.0,64.5
3607,375.0,4500.0,64.4
3608,384.0,4608.0,64.1
3609,379.0,4548.0,64.3
3610,376.0,4512.0,64.1
3611,381.0,4572.0,64.2
3612,376.0,4512.0,64.3
3613,379.0,4548.0,64.1
3614,381.0,4572.0,64.1
3615,391.0,4692.0,64.4
3616,391.0,4692.0,64.8
3617,399.0,4788.0,64.5
3618,391.0,4692.0,64.4
3619,396.0,4752.0,64.6
3620,402.0,4824.0,64.2
3621,411.0,4932.0,64.3
3622,407.0,4884.0,64.5
3623,406.0,4872.0,64.5
3624,402.0,4824.0,64.5
3625,404.0,4848.0,64.2
3626,414.0,4968.0,64.6
3627,419.0,5028.0,64.6
3628,424.0,5088.0,64.5
3629,428.0,5136.0,64.5
3630,434.0,5208.0,64.4
3631,430.0,5160.0,64.6
3632,442.0,5304.0,64.6
3633,466.0,5592.0,64.6
3634,452.0,5424.0,64.6
3635,448.0,5376.0,64.5
3636,467.0,5604.0,63.7
3637,448.0,5376.0,64.1
3638,449.0,5388.0,64.0
3639,462.0,5544.0,63.8
3640,460.0,5520.0,64.0
3641,466.0,5592.0,63.8
3642,481.0,5772.0,63.7
3643,455.0,5460.0,64.1
3644,448.0,5376.0,64.4
3645,454.0,5448.0,62.6
3646,455.0,5460.0,61.1
3647,462.0,5544.0,61.1
3648,467.0,5604.0,61.3
3649,460.0,5520.0,62.2
3650,484.0,5808.0,62.6
3651,463.0,5556.0,62.8
3652,448.0,5376.0,62.6
3653,460.0,5520.0,61.3
3654,468.0,5616.0,61.9
3655,478.0,5736.0,62.5
3656,462.0,5544.0,63.8
3657,451.0,5412.0,62.4
3658,449.0,5388.0,62.9
3659,443.0,5316.0,63.1
3660,434.0,5208.0,63.6
3661,449.0,5388.0,62.8
3662,463.0,5556.0,62.5
3663,462.0,5544.0,62.7
3664,462.0,5544.0,62.7
3665,454.0,5448.0,63.0
3666,448.0,5376.0,63.7
3667,466.0,5592.0,64.4
3668,463.0,5556.0,64.6
3669,433.0,5196.0,64.9
3670,426.0,5112.0,65.0
3671,452.0,5424.0,66.4
3672,437.0,5244.0,66.9
3673,422.0,5064.0,67.4
3674,436.0,5232.0,67.5
3675,424.0,5088.0,67.7
3676,408.0,4896.0,67.8
3677,424.0,5088.0,68.1
3678,419.0,5028.0,68.1
3679,393.0,4716.0,68.3
3680,368.0,4416.0,68.2
3681,373.0,4476.0,68.2
3682,360.0,4320.0,68.6
3683,340.0,4080.0,68.5
3684,324.0,3888.0,68.6
3685,343.0,4116.0,68.8
3686,343.0,4116.0,68.8
3687,353.0,4236.0,69.0
3688,339.0,4068.0,68.8
3689,343.0,4116.0,68.9
3690,335.0,4020.0,68.8
3691,308.0,3696.0,68.7
3692,306.0,3672.0,68.5
3693,301.0,3612.0,68.5
3694,305.0,3660.0,68.4
3695,312.0,3744.0,68.3
3696,286.0,3432.0,68.5
3697,296.0,3552.0,68.4
3698,299.0,3588.0,68.7
3699,316.0,3792.0,68.7
3700,279.0,3348.0,68.6
3701,280.0,3360.0,68.6
3702,291.0,3492.0,68.5
3703,292.0,3504.0,68.4
3704,265.0,3180.0,68.9
3705,270.0,3240.0,68.8
3706,272.0,3264.0,68.7
3707,274.0,3288.0,68.9
3708,276.0,3312.0,69.4
3709,257.0,3084.0,70.0
3710,257.0,3084.0,70.2
3711,259.0,3108.0,69.8
3712,254.0,3048.0,70.2
3713,265.0,3180.0,70.1
3714,249.0,2988.0,70.0
3715,247.0,2964.0,70.1
3716,242.0,2904.0,69.9
3717,242.0,2904.0,70.1
3718,249.0,2988.0,70.1
3719,227.0,2724.0,70.1
3720,225.0,2700.0,70.2
3721,206.0,2472.0,70.0
3722,218.0,2616.0,70.1
3723,218.0,2616.0,70.4
3724,203.0,2436.0,70.2
3725,203.0,2436.0,69.9
3726,184.0,2208.0,69.9
3727,194.0,2328.0,69.9
3728,186.0,2232.0,69.9
3729,180.0,2160.0,70.0
3730,168.0,2016.0,69.9
3731,163.0,1956.0,69.7
3732,158.0,1896.0,69.9
3733,142.0,1704.0,70.8
3734,160.0,1920.0,70.0
3735,165.0,1980.0,70.0
3736,146.0,1752.0,69.7
3737,146.0,1752.0,69.3
3738,134.0,1608.0,69.5
3739,134.0,1608.0,69.3
3740,136.0,1632.0,69.0
3741,129.0,1548.0,69.4
3742,117.0,1404.0,69.1
3743,119.0,1428.0,69.0
3744,108.0,1296.0,70.9
3745,109.0,1308.0,70.4
3746,111.0,1332.0,70.3
3747,113.0,1356.0,70.3
3748,98.0,1176.0,69.4
3749,85.0,1020.0,69.6
3750,95.0,1140.0,69.3
3751,81.0,972.0,69.0
3752,82.0,984.0,69.4
3753,79.0,948.0,69.0
3754,74.0,888.0,69.2
3755,75.0,900.0,69.0
3756,67.0,804.0,69.3
3757,67.0,804.0,69.1
3758,75.0,900.0,69.4
3759,64.0,768.0,69.5
3760,72.0,864.0,69.2
3761,67.0,804.0,69.6
3762,62.0,744.0,69.2
3763,62.0,744.0,69.0
3764,72.0,864.0,68.9
3765,72.0,864.0,68.9
3766,70.0,840.0,69.3
3767,60.0,720.0,68.9
3768,59.0,708.0,69.0
3769,55.0,660.0,69.5
3770,64.0,768.0,69.5
3771,70.0,840.0,69.9
3772,56.0,672.0,69.4
3773,60.0,720.0,69.0
3774,55.0,660.0,69.0
3775,53.0,636.0,68.9
3776,60.0,720.0,69.0
3777,57.0,684.0,68.9
3778,60.0,720.0,68.6
3779,55.0,660.0,68.4
3780,52.0,624.0,68.5
3781,55.0,660.0,68.6
3782,59.0,708.0,69.0
3783,60.0,720.0,68.9
3784,62.0,744.0,69.2
3785,64.0,768.0,68.9
3786,67.0,804.0,69.0
3787,74.0,888.0,69.1
3788,77.0,924.0,69.3
3789,85.0,1020.0,69.3
3790,84.0,1008.0,69.4
3791,81.0,972.0,69.6
3792,85.0,1020.0,69.2
3793,88.0,1056.0,69.0
3794,98.0,1176.0,69.1
3795,101.0,1212.0,69.0
3796,119.0,1428.0,69.4
3797,126.0,1512.0,69.5
3798,138.0,1656.0,69.5
3799,163.0,1956.0,69.5
3800,172.0,2064.0,70.1
3801,178.0,2136.0,70.2
3802,184.0,2208.0,70.3
3803,190.0,2280.0,70.2
3804,183.0,2196.0,70.2
3805,201.0,2412.0,70.1
3806,227.0,2724.0,69.9
3807,259.0,3108.0,70.0
3808,267.0,3204.0,70.0
3809,277.0,3324.0,69.9
3810,301.0,3612.0,70.0
3811,324.0,3888.0,70.4
3812,335.0,4020.0,70.3
3813,346.0,4152.0,70.5
3814,343.0,4116.0,71.2
3815,332.0,3984.0,70.7
3816,327.0,3924.0,68.6
3817,329.0,3948.0,67.2
3818,352.0,4224.0,66.7
3819,367.0,4404.0,66.5
3820,389.0,4668.0,66.5
3821,381.0,4572.0,66.3
3822,382.0,4584.0,66.3
3823,400.0,4800.0,66.3
3824,375.0,4500.0,66.4
3825,312.0,3744.0,66.3
3826,379.0,4548.0,66.5
3827,339.0,4068.0,66.6
3828,387.0,4644.0,66.5
3829,355.0,4260.0,66.7
3830,427.0,5124.0,66.5
3831,385.0,4620.0,66.7
3832,424.0,5088.0,66.6
3833,385.0,4620.0,66.6
3834,420.0,5040.0,66.5
3835,393.0,4716.0,66.3
3836,422.0,5064.0,66.3
3837,429.0,5148.0,66.0
3838,434.0,5208.0,66.1
3839,425.0,5100.0,66.2
3840,402.0,4824.0,66.1
3841,396.0,4752.0,65.9
3842,399.0,4788.0,65.8
3843,406.0,4872.0,65.8
3844,402.0,4824.0,65.8
3845,396.0,4752.0,65.7
3846,391.0,4692.0,65.7
3847,391.0,4692.0,65.7
3848,393.0,4716.0,65.7
3849,399.0,4788.0,65.2
3850,402.0,4824.0,65.2
3851,382.0,4584.0,65.4
3852,369.0,4428.0,65.1
3853,367.0,4404.0,65.1
3854,370.0,4440.0,64.8
3855,373.0,4476.0,64.7
3856,373.0,4476.0,64.4
3857,370.0,4440.0,64.4
3858,366.0,4392.0,64.5
3859,366.0,4392.0,64.7
3860,368.0,4416.0,64.7
3861,373.0,4476.0,64.4
3862,370.0,4440.0,64.5
3863,366.0,4392.0,64.3
3864,358.0,4296.0,64.3
3865,355.0,4260.0,63.9
3866,359.0,4308.0,64.0
3867,365.0,4380.0,63.9
3868,363.0,4356.0,63.9
3869,365.0,4380.0,63.9
3870,365.0,4380.0,63.9
3871,365.0,4380.0,63.9
3872,369.0,4428.0,64.0
3873,369.0,4428.0,63.9
3874,368.0,4416.0,64.0
3875,363.0,4356.0,64.2
3876,359.0,4308.0,64.3
3877,362.0,4344.0,63.9
3878,366.0,4392.0,63.8
3879,373.0,4476.0,63.8
3880,369.0,4428.0,64.0
3881,376.0,4512.0,63.9
3882,376.0,4512.0,63.9
3883,375.0,4500.0,63.9
3884,379.0,4548.0,64.1
3885,378.0,4536.0,64.3
3886,382.0,4584.0,64.0
3887,378.0,4536.0,64.0
3888,370.0,4440.0,64.5
3889,379.0,4548.0,64.5
3890,376.0,4512.0,64.0
3891,381.0,4572.0,64.2
3892,385.0,4620.0,64.2
3893,382.0,4584.0,65.0
3894,381.0,4572.0,65.0
3895,391.0,4692.0,64.9
3896,387.0,4644.0,64.9
3897,391.0,4692.0,64.2
3898,389.0,4668.0,64.4
3899,379.0,4548.0,64.6
3900,384.0,4608.0,64.1
3901,385.0,4620.0,64.9
3902,387.0,4644.0,65.1
3903,393.0,4716.0,64.5
3904,400.0,4800.0,64.2
3905,391.0,4692.0,63.8
3906,391.0,4692.0,63.9
3907,399.0,4788.0,64.2
3908,407.0,4884.0,64.2
3909,416.0,4992.0,64.3
3910,407.0,4884.0,64.1
3911,411.0,4932.0,63.9
3912,408.0,4896.0,63.5
3913,410.0,4920.0,63.7
3914,422.0,5064.0,63.6
3915,427.0,5124.0,63.8
3916,442.0,5304.0,63.8
3917,429.0,5148.0,64.0
3918,429.0,5148.0,63.8
3919,433.0,5196.0,63.9
3920,442.0,5304.0,63.8
3921,462.0,5544.0,63.3
3922,460.0,5520.0,62.8
3923,469.0,5628.0,62.7
3924,471.0,5652.0,62.0
3925,452.0,5424.0,61.6
3926,483.0,5796.0,60.9
3927,468.0,5616.0,60.9
3928,462.0,5544.0,60.6
3929,469.0,5628.0,60.4
3930,440.0,5280.0,60.0
3931,474.0,5688.0,60.0
3932,473.0,5676.0,60.0
3933,460.0,5520.0,59.2
3934,445.0,5340.0,57.6
3935,448.0,5376.0,58.0
3936,458.0,5496.0,56.2
3937,449.0,5388.0,57.5
3938,454.0,5448.0,58.9
3939,454.0,5448.0,58.3
3940,467.0,5604.0,58.6
3941,451.0,5412.0,59.1
3942,460.0,5520.0,59.1
3943,445.0,5340.0,59.2
3944,455.0,5460.0,59.5
3945,460.0,5520.0,59.9
3946,454.0,5448.0,59.8
3947,460.0,5520.0,59.1
3948,445.0,5340.0,59.4
3949,445.0,5340.0,59.8
3950,460.0,5520.0,59.6
3951,460.0,5520.0,58.8
3952,452.0,5424.0,58.5
3953,448.0,5376.0,57.2
3954,456.0,5472.0,59.1
3955,445.0,5340.0,59.2
3956,445.0,5340.0,59.5
3957,467.0,5604.0,59.8
3958,454.0,5448.0,60.5
3959,425.0,5100.0,61.3
3960,428.0,5136.0,62.7
3961,436.0,5232.0,65.3
3962,458.0,5496.0,66.1
3963,434.0,5208.0,66.7
3964,410.0,4920.0,67.1
3965,422.0,5064.0,67.4
3966,429.0,5148.0,67.8
3967,419.0,5028.0,68.1
3968,400.0,4800.0,68.0
3969,411.0,4932.0,68.2
3970,422.0,5064.0,68.4
3971,391.0,4692.0,68.7
3972,363.0,4356.0,68.8
3973,385.0,4620.0,69.1
3974,352.0,4224.0,68.9
3975,370.0,4440.0,69.0
3976,350.0,4200.0,69.1
3977,352.0,4224.0,68.9
3978,346.0,4152.0,68.7
3979,350.0,4200.0,68.4
3980,314.0,3768.0,68.4
3981,333.0,3996.0,68.3
3982,343.0,4116.0,68.2
3983,318.0,3816.0,68.1
3984,340.0,4080.0,68.4
3985,322.0,3864.0,68.3
3986,324.0,3888.0,68.4
3987,339.0,4068.0,68.6
3988,332.0,3984.0,68.3
3989,333.0,3996.0,68.6
3990,324.0,3888.0,68.4
3991,312.0,3744.0,68.7
3992,316.0,3792.0,68.6
3993,305.0,3660.0,69.2
3994,294.0,3528.0,69.3
3995,277.0,3324.0,68.9
3996,276.0,3312.0,69.7
3997,285.0,3420.0,69.8
3998,280.0,3360.0,69.8
3999,298.0,3576.0,70.1
4000,299.0,3588.0,70.2
4001,283.0,3396.0,69.9
4002,296.0,3552.0,69.6
4003,280.0,3360.0,70.3
4004,267.0,3204.0,70.3
4005,254.0,3048.0,70.2
4006,261.0,3132.0,70.3
4007,259.0,3108.0,70.4
4008,238.0,2856.0,70.1
4009,238.0,2856.0,70.6
4010,247.0,2964.0,70.7
4011,233.0,2796.0,70.3
4012,233.0,2796.0,70.2
4013,228.0,2736.0,70.0
4014,221.0,2652.0,70.3
4015,219.0,2628.0,70.4
4016,216.0,2592.0,70.0
4017,194.0,2328.0,70.4
4018,193.0,2316.0,69.9
4019,177.0,2124.0,70.2
4020,175.0,2100.0,69.8
4021,167.0,2004.0,70.2
4022,175.0,2100.0,70.0
4023,163.0,1956.0,70.4
4024,163.0,1956.0,70.1
4025,157.0,1884.0,70.1
4026,152.0,1824.0,70.0
4027,139.0,1668.0,69.7
4028,151.0,1812.0,69.9
4029,146.0,1752.0,69.8
4030,134.0,1608.0,70.0
4031,119.0,1428.0,69.8
4032,119.0,1428.0,71.1
4033,126.0,1512.0,70.4
4034,125.0,1500.0,70.6
4035,119.0,1428.0,70.0
4036,111.0,1332.0,69.7
4037,96.0,1152.0,69.4
4038,93.0,1116.0,69.5
4039,97.0,1164.0,69.6
4040,96.0,1152.0,69.2
4041,88.0,1056.0,69.3
4042,84.0,1008.0,69.1
4043,77.0,924.0,69.7
4044,79.0,948.0,69.8
4045,85.0,1020.0,69.8
4046,75.0,900.0,69.3
4047,84.0,1008.0,70.0
4048,75.0,900.0,70.0
4049,77.0,924.0,69.4
4050,72.0,864.0,69.1
4051,74.0,888.0,69.4
4052,77.0,924.0,69.5
4053,72.0,864.0,69.4
4054,67.0,804.0,69.0
4055,64.0,768.0,69.0
4056,67.0,804.0,69.3
4057,64.0,768.0,69.5
4058,64.0,768.0,69.4
4059,64.0,768.0,69.8
4060,75.0,900.0,69.5
4061,67.0,804.0,69.2
4062,62.0,744.0,69.1
4063,67.0,804.0,69.3
4064,61.0,732.0,68.9
4065,61.0,732.0,69.0
4066,62.0,744.0,69.1
4067,57.0,684.0,68.9
4068,56.0,672.0,68.8
4069,64.0,768.0,68.5
4070,61.0,732.0,68.8
4071,79.0,948.0,68.9
4072,70.0,840.0,69.6
4073,67.0,804.0,69.5
4074,70.0,840.0,69.3
4075,74.0,888.0,69.2
4076,82.0,984.0,69.1
4077,85.0,1020.0,69.5
4078,82.0,984.0,69.6
4079,82.0,984.0,69.4
4080,85.0,1020.0,69.2
4081,88.0,1056.0,69.3
4082,101.0,1212.0,69.2
4083,111.0,1332.0,69.4
4084,120.0,1440.0,69.5
4085,136.0,1632.0,69.5
4086,144.0,1728.0,70.0
4087,165.0,1980.0,69.7
4088,167.0,2004.0,69.8
4089,190.0,2280.0,70.5
4090,188.0,2256.0,70.3
4091,186.0,2232.0,70.3
4092,187.0,2244.0,70.0
4093,193.0,2316.0,70.1
4094,224.0,2688.0,70.2
4095,239.0,2868.0,70.1
4096,253.0,3036.0,70.2
4097,272.0,3264.0,70.2
4098,285.0,3420.0,70.5
4099,303.0,3636.0,70.1
4100,321.0,3852.0,70.1
4101,337.0,4044.0,70.4
4102,327.0,3924.0,70.5
4103,306.0,3672.0,70.4
4104,308.0,3696.0,67.8
4105,318.0,3816.0,66.5
4106,332.0,3984.0,66.2
4107,353.0,4236.0,66.0
4108,368.0,4416.0,65.7
4109,373.0,4476.0,65.9
4110,385.0,4620.0,66.0
4111,388.0,4656.0,66.0
4112,391.0,4692.0,65.7
4113,416.0,4992.0,65.8
4114,402.0,4824.0,65.8
4115,385.0,4620.0,65.8
4116,378.0,4536.0,66.1
4117,385.0,4620.0,65.7
4118,402.0,4824.0,65.6
4119,411.0,4932.0,66.3
4120,410.0,4920.0,65.8
4121,420.0,5040.0,65.8
4122,428.0,5136.0,65.7
4123,428.0,5136.0,65.7
4124,432.0,5184.0,65.4
4125,428.0,5136.0,65.6
4126,416.0,4992.0,65.5
4127,408.0,4896.0,65.3
4128,391.0,4692.0,65.0
4129,384.0,4608.0,65.4
4130,384.0,4608.0,65.2
4131,391.0,4692.0,65.2
4132,384.0,4608.0,65.4
4133,382.0,4584.0,65.2
4134,379.0,4548.0,65.2
4135,381.0,4572.0,65.1
4136,388.0,4656.0,65.0
4137,389.0,4668.0,64.9
4138,384.0,4608.0,64.8
4139,379.0,4548.0,64.9
4140,365.0,4380.0,64.6
4141,361.0,4332.0,64.5
4142,359.0,4308.0,64.0
4143,363.0,4356.0,63.8
4144,368.0,4416.0,63.9
4145,370.0,4440.0,63.8
4146,373.0,4476.0,63.9
4147,376.0,4512.0,63.8
4148,381.0,4572.0,63.8
4149,384.0,4608.0,63.6
4150,378.0,4536.0,63.6
4151,370.0,4440.0,63.5
4152,366.0,4392.0,63.5
4153,369.0,4428.0,63.5
4154,376.0,4512.0,63.4
4155,384.0,4608.0,63.1
4156,382.0,4584.0,63.4
4157,381.0,4572.0,63.2
4158,376.0,4512.0,63.3
4159,381.0,4572.0,63.2
4160,391.0,4692.0,63.1
4161,391.0,4692.0,62.7
4162,391.0,4692.0,62.9
4163,385.0,4620.0,62.5
4164,385.0,4620.0,62.7
4165,388.0,4656.0,62.7
4166,402.0,4824.0,62.7
4167,391.0,4692.0,62.6
4168,411.0,4932.0,62.4
4169,419.0,5028.0,62.4
4170,395.0,4740.0,62.5
4171,396.0,4752.0,62.1
4172,399.0,4788.0,62.2
4173,393.0,4716.0,62.2
4174,402.0,4824.0,62.3
4175,395.0,4740.0,62.2
4176,402.0,4824.0,62.6
4177,396.0,4752.0,62.8
4178,402.0,4824.0,62.8
4179,407.0,4884.0,62.6
4180,406.0,4872.0,62.6
4181,408.0,4896.0,62.4
4182,402.0,4824.0,62.7
4183,402.0,4824.0,62.6
4184,411.0,4932.0,62.1
4185,408.0,4896.0,61.3
4186,410.0,4920.0,60.8
4187,402.0,4824.0,61.2
4188,404.0,4848.0,61.4
4189,402.0,4824.0,61.0
4190,410.0,4920.0,61.3
4191,419.0,5028.0,61.3
4192,419.0,5028.0,61.2
4193,414.0,4968.0,61.4
4194,414.0,4968.0,61.4
4195,422.0,5064.0,61.3
4196,425.0,5100.0,61.6
4197,425.0,5100.0,61.0
4198,426.0,5112.0,61.2
4199,424.0,5088.0,60.9
4200,416.0,4992.0,60.4
4201,422.0,5064.0,60.0
4202,426.0,5112.0,60.0
4203,427.0,5124.0,59.6
4204,427.0,5124.0,59.2
4205,428.0,5136.0,58.7
4206,428.0,5136.0,58.7
4207,425.0,5100.0,57.8
4208,430.0,5160.0,58.3
4209,436.0,5232.0,57.5
4210,434.0,5208.0,53.9
4211,432.0,5184.0,55.2
4212,428.0,5136.0,55.1
4213,432.0,5184.0,54.4
4214,434.0,5208.0,55.0
4215,437.0,5244.0,54.5
4216,433.0,5196.0,54.6
4217,432.0,5184.0,54.4
4218,429.0,5148.0,52.0
4219,427.0,5124.0,54.6
4220,436.0,5232.0,51.5
4221,434.0,5208.0,49.0
4222,432.0,5184.0,50.6
4223,424.0,5088.0,52.5
4224,422.0,5064.0,54.7
4225,429.0,5148.0,54.2
4226,430.0,5160.0,54.5
4227,433.0,5196.0,55.2
4228,430.0,5160.0,56.7
4229,429.0,5148.0,57.2
4230,416.0,4992.0,57.4
4231,429.0,5148.0,57.7
4232,430.0,5160.0,57.9
4233,434.0,5208.0,58.2
4234,432.0,5184.0,58.4
4235,424.0,5088.0,58.6
4236,419.0,5028.0,58.9
4237,426.0,5112.0,59.1
4238,437.0,5244.0,59.3
4239,443.0,5316.0,59.6
4240,440.0,5280.0,59.4
4241,430.0,5160.0,59.0
4242,426.0,5112.0,59.1
4243,414.0,4968.0,59.2
4244,414.0,4968.0,59.5
4245,413.0,4956.0,60.0
4246,419.0,5028.0,60.0
4247,396.0,4752.0,60.1
4248,410.0,4920.0,61.2
4249,406.0,4872.0,63.0
4250,417.0,5004.0,65.3
4251,410.0,4920.0,66.2
4252,400.0,4800.0,67.0
4253,411.0,4932.0,67.3
4254,385.0,4620.0,67.4
4255,400.0,4800.0,67.6
4256,411.0,4932.0,67.4
4257,404.0,4848.0,67.8
4258,385.0,4620.0,68.2
4259,381.0,4572.0,68.1
4260,393.0,4716.0,68.5
4261,402.0,4824.0,68.5
4262,396.0,4752.0,68.2
4263,396.0,4752.0,68.6
4264,393.0,4716.0,68.4
4265,376.0,4512.0,68.5
4266,367.0,4404.0,68.3
4267,369.0,4428.0,68.2
4268,358.0,4296.0,68.1
4269,373.0,4476.0,67.7
4270,359.0,4308.0,67.8
4271,352.0,4224.0,67.7
4272,359.0,4308.0,67.8
4273,368.0,4416.0,67.8
4274,373.0,4476.0,68.0
4275,335.0,4020.0,68.0
4276,360.0,4320.0,68.0
4277,369.0,4428.0,68.0
4278,352.0,4224.0,68.1
4279,344.0,4128.0,68.2
4280,347.0,4164.0,68.3
4281,318.0,3816.0,68.4
4282,332.0,3984.0,68.5
4283,333.0,3996.0,68.7
4284,314.0,3768.0,68.8
4285,324.0,3888.0,68.9
4286,350.0,4200.0,69.1
4287,332.0,3984.0,69.3
4288,326.0,3912.0,69.9
4289,308.0,3696.0,69.6
4290,306.0,3672.0,69.6
4291,300.0,3600.0,69.6
4292,302.0,3624.0,70.0
4293,306.0,3672.0,70.0
4294,318.0,3816.0,70.1
4295,283.0,3396.0,70.4
4296,272.0,3264.0,70.3
4297,286.0,3432.0,70.4
4298,296.0,3552.0,70.4
4299,291.0,3492.0,69.9
4300,270.0,3240.0,70.0
4301,267.0,3204.0,69.8
4302,259.0,3108.0,70.0
4303,259.0,3108.0,70.1
4304,228.0,2736.0,70.3
4305,239.0,2868.0,70.4
4306,232.0,2784.0,70.5
4307,227.0,2724.0,70.5
4308,210.0,2520.0,70.4
4309,219.0,2628.0,70.1
4310,206.0,2472.0,70.5
4311,204.0,2448.0,69.9
4312,198.0,2376.0,69.9
4313,200.0,2400.0,70.2
4314,201.0,2412.0,70.0
4315,180.0,2160.0,70.1
4316,186.0,2232.0,70.4
4317,192.0,2304.0,70.2
4318,178.0,2136.0,70.3
4319,178.0,2136.0,70.3
4320,165.0,1980.0,70.6
4321,164.0,1968.0,70.2
4322,157.0,1884.0,70.4
4323,171.0,2052.0,70.1
4324,147.0,1764.0,69.7
4325,144.0,1728.0,69.7
4326,131.0,1572.0,69.8
4327,126.0,1512.0,69.8
4328,128.0,1536.0,69.6
4329,123.0,1476.0,70.2
4330,116.0,1392.0,69.9
4331,111.0,1332.0,70.1
4332,113.0,1356.0,70.4
4333,111.0,1332.0,70.1
4334,111.0,1332.0,70.1
4335,108.0,1296.0,69.9
4336,98.0,1176.0,69.9
4337,100.0,1200.0,70.4
4338,95.0,1140.0,70.1
4339,95.0,1140.0,70.0
4340,93.0,1116.0,69.9
4341,90.0,1080.0,69.9
4342,90.0,1080.0,70.4
4343,90.0,1080.0,70.0
4344,93.0,1116.0,70.4
4345,88.0,1056.0,70.4
4346,78.0,936.0,70.3
4347,87.0,1044.0,69.9
4348,85.0,1020.0,69.9
4349,75.0,900.0,70.4
4350,78.0,936.0,70.2
4351,75.0,900.0,69.5
4352,81.0,972.0,69.8
4353,74.0,888.0,69.5
4354,70.0,840.0,69.7
4355,72.0,864.0,69.5
4356,70.0,840.0,69.9
4357,70.0,840.0,69.9
4358,67.0,804.0,69.8
4359,72.0,864.0,69.5
4360,75.0,900.0,69.7
4361,75.0,900.0,69.6
4362,67.0,804.0,69.6
4363,67.0,804.0,69.8
4364,64.0,768.0,69.7
4365,67.0,804.0,69.6
4366,82.0,984.0,69.7
4367,70.0,840.0,69.6
4368,67.0,804.0,69.7
4369,67.0,804.0,69.5
4370,72.0,864.0,69.4
4371,72.0,864.0,69.2
4372,70.0,840.0,69.6
4373,75.0,900.0,69.6
4374,75.0,900.0,69.8
4375,82.0,984.0,69.8
4376,88.0,1056.0,70.0
4377,90.0,1080.0,70.0
4378,91.0,1092.0,69.9
4379,100.0,1200.0,69.7
4380,88.0,1056.0,69.7
4381,93.0,1116.0,69.9
4382,100.0,1200.0,69.6
4383,123.0,1476.0,69.6
4384,138.0,1656.0,69.6
4385,123.0,1476.0,69.9
4386,129.0,1548.0,69.7
4387,136.0,1632.0,69.9
4388,147.0,1764.0,69.9
4389,175.0,2100.0,70.3
4390,165.0,1980.0,70.3
4391,175.0,2100.0,70.4
4392,180.0,2160.0,69.5
4393,196.0,2352.0,69.1
4394,201.0,2412.0,68.8
4395,201.0,2412.0,68.7
4396,231.0,2772.0,69.0
4397,212.0,2544.0,68.8
4398,225.0,2700.0,69.0
4399,227.0,2724.0,69.1
4400,224.0,2688.0,69.4
4401,239.0,2868.0,69.4
4402,259.0,3108.0,69.8
4403,255.0,3060.0,69.5
4404,268.0,3216.0,68.9
4405,268.0,3216.0,68.0
4406,273.0,3276.0,67.7
4407,265.0,3180.0,67.3
4408,294.0,3528.0,67.4
4409,309.0,3708.0,67.3
4410,303.0,3636.0,67.5
4411,308.0,3696.0,67.5
4412,309.0,3708.0,67.7
4413,308.0,3696.0,67.6
4414,318.0,3816.0,67.4
4415,353.0,4236.0,67.4
4416,306.0,3672.0,67.2
4417,316.0,3792.0,67.3
4418,316.0,3792.0,67.2
4419,338.0,4056.0,66.8
4420,326.0,3912.0,67.1
4421,355.0,4260.0,67.4
4422,335.0,4020.0,67.3
4423,358.0,4296.0,67.2
4424,335.0,4020.0,67.4
4425,343.0,4116.0,67.2
4426,343.0,4116.0,67.0
4427,340.0,4080.0,67.5
4428,332.0,3984.0,67.6
4429,329.0,3948.0,67.2
4430,335.0,4020.0,67.1
4431,344.0,4128.0,66.9
4432,347.0,4164.0,67.0
4433,352.0,4224.0,66.8
4434,355.0,4260.0,66.9
4435,359.0,4308.0,67.0
4436,369.0,4428.0,66.4
4437,373.0,4476.0,66.5
4438,369.0,4428.0,66.6
4439,361.0,4332.0,66.6
4440,360.0,4320.0,66.7
4441,350.0,4200.0,66.6
4442,361.0,4332.0,66.5
4443,363.0,4356.0,66.4
4444,369.0,4428.0,66.5
4445,375.0,4500.0,66.4
4446,381.0,4572.0,66.3
4447,384.0,4608.0,66.2
4448,388.0,4656.0,66.0
4449,387.0,4644.0,66.1
4450,385.0,4620.0,66.1
4451,385.0,4620.0,66.0
4452,391.0,4692.0,65.7
4453,391.0,4692.0,66.1
4454,391.0,4692.0,66.2
4455,391.0,4692.0,66.3
4456,393.0,4716.0,66.3
4457,393.0,4716.0,66.7
4458,396.0,4752.0,66.6
4459,391.0,4692.0,66.5
4460,396.0,4752.0,66.4
4461,399.0,4788.0,66.5
4462,396.0,4752.0,66.5
4463,399.0,4788.0,66.5
4464,399.0,4788.0,66.7
4465,400.0,4800.0,66.7
4466,406.0,4872.0,66.8
4467,410.0,4920.0,66.2
4468,406.0,4872.0,66.2
4469,404.0,4848.0,66.3
4470,404.0,4848.0,66.3
4471,408.0,4896.0,66.4
4472,404.0,4848.0,65.8
4473,404.0,4848.0,66.5
4474,408.0,4896.0,66.4
4475,402.0,4824.0,66.5
4476,404.0,4848.0,66.7
4477,402.0,4824.0,66.7
4478,410.0,4920.0,66.9
4479,410.0,4920.0,66.4
4480,407.0,4884.0,66.7
4481,410.0,4920.0,66.9
4482,410.0,4920.0,66.9
4483,408.0,4896.0,66.8
4484,411.0,4932.0,66.8
4485,413.0,4956.0,66.7
4486,404.0,4848.0,66.9
4487,402.0,4824.0,66.7
4488,402.0,4824.0,66.8
4489,399.0,4788.0,67.0
4490,402.0,4824.0,67.1
4491,404.0,4848.0,66.8
4492,410.0,4920.0,67.0
4493,408.0,4896.0,67.0
4494,407.0,4884.0,67.0
4495,399.0,4788.0,67.2
4496,410.0,4920.0,67.1
4497,408.0,4896.0,67.2
4498,411.0,4932.0,67.2
4499,413.0,4956.0,66.9
4500,399.0,4788.0,67.1
4501,402.0,4824.0,67.2
4502,408.0,4896.0,67.3
4503,413.0,4956.0,67.2
4504,410.0,4920.0,67.0
4505,410.0,4920.0,67.2
4506,402.0,4824.0,67.3
4507,402.0,4824.0,67.4
4508,406.0,4872.0,67.3
4509,410.0,4920.0,67.3
4510,406.0,4872.0,67.7
4511,400.0,4800.0,67.4
4512,391.0,4692.0,67.4
4513,396.0,4752.0,67.4
4514,404.0,4848.0,67.4
4515,408.0,4896.0,67.5
4516,402.0,4824.0,67.6
4517,406.0,4872.0,67.6
4518,406.0,4872.0,67.9
4519,407.0,4884.0,67.8
4520,404.0,4848.0,67.9
4521,408.0,4896.0,67.6
4522,416.0,4992.0,67.6
4523,391.0,4692.0,67.7
4524,393.0,4716.0,67.8
4525,393.0,4716.0,67.8
4526,396.0,4752.0,67.7
4527,393.0,4716.0,67.8
4528,402.0,4824.0,68.3
4529,393.0,4716.0,68.1
4530,391.0,4692.0,68.0
4531,389.0,4668.0,68.0
4532,385.0,4620.0,68.1
4533,385.0,4620.0,68.3
4534,381.0,4572.0,68.3
4535,375.0,4500.0,68.5
4536,370.0,4440.0,68.2
4537,370.0,4440.0,68.3
4538,373.0,4476.0,68.4
4539,370.0,4440.0,68.6
4540,381.0,4572.0,68.6
4541,382.0,4584.0,68.9
4542,363.0,4356.0,68.7
4543,360.0,4320.0,68.8
4544,358.0,4296.0,69.0
4545,350.0,4200.0,68.8
4546,340.0,4080.0,68.6
4547,338.0,4056.0,68.8
4548,352.0,4224.0,68.8
4549,333.0,3996.0,68.8
4550,333.0,3996.0,68.9
4551,332.0,3984.0,69.2
4552,335.0,4020.0,69.0
4553,324.0,3888.0,68.8
4554,314.0,3768.0,68.9
4555,316.0,3792.0,68.8
4556,318.0,3816.0,68.4
4557,324.0,3888.0,68.2
4558,312.0,3744.0,68.1
4559,305.0,3660.0,67.7
4560,305.0,3660.0,67.9
4561,303.0,3636.0,67.9
4562,303.0,3636.0,68.1
4563,308.0,3696.0,68.2
4564,305.0,3660.0,68.2
4565,298.0,3576.0,68.3
4566,288.0,3456.0,68.4
4567,294.0,3528.0,68.4
4568,303.0,3636.0,68.6
4569,294.0,3528.0,68.7
4570,280.0,3360.0,68.7
4571,296.0,3552.0,68.8
4572,291.0,3492.0,69.3
4573,294.0,3528.0,70.0
4574,274.0,3288.0,70.1
4575,292.0,3504.0,70.2
4576,294.0,3528.0,70.3
4577,306.0,3672.0,70.3
4578,292.0,3504.0,70.4
4579,274.0,3288.0,70.3
4580,280.0,3360.0,70.3
4581,268.0,3216.0,70.4
4582,271.0,3252.0,70.3
4583,294.0,3528.0,70.4
4584,262.0,3144.0,70.1
4585,262.0,3144.0,69.9
4586,265.0,3180.0,70.1
4587,257.0,3084.0,69.9
4588,254.0,3048.0,70.1
4589,276.0,3312.0,70.4
4590,273.0,3276.0,70.5
4591,250.0,3000.0,70.5
4592,249.0,2988.0,70.5
4593,235.0,2820.0,70.8
4594,250.0,3000.0,70.6
4595,247.0,2964.0,70.8
4596,239.0,2868.0,70.4
4597,228.0,2736.0,70.3
4598,218.0,2616.0,70.1
4599,219.0,2628.0,70.2
4600,228.0,2736.0,70.1
4601,193.0,2316.0,70.2
4602,194.0,2328.0,70.2
4603,186.0,2232.0,70.2
4604,186.0,2232.0,70.1
4605,175.0,2100.0,70.3
4606,184.0,2208.0,70.1
4607,178.0,2136.0,70.4
4608,157.0,1884.0,70.5
4609,167.0,2004.0,70.3
4610,160.0,1920.0,70.2
4611,151.0,1812.0,69.9
4612,157.0,1884.0,70.1
4613,147.0,1764.0,70.1
4614,129.0,1548.0,70.3
4615,134.0,1608.0,70.3
4616,131.0,1572.0,70.5
4617,119.0,1428.0,70.1
4618,116.0,1392.0,70.3
4619,115.0,1380.0,70.5
4620,108.0,1296.0,70.4
4621,101.0,1212.0,70.3
4622,105.0,1260.0,70.3
4623,105.0,1260.0,70.1
4624,97.0,1164.0,70.0
4625,93.0,1116.0,70.3
4626,85.0,1020.0,70.4
4627,85.0,1020.0,70.0
4628,82.0,984.0,70.4
4629,81.0,972.0,70.0
4630,82.0,984.0,70.4
4631,81.0,972.0,70.3
4632,78.0,936.0,70.4
4633,78.0,936.0,70.3
4634,77.0,924.0,70.3
4635,74.0,888.0,70.4
4636,72.0,864.0,70.3
4637,67.0,804.0,70.3
4638,64.0,768.0,70.4
4639,64.0,768.0,70.5
4640,62.0,744.0,70.4
4641,59.0,708.0,70.0
4642,57.0,684.0,70.1
4643,56.0,672.0,70.1
4644,52.0,624.0,70.4
4645,53.0,636.0,70.5
4646,52.0,624.0,70.4
4647,55.0,660.0,70.2
4648,52.0,624.0,70.3
4649,49.0,588.0,70.2
4650,48.0,576.0,70.5
4651,48.0,576.0,70.3
4652,47.0,564.0,70.2
4653,47.0,564.0,70.4
4654,44.0,528.0,70.2
4655,42.0,504.0,69.7
4656,44.0,528.0,70.0
4657,44.0,528.0,70.0
4658,44.0,528.0,70.1
4659,44.0,528.0,70.0
4660,44.0,528.0,70.1
4661,46.0,552.0,70.0
4662,46.0,552.0,69.9
4663,50.0,600.0,69.9
4664,52.0,624.0,70.2
4665,52.0,624.0,70.3
4666,50.0,600.0,70.1
4667,52.0,624.0,70.0
4668,49.0,588.0,70.0
4669,52.0,624.0,70.0
4670,53.0,636.0,70.2
4671,59.0,708.0,70.2
4672,60.0,720.0,70.0
4673,62.0,744.0,70.0
4674,64.0,768.0,69.8
4675,70.0,840.0,70.2
4676,75.0,900.0,70.0
4677,75.0,900.0,69.9
4678,75.0,900.0,70.0
4679,90.0,1080.0,70.1
4680,75.0,900.0,69.8
4681,82.0,984.0,70.0
4682,85.0,1020.0,69.9
4683,91.0,1092.0,70.1
4684,115.0,1380.0,70.1
4685,111.0,1332.0,70.1
4686,105.0,1260.0,70.3
4687,115.0,1380.0,70.6
4688,116.0,1392.0,70.6
4689,127.0,1524.0,70.6
4690,125.0,1500.0,70.7
4691,131.0,1572.0,70.8
4692,134.0,1608.0,70.4
4693,149.0,1788.0,70.5
4694,152.0,1824.0,70.4
4695,163.0,1956.0,70.3
4696,164.0,1968.0,70.2
4697,167.0,2004.0,70.5
4698,158.0,1896.0,70.6
4699,160.0,1920.0,70.5
4700,167.0,2004.0,70.7
4701,175.0,2100.0,70.5
4702,169.0,2028.0,70.7
4703,180.0,2160.0,70.7
4704,175.0,2100.0,70.1
4705,186.0,2232.0,69.8
4706,200.0,2400.0,69.6
4707,221.0,2652.0,70.1
4708,205.0,2460.0,70.0
4709,196.0,2352.0,70.0
4710,214.0,2568.0,69.8
4711,214.0,2568.0,69.9
4712,234.0,2808.0,69.8
4713,230.0,2760.0,69.8
4714,254.0,3048.0,69.6
4715,234.0,2808.0,69.7
4716,239.0,2868.0,69.2
4717,239.0,2868.0,69.3
4718,250.0,3000.0,69.1
4719,260.0,3120.0,69.3
4720,268.0,3216.0,69.0
4721,273.0,3276.0,69.0
4722,280.0,3360.0,69.0
4723,286.0,3432.0,69.0
4724,294.0,3528.0,68.9
4725,301.0,3612.0,68.8
4726,306.0,3672.0,68.8
4727,303.0,3636.0,69.1
4728,303.0,3636.0,68.5
4729,300.0,3600.0,68.5
4730,320.0,3840.0,68.3
4731,314.0,3768.0,68.3
4732,324.0,3888.0,68.2
4733,327.0,3924.0,68.1
4734,329.0,3948.0,68.0
4735,335.0,4020.0,68.2
4736,346.0,4152.0,68.1
4737,347.0,4164.0,68.1
4738,349.0,4188.0,68.1
4739,347.0,4164.0,68.2
4740,344.0,4128.0,68.1
4741,338.0,4056.0,67.8
4742,346.0,4152.0,67.7
4743,355.0,4260.0,67.8
4744,352.0,4224.0,67.5
4745,358.0,4296.0,67.7
4746,368.0,4416.0,67.5
4747,368.0,4416.0,67.5
4748,370.0,4440.0,67.3
4749,373.0,4476.0,67.3
4750,370.0,4440.0,67.3
4751,378.0,4536.0,67.1
4752,378.0,4536.0,67.1
4753,373.0,4476.0,67.3
4754,381.0,4572.0,67.2
4755,381.0,4572.0,67.3
4756,385.0,4620.0,66.9
4757,387.0,4644.0,66.7
4758,393.0,4716.0,67.0
4759,396.0,4752.0,66.6
4760,400.0,4800.0,66.6
4761,399.0,4788.0,66.6
4762,396.0,4752.0,66.5
4763,395.0,4740.0,66.8
4764,393.0,4716.0,66.8
4765,389.0,4668.0,66.8
4766,393.0,4716.0,66.7
4767,395.0,4740.0,66.7
4768,399.0,4788.0,66.4
4769,402.0,4824.0,66.3
4770,396.0,4752.0,66.1
4771,396.0,4752.0,66.3
4772,396.0,4752.0,66.3
4773,396.0,4752.0,65.9
4774,395.0,4740.0,66.4
4775,391.0,4692.0,66.1
4776,384.0,4608.0,66.3
4777,385.0,4620.0,66.4
4778,384.0,4608.0,66.5
4779,389.0,4668.0,66.6
4780,389.0,4668.0,66.7
4781,385.0,4620.0,66.7
4782,385.0,4620.0,66.5
4783,379.0,4548.0,66.6
4784,385.0,4620.0,66.7
4785,384.0,4608.0,66.8
4786,381.0,4572.0,66.7
4787,375.0,4500.0,66.9
4788,381.0,4572.0,67.0
4789,375.0,4500.0,66.9
4790,384.0,4608.0,66.7
4791,381.0,4572.0,67.0
4792,381.0,4572.0,66.6
4793,376.0,4512.0,66.7
4794,388.0,4656.0,66.7
4795,388.0,4656.0,66.7
4796,388.0,4656.0,66.7
4797,385.0,4620.0,67.2
4798,391.0,4692.0,67.0
4799,384.0,4608.0,66.8
4800,378.0,4536.0,67.0
4801,379.0,4548.0,66.9
4802,385.0,4620.0,67.2
4803,382.0,4584.0,67.3
4804,395.0,4740.0,66.8
4805,382.0,4584.0,66.8
4806,381.0,4572.0,66.9
4807,379.0,4548.0,67.2
4808,381.0,4572.0,67.1
4809,376.0,4512.0,67.1
4810,375.0,4500.0,67.2
4811,365.0,4380.0,67.5
4812,362.0,4344.0,67.4
4813,370.0,4440.0,67.5
4814,366.0,4392.0,67.6
4815,370.0,4440.0,67.5
4816,366.0,4392.0,68.1
4817,363.0,4356.0,68.0
4818,358.0,4296.0,68.3
4819,358.0,4296.0,68.2
4820,355.0,4260.0,68.0
4821,353.0,4236.0,67.9
4822,355.0,4260.0,68.1
4823,350.0,4200.0,68.3
4824,350.0,4200.0,68.1
4825,353.0,4236.0,68.2
4826,353.0,4236.0,68.2
4827,355.0,4260.0,68.0
4828,368.0,4416.0,67.7
4829,343.0,4116.0,68.1
4830,376.0,4512.0,68.0
4831,346.0,4152.0,67.9
4832,339.0,4068.0,67.9
4833,337.0,4044.0,67.8
4834,332.0,3984.0,67.8
4835,329.0,3948.0,67.9
4836,329.0,3948.0,67.7
4837,326.0,3912.0,67.7
4838,332.0,3984.0,67.5
4839,333.0,3996.0,67.3
4840,335.0,4020.0,67.3
4841,328.0,3936.0,67.1
4842,327.0,3924.0,66.8
4843,318.0,3816.0,66.6
4844,324.0,3888.0,66.3
4845,332.0,3984.0,66.1
4846,320.0,3840.0,65.9
4847,321.0,3852.0,65.8
4848,318.0,3816.0,65.4
4849,317.0,3804.0,65.7
4850,326.0,3912.0,65.9
4851,318.0,3816.0,65.6
4852,324.0,3888.0,66.0
4853,320.0,3840.0,65.5
4854,309.0,3708.0,65.5
4855,309.0,3708.0,65.7
4856,309.0,3708.0,65.5
4857,299.0,3588.0,66.1
4858,292.0,3504.0,66.0
4859,288.0,3456.0,66.2
4860,285.0,3420.0,68.1
4861,285.0,3420.0,68.9
4862,280.0,3360.0,69.5
4863,279.0,3348.0,69.8
4864,291.0,3492.0,70.1
4865,276.0,3312.0,70.0
4866,262.0,3144.0,70.3
4867,261.0,3132.0,70.3
4868,255.0,3060.0,70.3
4869,257.0,3084.0,70.4
4870,245.0,2940.0,70.5
4871,247.0,2964.0,70.7
4872,235.0,2820.0,70.4
4873,230.0,2760.0,70.3
4874,228.0,2736.0,70.4
4875,219.0,2628.0,70.3
4876,214.0,2568.0,70.2
4877,204.0,2448.0,70.4
4878,205.0,2460.0,70.2
4879,188.0,2256.0,70.2
4880,198.0,2376.0,70.4
4881,178.0,2136.0,70.1
4882,168.0,2016.0,70.4
4883,167.0,2004.0,70.5
4884,151.0,1812.0,70.5
4885,152.0,1824.0,70.2
4886,146.0,1752.0,70.4
4887,142.0,1704.0,70.3
4888,149.0,1788.0,70.1
4889,139.0,1668.0,70.4
4890,129.0,1548.0,70.4
4891,122.0,1464.0,70.3
4892,119.0,1428.0,70.6
4893,119.0,1428.0,70.2
4894,109.0,1308.0,69.7
4895,108.0,1296.0,70.0
4896,95.0,1140.0,71.3
4897,93.0,1116.0,70.6
4898,93.0,1116.0,70.4
4899,85.0,1020.0,70.6
4900,88.0,1056.0,70.2
4901,82.0,984.0,70.2
4902,77.0,924.0,70.4
4903,72.0,864.0,70.4
4904,67.0,804.0,70.1
4905,72.0,864.0,69.9
4906,64.0,768.0,69.7
4907,60.0,720.0,69.7
4908,59.0,708.0,70.2
4909,61.0,732.0,70.1
4910,62.0,744.0,70.3
4911,56.0,672.0,70.1
4912,55.0,660.0,70.1
4913,53.0,636.0,69.8
4914,49.0,588.0,69.6
4915,57.0,684.0,69.6
4916,48.0,576.0,69.6
4917,48.0,576.0,69.7
4918,50.0,600.0,69.4
4919,46.0,552.0,69.5
4920,48.0,576.0,69.6
4921,47.0,564.0,69.5
4922,46.0,552.0,69.5
4923,47.0,564.0,69.7
4924,46.0,552.0,69.5
4925,47.0,564.0,69.6
4926,46.0,552.0,69.5
4927,46.0,552.0,69.3
4928,47.0,564.0,69.5
4929,47.0,564.0,69.5
4930,46.0,552.0,69.4
4931,48.0,576.0,69.1
4932,48.0,576.0,69.5
4933,47.0,564.0,69.2
4934,52.0,624.0,69.3
4935,49.0,588.0,69.4
4936,55.0,660.0,69.3
4937,59.0,708.0,69.3
4938,61.0,732.0,69.4
4939,67.0,804.0,69.6
4940,74.0,888.0,69.8
4941,79.0,948.0,69.3
4942,75.0,900.0,69.5
4943,75.0,900.0,69.3
4944,77.0,924.0,69.4
4945,79.0,948.0,69.7
4946,90.0,1080.0,69.6
4947,98.0,1176.0,69.6
4948,115.0,1380.0,69.8
4949,119.0,1428.0,69.7
4950,134.0,1608.0,70.0
4951,152.0,1824.0,70.2
4952,162.0,1944.0,70.4
4953,180.0,2160.0,70.9
4954,169.0,2028.0,70.5
4955,169.0,2028.0,70.3
4956,184.0,2208.0,70.5
4957,195.0,2340.0,70.2
4958,210.0,2520.0,70.3
4959,239.0,2868.0,70.4
4960,253.0,3036.0,71.2
4961,254.0,3048.0,71.3
4962,294.0,3528.0,71.0
4963,303.0,3636.0,70.9
4964,322.0,3864.0,71.2
4965,335.0,4020.0,71.4
4966,327.0,3924.0,71.3
4967,309.0,3708.0,71.0
4968,305.0,3660.0,67.8
4969,311.0,3732.0,66.7
4970,332.0,3984.0,66.5
4971,352.0,4224.0,66.5
4972,365.0,4380.0,66.5
4973,343.0,4116.0,66.5
4974,332.0,3984.0,66.5
4975,322.0,3864.0,66.5
4976,321.0,3852.0,66.7
4977,370.0,4440.0,66.6
4978,343.0,4116.0,66.5
4979,358.0,4296.0,66.4
4980,329.0,3948.0,66.5
4981,353.0,4236.0,66.4
4982,355.0,4260.0,66.6
4983,343.0,4116.0,66.5
4984,369.0,4428.0,66.5
4985,384.0,4608.0,66.5
4986,332.0,3984.0,66.5
4987,404.0,4848.0,66.3
4988,417.0,5004.0,66.2
4989,393.0,4716.0,66.0
4990,368.0,4416.0,65.8
4991,417.0,5004.0,66.0
4992,388.0,4656.0,65.9
4993,379.0,4548.0,66.1
4994,400.0,4800.0,66.1
4995,399.0,4788.0,66.2
4996,391.0,4692.0,65.9
4997,391.0,4692.0,65.7
4998,391.0,4692.0,65.9
4999,393.0,4716.0,65.7
5000,395.0,4740.0,65.5
5001,396.0,4752.0,65.6
5002,388.0,4656.0,65.3
5003,376.0,4512.0,65.6
5004,363.0,4356.0,65.2
5005,358.0,4296.0,65.3
5006,360.0,4320.0,64.6
5007,370.0,4440.0,64.5
5008,365.0,4380.0,64.6
5009,370.0,4440.0,64.8
5010,362.0,4344.0,64.4
5011,368.0,4416.0,64.7
5012,373.0,4476.0,64.5
5013,370.0,4440.0,64.6
5014,367.0,4404.0,63.9
5015,362.0,4344.0,64.2
5016,358.0,4296.0,64.2
5017,353.0,4236.0,64.3
5018,362.0,4344.0,64.4
5019,362.0,4344.0,63.7
5020,366.0,4392.0,63.7
5021,369.0,4428.0,63.6
5022,366.0,4392.0,63.7
5023,373.0,4476.0,64.1
5024,375.0,4500.0,63.7
5025,373.0,4476.0,63.9
5026,367.0,4404.0,64.2
5027,365.0,4380.0,63.7
5028,361.0,4332.0,63.9
5029,368.0,4416.0,64.0
5030,381.0,4572.0,63.3
5031,373.0,4476.0,63.6
5032,376.0,4512.0,63.8
5033,370.0,4440.0,63.9
5034,376.0,4512.0,64.2
5035,373.0,4476.0,63.5
5036,378.0,4536.0,63.6
5037,376.0,4512.0,63.5
5038,376.0,4512.0,64.0
5039,373.0,4476.0,63.7
5040,373.0,4476.0,64.3
5041,373.0,4476.0,64.1
5042,382.0,4584.0,64.1
5043,381.0,4572.0,64.0
5044,379.0,4548.0,64.4
5045,379.0,4548.0,64.6
5046,381.0,4572.0,64.2
5047,391.0,4692.0,64.0
5048,393.0,4716.0,64.1
5049,391.0,4692.0,64.2
5050,385.0,4620.0,64.0
5051,387.0,4644.0,63.8
5052,376.0,4512.0,63.9
5053,388.0,4656.0,64.1
5054,385.0,4620.0,64.0
5055,396.0,4752.0,64.4
5056,399.0,4788.0,64.2
5057,400.0,4800.0,64.0
5058,395.0,4740.0,64.0
5059,399.0,4788.0,64.3
5060,404.0,4848.0,64.2
5061,404.0,4848.0,64.4
5062,399.0,4788.0,64.7
5063,399.0,4788.0,65.0
5064,399.0,4788.0,64.8
5065,402.0,4824.0,65.1
5066,414.0,4968.0,64.7
5067,419.0,5028.0,64.8
5068,420.0,5040.0,64.7
5069,440.0,5280.0,64.8
5070,424.0,5088.0,64.3
5071,429.0,5148.0,64.3
5072,437.0,5244.0,64.6
5073,457.0,5484.0,64.6
5074,455.0,5460.0,64.4
5075,462.0,5544.0,64.6
5076,490.0,5880.0,63.8
5077,457.0,5484.0,63.6
5078,460.0,5520.0,64.0
5079,458.0,5496.0,64.3
5080,471.0,5652.0,64.1
5081,469.0,5628.0,64.3
5082,460.0,5520.0,64.1
5083,444.0,5328.0,64.2
5084,451.0,5412.0,63.8
5085,462.0,5544.0,63.8
5086,452.0,5424.0,63.5
5087,457.0,5484.0,63.9
5088,460.0,5520.0,63.4
5089,458.0,5496.0,63.7
5090,452.0,5424.0,64.0
5091,452.0,5424.0,64.4
5092,440.0,5280.0,64.7
5093,437.0,5244.0,62.4
5094,427.0,5124.0,63.7
5095,429.0,5148.0,63.7
5096,445.0,5340.0,63.8
5097,455.0,5460.0,64.0
5098,448.0,5376.0,63.9
5099,437.0,5244.0,64.7
5100,442.0,5304.0,64.0
5101,454.0,5448.0,65.2
5102,474.0,5688.0,65.3
5103,468.0,5616.0,64.6
5104,463.0,5556.0,64.5
5105,448.0,5376.0,64.6
5106,460.0,5520.0,64.9
5107,479.0,5748.0,65.0
5108,473.0,5676.0,65.7
5109,458.0,5496.0,66.2
5110,449.0,5388.0,66.9
5111,452.0,5424.0,67.2
5112,437.0,5244.0,67.4
5113,416.0,4992.0,67.5
5114,422.0,5064.0,67.4
5115,414.0,4968.0,68.0
5116,414.0,4968.0,68.3
5117,419.0,5028.0,68.4
5118,411.0,4932.0,68.6
5119,358.0,4296.0,68.8
5120,352.0,4224.0,68.9
5121,335.0,4020.0,68.9
5122,361.0,4332.0,69.5
5123,341.0,4092.0,69.7
5124,318.0,3816.0,69.7
5125,332.0,3984.0,70.0
5126,335.0,4020.0,70.0
5127,341.0,4092.0,69.8
5128,317.0,3804.0,69.9
5129,309.0,3708.0,69.9
5130,309.0,3708.0,69.5
5131,299.0,3588.0,69.3
5132,288.0,3456.0,68.9
5133,303.0,3636.0,68.7
5134,277.0,3324.0,68.5
5135,285.0,3420.0,68.6
5136,268.0,3216.0,68.7
5137,262.0,3144.0,68.6
5138,276.0,3312.0,68.6
5139,262.0,3144.0,68.8
5140,280.0,3360.0,68.6
5141,272.0,3264.0,68.4
5142,255.0,3060.0,68.8
5143,257.0,3084.0,68.4
5144,262.0,3144.0,68.7
5145,242.0,2904.0,68.7
5146,261.0,3132.0,68.6
5147,242.0,2904.0,68.9
5148,239.0,2868.0,69.6
5149,224.0,2688.0,69.8
5150,233.0,2796.0,70.1
5151,234.0,2808.0,70.6
5152,244.0,2928.0,70.7
5153,239.0,2868.0,70.6
5154,244.0,2928.0,70.3
5155,227.0,2724.0,70.4
5156,227.0,2724.0,70.6
5157,212.0,2544.0,70.8
5158,219.0,2628.0,70.6
5159,208.0,2496.0,70.6
5160,204.0,2448.0,70.8
5161,209.0,2508.0,70.5
5162,204.0,2448.0,70.4
5163,212.0,2544.0,70.6
5164,200.0,2400.0,70.0
5165,190.0,2280.0,70.3
5166,165.0,1980.0,70.3
5167,175.0,2100.0,70.2
5168,167.0,2004.0,70.6
5169,163.0,1956.0,70.5
5170,149.0,1788.0,70.1
5171,149.0,1788.0,69.8
5172,145.0,1740.0,70.1
5173,144.0,1728.0,70.2
5174,154.0,1848.0,70.2
5175,141.0,1692.0,70.2
5176,155.0,1860.0,70.0
5177,146.0,1752.0,70.1
5178,123.0,1476.0,70.2
5179,122.0,1464.0,70.1
5180,128.0,1536.0,69.4
5181,115.0,1380.0,69.8
5182,122.0,1464.0,69.6
5183,104.0,1248.0,69.4
5184,100.0,1200.0,70.7
5185,100.0,1200.0,70.8
5186,100.0,1200.0,70.4
5187,98.0,1176.0,70.2
5188,91.0,1092.0,70.0
5189,91.0,1092.0,70.0
5190,85.0,1020.0,69.8
5191,78.0,936.0,69.6
5192,77.0,924.0,69.8
5193,77.0,924.0,69.8
5194,81.0,972.0,68.8
5195,72.0,864.0,68.7
5196,67.0,804.0,69.1
5197,70.0,840.0,69.7
5198,64.0,768.0,69.8
5199,67.0,804.0,69.9
5200,64.0,768.0,69.2
5201,59.0,708.0,69.2
5202,61.0,732.0,69.5
5203,64.0,768.0,68.9
5204,61.0,732.0,68.8
5205,55.0,660.0,68.8
5206,57.0,684.0,68.7
5207,61.0,732.0,69.1
5208,52.0,624.0,69.2
5209,50.0,600.0,68.9
5210,59.0,708.0,69.1
5211,62.0,744.0,68.8
5212,67.0,804.0,68.9
5213,64.0,768.0,69.2
5214,57.0,684.0,68.7
5215,55.0,660.0,68.7
5216,52.0,624.0,68.7
5217,53.0,636.0,69.0
5218,53.0,636.0,68.9
5219,53.0,636.0,68.8
5220,59.0,708.0,68.6
5221,53.0,636.0,68.3
5222,62.0,744.0,68.6
5223,64.0,768.0,68.7
5224,60.0,720.0,68.8
5225,62.0,744.0,68.7
5226,67.0,804.0,68.9
5227,72.0,864.0,69.3
5228,77.0,924.0,69.6
5229,85.0,1020.0,69.6
5230,82.0,984.0,69.6
5231,77.0,924.0,69.5
5232,82.0,984.0,68.8
5233,78.0,936.0,68.8
5234,91.0,1092.0,69.1
5235,100.0,1200.0,69.3
5236,111.0,1332.0,69.2
5237,123.0,1476.0,69.9
5238,137.0,1644.0,69.5
5239,155.0,1860.0,69.8
5240,172.0,2064.0,70.4
5241,182.0,2184.0,70.1
5242,175.0,2100.0,70.7
5243,175.0,2100.0,70.2
5244,186.0,2232.0,70.1
5245,201.0,2412.0,70.2
5246,225.0,2700.0,70.3
5247,247.0,2964.0,70.2
5248,268.0,3216.0,71.1
5249,279.0,3348.0,70.6
5250,302.0,3624.0,70.3
5251,321.0,3852.0,70.1
5252,339.0,4068.0,70.6
5253,355.0,4260.0,71.1
5254,349.0,4188.0,71.1
5255,320.0,3840.0,70.7
5256,314.0,3768.0,68.1
5257,322.0,3864.0,66.9
5258,337.0,4044.0,66.5
5259,355.0,4260.0,66.3
5260,288.0,3456.0,66.1
5261,288.0,3456.0,66.0
5262,298.0,3576.0,66.1
5263,270.0,3240.0,66.1
5264,294.0,3528.0,66.2
5265,308.0,3696.0,66.2
5266,332.0,3984.0,66.3
5267,355.0,4260.0,66.5
5268,352.0,4224.0,66.4
5269,339.0,4068.0,66.4
5270,358.0,4296.0,66.3
5271,329.0,3948.0,66.6
5272,318.0,3816.0,66.4
5273,301.0,3612.0,66.5
5274,291.0,3492.0,66.5
5275,352.0,4224.0,66.2
5276,395.0,4740.0,65.9
5277,379.0,4548.0,65.7
5278,373.0,4476.0,65.4
5279,358.0,4296.0,65.6
5280,329.0,3948.0,65.8
5281,393.0,4716.0,65.8
5282,393.0,4716.0,65.5
5283,349.0,4188.0,66.1
5284,366.0,4392.0,65.7
5285,393.0,4716.0,65.9
5286,393.0,4716.0,66.0
5287,396.0,4752.0,66.2
5288,395.0,4740.0,65.7
5289,399.0,4788.0,65.8
5290,391.0,4692.0,66.0
5291,379.0,4548.0,65.7
5292,373.0,4476.0,65.2
5293,362.0,4344.0,64.9
5294,368.0,4416.0,64.8
5295,368.0,4416.0,64.6
5296,366.0,4392.0,64.5
5297,368.0,4416.0,64.5
5298,362.0,4344.0,64.6
5299,365.0,4380.0,64.7
5300,367.0,4404.0,64.7
5301,369.0,4428.0,64.5
5302,359.0,4308.0,64.3
5303,353.0,4236.0,64.1
5304,343.0,4116.0,64.3
5305,346.0,4152.0,64.4
5306,350.0,4200.0,64.4
5307,355.0,4260.0,64.9
5308,347.0,4164.0,64.5
5309,350.0,4200.0,64.3
5310,352.0,4224.0,64.0
5311,358.0,4296.0,64.1
5312,361.0,4332.0,64.0
5313,358.0,4296.0,64.2
5314,358.0,4296.0,64.0
5315,350.0,4200.0,63.9
5316,343.0,4116.0,63.9
5317,355.0,4260.0,63.9
5318,358.0,4296.0,63.8
5319,363.0,4356.0,63.9
5320,361.0,4332.0,64.1
5321,361.0,4332.0,64.3
5322,355.0,4260.0,64.0
5323,368.0,4416.0,64.5
5324,373.0,4476.0,64.4
5325,369.0,4428.0,64.2
5326,361.0,4332.0,64.5
5327,359.0,4308.0,64.4
5328,358.0,4296.0,64.2
5329,359.0,4308.0,64.2
5330,368.0,4416.0,64.3
5331,370.0,4440.0,64.4
5332,367.0,4404.0,64.5
5333,368.0,4416.0,64.4
5334,373.0,4476.0,64.2
5335,375.0,4500.0,64.3
5336,370.0,4440.0,64.9
5337,368.0,4416.0,64.4
5338,366.0,4392.0,64.6
5339,368.0,4416.0,64.8
5340,360.0,4320.0,64.3
5341,358.0,4296.0,64.2
5342,369.0,4428.0,65.3
5343,376.0,4512.0,65.2
5344,373.0,4476.0,65.2
5345,378.0,4536.0,64.8
5346,375.0,4500.0,64.5
5347,381.0,4572.0,64.8
5348,385.0,4620.0,64.3
5349,391.0,4692.0,64.3
5350,391.0,4692.0,64.1
5351,391.0,4692.0,64.2
5352,391.0,4692.0,64.2
5353,393.0,4716.0,64.2
5354,402.0,4824.0,64.4
5355,411.0,4932.0,64.4
5356,413.0,4956.0,64.5
5357,419.0,5028.0,64.3
5358,419.0,5028.0,64.4
5359,426.0,5112.0,64.3
5360,434.0,5208.0,64.4
5361,454.0,5448.0,64.9
5362,478.0,5736.0,64.7
5363,486.0,5832.0,64.3
5364,489.0,5868.0,64.2
5365,487.0,5844.0,64.0
5366,469.0,5628.0,63.7
5367,487.0,5844.0,64.0
5368,499.0,5988.0,63.8
5369,481.0,5772.0,63.4
5370,489.0,5868.0,63.8
5371,478.0,5736.0,63.2
5372,463.0,5556.0,63.2
5373,449.0,5388.0,62.2
5374,474.0,5688.0,62.9
5375,460.0,5520.0,63.2
5376,452.0,5424.0,63.7
5377,471.0,5652.0,64.1
5378,467.0,5604.0,64.4
5379,444.0,5328.0,64.6
5380,445.0,5340.0,64.6
5381,463.0,5556.0,64.7
5382,445.0,5340.0,65.1
5383,430.0,5160.0,65.2
5384,457.0,5484.0,64.6
5385,442.0,5304.0,62.7
5386,467.0,5604.0,63.3
5387,449.0,5388.0,63.2
5388,444.0,5328.0,63.3
5389,456.0,5472.0,64.4
5390,479.0,5748.0,64.4
5391,460.0,5520.0,64.2
5392,478.0,5736.0,63.7
5393,483.0,5796.0,63.1
5394,468.0,5616.0,62.2
5395,466.0,5592.0,61.9
5396,456.0,5472.0,63.7
5397,456.0,5472.0,66.1
5398,449.0,5388.0,66.8
5399,478.0,5736.0,67.2
5400,448.0,5376.0,67.2
5401,411.0,4932.0,67.5
5402,395.0,4740.0,67.7
5403,407.0,4884.0,68.2
5404,395.0,4740.0,68.5
5405,400.0,4800.0,68.7
5406,366.0,4392.0,68.7
5407,349.0,4188.0,68.8
5408,379.0,4548.0,68.9
5409,363.0,4356.0,69.1
5410,355.0,4260.0,69.2
5411,333.0,3996.0,69.8
5412,321.0,3852.0,68.9
5413,327.0,3924.0,69.1
5414,332.0,3984.0,69.6
5415,339.0,4068.0,69.5
5416,333.0,3996.0,69.7
5417,326.0,3912.0,69.9
5418,324.0,3888.0,69.8
5419,305.0,3660.0,69.3
5420,309.0,3708.0,69.2
5421,305.0,3660.0,68.8
5422,308.0,3696.0,68.5
5423,301.0,3612.0,68.3
5424,291.0,3492.0,68.3
5425,300.0,3600.0,68.5
5426,288.0,3456.0,68.6
5427,273.0,3276.0,68.4
5428,286.0,3432.0,68.7
5429,291.0,3492.0,68.6
5430,283.0,3396.0,68.5
5431,268.0,3216.0,68.5
5432,268.0,3216.0,68.6
5433,251.0,3012.0,68.7
5434,265.0,3180.0,68.8
5435,242.0,2904.0,68.8
5436,253.0,3036.0,69.6
5437,251.0,3012.0,69.8
5438,235.0,2820.0,70.0
5439,254.0,3048.0,70.3
5440,247.0,2964.0,70.2
5441,259.0,3108.0,70.4
5442,232.0,2784.0,70.5
5443,225.0,2700.0,70.2
5444,227.0,2724.0,70.1
5445,244.0,2928.0,69.9
5446,218.0,2616.0,70.1
5447,225.0,2700.0,69.8
5448,213.0,2556.0,69.7
5449,221.0,2652.0,70.0
5450,205.0,2460.0,70.0
5451,224.0,2688.0,70.0
5452,209.0,2508.0,70.5
5453,194.0,2328.0,70.5
5454,175.0,2100.0,70.5
5455,182.0,2184.0,70.2
5456,175.0,2100.0,70.1
5457,172.0,2064.0,70.1
5458,172.0,2064.0,69.9
5459,147.0,1764.0,69.7
5460,144.0,1728.0,69.9
5461,149.0,1788.0,70.1
5462,158.0,1896.0,70.0
5463,151.0,1812.0,70.4
5464,151.0,1812.0,70.3
5465,131.0,1572.0,70.4
5466,131.0,1572.0,70.4
5467,123.0,1476.0,70.1
5468,120.0,1440.0,70.0
5469,123.0,1476.0,69.9
5470,116.0,1392.0,69.6
5471,108.0,1296.0,69.9
5472,100.0,1200.0,70.6
5473,100.0,1200.0,70.3
5474,109.0,1308.0,70.4
5475,109.0,1308.0,70.4
5476,100.0,1200.0,69.8
5477,90.0,1080.0,70.2
5478,82.0,984.0,69.9
5479,75.0,900.0,69.7
5480,78.0,936.0,69.5
5481,79.0,948.0,69.1
5482,72.0,864.0,69.2
5483,72.0,864.0,69.2
5484,67.0,804.0,69.5
5485,67.0,804.0,69.1
5486,72.0,864.0,69.3
5487,75.0,900.0,69.5
5488,74.0,888.0,69.4
5489,62.0,744.0,69.2
5490,64.0,768.0,69.1
5491,55.0,660.0,69.2
5492,67.0,804.0,69.0
5493,67.0,804.0,69.1
5494,67.0,804.0,68.8
5495,60.0,720.0,69.0
5496,59.0,708.0,69.3
5497,64.0,768.0,69.4
5498,64.0,768.0,69.3
5499,64.0,768.0,69.1
5500,62.0,744.0,69.3
5501,55.0,660.0,68.9
5502,50.0,600.0,68.9
5503,55.0,660.0,68.7
5504,52.0,624.0,68.8
5505,59.0,708.0,68.8
5506,57.0,684.0,68.6
5507,50.0,600.0,68.6
5508,50.0,600.0,68.5
5509,52.0,624.0,68.5
5510,57.0,684.0,68.4
5511,62.0,744.0,68.6
5512,61.0,732.0,68.6
5513,62.0,744.0,69.0
5514,64.0,768.0,68.8
5515,70.0,840.0,68.8
5516,78.0,936.0,69.0
5517,81.0,972.0,69.5
5518,78.0,936.0,69.3
5519,79.0,948.0,69.3
5520,79.0,948.0,69.1
5521,85.0,1020.0,69.2
5522,98.0,1176.0,69.1
5523,101.0,1212.0,69.3
5524,111.0,1332.0,69.6
5525,127.0,1524.0,69.5
5526,142.0,1704.0,69.7
5527,149.0,1788.0,70.0
5528,175.0,2100.0,70.3
5529,186.0,2232.0,70.1
5530,178.0,2136.0,70.2
5531,171.0,2052.0,70.3
5532,175.0,2100.0,70.1
5533,190.0,2280.0,70.0
5534,227.0,2724.0,70.0
5535,250.0,3000.0,70.5
5536,261.0,3132.0,70.4
5537,277.0,3324.0,70.3
5538,299.0,3588.0,69.4
5539,318.0,3816.0,69.9
5540,343.0,4116.0,70.4
5541,352.0,4224.0,70.2
5542,344.0,4128.0,70.2
5543,320.0,3840.0,70.4
5544,320.0,3840.0,67.9
5545,322.0,3864.0,66.9
5546,328.0,3936.0,66.3
5547,306.0,3672.0,66.1
5548,343.0,4116.0,66.0
5549,321.0,3852.0,66.1
5550,318.0,3816.0,66.1
5551,328.0,3936.0,66.1
5552,382.0,4584.0,66.2
5553,338.0,4056.0,66.3
5554,338.0,4056.0,66.3
5555,373.0,4476.0,66.5
5556,399.0,4788.0,66.5
5557,376.0,4512.0,66.5
5558,341.0,4092.0,66.3
5559,361.0,4332.0,66.3
5560,381.0,4572.0,66.3
5561,309.0,3708.0,66.5
5562,350.0,4200.0,66.3
5563,384.0,4608.0,66.4
5564,411.0,4932.0,66.1
5565,436.0,5232.0,66.0
5566,433.0,5196.0,66.1
5567,406.0,4872.0,66.0
5568,396.0,4752.0,66.1
5569,396.0,4752.0,65.8
5570,402.0,4824.0,66.0
5571,404.0,4848.0,65.8
5572,400.0,4800.0,65.7
5573,395.0,4740.0,66.0
5574,389.0,4668.0,65.6
5575,402.0,4824.0,65.8
5576,399.0,4788.0,65.7
5577,396.0,4752.0,65.6
5578,396.0,4752.0,65.6
5579,381.0,4572.0,65.7
5580,367.0,4404.0,65.7
5581,361.0,4332.0,65.3
5582,363.0,4356.0,65.2
5583,367.0,4404.0,65.1
5584,366.0,4392.0,65.1
5585,368.0,4416.0,64.8
5586,367.0,4404.0,64.8
5587,367.0,4404.0,64.8
5588,373.0,4476.0,64.7
5589,365.0,4380.0,64.2
5590,361.0,4332.0,64.2
5591,352.0,4224.0,64.2
5592,346.0,4152.0,64.1
5593,340.0,4080.0,64.3
5594,350.0,4200.0,64.3
5595,350.0,4200.0,63.9
5596,349.0,4188.0,64.0
5597,352.0,4224.0,64.1
5598,355.0,4260.0,64.2
5599,358.0,4296.0,63.7
5600,361.0,4332.0,64.1
5601,362.0,4344.0,64.0
5602,359.0,4308.0,64.0
5603,353.0,4236.0,63.4
5604,347.0,4164.0,64.1
5605,353.0,4236.0,64.2
5606,365.0,4380.0,64.0
5607,361.0,4332.0,63.9
5608,355.0,4260.0,64.4
5609,353.0,4236.0,64.5
5610,353.0,4236.0,63.8
5611,358.0,4296.0,64.4
5612,358.0,4296.0,64.4
5613,363.0,4356.0,63.8
5614,363.0,4356.0,64.0
5615,360.0,4320.0,64.3
5616,368.0,4416.0,64.2
5617,370.0,4440.0,64.2
5618,373.0,4476.0,64.0
5619,379.0,4548.0,64.2
5620,375.0,4500.0,64.2
5621,376.0,4512.0,64.9
5622,375.0,4500.0,64.5
5623,375.0,4500.0,64.4
5624,384.0,4608.0,64.1
5625,379.0,4548.0,64.3
5626,376.0,4512.0,64.1
5627,381.0,4572.0,64.2
5628,376.0,4512.0,64.3
5629,379.0,4548.0,64.1
5630,381.0,4572.0,64.1
5631,391.0,4692.0,64.4
5632,391.0,4692.0,64.8
5633,399.0,4788.0,64.5
5634,391.0,4692.0,64.4
5635,396.0,4752.0,64.6
5636,402.0,4824.0,64.2
5637,411.0,4932.0,64.3
5638,407.0,4884.0,64.5
5639,406.0,4872.0,64.5
5640,402.0,4824.0,64.5
5641,404.0,4848.0,64.2
5642,414.0,4968.0,64.6
5643,419.0,5028.0,64.6
5644,424.0,5088.0,64.5
5645,428.0,5136.0,64.5
5646,434.0,5208.0,64.4
5647,430.0,5160.0,64.6
5648,442.0,5304.0,64.6
5649,466.0,5592.0,64.6
5650,452.0,5424.0,64.6
5651,448.0,5376.0,64.5
5652,467.0,5604.0,63.7
5653,448.0,5376.0,64.1
5654,449.0,5388.0,64.0
5655,462.0,5544.0,63.8
5656,460.0,5520.0,64.0
5657,466.0,5592.0,63.8
5658,481.0,5772.0,63.7
5659,455.0,5460.0,64.1
5660,448.0,5376.0,64.4
5661,454.0,5448.0,62.6
5662,455.0,5460.0,61.1
5663,462.0,5544.0,61.1
5664,467.0,5604.0,61.3
5665,460.0,5520.0,62.2
5666,484.0,5808.0,62.6
5667,463.0,5556.0,62.8
5668,448.0,5376.0,62.6
5669,460.0,5520.0,61.3
5670,468.0,5616.0,61.9
5671,478.0,5736.0,62.5
5672,462.0,5544.0,63.8
5673,451.0,5412.0,62.4
5674,449.0,5388.0,62.9
5675,443.0,5316.0,63.1
5676,434.0,5208.0,63.6
5677,449.0,5388.0,62.8
5678,463.0,5556.0,62.5
5679,462.0,5544.0,62.7
5680,462.0,5544.0,62.7
5681,454.0,5448.0,63.0
5682,448.0,5376.0,63.7
5683,466.0,5592.0,64.4
5684,463.0,5556.0,64.6
5685,433.0,5196.0,64.9
5686,426.0,5112.0,65.0
5687,452.0,5424.0,66.4
5688,437.0,5244.0,66.9
5689,422.0,5064.0,67.4
5690,436.0,5232.0,67.5
5691,424.0,5088.0,67.7
5692,408.0,4896.0,67.8
5693,424.0,5088.0,68.1
5694,419.0,5028.0,68.1
5695,393.0,4716.0,68.3
5696,368.0,4416.0,68.2
5697,373.0,4476.0,68.2
5698,360.0,4320.0,68.6
5699,340.0,4080.0,68.5
5700,324.0,3888.0,68.6
5701,343.0,4116.0,68.8
5702,343.0,4116.0,68.8
5703,353.0,4236.0,69.0
5704,339.0,4068.0,68.8
5705,343.0,4116.0,68.9
5706,335.0,4020.0,68.8
5707,308.0,3696.0,68.7
5708,306.0,3672.0,68.5
5709,301.0,3612.0,68.5
5710,305.0,3660.0,68.4
5711,312.0,3744.0,68.3
5712,286.0,3432.0,68.5
5713,296.0,3552.0,68.4
5714,299.0,3588.0,68.7
5715,316.0,3792.0,68.7
5716,279.0,3348.0,68.6
5717,280.0,3360.0,68.6
5718,291.0,3492.0,68.5
5719,292.0,3504.0,68.4
5720,265.0,3180.0,68.9
5721,270.0,3240.0,68.8
5722,272.0,3264.0,68.7
5723,274.0,3288.0,68.9
5724,276.0,3312.0,69.4
5725,257.0,3084.0,70.0
5726,257.0,3084.0,70.2
5727,259.0,3108.0,69.8
5728,254.0,3048.0,70.2
5729,265.0,3180.0,70.1
5730,249.0,2988.0,70.0
5731,247.0,2964.0,70.1
5732,242.0,2904.0,69.9
5733,242.0,2904.0,70.1
5734,249.0,2988.0,70.1
5735,227.0,2724.0,70.1
5736,225.0,2700.0,70.2
5737,206.0,2472.0,70.0
5738,218.0,2616.0,70.1
5739,218.0,2616.0,70.4
5740,203.0,2436.0,70.2
5741,203.0,2436.0,69.9
5742,184.0,2208.0,69.9
5743,194.0,2328.0,69.9
5744,186.0,2232.0,69.9
5745,180.0,2160.0,70.0
5746,168.0,2016.0,69.9
5747,163.0,1956.0,69.7
5748,158.0,1896.0,69.9
5749,142.0,1704.0,70.8
5750,160.0,1920.0,70.0
5751,165.0,1980.0,70.0
5752,146.0,1752.0,69.7
5753,146.0,1752.0,69.3
5754,134.0,1608.0,69.5
5755,134.0,1608.0,69.3
5756,136.0,1632.0,69.0
5757,129.0,1548.0,69.4
5758,117.0,1404.0,69.1
5759,119.0,1428.0,69.0
5760,108.0,1296.0,70.9
5761,109.0,1308.0,70.4
5762,111.0,1332.0,70.3
5763,113.0,1356.0,70.3
5764,98.0,1176.0,69.4
5765,85.0,1020.0,69.6
5766,95.0,1140.0,69.3
5767,81.0,972.0,69.0
5768,82.0,984.0,69.4
5769,79.0,948.0,69.0
5770,74.0,888.0,69.2
5771,75.0,900.0,69.0
5772,67.0,804.0,69.3
5773,67.0,804.0,69.1
5774,75.0,900.0,69.4
5775,64.0,768.0,69.5
5776,72.0,864.0,69.2
5777,67.0,804.0,69.6
5778,62.0,744.0,69.2
5779,62.0,744.0,69.0
5780,72.0,864.0,68.9
5781,72.0,864.0,68.9
5782,70.0,840.0,69.3
5783,60.0,720.0,68.9
5784,59.0,708.0,69.0
5785,55.0,660.0,69.5
5786,64.0,768.0,69.5
5787,70.0,840.0,69.9
5788,56.0,672.0,69.4
5789,60.0,720.0,69.0
5790,55.0,660.0,69.0
5791,53.0,636.0,68.9
5792,60.0,720.0,69.0
5793,57.0,684.0,68.9
5794,60.0,720.0,68.6
5795,55.0,660.0,68.4
5796,52.0,624.0,68.5
5797,55.0,660.0,68.6
5798,59.0,708.0,69.0
5799,60.0,720.0,68.9
5800,62.0,744.0,69.2
5801,64.0,768.0,68.9
5802,67.0,804.0,69.0
5803,74.0,888.0,69.1
5804,77.0,924.0,69.3
5805,85.0,1020.0,69.3
5806,84.0,1008.0,69.4
5807,81.0,972.0,69.6
5808,85.0,1020.0,69.2
5809,88.0,1056.0,69.0
5810,98.0,1176.0,69.1
5811,101.0,1212.0,69.0
5812,119.0,1428.0,69.4
5813,126.0,1512.0,69.5
5814,138.0,1656.0,69.5
5815,163.0,1956.0,69.5
5816,172.0,2064.0,70.1
5817,178.0,2136.0,70.2
5818,184.0,2208.0,70.3
5819,190.0,2280.0,70.2
5820,183.0,2196.0,70.2
5821,201.0,2412.0,70.1
5822,227.0,2724.0,69.9
5823,259.0,3108.0,70.0
5824,267.0,3204.0,70.0
5825,277.0,3324.0,69.9
5826,301.0,3612.0,70.0
5827,324.0,3888.0,70.4
5828,335.0,4020.0,70.3
5829,346.0,4152.0,70.5
5830,343.0,4116.0,71.2
5831,332.0,3984.0,70.7
5832,327.0,3924.0,68.6
5833,329.0,3948.0,67.2
5834,352.0,4224.0,66.7
5835,367.0,4404.0,66.5
5836,389.0,4668.0,66.5
5837,381.0,4572.0,66.3
5838,382.0,4584.0,66.3
5839,400.0,4800.0,66.3
5840,375.0,4500.0,66.4
5841,312.0,3744.0,66.3
5842,379.0,4548.0,66.5
5843,339.0,4068.0,66.6
5844,387.0,4644.0,66.5
5845,355.0,4260.0,66.7
5846,427.0,5124.0,66.5
5847,385.0,4620.0,66.7
5848,424.0,5088.0,66.6
5849,385.0,4620.0,66.6
5850,420.0,5040.0,66.5
5851,393.0,4716.0,66.3
5852,422.0,5064.0,66.3
5853,429.0,5148.0,66.0
5854,434.0,5208.0,66.1
5855,425.0,5100.0,66.2
5856,402.0,4824.0,66.1
5857,396.0,4752.0,65.9
5858,399.0,4788.0,65.8
5859,406.0,4872.0,65.8
5860,402.0,4824.0,65.8
5861,396.0,4752.0,65.7
5862,391.0,4692.0,65.7
5863,391.0,4692.0,65.7
5864,393.0,4716.0,65.7
5865,399.0,4788.0,65.2
5866,402.0,4824.0,65.2
5867,382.0,4584.0,65.4
5868,369.0,4428.0,65.1
5869,367.0,4404.0,65.1
5870,370.0,4440.0,64.8
5871,373.0,4476.0,64.7
5872,373.0,4476.0,64.4
5873,370.0,4440.0,64.4
5874,366.0,4392.0,64.5
5875,366.0,4392.0,64.7
5876,368.0,4416.0,64.7
5877,373.0,4476.0,64.4
5878,370.0,4440.0,64.5
5879,366.0,4392.0,64.3
5880,358.0,4296.0,64.3
5881,355.0,4260.0,63.9
5882,359.0,4308.0,64.0
5883,365.0,4380.0,63.9
5884,363.0,4356.0,63.9
5885,365.0,4380.0,63.9
5886,365.0,4380.0,63.9
5887,365.0,4380.0,63.9
5888,369.0,4428.0,64.0
5889,369.0,4428.0,63.9
5890,368.0,4416.0,64.0
5891,363.0,4356.0,64.2
5892,359.0,4308.0,64.3
5893,362.0,4344.0,63.9
5894,366.0,4392.0,63.8
5895,373.0,4476.0,63.8
5896,369.0,4428.0,64.0
5897,376.0,4512.0,63.9
5898,376.0,4512.0,63.9
5899,375.0,4500.0,63.9
5900,379.0,4548.0,64.1
5901,378.0,4536.0,64.3
5902,382.0,4584.0,64.0
5903,378.0,4536.0,64.0
5904,370.0,4440.0,64.5
5905,379.0,4548.0,64.5
5906,376.0,4512.0,64.0
5907,381.0,4572.0,64.2
5908,385.0,4620.0,64.2
5909,382.0,4584.0,65.0
5910,381.0,4572.0,65.0
5911,391.0,4692.0,64.9
5912,387.0,4644.0,64.9
5913,391.0,4692.0,64.2
5914,389.0,4668.0,64.4
5915,379.0,4548.0,64.6
5916,384.0,4608.0,64.1
5917,385.0,4620.0,64.9
5918,387.0,4644.0,65.1
5919,393.0,4716.0,64.5
5920,400.0,4800.0,64.2
5921,391.0,4692.0,63.8
5922,391.0,4692.0,63.9
5923,399.0,4788.0,64.2
5924,407.0,4884.0,64.2
5925,416.0,4992.0,64.3
5926,407.0,4884.0,64.1
5927,411.0,4932.0,63.9
5928,408.0,4896.0,63.5
5929,410.0,4920.0,63.7
5930,422.0,5064.0,63.6
5931,427.0,5124.0,63.8
5932,442.0,5304.0,63.8
5933,429.0,5148.0,64.0
5934,429.0,5148.0,63.8
5935,433.0,5196.0,63.9
5936,442.0,5304.0,63.8
5937,462.0,5544.0,63.3
5938,460.0,5520.0,62.8
5939,469.0,5628.0,62.7
5940,471.0,5652.0,62.0
5941,452.0,5424.0,61.6
5942,483.0,5796.0,60.9
5943,468.0,5616.0,60.9
5944,462.0,5544.0,60.6
5945,469.0,5628.0,60.4
5946,440.0,5280.0,60.0
5947,474.0,5688.0,60.0
5948,473.0,5676.0,60.0
5949,460.0,5520.0,59.2
5950,445.0,5340.0,57.6
5951,448.0,5376.0,58.0
5952,458.0,5496.0,56.2
5953,449.0,5388.0,57.5
5954,454.0,5448.0,58.9
5955,454.0,5448.0,58.3
5956,467.0,5604.0,58.6
5957,451.0,5412.0,59.1
5958,460.0,5520.0,59.1
5959,445.0,5340.0,59.2
5960,455.0,5460.0,59.5
5961,460.0,5520.0,59.9
5962,454.0,5448.0,59.8
5963,460.0,5520.0,59.1
5964,445.0,5340.0,59.4
5965,445.0,5340.0,59.8
5966,460.0,5520.0,59.6
5967,460.0,5520.0,58.8
5968,452.0,5424.0,58.5
5969,448.0,5376.0,57.2
5970,456.0,5472.0,59.1
5971,445.0,5340.0,59.2
5972,445.0,5340.0,59.5
5973,467.0,5604.0,59.8
5974,454.0,5448.0,60.5
5975,425.0,5100.0,61.3
5976,428.0,5136.0,62.7
5977,436.0,5232.0,65.3
5978,458.0,5496.0,66.1
5979,434.0,5208.0,66.7
5980,410.0,4920.0,67.1
5981,422.0,5064.0,67.4
5982,429.0,5148.0,67.8
5983,419.0,5028.0,68.1
5984,400.0,4800.0,68.0
5985,411.0,4932.0,68.2
5986,422.0,5064.0,68.4
5987,391.0,4692.0,68.7
5988,363.0,4356.0,68.8
5989,385.0,4620.0,69.1
5990,352.0,4224.0,68.9
5991,370.0,4440.0,69.0
5992,350.0,4200.0,69.1
5993,352.0,4224.0,68.9
5994,346.0,4152.0,68.7
5995,350.0,4200.0,68.4
5996,314.0,3768.0,68.4
5997,333.0,3996.0,68.3
5998,343.0,4116.0,68.2
5999,318.0,3816.0,68.1
6000,340.0,4080.0,68.4
6001,322.0,3864.0,68.3
6002,324.0,3888.0,68.4
6003,339.0,4068.0,68.6
6004,332.0,3984.0,68.3
6005,333.0,3996.0,68.6
6006,324.0,3888.0,68.4
6007,312.0,3744.0,68.7
6008,316.0,3792.0,68.6
6009,305.0,3660.0,69.2
6010,294.0,3528.0,69.3
6011,277.0,3324.0,68.9
6012,276.0,3312.0,69.7
6013,285.0,3420.0,69.8
6014,280.0,3360.0,69.8
6015,298.0,3576.0,70.1
6016,299.0,3588.0,70.2
6017,283.0,3396.0,69.9
6018,296.0,3552.0,69.6
6019,280.0,3360.0,70.3
6020,267.0,3204.0,70.3
6021,254.0,3048.0,70.2
6022,261.0,3132.0,70.3
6023,259.0,3108.0,70.4
6024,238.0,2856.0,70.1
6025,238.0,2856.0,70.6
6026,247.0,2964.0,70.7
6027,233.0,2796.0,70.3
6028,233.0,2796.0,70.2
6029,228.0,2736.0,70.0
6030,221.0,2652.0,70.3
6031,219.0,2628.0,70.4
6032,216.0,2592.0,70.0
6033,194.0,2328.0,70.4
6034,193.0,2316.0,69.9
6035,177.0,2124.0,70.2
6036,175.0,2100.0,69.8
6037,167.0,2004.0,70.2
6038,175.0,2100.0,70.0
6039,163.0,1956.0,70.4
6040,163.0,1956.0,70.1
6041,157.0,1884.0,70.1
6042,152.0,1824.0,70.0
6043,139.0,1668.0,69.7
6044,151.0,1812.0,69.9
6045,146.0,1752.0,69.8
6046,134.0,1608.0,70.0
6047,119.0,1428.0,69.8
6048,119.0,1428.0,71.1
6049,126.0,1512.0,70.4
6050,125.0,1500.0,70.6
6051,119.0,1428.0,70.0
6052,111.0,1332.0,69.7
6053,96.0,1152.0,69.4
6054,93.0,1116.0,69.5
6055,97.0,1164.0,69.6
6056,96.0,1152.0,69.2
6057,88.0,1056.0,69.3
6058,84.0,1008.0,69.1
6059,77.0,924.0,69.7
6060,79.0,948.0,69.8
6061,85.0,1020.0,69.8
6062,75.0,900.0,69.3
6063,84.0,1008.0,70.0
6064,75.0,900.0,70.0
6065,77.0,924.0,69.4
6066,72.0,864.0,69.1
6067,74.0,888.0,69.4
6068,77.0,924.0,69.5
6069,72.0,864.0,69.4
6070,67.0,804.0,69.0
6071,64.0,768.0,69.0
6072,67.0,804.0,69.3
6073,64.0,768.0,69.5
6074,64.0,768.0,69.4
6075,64.0,768.0,69.8
6076,75.0,900.0,69.5
6077,67.0,804.0,69.2
6078,62.0,744.0,69.1
6079,67.0,804.0,69.3
6080,61.0,732.0,68.9
6081,61.0,732.0,69.0
6082,62.0,744.0,69.1
6083,57.0,684.0,68.9
6084,56.0,672.0,68.8
6085,64.0,768.0,68.5
6086,61.0,732.0,68.8
6087,79.0,948.0,68.9
6088,70.0,840.0,69.6
6089,67.0,804.0,69.5
6090,70.0,840.0,69.3
6091,74.0,888.0,69.2
6092,82.0,984.0,69.1
6093,85.0,1020.0,69.5
6094,82.0,984.0,69.6
6095,82.0,984.0,69.4
6096,85.0,1020.0,69.2
6097,88.0,1056.0,69.3
6098,101.0,1212.0,69.2
6099,111.0,1332.0,69.4
6100,120.0,1440.0,69.5
6101,136.0,1632.0,69.5
6102,144.0,1728.0,70.0
6103,165.0,1980.0,69.7
6104,167.0,2004.0,69.8
6105,190.0,2280.0,70.5
6106,188.0,2256.0,70.3
6107,186.0,2232.0,70.3
6108,187.0,2244.0,70.0
6109,193.0,2316.0,70.1
6110,224.0,2688.0,70.2
6111,239.0,2868.0,70.1
6112,253.0,3036.0,70.2
6113,272.0,3264.0,70.2
6114,285.0,3420.0,70.5
6115,303.0,3636.0,70.1
6116,321.0,3852.0,70.1
6117,337.0,4044.0,70.4
6118,327.0,3924.0,70.5
6119,306.0,3672.0,70.4
6120,308.0,3696.0,67.8
6121,318.0,3816.0,66.5
6122,332.0,3984.0,66.2
6123,353.0,4236.0,66.0
6124,368.0,4416.0,65.7
6125,373.0,4476.0,65.9
6126,385.0,4620.0,66.0
6127,388.0,4656.0,66.0
6128,391.0,4692.0,65.7
6129,416.0,4992.0,65.8
6130,402.0,4824.0,65.8
6131,385.0,4620.0,65.8
6132,378.0,4536.0,66.1
6133,385.0,4620.0,65.7
6134,402.0,4824.0,65.6
6135,411.0,4932.0,66.3
6136,410.0,4920.0,65.8
6137,420.0,5040.0,65.8
6138,428.0,5136.0,65.7
6139,428.0,5136.0,65.7
6140,432.0,5184.0,65.4
6141,428.0,5136.0,65.6
6142,416.0,4992.0,65.5
6143,408.0,4896.0,65.3
6144,391.0,4692.0,65.0
6145,384.0,4608.0,65.4
6146,384.0,4608.0,65.2
6147,391.0,4692.0,65.2
6148,384.0,4608.0,65.4
6149,382.0,4584.0,65.2
6150,379.0,4548.0,65.2
6151,381.0,4572.0,65.1
6152,388.0,4656.0,65.0
6153,389.0,4668.0,64.9
6154,384.0,4608.0,64.8
6155,379.0,4548.0,64.9
6156,365.0,4380.0,64.6
6157,361.0,4332.0,64.5
6158,359.0,4308.0,64.0
6159,363.0,4356.0,63.8
6160,368.0,4416.0,63.9
6161,370.0,4440.0,63.8
6162,373.0,4476.0,63.9
6163,376.0,4512.0,63.8
6164,381.0,4572.0,63.8
6165,384.0,4608.0,63.6
6166,378.0,4536.0,63.6
6167,370.0,4440.0,63.5
6168,366.0,4392.0,63.5
6169,369.0,4428.0,63.5
6170,376.0,4512.0,63.4
6171,384.0,4608.0,63.1
6172,382.0,4584.0,63.4
6173,381.0,4572.0,63.2
6174,376.0,4512.0,63.3
6175,381.0,4572.0,63.2
6176,391.0,4692.0,63.1
6177,391.0,4692.0,62.7
6178,391.0,4692.0,62.9
6179,385.0,4620.0,62.5
6180,385.0,4620.0,62.7
6181,388.0,4656.0,62.7
6182,402.0,4824.0,62.7
6183,391.0,4692.0,62.6
6184,411.0,4932.0,62.4
6185,419.0,5028.0,62.4
6186,395.0,4740.0,62.5
6187,396.0,4752.0,62.1
6188,399.0,4788.0,62.2
6189,393.0,4716.0,62.2
6190,402.0,4824.0,62.3
6191,395.0,4740.0,62.2
6192,402.0,4824.0,62.6
6193,396.0,4752.0,62.8
6194,402.0,4824.0,62.8
6195,407.0,4884.0,62.6
6196,406.0,4872.0,62.6
6197,408.0,4896.0,62.4
6198,402.0,4824.0,62.7
6199,402.0,4824.0,62.6
6200,411.0,4932.0,62.1
6201,408.0,4896.0,61.3
6202,410.0,4920.0,60.8
6203,402.0,4824.0,61.2
6204,404.0,4848.0,61.4
6205,402.0,4824.0,61.0
6206,410.0,4920.0,61.3
6207,419.0,5028.0,61.3
6208,419.0,5028.0,61.2
6209,414.0,4968.0,61.4
6210,414.0,4968.0,61.4
6211,422.0,5064.0,61.3
6212,425.0,5100.0,61.6
6213,425.0,5100.0,61.0
6214,426.0,5112.0,61.2
6215,424.0,5088.0,60.9
6216,416.0,4992.0,60.4
6217,422.0,5064.0,60.0
6218,426.0,5112.0,60.0
6219,427.0,5124.0,59.6
6220,427.0,5124.0,59.2
6221,428.0,5136.0,58.7
6222,428.0,5136.0,58.7
6223,425.0,5100.0,57.8
6224,430.0,5160.0,58.3
6225,436.0,5232.0,57.5
6226,434.0,5208.0,53.9
6227,432.0,5184.0,55.2
6228,428.0,5136.0,55.1
6229,432.0,5184.0,54.4
6230,434.0,5208.0,55.0
6231,437.0,5244.0,54.5
6232,433.0,5196.0,54.6
6233,432.0,5184.0,54.4
6234,429.0,5148.0,52.0
6235,427.0,5124.0,54.6
6236,436.0,5232.0,51.5
6237,434.0,5208.0,49.0
6238,432.0,5184.0,50.6
6239,424.0,5088.0,52.5
6240,422.0,5064.0,54.7
6241,429.0,5148.0,54.2
6242,430.0,5160.0,54.5
6243,433.0,5196.0,55.2
6244,430.0,5160.0,56.7
6245,429.0,5148.0,57.2
6246,416.0,4992.0,57.4
6247,429.0,5148.0,57.7
6248,430.0,5160.0,57.9
6249,434.0,5208.0,58.2
6250,432.0,5184.0,58.4
6251,424.0,5088.0,58.6
6252,419.0,5028.0,58.9
6253,426.0,5112.0,59.1
6254,437.0,5244.0,59.3
6255,443.0,5316.0,59.6
6256,440.0,5280.0,59.4
6257,430.0,5160.0,59.0
6258,426.0,5112.0,59.1
6259,414.0,4968.0,59.2
6260,414.0,4968.0,59.5
6261,413.0,4956.0,60.0
6262,419.0,5028.0,60.0
6263,396.0,4752.0,60.1
6264,410.0,4920.0,61.2
6265,406.0,4872.0,63.0
6266,417.0,5004.0,65.3
6267,410.0,4920.0,66.2
6268,400.0,4800.0,67.0
6269,411.0,4932.0,67.3
6270,385.0,4620.0,67.4
6271,400.0,4800.0,67.6
6272,411.0,4932.0,67.4
6273,404.0,4848.0,67.8
6274,385.0,4620.0,68.2
6275,381.0,4572.0,68.1
6276,393.0,4716.0,68.5
6277,402.0,4824.0,68.5
6278,396.0,4752.0,68.2
6279,396.0,4752.0,68.6
6280,393.0,4716.0,68.4
6281,376.0,4512.0,68.5
6282,367.0,4404.0,68.3
6283,369.0,4428.0,68.2
6284,358.0,4296.0,68.1
6285,373.0,4476.0,67.7
6286,359.0,4308.0,67.8
6287,352.0,4224.0,67.7
6288,359.0,4308.0,67.8
6289,368.0,4416.0,67.8
6290,373.0,4476.0,68.0
6291,335.0,4020.0,68.0
6292,360.0,4320.0,68.0
6293,369.0,4428.0,68.0
6294,352.0,4224.0,68.1
6295,344.0,4128.0,68.2
6296,347.0,4164.0,68.3
6297,318.0,3816.0,68.4
6298,332.0,3984.0,68.5
6299,333.0,3996.0,68.7
6300,314.0,3768.0,68.8
6301,324.0,3888.0,68.9
6302,350.0,4200.0,69.1
6303,332.0,3984.0,69.3
6304,326.0,3912.0,69.9
6305,308.0,3696.0,69.6
6306,306.0,3672.0,69.6
6307,300.0,3600.0,69.6
6308,302.0,3624.0,70.0
6309,306.0,3672.0,70.0
6310,318.0,3816.0,70.1
6311,283.0,3396.0,70.4
6312,272.0,3264.0,70.3
6313,286.0,3432.0,70.4
6314,296.0,3552.0,70.4
6315,291.0,3492.0,69.9
6316,270.0,3240.0,70.0
6317,267.0,3204.0,69.8
6318,259.0,3108.0,70.0
6319,259.0,3108.0,70.1
6320,228.0,2736.0,70.3
6321,239.0,2868.0,70.4
6322,232.0,2784.0,70.5
6323,227.0,2724.0,70.5
6324,210.0,2520.0,70.4
6325,219.0,2628.0,70.1
6326,206.0,2472.0,70.5
6327,204.0,2448.0,69.9
6328,198.0,2376.0,69.9
6329,200.0,2400.0,70.2
6330,201.0,2412.0,70.0
6331,180.0,2160.0,70.1
6332,186.0,2232.0,70.4
6333,192.0,2304.0,70.2
6334,178.0,2136.0,70.3
6335,178.0,2136.0,70.3
6336,165.0,1980.0,70.6
6337,164.0,1968.0,70.2
6338,157.0,1884.0,70.4
6339,171.0,2052.0,70.1
6340,147.0,1764.0,69.7
6341,144.0,1728.0,69.7
6342,131.0,1572.0,69.8
6343,126.0,1512.0,69.8
6344,128.0,1536.0,69.6
6345,123.0,1476.0,70.2
6346,116.0,1392.0,69.9
6347,111.0,1332.0,70.1
6348,113.0,1356.0,70.4
6349,111.0,1332.0,70.1
6350,111.0,1332.0,70.1
6351,108.0,1296.0,69.9
6352,98.0,1176.0,69.9
6353,100.0,1200.0,70.4
6354,95.0,1140.0,70.1
6355,95.0,1140.0,70.0
6356,93.0,1116.0,69.9
6357,90.0,1080.0,69.9
6358,90.0,1080.0,70.4
6359,90.0,1080.0,70.0
6360,93.0,1116.0,70.4
6361,88.0,1056.0,70.4
6362,78.0,936.0,70.3
6363,87.0,1044.0,69.9
6364,85.0,1020.0,69.9
6365,75.0,900.0,70.4
6366,78.0,936.0,70.2
6367,75.0,900.0,69.5
6368,81.0,972.0,69.8
6369,74.0,888.0,69.5
6370,70.0,840.0,69.7
6371,72.0,864.0,69.5
6372,70.0,840.0,69.9
6373,70.0,840.0,69.9
6374,67.0,804.0,69.8
6375,72.0,864.0,69.5
6376,75.0,900.0,69.7
6377,75.0,900.0,69.6
6378,67.0,804.0,69.6
6379,67.0,804.0,69.8
6380,64.0,768.0,69.7
6381,67.0,804.0,69.6
6382,82.0,984.0,69.7
6383,70.0,840.0,69.6
6384,67.0,804.0,69.7
6385,67.0,804.0,69.5
6386,72.0,864.0,69.4
6387,72.0,864.0,69.2
6388,70.0,840.0,69.6
6389,75.0,900.0,69.6
6390,75.0,900.0,69.8
6391,82.0,984.0,69.8
6392,88.0,1056.0,70.0
6393,90.0,1080.0,70.0
6394,91.0,1092.0,69.9
6395,100.0,1200.0,69.7
6396,88.0,1056.0,69.7
6397,93.0,1116.0,69.9
6398,100.0,1200.0,69.6
6399,123.0,1476.0,69.6
6400,138.0,1656.0,69.6
6401,123.0,1476.0,69.9
6402,129.0,1548.0,69.7
6403,136.0,1632.0,69.9
6404,147.0,1764.0,69.9
6405,175.0,2100.0,70.3
6406,165.0,1980.0,70.3
6407,175.0,2100.0,70.4
6408,180.0,2160.0,69.5
6409,196.0,2352.0,69.1
6410,201.0,2412.0,68.8
6411,201.0,2412.0,68.7
6412,231.0,2772.0,69.0
6413,212.0,2544.0,68.8
6414,225.0,2700.0,69.0
6415,227.0,2724.0,69.1
6416,224.0,2688.0,69.4
6417,239.0,2868.0,69.4
6418,259.0,3108.0,69.8
6419,255.0,3060.0,69.5
6420,268.0,3216.0,68.9
6421,268.0,3216.0,68.0
6422,273.0,3276.0,67.7
6423,265.0,3180.0,67.3
6424,294.0,3528.0,67.4
6425,309.0,3708.0,67.3
6426,303.0,3636.0,67.5
6427,308.0,3696.0,67.5
6428,309.0,3708.0,67.7
6429,308.0,3696.0,67.6
6430,318.0,3816.0,67.4
6431,353.0,4236.0,67.4
6432,306.0,3672.0,67.2
6433,316.0,3792.0,67.3
6434,316.0,3792.0,67.2
6435,338.0,4056.0,66.8
6436,326.0,3912.0,67.1
6437,355.0,4260.0,67.4
6438,335.0,4020.0,67.3
6439,358.0,4296.0,67.2
6440,335.0,4020.0,67.4
6441,343.0,4116.0,67.2
6442,343.0,4116.0,67.0
6443,340.0,4080.0,67.5
6444,332.0,3984.0,67.6
6445,329.0,3948.0,67.2
6446,335.0,4020.0,67.1
6447,344.0,4128.0,66.9
6448,347.0,4164.0,67.0
6449,352.0,4224.0,66.8
6450,355.0,4260.0,66.9
6451,359.0,4308.0,67.0
6452,369.0,4428.0,66.4
6453,373.0,4476.0,66.5
6454,369.0,4428.0,66.6
6455,361.0,4332.0,66.6
6456,360.0,4320.0,66.7
6457,350.0,4200.0,66.6
6458,361.0,4332.0,66.5
6459,363.0,4356.0,66.4
6460,369.0,4428.0,66.5
6461,375.0,4500.0,66.4
6462,381.0,4572.0,66.3
6463,384.0,4608.0,66.2
6464,388.0,4656.0,66.0
6465,387.0,4644.0,66.1
6466,385.0,4620.0,66.1
6467,385.0,4620.0,66.0
6468,391.0,4692.0,65.7
6469,391.0,4692.0,66.1
6470,391.0,4692.0,66.2
6471,391.0,4692.0,66.3
6472,393.0,4716.0,66.3
6473,393.0,4716.0,66.7
6474,396.0,4752.0,66.6
6475,391.0,4692.0,66.5
6476,396.0,4752.0,66.4
6477,399.0,4788.0,66.5
6478,396.0,4752.0,66.5
6479,399.0,4788.0,66.5
6480,399.0,4788.0,66.7
6481,400.0,4800.0,66.7
6482,406.0,4872.0,66.8
6483,410.0,4920.0,66.2
6484,406.0,4872.0,66.2
6485,404.0,4848.0,66.3
6486,404.0,4848.0,66.3
6487,408.0,4896.0,66.4
6488,404.0,4848.0,65.8
6489,404.0,4848.0,66.5
6490,408.0,4896.0,66.4
6491,402.0,4824.0,66.5
6492,404.0,4848.0,66.7
6493,402.0,4824.0,66.7
6494,410.0,4920.0,66.9
6495,410.0,4920.0,66.4
6496,407.0,4884.0,66.7
6497,410.0,4920.0,66.9
6498,410.0,4920.0,66.9
6499,408.0,4896.0,66.8
6500,411.0,4932.0,66.8
6501,413.0,4956.0,66.7
6502,404.0,4848.0,66.9
6503,402.0,4824.0,66.7
6504,402.0,4824.0,66.8
6505,399.0,4788.0,67.0
6506,402.0,4824.0,67.1
6507,404.0,4848.0,66.8
6508,410.0,4920.0,67.0
6509,408.0,4896.0,67.0
6510,407.0,4884.0,67.0
6511,399.0,4788.0,67.2
6512,410.0,4920.0,67.1
6513,408.0,4896.0,67.2
6514,411.0,4932.0,67.2
6515,413.0,4956.0,66.9
6516,399.0,4788.0,67.1
6517,402.0,4824.0,67.2
6518,408.0,4896.0,67.3
6519,413.0,4956.0,67.2
6520,410.0,4920.0,67.0
6521,410.0,4920.0,67.2
6522,402.0,4824.0,67.3
6523,402.0,4824.0,67.4
6524,406.0,4872.0,67.3
6525,410.0,4920.0,67.3
6526,406.0,4872.0,67.7
6527,400.0,4800.0,67.4
6528,391.0,4692.0,67.4
6529,396.0,4752.0,67.4
6530,404.0,4848.0,67.4
6531,408.0,4896.0,67.5
6532,402.0,4824.0,67.6
6533,406.0,4872.0,67.6
6534,406.0,4872.0,67.9
6535,407.0,4884.0,67.8
6536,404.0,4848.0,67.9
6537,408.0,4896.0,67.6
6538,416.0,4992.0,67.6
6539,391.0,4692.0,67.7
6540,393.0,4716.0,67.8
6541,393.0,4716.0,67.8
6542,396.0,4752.0,67.7
6543,393.0,4716.0,67.8
6544,402.0,4824.0,68.3
6545,393.0,4716.0,68.1
6546,391.0,4692.0,68.0
6547,389.0,4668.0,68.0
6548,385.0,4620.0,68.1
6549,385.0,4620.0,68.3
6550,381.0,4572.0,68.3
6551,375.0,4500.0,68.5
6552,370.0,4440.0,68.2
6553,370.0,4440.0,68.3
6554,373.0,4476.0,68.4
6555,370.0,4440.0,68.6
6556,381.0,4572.0,68.6
6557,382.0,4584.0,68.9
6558,363.0,4356.0,68.7
6559,360.0,4320.0,68.8
6560,358.0,4296.0,69.0
6561,350.0,4200.0,68.8
6562,340.0,4080.0,68.6
6563,338.0,4056.0,68.8
6564,352.0,4224.0,68.8
6565,333.0,3996.0,68.8
6566,333.0,3996.0,68.9
6567,332.0,3984.0,69.2
6568,335.0,4020.0,69.0
6569,324.0,3888.0,68.8
6570,314.0,3768.0,68.9
6571,316.0,3792.0,68.8
6572,318.0,3816.0,68.4
6573,324.0,3888.0,68.2
6574,312.0,3744.0,68.1
6575,305.0,3660.0,67.7
6576,305.0,3660.0,67.9
6577,303.0,3636.0,67.9
6578,303.0,3636.0,68.1
6579,308.0,3696.0,68.2
6580,305.0,3660.0,68.2
6581,298.0,3576.0,68.3
6582,288.0,3456.0,68.4
6583,294.0,3528.0,68.4
6584,303.0,3636.0,68.6
6585,294.0,3528.0,68.7
6586,280.0,3360.0,68.7
6587,296.0,3552.0,68.8
6588,291.0,3492.0,69.3
6589,294.0,3528.0,70.0
6590,274.0,3288.0,70.1
6591,292.0,3504.0,70.2
6592,294.0,3528.0,70.3
6593,306.0,3672.0,70.3
6594,292.0,3504.0,70.4
6595,274.0,3288.0,70.3
6596,280.0,3360.0,70.3
6597,268.0,3216.0,70.4
6598,271.0,3252.0,70.3
6599,294.0,3528.0,70.4
6600,262.0,3144.0,70.1
6601,262.0,3144.0,69.9
6602,265.0,3180.0,70.1
6603,257.0,3084.0,69.9
6604,254.0,3048.0,70.1
6605,276.0,3312.0,70.4
6606,273.0,3276.0,70.5
6607,250.0,3000.0,70.5
6608,249.0,2988.0,70.5
6609,235.0,2820.0,70.8
6610,250.0,3000.0,70.6
6611,247.0,2964.0,70.8
6612,239.0,2868.0,70.4
6613,228.0,2736.0,70.3
6614,218.0,2616.0,70.1
6615,219.0,2628.0,70.2
6616,228.0,2736.0,70.1
6617,193.0,2316.0,70.2
6618,194.0,2328.0,70.2
6619,186.0,2232.0,70.2
6620,186.0,2232.0,70.1
6621,175.0,2100.0,70.3
6622,184.0,2208.0,70.1
6623,178.0,2136.0,70.4
6624,157.0,1884.0,70.5
6625,167.0,2004.0,70.3
6626,160.0,1920.0,70.2
6627,151.0,1812.0,69.9
6628,157.0,1884.0,70.1
6629,147.0,1764.0,70.1
6630,129.0,1548.0,70.3
6631,134.0,1608.0,70.3
6632,131.0,1572.0,70.5
6633,119.0,1428.0,70.1
6634,116.0,1392.0,70.3
6635,115.0,1380.0,70.5
6636,108.0,1296.0,70.4
6637,101.0,1212.0,70.3
6638,105.0,1260.0,70.3
6639,105.0,1260.0,70.1
6640,97.0,1164.0,70.0
6641,93.0,1116.0,70.3
6642,85.0,1020.0,70.4
6643,85.0,1020.0,70.0
6644,82.0,984.0,70.4
6645,81.0,972.0,70.0
6646,82.0,984.0,70.4
6647,81.0,972.0,70.3
6648,78.0,936.0,70.4
6649,78.0,936.0,70.3
6650,77.0,924.0,70.3
6651,74.0,888.0,70.4
6652,72.0,864.0,70.3
6653,67.0,804.0,70.3
6654,64.0,768.0,70.4
6655,64.0,768.0,70.5
6656,62.0,744.0,70.4
6657,59.0,708.0,70.0
6658,57.0,684.0,70.1
6659,56.0,672.0,70.1
6660,52.0,624.0,70.4
6661,53.0,636.0,70.5
6662,52.0,624.0,70.4
6663,55.0,660.0,70.2
6664,52.0,624.0,70.3
6665,49.0,588.0,70.2
6666,48.0,576.0,70.5
6667,48.0,576.0,70.3
6668,47.0,564.0,70.2
6669,47.0,564.0,70.4
6670,44.0,528.0,70.2
6671,42.0,504.0,69.7
6672,44.0,528.0,70.0
6673,44.0,528.0,70.0
6674,44.0,528.0,70.1
6675,44.0,528.0,70.0
6676,44.0,528.0,70.1
6677,46.0,552.0,70.0
6678,46.0,552.0,69.9
6679,50.0,600.0,69.9
6680,52.0,624.0,70.2
6681,52.0,624.0,70.3
6682,50.0,600.0,70.1
6683,52.0,624.0,70.0
6684,49.0,588.0,70.0
6685,52.0,624.0,70.0
6686,53.0,636.0,70.2
6687,59.0,708.0,70.2
6688,60.0,720.0,70.0
6689,62.0,744.0,70.0
6690,64.0,768.0,69.8
6691,70.0,840.0,70.2
6692,75.0,900.0,70.0
6693,75.0,900.0,69.9
6694,75.0,900.0,70.0
6695,90.0,1080.0,70.1
6696,75.0,900.0,69.8
6697,82.0,984.0,70.0
6698,85.0,1020.0,69.9
6699,91.0,1092.0,70.1
6700,115.0,1380.0,70.1
6701,111.0,1332.0,70.1
6702,105.0,1260.0,70.3
6703,115.0,1380.0,70.6
6704,116.0,1392.0,70.6
6705,127.0,1524.0,70.6
6706,125.0,1500.0,70.7
6707,131.0,1572.0,70.8
6708,134.0,1608.0,70.4
6709,149.0,1788.0,70.5
6710,152.0,1824.0,70.4
6711,163.0,1956.0,70.3
6712,164.0,1968.0,70.2
6713,167.0,2004.0,70.5
6714,158.0,1896.0,70.6
6715,160.0,1920.0,70.5
6716,167.0,2004.0,70.7
6717,175.0,2100.0,70.5
6718,169.0,2028.0,70.7
6719,180.0,2160.0,70.7
6720,175.0,2100.0,70.1
6721,186.0,2232.0,69.8
6722,200.0,2400.0,69.6
6723,221.0,2652.0,70.1
6724,205.0,2460.0,70.0
6725,196.0,2352.0,70.0
6726,214.0,2568.0,69.8
6727,214.0,2568.0,69.9
6728,234.0,2808.0,69.8
6729,230.0,2760.0,69.8
6730,254.0,3048.0,69.6
6731,234.0,2808.0,69.7
6732,239.0,2868.0,69.2
6733,239.0,2868.0,69.3
6734,250.0,3000.0,69.1
6735,260.0,3120.0,69.3
6736,268.0,3216.0,69.0
6737,273.0,3276.0,69.0
6738,280.0,3360.0,69.0
6739,286.0,3432.0,69.0
6740,294.0,3528.0,68.9
6741,301.0,3612.0,68.8
6742,306.0,3672.0,68.8
6743,303.0,3636.0,69.1
6744,303.0,3636.0,68.5
6745,300.0,3600.0,68.5
6746,320.0,3840.0,68.3
6747,314.0,3768.0,68.3
6748,324.0,3888.0,68.2
6749,327.0,3924.0,68.1
6750,329.0,3948.0,68.0
6751,335.0,4020.0,68.2
6752,346.0,4152.0,68.1
6753,347.0,4164.0,68.1
6754,349.0,4188.0,68.1
6755,347.0,4164.0,68.2
6756,344.0,4128.0,68.1
6757,338.0,4056.0,67.8
6758,346.0,4152.0,67.7
6759,355.0,4260.0,67.8
6760,352.0,4224.0,67.5
6761,358.0,4296.0,67.7
6762,368.0,4416.0,67.5
6763,368.0,4416.0,67.5
6764,370.0,4440.0,67.3
6765,373.0,4476.0,67.3
6766,370.0,4440.0,67.3
6767,378.0,4536.0,67.1
6768,378.0,4536.0,67.1
6769,373.0,4476.0,67.3
6770,381.0,4572.0,67.2
6771,381.0,4572.0,67.3
6772,385.0,4620.0,66.9
6773,387.0,4644.0,66.7
6774,393.0,4716.0,67.0
6775,396.0,4752.0,66.6
6776,400.0,4800.0,66.6
6777,399.0,4788.0,66.6
6778,396.0,4752.0,66.5
6779,395.0,4740.0,66.8
6780,393.0,4716.0,66.8
6781,389.0,4668.0,66.8
6782,393.0,4716.0,66.7
6783,395.0,4740.0,66.7
6784,399.0,4788.0,66.4
6785,402.0,4824.0,66.3
6786,396.0,4752.0,66.1
6787,396.0,4752.0,66.3
6788,396.0,4752.0,66.3
6789,396.0,4752.0,65.9
6790,395.0,4740.0,66.4
6791,391.0,4692.0,66.1
6792,384.0,4608.0,66.3
6793,385.0,4620.0,66.4
6794,384.0,4608.0,66.5
6795,389.0,4668.0,66.6
6796,389.0,4668.0,66.7
6797,385.0,4620.0,66.7
6798,385.0,4620.0,66.5
6799,379.0,4548.0,66.6
6800,385.0,4620.0,66.7
6801,384.0,4608.0,66.8
6802,381.0,4572.0,66.7
6803,375.0,4500.0,66.9
6804,381.0,4572.0,67.0
6805,375.0,4500.0,66.9
6806,384.0,4608.0,66.7
6807,381.0,4572.0,67.0
6808,381.0,4572.0,66.6
6809,376.0,4512.0,66.7
6810,388.0,4656.0,66.7
6811,388.0,4656.0,66.7
6812,388.0,4656.0,66.7
6813,385.0,4620.0,67.2
6814,391.0,4692.0,67.0
6815,384.0,4608.0,66.8
6816,378.0,4536.0,67.0
6817,379.0,4548.0,66.9
6818,385.0,4620.0,67.2
6819,382.0,4584.0,67.3
6820,395.0,4740.0,66.8
6821,382.0,4584.0,66.8
6822,381.0,4572.0,66.9
6823,379.0,4548.0,67.2
6824,381.0,4572.0,67.1
6825,376.0,4512.0,67.1
6826,375.0,4500.0,67.2
6827,365.0,4380.0,67.5
6828,362.0,4344.0,67.4
6829,370.0,4440.0,67.5
6830,366.0,4392.0,67.6
6831,370.0,4440.0,67.5
6832,366.0,4392.0,68.1
6833,363.0,4356.0,68.0
6834,358.0,4296.0,68.3
6835,358.0,4296.0,68.2
6836,355.0,4260.0,68.0
6837,353.0,4236.0,67.9
6838,355.0,4260.0,68.1
6839,350.0,4200.0,68.3
6840,350.0,4200.0,68.1
6841,353.0,4236.0,68.2
6842,353.0,4236.0,68.2
6843,355.0,4260.0,68.0
6844,368.0,4416.0,67.7
6845,343.0,4116.0,68.1
6846,376.0,4512.0,68.0
6847,346.0,4152.0,67.9
6848,339.0,4068.0,67.9
6849,337.0,4044.0,67.8
6850,332.0,3984.0,67.8
6851,329.0,3948.0,67.9
6852,329.0,3948.0,67.7
6853,326.0,3912.0,67.7
6854,332.0,3984.0,67.5
6855,333.0,3996.0,67.3
6856,335.0,4020.0,67.3
6857,328.0,3936.0,67.1
6858,327.0,3924.0,66.8
6859,318.0,3816.0,66.6
6860,324.0,3888.0,66.3
6861,332.0,3984.0,66.1
6862,320.0,3840.0,65.9
6863,321.0,3852.0,65.8
6864,318.0,3816.0,65.4
6865,317.0,3804.0,65.7
6866,326.0,3912.0,65.9
6867,318.0,3816.0,65.6
6868,324.0,3888.0,66.0
6869,320.0,3840.0,65.5
6870,309.0,3708.0,65.5
6871,309.0,3708.0,65.7
6872,309.0,3708.0,65.5
6873,299.0,3588.0,66.1
6874,292.0,3504.0,66.0
6875,288.0,3456.0,66.2
6876,285.0,3420.0,68.1
6877,285.0,3420.0,68.9
6878,280.0,3360.0,69.5
6879,279.0,3348.0,69.8
6880,291.0,3492.0,70.1
6881,276.0,3312.0,70.0
6882,262.0,3144.0,70.3
6883,261.0,3132.0,70.3
6884,255.0,3060.0,70.3
6885,257.0,3084.0,70.4
6886,245.0,2940.0,70.5
6887,247.0,2964.0,70.7
6888,235.0,2820.0,70.4
6889,230.0,2760.0,70.3
6890,228.0,2736.0,70.4
6891,219.0,2628.0,70.3
6892,214.0,2568.0,70.2
6893,204.0,2448.0,70.4
6894,205.0,2460.0,70.2
6895,188.0,2256.0,70.2
6896,198.0,2376.0,70.4
6897,178.0,2136.0,70.1
6898,168.0,2016.0,70.4
6899,167.0,2004.0,70.5
6900,151.0,1812.0,70.5
6901,152.0,1824.0,70.2
6902,146.0,1752.0,70.4
6903,142.0,1704.0,70.3
6904,149.0,1788.0,70.1
6905,139.0,1668.0,70.4
6906,129.0,1548.0,70.4
6907,122.0,1464.0,70.3
6908,119.0,1428.0,70.6
6909,119.0,1428.0,70.2
6910,109.0,1308.0,69.7
6911,108.0,1296.0,70.0
6912,95.0,1140.0,71.3
6913,93.0,1116.0,70.6
6914,93.0,1116.0,70.4
6915,85.0,1020.0,70.6
6916,88.0,1056.0,70.2
6917,82.0,984.0,70.2
6918,77.0,924.0,70.4
6919,72.0,864.0,70.4
6920,67.0,804.0,70.1
6921,72.0,864.0,69.9
6922,64.0,768.0,69.7
6923,60.0,720.0,69.7
6924,59.0,708.0,70.2
6925,61.0,732.0,70.1
6926,62.0,744.0,70.3
6927,56.0,672.0,70.1
6928,55.0,660.0,70.1
6929,53.0,636.0,69.8
6930,49.0,588.0,69.6
6931,57.0,684.0,69.6
6932,48.0,576.0,69.6
6933,48.0,576.0,69.7
6934,50.0,600.0,69.4
6935,46.0,552.0,69.5
6936,48.0,576.0,69.6
6937,47.0,564.0,69.5
6938,46.0,552.0,69.5
6939,47.0,564.0,69.7
6940,46.0,552.0,69.5
6941,47.0,564.0,69.6
6942,46.0,552.0,69.5
6943,46.0,552.0,69.3
6944,47.0,564.0,69.5
6945,47.0,564.0,69.5
6946,46.0,552.0,69.4
6947,48.0,576.0,69.1
6948,48.0,576.0,69.5
6949,47.0,564.0,69.2
6950,52.0,624.0,69.3
6951,49.0,588.0,69.4
6952,55.0,660.0,69.3
6953,59.0,708.0,69.3
6954,61.0,732.0,69.4
6955,67.0,804.0,69.6
6956,74.0,888.0,69.8
6957,79.0,948.0,69.3
6958,75.0,900.0,69.5
6959,75.0,900.0,69.3
6960,77.0,924.0,69.4
6961,79.0,948.0,69.7
6962,90.0,1080.0,69.6
6963,98.0,1176.0,69.6
6964,115.0,1380.0,69.8
6965,119.0,1428.0,69.7
6966,134.0,1608.0,70.0
6967,152.0,1824.0,70.2
6968,162.0,1944.0,70.4
6969,180.0,2160.0,70.9
6970,169.0,2028.0,70.5
6971,169.0,2028.0,70.3
6972,184.0,2208.0,70.5
6973,195.0,2340.0,70.2
6974,210.0,2520.0,70.3
6975,239.0,2868.0,70.4
6976,253.0,3036.0,71.2
6977,254.0,3048.0,71.3
6978,294.0,3528.0,71.0
6979,303.0,3636.0,70.9
6980,322.0,3864.0,71.2
6981,335.0,4020.0,71.4
6982,327.0,3924.0,71.3
6983,309.0,3708.0,71.0
6984,305.0,3660.0,67.8
6985,311.0,3732.0,66.7
6986,332.0,3984.0,66.5
6987,352.0,4224.0,66.5
6988,365.0,4380.0,66.5
6989,343.0,4116.0,66.5
6990,332.0,3984.0,66.5
6991,322.0,3864.0,66.5
6992,321.0,3852.0,66.7
6993,370.0,4440.0,66.6
6994,343.0,4116.0,66.5
6995,358.0,4296.0,66.4
6996,329.0,3948.0,66.5
6997,353.0,4236.0,66.4
6998,355.0,4260.0,66.6
6999,343.0,4116.0,66.5
7000,369.0,4428.0,66.5
7001,384.0,4608.0,66.5
7002,332.0,3984.0,66.5
7003,404.0,4848.0,66.3
7004,417.0,5004.0,66.2
7005,393.0,4716.0,66.0
7006,368.0,4416.0,65.8
7007,417.0,5004.0,66.0
7008,388.0,4656.0,65.9
7009,379.0,4548.0,66.1
7010,400.0,4800.0,66.1
7011,399.0,4788.0,66.2
7012,391.0,4692.0,65.9
7013,391.0,4692.0,65.7
7014,391.0,4692.0,65.9
7015,393.0,4716.0,65.7
7016,395.0,4740.0,65.5
7017,396.0,4752.0,65.6
7018,388.0,4656.0,65.3
7019,376.0,4512.0,65.6
7020,363.0,4356.0,65.2
7021,358.0,4296.0,65.3
7022,360.0,4320.0,64.6
7023,370.0,4440.0,64.5
7024,365.0,4380.0,64.6
7025,370.0,4440.0,64.8
7026,362.0,4344.0,64.4
7027,368.0,4416.0,64.7
7028,373.0,4476.0,64.5
7029,370.0,4440.0,64.6
7030,367.0,4404.0,63.9
7031,362.0,4344.0,64.2
7032,358.0,4296.0,64.2
7033,353.0,4236.0,64.3
7034,362.0,4344.0,64.4
7035,362.0,4344.0,63.7
7036,366.0,4392.0,63.7
7037,369.0,4428.0,63.6
7038,366.0,4392.0,63.7
7039,373.0,4476.0,64.1
7040,375.0,4500.0,63.7
7041,373.0,4476.0,63.9
7042,367.0,4404.0,64.2
7043,365.0,4380.0,63.7
7044,361.0,4332.0,63.9
7045,368.0,4416.0,64.0
7046,381.0,4572.0,63.3
7047,373.0,4476.0,63.6
7048,376.0,4512.0,63.8
7049,370.0,4440.0,63.9
7050,376.0,4512.0,64.2
7051,373.0,4476.0,63.5
7052,378.0,4536.0,63.6
7053,376.0,4512.0,63.5
7054,376.0,4512.0,64.0
7055,373.0,4476.0,63.7
7056,373.0,4476.0,64.3
7057,373.0,4476.0,64.1
7058,382.0,4584.0,64.1
7059,381.0,4572.0,64.0
7060,379.0,4548.0,64.4
7061,379.0,4548.0,64.6
7062,381.0,4572.0,64.2
7063,391.0,4692.0,64.0
7064,393.0,4716.0,64.1
7065,391.0,4692.0,64.2
7066,385.0,4620.0,64.0
7067,387.0,4644.0,63.8
7068,376.0,4512.0,63.9
7069,388.0,4656.0,64.1
7070,385.0,4620.0,64.0
7071,396.0,4752.0,64.4
7072,399.0,4788.0,64.2
7073,400.0,4800.0,64.0
7074,395.0,4740.0,64.0
7075,399.0,4788.0,64.3
7076,404.0,4848.0,64.2
7077,404.0,4848.0,64.4
7078,399.0,4788.0,64.7
7079,399.0,4788.0,65.0
7080,399.0,4788.0,64.8
7081,402.0,4824.0,65.1
7082,414.0,4968.0,64.7
7083,419.0,5028.0,64.8
7084,420.0,5040.0,64.7
7085,440.0,5280.0,64.8
7086,424.0,5088.0,64.3
7087,429.0,5148.0,64.3
7088,437.0,5244.0,64.6
7089,457.0,5484.0,64.6
7090,455.0,5460.0,64.4
7091,462.0,5544.0,64.6
7092,490.0,5880.0,63.8
7093,457.0,5484.0,63.6
7094,460.0,5520.0,64.0
7095,458.0,5496.0,64.3
7096,471.0,5652.0,64.1
7097,469.0,5628.0,64.3
7098,460.0,5520.0,64.1
7099,444.0,5328.0,64.2
7100,451.0,5412.0,63.8
7101,462.0,5544.0,63.8
7102,452.0,5424.0,63.5
7103,457.0,5484.0,63.9
7104,460.0,5520.0,63.4
7105,458.0,5496.0,63.7
7106,452.0,5424.0,64.0
7107,452.0,5424.0,64.4
7108,440.0,5280.0,64.7
7109,437.0,5244.0,62.4
7110,427.0,5124.0,63.7
7111,429.0,5148.0,63.7
7112,445.0,5340.0,63.8
7113,455.0,5460.0,64.0
7114,448.0,5376.0,63.9
7115,437.0,5244.0,64.7
7116,442.0,5304.0,64.0
7117,454.0,5448.0,65.2
7118,474.0,5688.0,65.3
7119,468.0,5616.0,64.6
7120,463.0,5556.0,64.5
7121,448.0,5376.0,64.6
7122,460.0,5520.0,64.9
7123,479.0,5748.0,65.0
7124,473.0,5676.0,65.7
7125,458.0,5496.0,66.2
7126,449.0,5388.0,66.9
7127,452.0,5424.0,67.2
7128,437.0,5244.0,67.4
7129,416.0,4992.0,67.5
7130,422.0,5064.0,67.4
7131,414.0,4968.0,68.0
7132,414.0,4968.0,68.3
7133,419.0,5028.0,68.4
7134,411.0,4932.0,68.6
7135,358.0,4296.0,68.8
7136,352.0,4224.0,68.9
7137,335.0,4020.0,68.9
7138,361.0,4332.0,69.5
7139,341.0,4092.0,69.7
7140,318.0,3816.0,69.7
7141,332.0,3984.0,70.0
7142,335.0,4020.0,70.0
7143,341.0,4092.0,69.8
7144,317.0,3804.0,69.9
7145,309.0,3708.0,69.9
7146,309.0,3708.0,69.5
7147,299.0,3588.0,69.3
7148,288.0,3456.0,68.9
7149,303.0,3636.0,68.7
7150,277.0,3324.0,68.5
7151,285.0,3420.0,68.6
7152,268.0,3216.0,68.7
7153,262.0,3144.0,68.6
7154,276.0,3312.0,68.6
7155,262.0,3144.0,68.8
7156,280.0,3360.0,68.6
7157,272.0,3264.0,68.4
7158,255.0,3060.0,68.8
7159,257.0,3084.0,68.4
7160,262.0,3144.0,68.7
7161,242.0,2904.0,68.7
7162,261.0,3132.0,68.6
7163,242.0,2904.0,68.9
7164,239.0,2868.0,69.6
7165,224.0,2688.0,69.8
7166,233.0,2796.0,70.1
7167,234.0,2808.0,70.6
7168,244.0,2928.0,70.7
7169,239.0,2868.0,70.6
7170,244.0,2928.0,70.3
7171,227.0,2724.0,70.4
7172,227.0,2724.0,70.6
7173,212.0,2544.0,70.8
7174,219.0,2628.0,70.6
7175,208.0,2496.0,70.6
7176,204.0,2448.0,70.8
7177,209.0,2508.0,70.5
7178,204.0,2448.0,70.4
7179,212.0,2544.0,70.6
7180,200.0,2400.0,70.0
7181,190.0,2280.0,70.3
7182,165.0,1980.0,70.3
7183,175.0,2100.0,70.2
7184,167.0,2004.0,70.6
7185,163.0,1956.0,70.5
7186,149.0,1788.0,70.1
7187,149.0,1788.0,69.8
7188,145.0,1740.0,70.1
7189,144.0,1728.0,70.2
7190,154.0,1848.0,70.2
7191,141.0,1692.0,70.2
7192,155.0,1860.0,70.0
7193,146.0,1752.0,70.1
7194,123.0,1476.0,70.2
7195,122.0,1464.0,70.1
7196,128.0,1536.0,69.4
7197,115.0,1380.0,69.8
7198,122.0,1464.0,69.6
7199,104.0,1248.0,69.4
7200,100.0,1200.0,70.7
7201,100.0,1200.0,70.8
7202,100.0,1200.0,70.4
7203,98.0,1176.0,70.2
7204,91.0,1092.0,70.0
7205,91.0,1092.0,70.0
7206,85.0,1020.0,69.8
7207,78.0,936.0,69.6
7208,77.0,924.0,69.8
7209,77.0,924.0,69.8
7210,81.0,972.0,68.8
7211,72.0,864.0,68.7
7212,67.0,804.0,69.1
7213,70.0,840.0,69.7
7214,64.0,768.0,69.8
7215,67.0,804.0,69.9
7216,64.0,768.0,69.2
7217,59.0,708.0,69.2
7218,61.0,732.0,69.5
7219,64.0,768.0,68.9
7220,61.0,732.0,68.8
7221,55.0,660.0,68.8
7222,57.0,684.0,68.7
7223,61.0,732.0,69.1
7224,52.0,624.0,69.2
7225,50.0,600.0,68.9
7226,59.0,708.0,69.1
7227,62.0,744.0,68.8
7228,67.0,804.0,68.9
7229,64.0,768.0,69.2
7230,57.0,684.0,68.7
7231,55.0,660.0,68.7
7232,52.0,624.0,68.7
7233,53.0,636.0,69.0
7234,53.0,636.0,68.9
7235,53.0,636.0,68.8
7236,59.0,708.0,68.6
7237,53.0,636.0,68.3
7238,62.0,744.0,68.6
7239,64.0,768.0,68.7
7240,60.0,720.0,68.8
7241,62.0,744.0,68.7
7242,67.0,804.0,68.9
7243,72.0,864.0,69.3
7244,77.0,924.0,69.6
7245,85.0,1020.0,69.6
7246,82.0,984.0,69.6
7247,77.0,924.0,69.5
7248,82.0,984.0,68.8
7249,78.0,936.0,68.8
7250,91.0,1092.0,69.1
7251,100.0,1200.0,69.3
7252,111.0,1332.0,69.2
7253,123.0,1476.0,69.9
7254,137.0,1644.0,69.5
7255,155.0,1860.0,69.8
7256,172.0,2064.0,70.4
7257,182.0,2184.0,70.1
7258,175.0,2100.0,70.7
7259,175.0,2100.0,70.2
7260,186.0,2232.0,70.1
7261,201.0,2412.0,70.2
7262,225.0,2700.0,70.3
7263,247.0,2964.0,70.2
7264,268.0,3216.0,71.1
7265,279.0,3348.0,70.6
7266,302.0,3624.0,70.3
7267,321.0,3852.0,70.1
7268,339.0,4068.0,70.6
7269,355.0,4260.0,71.1
7270,349.0,4188.0,71.1
7271,320.0,3840.0,70.7
7272,314.0,3768.0,68.1
7273,322.0,3864.0,66.9
7274,337.0,4044.0,66.5
7275,355.0,4260.0,66.3
7276,288.0,3456.0,66.1
7277,288.0,3456.0,66.0
7278,298.0,3576.0,66.1
7279,270.0,3240.0,66.1
7280,294.0,3528.0,66.2
7281,308.0,3696.0,66.2
7282,332.0,3984.0,66.3
7283,355.0,4260.0,66.5
7284,352.0,4224.0,66.4
7285,339.0,4068.0,66.4
7286,358.0,4296.0,66.3
7287,329.0,3948.0,66.6
7288,318.0,3816.0,66.4
7289,301.0,3612.0,66.5
7290,291.0,3492.0,66.5
7291,352.0,4224.0,66.2
7292,395.0,4740.0,65.9
7293,379.0,4548.0,65.7
7294,373.0,4476.0,65.4
7295,358.0,4296.0,65.6
7296,329.0,3948.0,65.8
7297,393.0,4716.0,65.8
7298,393.0,4716.0,65.5
7299,349.0,4188.0,66.1
7300,366.0,4392.0,65.7
7301,393.0,4716.0,65.9
7302,393.0,4716.0,66.0
7303,396.0,4752.0,66.2
7304,395.0,4740.0,65.7
7305,399.0,4788.0,65.8
7306,391.0,4692.0,66.0
7307,379.0,4548.0,65.7
7308,373.0,4476.0,65.2
7309,362.0,4344.0,64.9
7310,368.0,4416.0,64.8
7311,368.0,4416.0,64.6
7312,366.0,4392.0,64.5
7313,368.0,4416.0,64.5
7314,362.0,4344.0,64.6
7315,365.0,4380.0,64.7
7316,367.0,4404.0,64.7
7317,369.0,4428.0,64.5
7318,359.0,4308.0,64.3
7319,353.0,4236.0,64.1
7320,343.0,4116.0,64.3
7321,346.0,4152.0,64.4
7322,350.0,4200.0,64.4
7323,355.0,4260.0,64.9
7324,347.0,4164.0,64.5
7325,350.0,4200.0,64.3
7326,352.0,4224.0,64.0
7327,358.0,4296.0,64.1
7328,361.0,4332.0,64.0
7329,358.0,4296.0,64.2
7330,358.0,4296.0,64.0
7331,350.0,4200.0,63.9
7332,343.0,4116.0,63.9
7333,355.0,4260.0,63.9
7334,358.0,4296.0,63.8
7335,363.0,4356.0,63.9
7336,361.0,4332.0,64.1
7337,361.0,4332.0,64.3
7338,355.0,4260.0,64.0
7339,368.0,4416.0,64.5
7340,373.0,4476.0,64.4
7341,369.0,4428.0,64.2
7342,361.0,4332.0,64.5
7343,359.0,4308.0,64.4
7344,358.0,4296.0,64.2
7345,359.0,4308.0,64.2
7346,368.0,4416.0,64.3
7347,370.0,4440.0,64.4
7348,367.0,4404.0,64.5
7349,368.0,4416.0,64.4
7350,373.0,4476.0,64.2
7351,375.0,4500.0,64.3
7352,370.0,4440.0,64.9
7353,368.0,4416.0,64.4
7354,366.0,4392.0,64.6
7355,368.0,4416.0,64.8
7356,360.0,4320.0,64.3
7357,358.0,4296.0,64.2
7358,369.0,4428.0,65.3
7359,376.0,4512.0,65.2
7360,373.0,4476.0,65.2
7361,378.0,4536.0,64.8
7362,375.0,4500.0,64.5
7363,381.0,4572.0,64.8
7364,385.0,4620.0,64.3
7365,391.0,4692.0,64.3
7366,391.0,4692.0,64.1
7367,391.0,4692.0,64.2
7368,391.0,4692.0,64.2
7369,393.0,4716.0,64.2
7370,402.0,4824.0,64.4
7371,411.0,4932.0,64.4
7372,413.0,4956.0,64.5
7373,419.0,5028.0,64.3
7374,419.0,5028.0,64.4
7375,426.0,5112.0,64.3
7376,434.0,5208.0,64.4
7377,454.0,5448.0,64.9
7378,478.0,5736.0,64.7
7379,486.0,5832.0,64.3
7380,489.0,5868.0,64.2
7381,487.0,5844.0,64.0
7382,469.0,5628.0,63.7
7383,487.0,5844.0,64.0
7384,499.0,5988.0,63.8
7385,481.0,5772.0,63.4
7386,489.0,5868.0,63.8
7387,478.0,5736.0,63.2
7388,463.0,5556.0,63.2
7389,449.0,5388.0,62.2
7390,474.0,5688.0,62.9
7391,460.0,5520.0,63.2
7392,452.0,5424.0,63.7
7393,471.0,5652.0,64.1
7394,467.0,5604.0,64.4
7395,444.0,5328.0,64.6
7396,445.0,5340.0,64.6
7397,463.0,5556.0,64.7
7398,445.0,5340.0,65.1
7399,430.0,5160.0,65.2
7400,457.0,5484.0,64.6
7401,442.0,5304.0,62.7
7402,467.0,5604.0,63.3
7403,449.0,5388.0,63.2
7404,444.0,5328.0,63.3
7405,456.0,5472.0,64.4
7406,479.0,5748.0,64.4
7407,460.0,5520.0,64.2
7408,478.0,5736.0,63.7
7409,483.0,5796.0,63.1
7410,468.0,5616.0,62.2
7411,466.0,5592.0,61.9
7412,456.0,5472.0,63.7
7413,456.0,5472.0,66.1
7414,449.0,5388.0,66.8
7415,478.0,5736.0,67.2
7416,448.0,5376.0,67.2
7417,411.0,4932.0,67.5
7418,395.0,4740.0,67.7
7419,407.0,4884.0,68.2
7420,395.0,4740.0,68.5
7421,400.0,4800.0,68.7
7422,366.0,4392.0,68.7
7423,349.0,4188.0,68.8
7424,379.0,4548.0,68.9
7425,363.0,4356.0,69.1
7426,355.0,4260.0,69.2
7427,333.0,3996.0,69.8
7428,321.0,3852.0,68.9
7429,327.0,3924.0,69.1
7430,332.0,3984.0,69.6
7431,339.0,4068.0,69.5
7432,333.0,3996.0,69.7
7433,326.0,3912.0,69.9
7434,324.0,3888.0,69.8
7435,305.0,3660.0,69.3
7436,309.0,3708.0,69.2
7437,305.0,3660.0,68.8
7438,308.0,3696.0,68.5
7439,301.0,3612.0,68.3
7440,291.0,3492.0,68.3
7441,300.0,3600.0,68.5
7442,288.0,3456.0,68.6
7443,273.0,3276.0,68.4
7444,286.0,3432.0,68.7
7445,291.0,3492.0,68.6
7446,283.0,3396.0,68.5
7447,268.0,3216.0,68.5
7448,268.0,3216.0,68.6
7449,251.0,3012.0,68.7
7450,265.0,3180.0,68.8
7451,242.0,2904.0,68.8
7452,253.0,3036.0,69.6
7453,251.0,3012.0,69.8
7454,235.0,2820.0,70.0
7455,254.0,3048.0,70.3
7456,247.0,2964.0,70.2
7457,259.0,3108.0,70.4
7458,232.0,2784.0,70.5
7459,225.0,2700.0,70.2
7460,227.0,2724.0,70.1
7461,244.0,2928.0,69.9
7462,218.0,2616.0,70.1
7463,225.0,2700.0,69.8
7464,213.0,2556.0,69.7
7465,221.0,2652.0,70.0
7466,205.0,2460.0,70.0
7467,224.0,2688.0,70.0
7468,209.0,2508.0,70.5
7469,194.0,2328.0,70.5
7470,175.0,2100.0,70.5
7471,182.0,2184.0,70.2
7472,175.0,2100.0,70.1
7473,172.0,2064.0,70.1
7474,172.0,2064.0,69.9
7475,147.0,1764.0,69.7
7476,144.0,1728.0,69.9
7477,149.0,1788.0,70.1
7478,158.0,1896.0,70.0
7479,151.0,1812.0,70.4
7480,151.0,1812.0,70.3
7481,131.0,1572.0,70.4
7482,131.0,1572.0,70.4
7483,123.0,1476.0,70.1
7484,120.0,1440.0,70.0
7485,123.0,1476.0,69.9
7486,116.0,1392.0,69.6
7487,108.0,1296.0,69.9
7488,100.0,1200.0,70.6
7489,100.0,1200.0,70.3
7490,109.0,1308.0,70.4
7491,109.0,1308.0,70.4
7492,100.0,1200.0,69.8
7493,90.0,1080.0,70.2
7494,82.0,984.0,69.9
7495,75.0,900.0,69.7
7496,78.0,936.0,69.5
7497,79.0,948.0,69.1
7498,72.0,864.0,69.2
7499,72.0,864.0,69.2
7500,67.0,804.0,69.5
7501,67.0,804.0,69.1
7502,72.0,864.0,69.3
7503,75.0,900.0,69.5
7504,74.0,888.0,69.4
7505,62.0,744.0,69.2
7506,64.0,768.0,69.1
7507,55.0,660.0,69.2
7508,67.0,804.0,69.0
7509,67.0,804.0,69.1
7510,67.0,804.0,68.8
7511,60.0,720.0,69.0
7512,59.0,708.0,69.3
7513,64.0,768.0,69.4
7514,64.0,768.0,69.3
7515,64.0,768.0,69.1
7516,62.0,744.0,69.3
7517,55.0,660.0,68.9
7518,50.0,600.0,68.9
7519,55.0,660.0,68.7
7520,52.0,624.0,68.8
7521,59.0,708.0,68.8
7522,57.0,684.0,68.6
7523,50.0,600.0,68.6
7524,50.0,600.0,68.5
7525,52.0,624.0,68.5
7526,57.0,684.0,68.4
7527,62.0,744.0,68.6
7528,61.0,732.0,68.6
7529,62.0,744.0,69.0
7530,64.0,768.0,68.8
7531,70.0,840.0,68.8
7532,78.0,936.0,69.0
7533,81.0,972.0,69.5
7534,78.0,936.0,69.3
7535,79.0,948.0,69.3
7536,79.0,948.0,69.1
7537,85.0,1020.0,69.2
7538,98.0,1176.0,69.1
7539,101.0,1212.0,69.3
7540,111.0,1332.0,69.6
7541,127.0,1524.0,69.5
7542,142.0,1704.0,69.7
7543,149.0,1788.0,70.0
7544,175.0,2100.0,70.3
7545,186.0,2232.0,70.1
7546,178.0,2136.0,70.2
7547,171.0,2052.0,70.3
7548,175.0,2100.0,70.1
7549,190.0,2280.0,70.0
7550,227.0,2724.0,70.0
7551,250.0,3000.0,70.5
7552,261.0,3132.0,70.4
7553,277.0,3324.0,70.3
7554,299.0,3588.0,69.4
7555,318.0,3816.0,69.9
7556,343.0,4116.0,70.4
7557,352.0,4224.0,70.2
7558,344.0,4128.0,70.2
7559,320.0,3840.0,70.4
7560,320.0,3840.0,67.9
7561,322.0,3864.0,66.9
7562,328.0,3936.0,66.3
7563,306.0,3672.0,66.1
7564,343.0,4116.0,66.0
7565,321.0,3852.0,66.1
7566,318.0,3816.0,66.1
7567,328.0,3936.0,66.1
7568,382.0,4584.0,66.2
7569,338.0,4056.0,66.3
7570,338.0,4056.0,66.3
7571,373.0,4476.0,66.5
7572,399.0,4788.0,66.5
7573,376.0,4512.0,66.5
7574,341.0,4092.0,66.3
7575,361.0,4332.0,66.3
7576,381.0,4572.0,66.3
7577,309.0,3708.0,66.5
7578,350.0,4200.0,66.3
7579,384.0,4608.0,66.4
7580,411.0,4932.0,66.1
7581,436.0,5232.0,66.0
7582,433.0,5196.0,66.1
7583,406.0,4872.0,66.0
7584,396.0,4752.0,66.1
7585,396.0,4752.0,65.8
7586,402.0,4824.0,66.0
7587,404.0,4848.0,65.8
7588,400.0,4800.0,65.7
7589,395.0,4740.0,66.0
7590,389.0,4668.0,65.6
7591,402.0,4824.0,65.8
7592,399.0,4788.0,65.7
7593,396.0,4752.0,65.6
7594,396.0,4752.0,65.6
7595,381.0,4572.0,65.7
7596,367.0,4404.0,65.7
7597,361.0,4332.0,65.3
7598,363.0,4356.0,65.2
7599,367.0,4404.0,65.1
7600,366.0,4392.0,65.1
7601,368.0,4416.0,64.8
7602,367.0,4404.0,64.8
7603,367.0,4404.0,64.8
7604,373.0,4476.0,64.7
7605,365.0,4380.0,64.2
7606,361.0,4332.0,64.2
7607,352.0,4224.0,64.2
7608,346.0,4152.0,64.1
7609,340.0,4080.0,64.3
7610,350.0,4200.0,64.3
7611,350.0,4200.0,63.9
7612,349.0,4188.0,64.0
7613,352.0,4224.0,64.1
7614,355.0,4260.0,64.2
7615,358.0,4296.0,63.7
7616,361.0,4332.0,64.1
7617,362.0,4344.0,64.0
7618,359.0,4308.0,64.0
7619,353.0,4236.0,63.4
7620,347.0,4164.0,64.1
7621,353.0,4236.0,64.2
7622,365.0,4380.0,64.0
7623,361.0,4332.0,63.9
7624,355.0,4260.0,64.4
7625,353.0,4236.0,64.5
7626,353.0,4236.0,63.8
7627,358.0,4296.0,64.4
7628,358.0,4296.0,64.4
7629,363.0,4356.0,63.8
7630,363.0,4356.0,64.0
7631,360.0,4320.0,64.3
7632,368.0,4416.0,64.2
7633,370.0,4440.0,64.2
7634,373.0,4476.0,64.0
7635,379.0,4548.0,64.2
7636,375.0,4500.0,64.2
7637,376.0,4512.0,64.9
7638,375.0,4500.0,64.5
7639,375.0,4500.0,64.4
7640,384.0,4608.0,64.1
7641,379.0,4548.0,64.3
7642,376.0,4512.0,64.1
7643,381.0,4572.0,64.2
7644,376.0,4512.0,64.3
7645,379.0,4548.0,64.1
7646,381.0,4572.0,64.1
7647,391.0,4692.0,64.4
7648,391.0,4692.0,64.8
7649,399.0,4788.0,64.5
7650,391.0,4692.0,64.4
7651,396.0,4752.0,64.6
7652,402.0,4824.0,64.2
7653,411.0,4932.0,64.3
7654,407.0,4884.0,64.5
7655,406.0,4872.0,64.5
7656,402.0,4824.0,64.5
7657,404.0,4848.0,64.2
7658,414.0,4968.0,64.6
7659,419.0,5028.0,64.6
7660,424.0,5088.0,64.5
7661,428.0,5136.0,64.5
7662,434.0,5208.0,64.4
7663,430.0,5160.0,64.6
7664,442.0,5304.0,64.6
7665,466.0,5592.0,64.6
7666,452.0,5424.0,64.6
7667,448.0,5376.0,64.5
7668,467.0,5604.0,63.7
7669,448.0,5376.0,64.1
7670,449.0,5388.0,64.0
7671,462.0,5544.0,63.8
7672,460.0,5520.0,64.0
7673,466.0,5592.0,63.8
7674,481.0,5772.0,63.7
7675,455.0,5460.0,64.1
7676,448.0,5376.0,64.4
7677,454.0,5448.0,62.6
7678,455.0,5460.0,61.1
7679,462.0,5544.0,61.1
7680,467.0,5604.0,61.3
7681,460.0,5520.0,62.2
7682,484.0,5808.0,62.6
7683,463.0,5556.0,62.8
7684,448.0,5376.0,62.6
7685,460.0,5520.0,61.3
7686,468.0,5616.0,61.9
7687,478.0,5736.0,62.5
7688,462.0,5544.0,63.8
7689,451.0,5412.0,62.4
7690,449.0,5388.0,62.9
7691,443.0,5316.0,63.1
7692,434.0,5208.0,63.6
7693,449.0,5388.0,62.8
7694,463.0,5556.0,62.5
7695,462.0,5544.0,62.7
7696,462.0,5544.0,62.7
7697,454.0,5448.0,63.0
7698,448.0,5376.0,63.7
7699,466.0,5592.0,64.4
7700,463.0,5556.0,64.6
7701,433.0,5196.0,64.9
7702,426.0,5112.0,65.0
7703,452.0,5424.0,66.4
7704,437.0,5244.0,66.9
7705,422.0,5064.0,67.4
7706,436.0,5232.0,67.5
7707,424.0,5088.0,67.7
7708,408.0,4896.0,67.8
7709,424.0,5088.0,68.1
7710,419.0,5028.0,68.1
7711,393.0,4716.0,68.3
7712,368.0,4416.0,68.2
7713,373.0,4476.0,68.2
7714,360.0,4320.0,68.6
7715,340.0,4080.0,68.5
7716,324.0,3888.0,68.6
7717,343.0,4116.0,68.8
7718,343.0,4116.0,68.8
7719,353.0,4236.0,69.0
7720,339.0,4068.0,68.8
7721,343.0,4116.0,68.9
7722,335.0,4020.0,68.8
7723,308.0,3696.0,68.7
7724,306.0,3672.0,68.5
7725,301.0,3612.0,68.5
7726,305.0,3660.0,68.4
7727,312.0,3744.0,68.3
7728,286.0,3432.0,68.5
7729,296.0,3552.0,68.4
7730,299.0,3588.0,68.7
7731,316.0,3792.0,68.7
7732,279.0,3348.0,68.6
7733,280.0,3360.0,68.6
7734,291.0,3492.0,68.5
7735,292.0,3504.0,68.4
7736,265.0,3180.0,68.9
7737,270.0,3240.0,68.8
7738,272.0,3264.0,68.7
7739,274.0,3288.0,68.9
7740,276.0,3312.0,69.4
7741,257.0,3084.0,70.0
7742,257.0,3084.0,70.2
7743,259.0,3108.0,69.8
7744,254.0,3048.0,70.2
7745,265.0,3180.0,70.1
7746,249.0,2988.0,70.0
7747,247.0,2964.0,70.1
7748,242.0,2904.0,69.9
7749,242.0,2904.0,70.1
7750,249.0,2988.0,70.1
7751,227.0,2724.0,70.1
7752,225.0,2700.0,70.2
7753,206.0,2472.0,70.0
7754,218.0,2616.0,70.1
7755,218.0,2616.0,70.4
7756,203.0,2436.0,70.2
7757,203.0,2436.0,69.9
7758,184.0,2208.0,69.9
7759,194.0,2328.0,69.9
7760,186.0,2232.0,69.9
7761,180.0,2160.0,70.0
7762,168.0,2016.0,69.9
7763,163.0,1956.0,69.7
7764,158.0,1896.0,69.9
7765,142.0,1704.0,70.8
7766,160.0,1920.0,70.0
7767,165.0,1980.0,70.0
7768,146.0,1752.0,69.7
7769,146.0,1752.0,69.3
7770,134.0,1608.0,69.5
7771,134.0,1608.0,69.3
7772,136.0,1632.0,69.0
7773,129.0,1548.0,69.4
7774,117.0,1404.0,69.1
7775,119.0,1428.0,69.0
7776,108.0,1296.0,70.9
7777,109.0,1308.0,70.4
7778,111.0,1332.0,70.3
7779,113.0,1356.0,70.3
7780,98.0,1176.0,69.4
7781,85.0,1020.0,69.6
7782,95.0,1140.0,69.3
7783,81.0,972.0,69.0
7784,82.0,984.0,69.4
7785,79.0,948.0,69.0
7786,74.0,888.0,69.2
7787,75.0,900.0,69.0
7788,67.0,804.0,69.3
7789,67.0,804.0,69.1
7790,75.0,900.0,69.4
7791,64.0,768.0,69.5
7792,72.0,864.0,69.2
7793,67.0,804.0,69.6
7794,62.0,744.0,69.2
7795,62.0,744.0,69.0
7796,72.0,864.0,68.9
7797,72.0,864.0,68.9
7798,70.0,840.0,69.3
7799,60.0,720.0,68.9
7800,59.0,708.0,69.0
7801,55.0,660.0,69.5
7802,64.0,768.0,69.5
7803,70.0,840.0,69.9
7804,56.0,672.0,69.4
7805,60.0,720.0,69.0
7806,55.0,660.0,69.0
7807,53.0,636.0,68.9
7808,60.0,720.0,69.0
7809,57.0,684.0,68.9
7810,60.0,720.0,68.6
7811,55.0,660.0,68.4
7812,52.0,624.0,68.5
7813,55.0,660.0,68.6
7814,59.0,708.0,69.0
7815,60.0,720.0,68.9
7816,62.0,744.0,69.2
7817,64.0,768.0,68.9
7818,67.0,804.0,69.0
7819,74.0,888.0,69.1
7820,77.0,924.0,69.3
7821,85.0,1020.0,69.3
7822,84.0,1008.0,69.4
7823,81.0,972.0,69.6
7824,85.0,1020.0,69.2
7825,88.0,1056.0,69.0
7826,98.0,1176.0,69.1
7827,101.0,1212.0,69.0
7828,119.0,1428.0,69.4
7829,126.0,1512.0,69.5
7830,138.0,1656.0,69.5
7831,163.0,1956.0,69.5
7832,172.0,2064.0,70.1
7833,178.0,2136.0,70.2
7834,184.0,2208.0,70.3
7835,190.0,2280.0,70.2
7836,183.0,2196.0,70.2
7837,201.0,2412.0,70.1
7838,227.0,2724.0,69.9
7839,259.0,3108.0,70.0
7840,267.0,3204.0,70.0
7841,277.0,3324.0,69.9
7842,301.0,3612.0,70.0
7843,324.0,3888.0,70.4
7844,335.0,4020.0,70.3
7845,346.0,4152.0,70.5
7846,343.0,4116.0,71.2
7847,332.0,3984.0,70.7
7848,327.0,3924.0,68.6
7849,329.0,3948.0,67.2
7850,352.0,4224.0,66.7
7851,367.0,4404.0,66.5
7852,389.0,4668.0,66.5
7853,381.0,4572.0,66.3
7854,382.0,4584.0,66.3
7855,400.0,4800.0,66.3
7856,375.0,4500.0,66.4
7857,312.0,3744.0,66.3
7858,379.0,4548.0,66.5
7859,339.0,4068.0,66.6
7860,387.0,4644.0,66.5
7861,355.0,4260.0,66.7
7862,427.0,5124.0,66.5
7863,385.0,4620.0,66.7
7864,424.0,5088.0,66.6
7865,385.0,4620.0,66.6
7866,420.0,5040.0,66.5
7867,393.0,4716.0,66.3
7868,422.0,5064.0,66.3
7869,429.0,5148.0,66.0
7870,434.0,5208.0,66.1
7871,425.0,5100.0,66.2
7872,402.0,4824.0,66.1
7873,396.0,4752.0,65.9
7874,399.0,4788.0,65.8
7875,406.0,4872.0,65.8
7876,402.0,4824.0,65.8
7877,396.0,4752.0,65.7
7878,391.0,4692.0,65.7
7879,391.0,4692.0,65.7
7880,393.0,4716.0,65.7
7881,399.0,4788.0,65.2
7882,402.0,4824.0,65.2
7883,382.0,4584.0,65.4
7884,369.0,4428.0,65.1
7885,367.0,4404.0,65.1
7886,370.0,4440.0,64.8
7887,373.0,4476.0,64.7
7888,373.0,4476.0,64.4
7889,370.0,4440.0,64.4
7890,366.0,4392.0,64.5
7891,366.0,4392.0,64.7
7892,368.0,4416.0,64.7
7893,373.0,4476.0,64.4
7894,370.0,4440.0,64.5
7895,366.0,4392.0,64.3
7896,358.0,4296.0,64.3
7897,355.0,4260.0,63.9
7898,359.0,4308.0,64.0
7899,365.0,4380.0,63.9
7900,363.0,4356.0,63.9
7901,365.0,4380.0,63.9
7902,365.0,4380.0,63.9
7903,365.0,4380.0,63.9
7904,369.0,4428.0,64.0
7905,369.0,4428.0,63.9
7906,368.0,4416.0,64.0
7907,363.0,4356.0,64.2
7908,359.0,4308.0,64.3
7909,362.0,4344.0,63.9
7910,366.0,4392.0,63.8
7911,373.0,4476.0,63.8
7912,369.0,4428.0,64.0
7913,376.0,4512.0,63.9
7914,376.0,4512.0,63.9
7915,375.0,4500.0,63.9
7916,379.0,4548.0,64.1
7917,378.0,4536.0,64.3
7918,382.0,4584.0,64.0
7919,378.0,4536.0,64.0
7920,370.0,4440.0,64.5
7921,379.0,4548.0,64.5
7922,376.0,4512.0,64.0
7923,381.0,4572.0,64.2
7924,385.0,4620.0,64.2
7925,382.0,4584.0,65.0
7926,381.0,4572.0,65.0
7927,391.0,4692.0,64.9
7928,387.0,4644.0,64.9
7929,391.0,4692.0,64.2
7930,389.0,4668.0,64.4
7931,379.0,4548.0,64.6
7932,384.0,4608.0,64.1
7933,385.0,4620.0,64.9
7934,387.0,4644.0,65.1
7935,393.0,4716.0,64.5
7936,400.0,4800.0,64.2
7937,391.0,4692.0,63.8
7938,391.0,4692.0,63.9
7939,399.0,4788.0,64.2
7940,407.0,4884.0,64.2
7941,416.0,4992.0,64.3
7942,407.0,4884.0,64.1
7943,411.0,4932.0,63.9
7944,408.0,4896.0,63.5
7945,410.0,4920.0,63.7
7946,422.0,5064.0,63.6
7947,427.0,5124.0,63.8
7948,442.0,5304.0,63.8
7949,429.0,5148.0,64.0
7950,429.0,5148.0,63.8
7951,433.0,5196.0,63.9
7952,442.0,5304.0,63.8
7953,462.0,5544.0,63.3
7954,460.0,5520.0,62.8
7955,469.0,5628.0,62.7
7956,471.0,5652.0,62.0
7957,452.0,5424.0,61.6
7958,483.0,5796.0,60.9
7959,468.0,5616.0,60.9
7960,462.0,5544.0,60.6
7961,469.0,5628.0,60.4
7962,440.0,5280.0,60.0
7963,474.0,5688.0,60.0
7964,473.0,5676.0,60.0
7965,460.0,5520.0,59.2
7966,445.0,5340.0,57.6
7967,448.0,5376.0,58.0
7968,458.0,5496.0,56.2
7969,449.0,5388.0,57.5
7970,454.0,5448.0,58.9
7971,454.0,5448.0,58.3
7972,467.0,5604.0,58.6
7973,451.0,5412.0,59.1
7974,460.0,5520.0,59.1
7975,445.0,5340.0,59.2
7976,455.0,5460.0,59.5
7977,460.0,5520.0,59.9
7978,454.0,5448.0,59.8
7979,460.0,5520.0,59.1
7980,445.0,5340.0,59.4
7981,445.0,5340.0,59.8
7982,460.0,5520.0,59.6
7983,460.0,5520.0,58.8
7984,452.0,5424.0,58.5
7985,448.0,5376.0,57.2
7986,456.0,5472.0,59.1
7987,445.0,5340.0,59.2
7988,445.0,5340.0,59.5
7989,467.0,5604.0,59.8
7990,454.0,5448.0,60.5
7991,425.0,5100.0,61.3
7992,428.0,5136.0,62.7
7993,436.0,5232.0,65.3
7994,458.0,5496.0,66.1
7995,434.0,5208.0,66.7
7996,410.0,4920.0,67.1
7997,422.0,5064.0,67.4
7998,429.0,5148.0,67.8
7999,419.0,5028.0,68.1
8000,400.0,4800.0,68.0
8001,411.0,4932.0,68.2
8002,422.0,5064.0,68.4
8003,391.0,4692.0,68.7
8004,363.0,4356.0,68.8
8005,385.0,4620.0,69.1
8006,352.0,4224.0,68.9
8007,370.0,4440.0,69.0
8008,350.0,4200.0,69.1
8009,352.0,4224.0,68.9
8010,346.0,4152.0,68.7
8011,350.0,4200.0,68.4
8012,314.0,3768.0,68.4
8013,333.0,3996.0,68.3
8014,343.0,4116.0,68.2
8015,318.0,3816.0,68.1
8016,340.0,4080.0,68.4
8017,322.0,3864.0,68.3
8018,324.0,3888.0,68.4
8019,339.0,4068.0,68.6
8020,332.0,3984.0,68.3
8021,333.0,3996.0,68.6
8022,324.0,3888.0,68.4
8023,312.0,3744.0,68.7
8024,316.0,3792.0,68.6
8025,305.0,3660.0,69.2
8026,294.0,3528.0,69.3
8027,277.0,3324.0,68.9
8028,276.0,3312.0,69.7
8029,285.0,3420.0,69.8
8030,280.0,3360.0,69.8
8031,298.0,3576.0,70.1
8032,299.0,3588.0,70.2
8033,283.0,3396.0,69.9
8034,296.0,3552.0,69.6
8035,280.0,3360.0,70.3
8036,267.0,3204.0,70.3
8037,254.0,3048.0,70.2
8038,261.0,3132.0,70.3
8039,259.0,3108.0,70.4
8040,238.0,2856.0,70.1
8041,238.0,2856.0,70.6
8042,247.0,2964.0,70.7
8043,233.0,2796.0,70.3
8044,233.0,2796.0,70.2
8045,228.0,2736.0,70.0
8046,221.0,2652.0,70.3
8047,219.0,2628.0,70.4
8048,216.0,2592.0,70.0
8049,194.0,2328.0,70.4
8050,193.0,2316.0,69.9
8051,177.0,2124.0,70.2
8052,175.0,2100.0,69.8
8053,167.0,2004.0,70.2
8054,175.0,2100.0,70.0
8055,163.0,1956.0,70.4
8056,163.0,1956.0,70.1
8057,157.0,1884.0,70.1
8058,152.0,1824.0,70.0
8059,139.0,1668.0,69.7
8060,151.0,1812.0,69.9
8061,146.0,1752.0,69.8
8062,134.0,1608.0,70.0
8063,119.0,1428.0,69.8
8064,119.0,1428.0,71.1
8065,126.0,1512.0,70.4
8066,125.0,1500.0,70.6
8067,119.0,1428.0,70.0
8068,111.0,1332.0,69.7
8069,96.0,1152.0,69.4
8070,93.0,1116.0,69.5
8071,97.0,1164.0,69.6
8072,96.0,1152.0,69.2
8073,88.0,1056.0,69.3
8074,84.0,1008.0,69.1
8075,77.0,924.0,69.7
8076,79.0,948.0,69.8
8077,85.0,1020.0,69.8
8078,75.0,900.0,69.3
8079,84.0,1008.0,70.0
8080,75.0,900.0,70.0
8081,77.0,924.0,69.4
8082,72.0,864.0,69.1
8083,74.0,888.0,69.4
8084,77.0,924.0,69.5
8085,72.0,864.0,69.4
8086,67.0,804.0,69.0
8087,64.0,768.0,69.0
8088,67.0,804.0,69.3
8089,64.0,768.0,69.5
8090,64.0,768.0,69.4
8091,64.0,768.0,69.8
8092,75.0,900.0,69.5
8093,67.0,804.0,69.2
8094,62.0,744.0,69.1
8095,67.0,804.0,69.3
8096,61.0,732.0,68.9
8097,61.0,732.0,69.0
8098,62.0,744.0,69.1
8099,57.0,684.0,68.9
8100,56.0,672.0,68.8
8101,64.0,768.0,68.5
8102,61.0,732.0,68.8
8103,79.0,948.0,68.9
8104,70.0,840.0,69.6
8105,67.0,804.0,69.5
8106,70.0,840.0,69.3
8107,74.0,888.0,69.2
8108,82.0,984.0,69.1
8109,85.0,1020.0,69.5
8110,82.0,984.0,69.6
8111,82.0,984.0,69.4
8112,85.0,1020.0,69.2
8113,88.0,1056.0,69.3
8114,101.0,1212.0,69.2
8115,111.0,1332.0,69.4
8116,120.0,1440.0,69.5
8117,136.0,1632.0,69.5
8118,144.0,1728.0,70.0
8119,165.0,1980.0,69.7
8120,167.0,2004.0,69.8
8121,190.0,2280.0,70.5
8122,188.0,2256.0,70.3
8123,186.0,2232.0,70.3
8124,187.0,2244.0,70.0
8125,193.0,2316.0,70.1
8126,224.0,2688.0,70.2
8127,239.0,2868.0,70.1
8128,253.0,3036.0,70.2
8129,272.0,3264.0,70.2
8130,285.0,3420.0,70.5
8131,303.0,3636.0,70.1
8132,321.0,3852.0,70.1
8133,337.0,4044.0,70.4
8134,327.0,3924.0,70.5
8135,306.0,3672.0,70.4
8136,308.0,3696.0,67.8
8137,318.0,3816.0,66.5
8138,332.0,3984.0,66.2
8139,353.0,4236.0,66.0
8140,368.0,4416.0,65.7
8141,373.0,4476.0,65.9
8142,385.0,4620.0,66.0
8143,388.0,4656.0,66.0
8144,391.0,4692.0,65.7
8145,416.0,4992.0,65.8
8146,402.0,4824.0,65.8
8147,385.0,4620.0,65.8
8148,378.0,4536.0,66.1
8149,385.0,4620.0,65.7
8150,402.0,4824.0,65.6
8151,411.0,4932.0,66.3
8152,410.0,4920.0,65.8
8153,420.0,5040.0,65.8
8154,428.0,5136.0,65.7
8155,428.0,5136.0,65.7
8156,432.0,5184.0,65.4
8157,428.0,5136.0,65.6
8158,416.0,4992.0,65.5
8159,408.0,4896.0,65.3
8160,391.0,4692.0,65.0
8161,384.0,4608.0,65.4
8162,384.0,4608.0,65.2
8163,391.0,4692.0,65.2
8164,384.0,4608.0,65.4
8165,382.0,4584.0,65.2
8166,379.0,4548.0,65.2
8167,381.0,4572.0,65.1
8168,388.0,4656.0,65.0
8169,389.0,4668.0,64.9
8170,384.0,4608.0,64.8
8171,379.0,4548.0,64.9
8172,365.0,4380.0,64.6
8173,361.0,4332.0,64.5
8174,359.0,4308.0,64.0
8175,363.0,4356.0,63.8
8176,368.0,4416.0,63.9
8177,370.0,4440.0,63.8
8178,373.0,4476.0,63.9
8179,376.0,4512.0,63.8
8180,381.0,4572.0,63.8
8181,384.0,4608.0,63.6
8182,378.0,4536.0,63.6
8183,370.0,4440.0,63.5
8184,366.0,4392.0,63.5
8185,369.0,4428.0,63.5
8186,376.0,4512.0,63.4
8187,384.0,4608.0,63.1
8188,382.0,4584.0,63.4
8189,381.0,4572.0,63.2
8190,376.0,4512.0,63.3
8191,381.0,4572.0,63.2
8192,391.0,4692.0,63.1
8193,391.0,4692.0,62.7
8194,391.0,4692.0,62.9
8195,385.0,4620.0,62.5
8196,385.0,4620.0,62.7
8197,388.0,4656.0,62.7
8198,402.0,4824.0,62.7
8199,391.0,4692.0,62.6
8200,411.0,4932.0,62.4
8201,419.0,5028.0,62.4
8202,395.0,4740.0,62.5
8203,396.0,4752.0,62.1
8204,399.0,4788.0,62.2
8205,393.0,4716.0,62.2
8206,402.0,4824.0,62.3
8207,395.0,4740.0,62.2
8208,402.0,4824.0,62.6
8209,396.0,4752.0,62.8
8210,402.0,4824.0,62.8
8211,407.0,4884.0,62.6
8212,406.0,4872.0,62.6
8213,408.0,4896.0,62.4
8214,402.0,4824.0,62.7
8215,402.0,4824.0,62.6
8216,411.0,4932.0,62.1
8217,408.0,4896.0,61.3
8218,410.0,4920.0,60.8
8219,402.0,4824.0,61.2
8220,404.0,4848.0,61.4
8221,402.0,4824.0,61.0
8222,410.0,4920.0,61.3
8223,419.0,5028.0,61.3
8224,419.0,5028.0,61.2
8225,414.0,4968.0,61.4
8226,414.0,4968.0,61.4
8227,422.0,5064.0,61.3
8228,425.0,5100.0,61.6
8229,425.0,5100.0,61.0
8230,426.0,5112.0,61.2
8231,424.0,5088.0,60.9
8232,416.0,4992.0,60.4
8233,422.0,5064.0,60.0
8234,426.0,5112.0,60.0
8235,427.0,5124.0,59.6
8236,427.0,5124.0,59.2
8237,428.0,5136.0,58.7
8238,428.0,5136.0,58.7
8239,425.0,5100.0,57.8
8240,430.0,5160.0,58.3
8241,436.0,5232.0,57.5
8242,434.0,5208.0,53.9
8243,432.0,5184.0,55.2
8244,428.0,5136.0,55.1
8245,432.0,5184.0,54.4
8246,434.0,5208.0,55.0
8247,437.0,5244.0,54.5
8248,433.0,5196.0,54.6
8249,432.0,5184.0,54.4
8250,429.0,5148.0,52.0
8251,427.0,5124.0,54.6
8252,436.0,5232.0,51.5
8253,434.0,5208.0,49.0
8254,432.0,5184.0,50.6
8255,424.0,5088.0,52.5
8256,422.0,5064.0,54.7
8257,429.0,5148.0,54.2
8258,430.0,5160.0,54.5
8259,433.0,5196.0,55.2
8260,430.0,5160.0,56.7
8261,429.0,5148.0,57.2
8262,416.0,4992.0,57.4
8263,429.0,5148.0,57.7
8264,430.0,5160.0,57.9
8265,434.0,5208.0,58.2
8266,432.0,5184.0,58.4
8267,424.0,5088.0,58.6
8268,419.0,5028.0,58.9
8269,426.0,5112.0,59.1
8270,437.0,5244.0,59.3
8271,443.0,5316.0,59.6
8272,440.0,5280.0,59.4
8273,430.0,5160.0,59.0
8274,426.0,5112.0,59.1
8275,414.0,4968.0,59.2
8276,414.0,4968.0,59.5
8277,413.0,4956.0,60.0
8278,419.0,5028.0,60.0
8279,396.0,4752.0,60.1
8280,410.0,4920.0,61.2
8281,406.0,4872.0,63.0
8282,417.0,5004.0,65.3
8283,410.0,4920.0,66.2
8284,400.0,4800.0,67.0
8285,411.0,4932.0,67.3
8286,385.0,4620.0,67.4
8287,400.0,4800.0,67.6
8288,411.0,4932.0,67.4
8289,404.0,4848.0,67.8
8290,385.0,4620.0,68.2
8291,381.0,4572.0,68.1
8292,393.0,4716.0,68.5
8293,402.0,4824.0,68.5
8294,396.0,4752.0,68.2
8295,396.0,4752.0,68.6
8296,393.0,4716.0,68.4
8297,376.0,4512.0,68.5
8298,367.0,4404.0,68.3
8299,369.0,4428.0,68.2
8300,358.0,4296.0,68.1
8301,373.0,4476.0,67.7
8302,359.0,4308.0,67.8
8303,352.0,4224.0,67.7
8304,359.0,4308.0,67.8
8305,368.0,4416.0,67.8
8306,373.0,4476.0,68.0
8307,335.0,4020.0,68.0
8308,360.0,4320.0,68.0
8309,369.0,4428.0,68.0
8310,352.0,4224.0,68.1
8311,344.0,4128.0,68.2
8312,347.0,4164.0,68.3
8313,318.0,3816.0,68.4
8314,332.0,3984.0,68.5
8315,333.0,3996.0,68.7
8316,314.0,3768.0,68.8
8317,324.0,3888.0,68.9
8318,350.0,4200.0,69.1
8319,332.0,3984.0,69.3
8320,326.0,3912.0,69.9
8321,308.0,3696.0,69.6
8322,306.0,3672.0,69.6
8323,300.0,3600.0,69.6
8324,302.0,3624.0,70.0
8325,306.0,3672.0,70.0
8326,318.0,3816.0,70.1
8327,283.0,3396.0,70.4
8328,272.0,3264.0,70.3
8329,286.0,3432.0,70.4
8330,296.0,3552.0,70.4
8331,291.0,3492.0,69.9
8332,270.0,3240.0,70.0
8333,267.0,3204.0,69.8
8334,259.0,3108.0,70.0
8335,259.0,3108.0,70.1
8336,228.0,2736.0,70.3
8337,239.0,2868.0,70.4
8338,232.0,2784.0,70.5
8339,227.0,2724.0,70.5
8340,210.0,2520.0,70.4
8341,219.0,2628.0,70.1
8342,206.0,2472.0,70.5
8343,204.0,2448.0,69.9
8344,198.0,2376.0,69.9
8345,200.0,2400.0,70.2
8346,201.0,2412.0,70.0
8347,180.0,2160.0,70.1
8348,186.0,2232.0,70.4
8349,192.0,2304.0,70.2
8350,178.0,2136.0,70.3
8351,178.0,2136.0,70.3
8352,165.0,1980.0,70.6
8353,164.0,1968.0,70.2
8354,157.0,1884.0,70.4
8355,171.0,2052.0,70.1
8356,147.0,1764.0,69.7
8357,144.0,1728.0,69.7
8358,131.0,1572.0,69.8
8359,126.0,1512.0,69.8
8360,128.0,1536.0,69.6
8361,123.0,1476.0,70.2
8362,116.0,1392.0,69.9
8363,111.0,1332.0,70.1
8364,113.0,1356.0,70.4
8365,111.0,1332.0,70.1
8366,111.0,1332.0,70.1
8367,108.0,1296.0,69.9
8368,98.0,1176.0,69.9
8369,100.0,1200.0,70.4
8370,95.0,1140.0,70.1
8371,95.0,1140.0,70.0
8372,93.0,1116.0,69.9
8373,90.0,1080.0,69.9
8374,90.0,1080.0,70.4
8375,90.0,1080.0,70.0
8376,93.0,1116.0,70.4
8377,88.0,1056.0,70.4
8378,78.0,936.0,70.3
8379,87.0,1044.0,69.9
8380,85.0,1020.0,69.9
8381,75.0,900.0,70.4
8382,78.0,936.0,70.2
8383,75.0,900.0,69.5
8384,81.0,972.0,69.8
8385,74.0,888.0,69.5
8386,70.0,840.0,69.7
8387,72.0,864.0,69.5
8388,70.0,840.0,69.9
8389,70.0,840.0,69.9
8390,67.0,804.0,69.8
8391,72.0,864.0,69.5
8392,75.0,900.0,69.7
8393,75.0,900.0,69.6
8394,67.0,804.0,69.6
8395,67.0,804.0,69.8
8396,64.0,768.0,69.7
8397,67.0,804.0,69.6
8398,82.0,984.0,69.7
8399,70.0,840.0,69.6
8400,67.0,804.0,69.7
8401,67.0,804.0,69.5
8402,72.0,864.0,69.4
8403,72.0,864.0,69.2
8404,70.0,840.0,69.6
8405,75.0,900.0,69.6
8406,75.0,900.0,69.8
8407,82.0,984.0,69.8
8408,88.0,1056.0,70.0
8409,90.0,1080.0,70.0
8410,91.0,1092.0,69.9
8411,100.0,1200.0,69.7
8412,88.0,1056.0,69.7
8413,93.0,1116.0,69.9
8414,100.0,1200.0,69.6
8415,123.0,1476.0,69.6
8416,138.0,1656.0,69.6
8417,123.0,1476.0,69.9
8418,129.0,1548.0,69.7
8419,136.0,1632.0,69.9
8420,147.0,1764.0,69.9
8421,175.0,2100.0,70.3
8422,165.0,1980.0,70.3
8423,175.0,2100.0,70.4
8424,180.0,2160.0,69.5
8425,196.0,2352.0,69.1
8426,201.0,2412.0,68.8
8427,201.0,2412.0,68.7
8428,231.0,2772.0,69.0
8429,212.0,2544.0,68.8
8430,225.0,2700.0,69.0
8431,227.0,2724.0,69.1
8432,224.0,2688.0,69.4
8433,239.0,2868.0,69.4
8434,259.0,3108.0,69.8
8435,255.0,3060.0,69.5
8436,268.0,3216.0,68.9
8437,268.0,3216.0,68.0
8438,273.0,3276.0,67.7
8439,265.0,3180.0,67.3
8440,294.0,3528.0,67.4
8441,309.0,3708.0,67.3
8442,303.0,3636.0,67.5
8443,308.0,3696.0,67.5
8444,309.0,3708.0,67.7
8445,308.0,3696.0,67.6
8446,318.0,3816.0,67.4
8447,353.0,4236.0,67.4
8448,306.0,3672.0,67.2
8449,316.0,3792.0,67.3
8450,316.0,3792.0,67.2
8451,338.0,4056.0,66.8
8452,326.0,3912.0,67.1
8453,355.0,4260.0,67.4
8454,335.0,4020.0,67.3
8455,358.0,4296.0,67.2
8456,335.0,4020.0,67.4
8457,343.0,4116.0,67.2
8458,343.0,4116.0,67.0
8459,340.0,4080.0,67.5
8460,332.0,3984.0,67.6
8461,329.0,3948.0,67.2
8462,335.0,4020.0,67.1
8463,344.0,4128.0,66.9
8464,347.0,4164.0,67.0
8465,352.0,4224.0,66.8
8466,355.0,4260.0,66.9
8467,359.0,4308.0,67.0
8468,369.0,4428.0,66.4
8469,373.0,4476.0,66.5
8470,369.0,4428.0,66.6
8471,361.0,4332.0,66.6
8472,360.0,4320.0,66.7
8473,350.0,4200.0,66.6
8474,361.0,4332.0,66.5
8475,363.0,4356.0,66.4
8476,369.0,4428.0,66.5
8477,375.0,4500.0,66.4
8478,381.0,4572.0,66.3
8479,384.0,4608.0,66.2
8480,388.0,4656.0,66.0
8481,387.0,4644.0,66.1
8482,385.0,4620.0,66.1
8483,385.0,4620.0,66.0
8484,391.0,4692.0,65.7
8485,391.0,4692.0,66.1
8486,391.0,4692.0,66.2
8487,391.0,4692.0,66.3
8488,393.0,4716.0,66.3
8489,393.0,4716.0,66.7
8490,396.0,4752.0,66.6
8491,391.0,4692.0,66.5
8492,396.0,4752.0,66.4
8493,399.0,4788.0,66.5
8494,396.0,4752.0,66.5
8495,399.0,4788.0,66.5
8496,399.0,4788.0,66.7
8497,400.0,4800.0,66.7
8498,406.0,4872.0,66.8
8499,410.0,4920.0,66.2
8500,406.0,4872.0,66.2
8501,404.0,4848.0,66.3
8502,404.0,4848.0,66.3
8503,408.0,4896.0,66.4
8504,404.0,4848.0,65.8
8505,404.0,4848.0,66.5
8506,408.0,4896.0,66.4
8507,402.0,4824.0,66.5
8508,404.0,4848.0,66.7
8509,402.0,4824.0,66.7
8510,410.0,4920.0,66.9
8511,410.0,4920.0,66.4
8512,407.0,4884.0,66.7
8513,410.0,4920.0,66.9
8514,410.0,4920.0,66.9
8515,408.0,4896.0,66.8
8516,411.0,4932.0,66.8
8517,413.0,4956.0,66.7
8518,404.0,4848.0,66.9
8519,402.0,4824.0,66.7
8520,402.0,4824.0,66.8
8521,399.0,4788.0,67.0
8522,402.0,4824.0,67.1
8523,404.0,4848.0,66.8
8524,410.0,4920.0,67.0
8525,408.0,4896.0,67.0
8526,407.0,4884.0,67.0
8527,399.0,4788.0,67.2
8528,410.0,4920.0,67.1
8529,408.0,4896.0,67.2
8530,411.0,4932.0,67.2
8531,413.0,4956.0,66.9
8532,399.0,4788.0,67.1
8533,402.0,4824.0,67.2
8534,408.0,4896.0,67.3
8535,413.0,4956.0,67.2
8536,410.0,4920.0,67.0
8537,410.0,4920.0,67.2
8538,402.0,4824.0,67.3
8539,402.0,4824.0,67.4
8540,406.0,4872.0,67.3
8541,410.0,4920.0,67.3
8542,406.0,4872.0,67.7
8543,400.0,4800.0,67.4
8544,391.0,4692.0,67.4
8545,396.0,4752.0,67.4
8546,404.0,4848.0,67.4
8547,408.0,4896.0,67.5
8548,402.0,4824.0,67.6
8549,406.0,4872.0,67.6
8550,406.0,4872.0,67.9
8551,407.0,4884.0,67.8
8552,404.0,4848.0,67.9
8553,408.0,4896.0,67.6
8554,416.0,4992.0,67.6
8555,391.0,4692.0,67.7
8556,393.0,4716.0,67.8
8557,393.0,4716.0,67.8
8558,396.0,4752.0,67.7
8559,393.0,4716.0,67.8
8560,402.0,4824.0,68.3
8561,393.0,4716.0,68.1
8562,391.0,4692.0,68.0
8563,389.0,4668.0,68.0
8564,385.0,4620.0,68.1
8565,385.0,4620.0,68.3
8566,381.0,4572.0,68.3
8567,375.0,4500.0,68.5
8568,370.0,4440.0,68.2
8569,370.0,4440.0,68.3
8570,373.0,4476.0,68.4
8571,370.0,4440.0,68.6
8572,381.0,4572.0,68.6
8573,382.0,4584.0,68.9
8574,363.0,4356.0,68.7
8575,360.0,4320.0,68.8
8576,358.0,4296.0,69.0
8577,350.0,4200.0,68.8
8578,340.0,4080.0,68.6
8579,338.0,4056.0,68.8
8580,352.0,4224.0,68.8
8581,333.0,3996.0,68.8
8582,333.0,3996.0,68.9
8583,332.0,3984.0,69.2
8584,335.0,4020.0,69.0
8585,324.0,3888.0,68.8
8586,314.0,3768.0,68.9
8587,316.0,3792.0,68.8
8588,318.0,3816.0,68.4
8589,324.0,3888.0,68.2
8590,312.0,3744.0,68.1
8591,305.0,3660.0,67.7
8592,305.0,3660.0,67.9
8593,303.0,3636.0,67.9
8594,303.0,3636.0,68.1
8595,308.0,3696.0,68.2
8596,305.0,3660.0,68.2
8597,298.0,3576.0,68.3
8598,288.0,3456.0,68.4
8599,294.0,3528.0,68.4
8600,303.0,3636.0,68.6
8601,294.0,3528.0,68.7
8602,280.0,3360.0,68.7
8603,296.0,3552.0,68.8
8604,291.0,3492.0,69.3
8605,294.0,3528.0,70.0
8606,274.0,3288.0,70.1
8607,292.0,3504.0,70.2
8608,294.0,3528.0,70.3
8609,306.0,3672.0,70.3
8610,292.0,3504.0,70.4
8611,274.0,3288.0,70.3
8612,280.0,3360.0,70.3
8613,268.0,3216.0,70.4
8614,271.0,3252.0,70.3
8615,294.0,3528.0,70.4
8616,262.0,3144.0,70.1
8617,262.0,3144.0,69.9
8618,265.0,3180.0,70.1
8619,257.0,3084.0,69.9
8620,254.0,3048.0,70.1
8621,276.0,3312.0,70.4
8622,273.0,3276.0,70.5
8623,250.0,3000.0,70.5
8624,249.0,2988.0,70.5
8625,235.0,2820.0,70.8
8626,250.0,3000.0,70.6
8627,247.0,2964.0,70.8
8628,239.0,2868.0,70.4
8629,228.0,2736.0,70.3
8630,218.0,2616.0,70.1
8631,219.0,2628.0,70.2
8632,228.0,2736.0,70.1
8633,193.0,2316.0,70.2
8634,194.0,2328.0,70.2
8635,186.0,2232.0,70.2
8636,186.0,2232.0,70.1
8637,175.0,2100.0,70.3
8638,184.0,2208.0,70.1
8639,178.0,2136.0,70.4
8640,157.0,1884.0,70.5
8641,167.0,2004.0,70.3
8642,160.0,1920.0,70.2
8643,151.0,1812.0,69.9
8644,157.0,1884.0,70.1
8645,147.0,1764.0,70.1
8646,129.0,1548.0,70.3
8647,134.0,1608.0,70.3
8648,131.0,1572.0,70.5
8649,119.0,1428.0,70.1
8650,116.0,1392.0,70.3
8651,115.0,1380.0,70.5
8652,108.0,1296.0,70.4
8653,101.0,1212.0,70.3
8654,105.0,1260.0,70.3
8655,105.0,1260.0,70.1
8656,97.0,1164.0,70.0
8657,93.0,1116.0,70.3
8658,85.0,1020.0,70.4
8659,85.0,1020.0,70.0
8660,82.0,984.0,70.4
8661,81.0,972.0,70.0
8662,82.0,984.0,70.4
8663,81.0,972.0,70.3
8664,78.0,936.0,70.4
8665,78.0,936.0,70.3
8666,77.0,924.0,70.3
8667,74.0,888.0,70.4
8668,72.0,864.0,70.3
8669,67.0,804.0,70.3
8670,64.0,768.0,70.4
8671,64.0,768.0,70.5
8672,62.0,744.0,70.4
8673,59.0,708.0,70.0
8674,57.0,684.0,70.1
8675,56.0,672.0,70.1
8676,52.0,624.0,70.4
8677,53.0,636.0,70.5
8678,52.0,624.0,70.4
8679,55.0,660.0,70.2
8680,52.0,624.0,70.3
8681,49.0,588.0,70.2
8682,48.0,576.0,70.5
8683,48.0,576.0,70.3
8684,47.0,564.0,70.2
8685,47.0,564.0,70.4
8686,44.0,528.0,70.2
8687,42.0,504.0,69.7
8688,44.0,528.0,70.0
8689,44.0,528.0,70.0
8690,44.0,528.0,70.1
8691,44.0,528.0,70.0
8692,44.0,528.0,70.1
8693,46.0,552.0,70.0
8694,46.0,552.0,69.9
8695,50.0,600.0,69.9
8696,52.0,624.0,70.2
8697,52.0,624.0,70.3
8698,50.0,600.0,70.1
8699,52.0,624.0,70.0
8700,49.0,588.0,70.0
8701,52.0,624.0,70.0
8702,53.0,636.0,70.2
8703,59.0,708.0,70.2
8704,60.0,720.0,70.0
8705,62.0,744.0,70.0
8706,64.0,768.0,69.8
8707,70.0,840.0,70.2
8708,75.0,900.0,70.0
8709,75.0,900.0,69.9
8710,75.0,900.0,70.0
8711,90.0,1080.0,70.1
8712,75.0,900.0,69.8
8713,82.0,984.0,70.0
8714,85.0,1020.0,69.9
8715,91.0,1092.0,70.1
8716,115.0,1380.0,70.1
8717,111.0,1332.0,70.1
8718,105.0,1260.0,70.3
8719,115.0,1380.0,70.6
8720,116.0,1392.0,70.6
8721,127.0,1524.0,70.6
8722,125.0,1500.0,70.7
8723,131.0,1572.0,70.8
8724,134.0,1608.0,70.4
8725,149.0,1788.0,70.5
8726,152.0,1824.0,70.4
8727,163.0,1956.0,70.3
8728,164.0,1968.0,70.2
8729,167.0,2004.0,70.5
8730,158.0,1896.0,70.6
8731,160.0,1920.0,70.5
8732,167.0,2004.0,70.7
8733,175.0,2100.0,70.5
8734,169.0,2028.0,70.7
8735,180.0,2160.0,70.7
8736,175.0,2100.0,70.1
8737,186.0,2232.0,69.8
8738,200.0,2400.0,69.6
8739,221.0,2652.0,70.1
8740,205.0,2460.0,70.0
8741,196.0,2352.0,70.0
8742,214.0,2568.0,69.8
8743,214.0,2568.0,69.9
8744,234.0,2808.0,69.8
8745,230.0,2760.0,69.8
8746,254.0,3048.0,69.6
8747,234.0,2808.0,69.7
8748,239.0,2868.0,69.2
8749,239.0,2868.0,69.3
8750,250.0,3000.0,69.1
8751,260.0,3120.0,69.3
8752,268.0,3216.0,69.0
8753,273.0,3276.0,69.0
8754,280.0,3360.0,69.0
8755,286.0,3432.0,69.0
8756,294.0,3528.0,68.9
8757,301.0,3612.0,68.8
8758,306.0,3672.0,68.8
8759,303.0,3636.0,69.1
8760,303.0,3636.0,68.5
8761,300.0,3600.0,68.5
8762,320.0,3840.0,68.3
8763,314.0,3768.0,68.3
8764,324.0,3888.0,68.2
8765,327.0,3924.0,68.1
8766,329.0,3948.0,68.0
8767,335.0,4020.0,68.2
8768,346.0,4152.0,68.1
8769,347.0,4164.0,68.1
8770,349.0,4188.0,68.1
8771,347.0,4164.0,68.2
8772,344.0,4128.0,68.1
8773,338.0,4056.0,67.8
8774,346.0,4152.0,67.7
8775,355.0,4260.0,67.8
8776,352.0,4224.0,67.5
8777,358.0,4296.0,67.7
8778,368.0,4416.0,67.5
8779,368.0,4416.0,67.5
8780,370.0,4440.0,67.3
8781,373.0,4476.0,67.3
8782,370.0,4440.0,67.3
8783,378.0,4536.0,67.1
8784,378.0,4536.0,67.1
8785,373.0,4476.0,67.3
8786,381.0,4572.0,67.2
8787,381.0,4572.0,67.3
8788,385.0,4620.0,66.9
8789,387.0,4644.0,66.7
8790,393.0,4716.0,67.0
8791,396.0,4752.0,66.6
8792,400.0,4800.0,66.6
8793,399.0,4788.0,66.6
8794,396.0,4752.0,66.5
8795,395.0,4740.0,66.8
8796,393.0,4716.0,66.8
8797,389.0,4668.0,66.8
8798,393.0,4716.0,66.7
8799,395.0,4740.0,66.7
8800,399.0,4788.0,66.4
8801,402.0,4824.0,66.3
8802,396.0,4752.0,66.1
8803,396.0,4752.0,66.3
8804,396.0,4752.0,66.3
8805,396.0,4752.0,65.9
8806,395.0,4740.0,66.4
8807,391.0,4692.0,66.1
8808,384.0,4608.0,66.3
8809,385.0,4620.0,66.4
8810,384.0,4608.0,66.5
8811,389.0,4668.0,66.6
8812,389.0,4668.0,66.7
8813,385.0,4620.0,66.7
8814,385.0,4620.0,66.5
8815,379.0,4548.0,66.6
8816,385.0,4620.0,66.7
8817,384.0,4608.0,66.8
8818,381.0,4572.0,66.7
8819,375.0,4500.0,66.9
8820,381.0,4572.0,67.0
8821,375.0,4500.0,66.9
8822,384.0,4608.0,66.7
8823,381.0,4572.0,67.0
8824,381.0,4572.0,66.6
8825,376.0,4512.0,66.7
8826,388.0,4656.0,66.7
8827,388.0,4656.0,66.7
8828,388.0,4656.0,66.7
8829,385.0,4620.0,67.2
8830,391.0,4692.0,67.0
8831,384.0,4608.0,66.8
8832,378.0,4536.0,67.0
8833,379.0,4548.0,66.9
8834,385.0,4620.0,67.2
8835,382.0,4584.0,67.3
8836,395.0,4740.0,66.8
8837,382.0,4584.0,66.8
8838,381.0,4572.0,66.9
8839,379.0,4548.0,67.2
8840,381.0,4572.0,67.1
8841,376.0,4512.0,67.1
8842,375.0,4500.0,67.2
8843,365.0,4380.0,67.5
8844,362.0,4344.0,67.4
8845,370.0,4440.0,67.5
8846,366.0,4392.0,67.6
8847,370.0,4440.0,67.5
8848,366.0,4392.0,68.1
8849,363.0,4356.0,68.0
8850,358.0,4296.0,68.3
8851,358.0,4296.0,68.2
8852,355.0,4260.0,68.0
8853,353.0,4236.0,67.9
8854,355.0,4260.0,68.1
8855,350.0,4200.0,68.3
8856,350.0,4200.0,68.1
8857,353.0,4236.0,68.2
8858,353.0,4236.0,68.2
8859,355.0,4260.0,68.0
8860,368.0,4416.0,67.7
8861,343.0,4116.0,68.1
8862,376.0,4512.0,68.0
8863,346.0,4152.0,67.9
8864,339.0,4068.0,67.9
8865,337.0,4044.0,67.8
8866,332.0,3984.0,67.8
8867,329.0,3948.0,67.9
8868,329.0,3948.0,67.7
8869,326.0,3912.0,67.7
8870,332.0,3984.0,67.5
8871,333.0,3996.0,67.3
8872,335.0,4020.0,67.3
8873,328.0,3936.0,67.1
8874,327.0,3924.0,66.8
8875,318.0,3816.0,66.6
8876,324.0,3888.0,66.3
8877,332.0,3984.0,66.1
8878,320.0,3840.0,65.9
8879,321.0,3852.0,65.8
8880,318.0,3816.0,65.4
8881,317.0,3804.0,65.7
8882,326.0,3912.0,65.9
8883,318.0,3816.0,65.6
8884,324.0,3888.0,66.0
8885,320.0,3840.0,65.5
8886,309.0,3708.0,65.5
8887,309.0,3708.0,65.7
8888,309.0,3708.0,65.5
8889,299.0,3588.0,66.1
8890,292.0,3504.0,66.0
8891,288.0,3456.0,66.2
8892,285.0,3420.0,68.1
8893,285.0,3420.0,68.9
8894,280.0,3360.0,69.5
8895,279.0,3348.0,69.8
8896,291.0,3492.0,70.1
8897,276.0,3312.0,70.0
8898,262.0,3144.0,70.3
8899,261.0,3132.0,70.3
8900,255.0,3060.0,70.3
8901,257.0,3084.0,70.4
8902,245.0,2940.0,70.5
8903,247.0,2964.0,70.7
8904,235.0,2820.0,70.4
8905,230.0,2760.0,70.3
8906,228.0,2736.0,70.4
8907,219.0,2628.0,70.3
8908,214.0,2568.0,70.2
8909,204.0,2448.0,70.4
8910,205.0,2460.0,70.2
8911,188.0,2256.0,70.2
8912,198.0,2376.0,70.4
8913,178.0,2136.0,70.1
8914,168.0,2016.0,70.4
8915,167.0,2004.0,70.5
8916,151.0,1812.0,70.5
8917,152.0,1824.0,70.2
8918,146.0,1752.0,70.4
8919,142.0,1704.0,70.3
8920,149.0,1788.0,70.1
8921,139.0,1668.0,70.4
8922,129.0,1548.0,70.4
8923,122.0,1464.0,70.3
8924,119.0,1428.0,70.6
8925,119.0,1428.0,70.2
8926,109.0,1308.0,69.7
8927,108.0,1296.0,70.0
8928,95.0,1140.0,71.3
8929,93.0,1116.0,70.6
8930,93.0,1116.0,70.4
8931,85.0,1020.0,70.6
8932,88.0,1056.0,70.2
8933,82.0,984.0,70.2
8934,77.0,924.0,70.4
8935,72.0,864.0,70.4
8936,67.0,804.0,70.1
8937,72.0,864.0,69.9
8938,64.0,768.0,69.7
8939,60.0,720.0,69.7
8940,59.0,708.0,70.2
8941,61.0,732.0,70.1
8942,62.0,744.0,70.3
8943,56.0,672.0,70.1
8944,55.0,660.0,70.1
8945,53.0,636.0,69.8
8946,49.0,588.0,69.6
8947,57.0,684.0,69.6
8948,48.0,576.0,69.6
8949,48.0,576.0,69.7
8950,50.0,600.0,69.4
8951,46.0,552.0,69.5
8952,48.0,576.0,69.6
8953,47.0,564.0,69.5
8954,46.0,552.0,69.5
8955,47.0,564.0,69.7
8956,46.0,552.0,69.5
8957,47.0,564.0,69.6
8958,46.0,552.0,69.5
8959,46.0,552.0,69.3
8960,47.0,564.0,69.5
8961,47.0,564.0,69.5
8962,46.0,552.0,69.4
8963,48.0,576.0,69.1
8964,48.0,576.0,69.5
8965,47.0,564.0,69.2
8966,52.0,624.0,69.3
8967,49.0,588.0,69.4
8968,55.0,660.0,69.3
8969,59.0,708.0,69.3
8970,61.0,732.0,69.4
8971,67.0,804.0,69.6
8972,74.0,888.0,69.8
8973,79.0,948.0,69.3
8974,75.0,900.0,69.5
8975,75.0,900.0,69.3
8976,77.0,924.0,69.4
8977,79.0,948.0,69.7
8978,90.0,1080.0,69.6
8979,98.0,1176.0,69.6
8980,115.0,1380.0,69.8
8981,119.0,1428.0,69.7
8982,134.0,1608.0,70.0
8983,152.0,1824.0,70.2
8984,162.0,1944.0,70.4
8985,180.0,2160.0,70.9
8986,169.0,2028.0,70.5
8987,169.0,2028.0,70.3
8988,184.0,2208.0,70.5
8989,195.0,2340.0,70.2
8990,210.0,2520.0,70.3
8991,239.0,2868.0,70.4
8992,253.0,3036.0,71.2
8993,254.0,3048.0,71.3
8994,294.0,3528.0,71.0
8995,303.0,3636.0,70.9
8996,322.0,3864.0,71.2
8997,335.0,4020.0,71.4
8998,327.0,3924.0,71.3
8999,309.0,3708.0,71.0
9000,305.0,3660.0,67.8
9001,311.0,3732.0,66.7
9002,332.0,3984.0,66.5
9003,352.0,4224.0,66.5
9004,365.0,4380.0,66.5
9005,343.0,4116.0,66.5
9006,332.0,3984.0,66.5
9007,322.0,3864.0,66.5
9008,321.0,3852.0,66.7
9009,370.0,4440.0,66.6
9010,343.0,4116.0,66.5
9011,358.0,4296.0,66.4
9012,329.0,3948.0,66.5
9013,353.0,4236.0,66.4
9014,355.0,4260.0,66.6
9015,343.0,4116.0,66.5
9016,369.0,4428.0,66.5
9017,384.0,4608.0,66.5
9018,332.0,3984.0,66.5
9019,404.0,4848.0,66.3
9020,417.0,5004.0,66.2
9021,393.0,4716.0,66.0
9022,368.0,4416.0,65.8
9023,417.0,5004.0,66.0
9024,388.0,4656.0,65.9
9025,379.0,4548.0,66.1
9026,400.0,4800.0,66.1
9027,399.0,4788.0,66.2
9028,391.0,4692.0,65.9
9029,391.0,4692.0,65.7
9030,391.0,4692.0,65.9
9031,393.0,4716.0,65.7
9032,395.0,4740.0,65.5
9033,396.0,4752.0,65.6
9034,388.0,4656.0,65.3
9035,376.0,4512.0,65.6
9036,363.0,4356.0,65.2
9037,358.0,4296.0,65.3
9038,360.0,4320.0,64.6
9039,370.0,4440.0,64.5
9040,365.0,4380.0,64.6
9041,370.0,4440.0,64.8
9042,362.0,4344.0,64.4
9043,368.0,4416.0,64.7
9044,373.0,4476.0,64.5
9045,370.0,4440.0,64.6
9046,367.0,4404.0,63.9
9047,362.0,4344.0,64.2
9048,358.0,4296.0,64.2
9049,353.0,4236.0,64.3
9050,362.0,4344.0,64.4
9051,362.0,4344.0,63.7
9052,366.0,4392.0,63.7
9053,369.0,4428.0,63.6
9054,366.0,4392.0,63.7
9055,373.0,4476.0,64.1
9056,375.0,4500.0,63.7
9057,373.0,4476.0,63.9
9058,367.0,4404.0,64.2
9059,365.0,4380.0,63.7
9060,361.0,4332.0,63.9
9061,368.0,4416.0,64.0
9062,381.0,4572.0,63.3
9063,373.0,4476.0,63.6
9064,376.0,4512.0,63.8
9065,370.0,4440.0,63.9
9066,376.0,4512.0,64.2
9067,373.0,4476.0,63.5
9068,378.0,4536.0,63.6
9069,376.0,4512.0,63.5
9070,376.0,4512.0,64.0
9071,373.0,4476.0,63.7
9072,373.0,4476.0,64.3
9073,373.0,4476.0,64.1
9074,382.0,4584.0,64.1
9075,381.0,4572.0,64.0
9076,379.0,4548.0,64.4
9077,379.0,4548.0,64.6
9078,381.0,4572.0,64.2
9079,391.0,4692.0,64.0
9080,393.0,4716.0,64.1
9081,391.0,4692.0,64.2
9082,385.0,4620.0,64.0
9083,387.0,4644.0,63.8
9084,376.0,4512.0,63.9
9085,388.0,4656.0,64.1
9086,385.0,4620.0,64.0
9087,396.0,4752.0,64.4
9088,399.0,4788.0,64.2
9089,400.0,4800.0,64.0
9090,395.0,4740.0,64.0
9091,399.0,4788.0,64.3
9092,404.0,4848.0,64.2
9093,404.0,4848.0,64.4
9094,399.0,4788.0,64.7
9095,399.0,4788.0,65.0
9096,399.0,4788.0,64.8
9097,402.0,4824.0,65.1
9098,414.0,4968.0,64.7
9099,419.0,5028.0,64.8
9100,420.0,5040.0,64.7
9101,440.0,5280.0,64.8
9102,424.0,5088.0,64.3
9103,429.0,5148.0,64.3
9104,437.0,5244.0,64.6
9105,457.0,5484.0,64.6
9106,455.0,5460.0,64.4
9107,462.0,5544.0,64.6
9108,490.0,5880.0,63.8
9109,457.0,5484.0,63.6
9110,460.0,5520.0,64.0
9111,458.0,5496.0,64.3
9112,471.0,5652.0,64.1
9113,469.0,5628.0,64.3
9114,460.0,5520.0,64.1
9115,444.0,5328.0,64.2
9116,451.0,5412.0,63.8
9117,462.0,5544.0,63.8
9118,452.0,5424.0,63.5
9119,457.0,5484.0,63.9
9120,460.0,5520.0,63.4
9121,458.0,5496.0,63.7
9122,452.0,5424.0,64.0
9123,452.0,5424.0,64.4
9124,440.0,5280.0,64.7
9125,437.0,5244.0,62.4
9126,427.0,5124.0,63.7
9127,429.0,5148.0,63.7
9128,445.0,5340.0,63.8
9129,455.0,5460.0,64.0
9130,448.0,5376.0,63.9
9131,437.0,5244.0,64.7
9132,442.0,5304.0,64.0
9133,454.0,5448.0,65.2
9134,474.0,5688.0,65.3
9135,468.0,5616.0,64.6
9136,463.0,5556.0,64.5
9137,448.0,5376.0,64.6
9138,460.0,5520.0,64.9
9139,479.0,5748.0,65.0
9140,473.0,5676.0,65.7
9141,458.0,5496.0,66.2
9142,449.0,5388.0,66.9
9143,452.0,5424.0,67.2
9144,437.0,5244.0,67.4
9145,416.0,4992.0,67.5
9146,422.0,5064.0,67.4
9147,414.0,4968.0,68.0
9148,414.0,4968.0,68.3
9149,419.0,5028.0,68.4
9150,411.0,4932.0,68.6
9151,358.0,4296.0,68.8
9152,352.0,4224.0,68.9
9153,335.0,4020.0,68.9
9154,361.0,4332.0,69.5
9155,341.0,4092.0,69.7
9156,318.0,3816.0,69.7
9157,332.0,3984.0,70.0
9158,335.0,4020.0,70.0
9159,341.0,4092.0,69.8
9160,317.0,3804.0,69.9
9161,309.0,3708.0,69.9
9162,309.0,3708.0,69.5
9163,299.0,3588.0,69.3
9164,288.0,3456.0,68.9
9165,303.0,3636.0,68.7
9166,277.0,3324.0,68.5
9167,285.0,3420.0,68.6
9168,268.0,3216.0,68.7
9169,262.0,3144.0,68.6
9170,276.0,3312.0,68.6
9171,262.0,3144.0,68.8
9172,280.0,3360.0,68.6
9173,272.0,3264.0,68.4
9174,255.0,3060.0,68.8
9175,257.0,3084.0,68.4
9176,262.0,3144.0,68.7
9177,242.0,2904.0,68.7
9178,261.0,3132.0,68.6
9179,242.0,2904.0,68.9
9180,239.0,2868.0,69.6
9181,224.0,2688.0,69.8
9182,233.0,2796.0,70.1
9183,234.0,2808.0,70.6
9184,244.0,2928.0,70.7
9185,239.0,2868.0,70.6
9186,244.0,2928.0,70.3
9187,227.0,2724.0,70.4
9188,227.0,2724.0,70.6
9189,212.0,2544.0,70.8
9190,219.0,2628.0,70.6
9191,208.0,2496.0,70.6
9192,204.0,2448.0,70.8
9193,209.0,2508.0,70.5
9194,204.0,2448.0,70.4
9195,212.0,2544.0,70.6
9196,200.0,2400.0,70.0
9197,190.0,2280.0,70.3
9198,165.0,1980.0,70.3
9199,175.0,2100.0,70.2
9200,167.0,2004.0,70.6
9201,163.0,1956.0,70.5
9202,149.0,1788.0,70.1
9203,149.0,1788.0,69.8
9204,145.0,1740.0,70.1
9205,144.0,1728.0,70.2
9206,154.0,1848.0,70.2
9207,141.0,1692.0,70.2
9208,155.0,1860.0,70.0
9209,146.0,1752.0,70.1
9210,123.0,1476.0,70.2
9211,122.0,1464.0,70.1
9212,128.0,1536.0,69.4
9213,115.0,1380.0,69.8
9214,122.0,1464.0,69.6
9215,104.0,1248.0,69.4
9216,100.0,1200.0,70.7
9217,100.0,1200.0,70.8
9218,100.0,1200.0,70.4
9219,98.0,1176.0,70.2
9220,91.0,1092.0,70.0
9221,91.0,1092.0,70.0
9222,85.0,1020.0,69.8
9223,78.0,936.0,69.6
9224,77.0,924.0,69.8
9225,77.0,924.0,69.8
9226,81.0,972.0,68.8
9227,72.0,864.0,68.7
9228,67.0,804.0,69.1
9229,70.0,840.0,69.7
9230,64.0,768.0,69.8
9231,67.0,804.0,69.9
9232,64.0,768.0,69.2
9233,59.0,708.0,69.2
9234,61.0,732.0,69.5
9235,64.0,768.0,68.9
9236,61.0,732.0,68.8
9237,55.0,660.0,68.8
9238,57.0,684.0,68.7
9239,61.0,732.0,69.1
9240,52.0,624.0,69.2
9241,50.0,600.0,68.9
9242,59.0,708.0,69.1
9243,62.0,744.0,68.8
9244,67.0,804.0,68.9
9245,64.0,768.0,69.2
9246,57.0,684.0,68.7
9247,55.0,660.0,68.7
9248,52.0,624.0,68.7
9249,53.0,636.0,69.0
9250,53.0,636.0,68.9
9251,53.0,636.0,68.8
9252,59.0,708.0,68.6
9253,53.0,636.0,68.3
9254,62.0,744.0,68.6
9255,64.0,768.0,68.7
9256,60.0,720.0,68.8
9257,62.0,744.0,68.7
9258,67.0,804.0,68.9
9259,72.0,864.0,69.3
9260,77.0,924.0,69.6
9261,85.0,1020.0,69.6
9262,82.0,984.0,69.6
9263,77.0,924.0,69.5
9264,82.0,984.0,68.8
9265,78.0,936.0,68.8
9266,91.0,1092.0,69.1
9267,100.0,1200.0,69.3
9268,111.0,1332.0,69.2
9269,123.0,1476.0,69.9
9270,137.0,1644.0,69.5
9271,155.0,1860.0,69.8
9272,172.0,2064.0,70.4
9273,182.0,2184.0,70.1
9274,175.0,2100.0,70.7
9275,175.0,2100.0,70.2
9276,186.0,2232.0,70.1
9277,201.0,2412.0,70.2
9278,225.0,2700.0,70.3
9279,247.0,2964.0,70.2
9280,268.0,3216.0,71.1
9281,279.0,3348.0,70.6
9282,302.0,3624.0,70.3
9283,321.0,3852.0,70.1
9284,339.0,4068.0,70.6
9285,355.0,4260.0,71.1
9286,349.0,4188.0,71.1
9287,320.0,3840.0,70.7
9288,314.0,3768.0,68.1
9289,322.0,3864.0,66.9
9290,337.0,4044.0,66.5
9291,355.0,4260.0,66.3
9292,288.0,3456.0,66.1
9293,288.0,3456.0,66.0
9294,298.0,3576.0,66.1
9295,270.0,3240.0,66.1
9296,294.0,3528.0,66.2
9297,308.0,3696.0,66.2
9298,332.0,3984.0,66.3
9299,355.0,4260.0,66.5
9300,352.0,4224.0,66.4
9301,339.0,4068.0,66.4
9302,358.0,4296.0,66.3
9303,329.0,3948.0,66.6
9304,318.0,3816.0,66.4
9305,301.0,3612.0,66.5
9306,291.0,3492.0,66.5
9307,352.0,4224.0,66.2
9308,395.0,4740.0,65.9
9309,379.0,4548.0,65.7
9310,373.0,4476.0,65.4
9311,358.0,4296.0,65.6
9312,329.0,3948.0,65.8
9313,393.0,4716.0,65.8
9314,393.0,4716.0,65.5
9315,349.0,4188.0,66.1
9316,366.0,4392.0,65.7
9317,393.0,4716.0,65.9
9318,393.0,4716.0,66.0
9319,396.0,4752.0,66.2
9320,395.0,4740.0,65.7
9321,399.0,4788.0,65.8
9322,391.0,4692.0,66.0
9323,379.0,4548.0,65.7
9324,373.0,4476.0,65.2
9325,362.0,4344.0,64.9
9326,368.0,4416.0,64.8
9327,368.0,4416.0,64.6
9328,366.0,4392.0,64.5
9329,368.0,4416.0,64.5
9330,362.0,4344.0,64.6
9331,365.0,4380.0,64.7
9332,367.0,4404.0,64.7
9333,369.0,4428.0,64.5
9334,359.0,4308.0,64.3
9335,353.0,4236.0,64.1
9336,343.0,4116.0,64.3
9337,346.0,4152.0,64.4
9338,350.0,4200.0,64.4
9339,355.0,4260.0,64.9
9340,347.0,4164.0,64.5
9341,350.0,4200.0,64.3
9342,352.0,4224.0,64.0
9343,358.0,4296.0,64.1
9344,361.0,4332.0,64.0
9345,358.0,4296.0,64.2
9346,358.0,4296.0,64.0
9347,350.0,4200.0,63.9
9348,343.0,4116.0,63.9
9349,355.0,4260.0,63.9
9350,358.0,4296.0,63.8
9351,363.0,4356.0,63.9
9352,361.0,4332.0,64.1
9353,361.0,4332.0,64.3
9354,355.0,4260.0,64.0
9355,368.0,4416.0,64.5
9356,373.0,4476.0,64.4
9357,369.0,4428.0,64.2
9358,361.0,4332.0,64.5
9359,359.0,4308.0,64.4
9360,358.0,4296.0,64.2
9361,359.0,4308.0,64.2
9362,368.0,4416.0,64.3
9363,370.0,4440.0,64.4
9364,367.0,4404.0,64.5
9365,368.0,4416.0,64.4
9366,373.0,4476.0,64.2
9367,375.0,4500.0,64.3
9368,370.0,4440.0,64.9
9369,368.0,4416.0,64.4
9370,366.0,4392.0,64.6
9371,368.0,4416.0,64.8
9372,360.0,4320.0,64.3
9373,358.0,4296.0,64.2
9374,369.0,4428.0,65.3
9375,376.0,4512.0,65.2
9376,373.0,4476.0,65.2
9377,378.0,4536.0,64.8
9378,375.0,4500.0,64.5
9379,381.0,4572.0,64.8
9380,385.0,4620.0,64.3
9381,391.0,4692.0,64.3
9382,391.0,4692.0,64.1
9383,391.0,4692.0,64.2
9384,391.0,4692.0,64.2
9385,393.0,4716.0,64.2
9386,402.0,4824.0,64.4
9387,411.0,4932.0,64.4
9388,413.0,4956.0,64.5
9389,419.0,5028.0,64.3
9390,419.0,5028.0,64.4
9391,426.0,5112.0,64.3
9392,434.0,5208.0,64.4
9393,454.0,5448.0,64.9
9394,478.0,5736.0,64.7
9395,486.0,5832.0,64.3
9396,489.0,5868.0,64.2
9397,487.0,5844.0,64.0
9398,469.0,5628.0,63.7
9399,487.0,5844.0,64.0
9400,499.0,5988.0,63.8
9401,481.0,5772.0,63.4
9402,489.0,5868.0,63.8
9403,478.0,5736.0,63.2
9404,463.0,5556.0,63.2
9405,449.0,5388.0,62.2
9406,474.0,5688.0,62.9
9407,460.0,5520.0,63.2
9408,452.0,5424.0,63.7
9409,471.0,5652.0,64.1
9410,467.0,5604.0,64.4
9411,444.0,5328.0,64.6
9412,445.0,5340.0,64.6
9413,463.0,5556.0,64.7
9414,445.0,5340.0,65.1
9415,430.0,5160.0,65.2
9416,457.0,5484.0,64.6
9417,442.0,5304.0,62.7
9418,467.0,5604.0,63.3
9419,449.0,5388.0,63.2
9420,444.0,5328.0,63.3
9421,456.0,5472.0,64.4
9422,479.0,5748.0,64.4
9423,460.0,5520.0,64.2
9424,478.0,5736.0,63.7
9425,483.0,5796.0,63.1
9426,468.0,5616.0,62.2
9427,466.0,5592.0,61.9
9428,456.0,5472.0,63.7
9429,456.0,5472.0,66.1
9430,449.0,5388.0,66.8
9431,478.0,5736.0,67.2
9432,448.0,5376.0,67.2
9433,411.0,4932.0,67.5
9434,395.0,4740.0,67.7
9435,407.0,4884.0,68.2
9436,395.0,4740.0,68.5
9437,400.0,4800.0,68.7
9438,366.0,4392.0,68.7
9439,349.0,4188.0,68.8
9440,379.0,4548.0,68.9
9441,363.0,4356.0,69.1
9442,355.0,4260.0,69.2
9443,333.0,3996.0,69.8
9444,321.0,3852.0,68.9
9445,327.0,3924.0,69.1
9446,332.0,3984.0,69.6
9447,339.0,4068.0,69.5
9448,333.0,3996.0,69.7
9449,326.0,3912.0,69.9
9450,324.0,3888.0,69.8
9451,305.0,3660.0,69.3
9452,309.0,3708.0,69.2
9453,305.0,3660.0,68.8
9454,308.0,3696.0,68.5
9455,301.0,3612.0,68.3
9456,291.0,3492.0,68.3
9457,300.0,3600.0,68.5
9458,288.0,3456.0,68.6
9459,273.0,3276.0,68.4
9460,286.0,3432.0,68.7
9461,291.0,3492.0,68.6
9462,283.0,3396.0,68.5
9463,268.0,3216.0,68.5
9464,268.0,3216.0,68.6
9465,251.0,3012.0,68.7
9466,265.0,3180.0,68.8
9467,242.0,2904.0,68.8
9468,253.0,3036.0,69.6
9469,251.0,3012.0,69.8
9470,235.0,2820.0,70.0
9471,254.0,3048.0,70.3
9472,247.0,2964.0,70.2
9473,259.0,3108.0,70.4
9474,232.0,2784.0,70.5
9475,225.0,2700.0,70.2
9476,227.0,2724.0,70.1
9477,244.0,2928.0,69.9
9478,218.0,2616.0,70.1
9479,225.0,2700.0,69.8
9480,213.0,2556.0,69.7
9481,221.0,2652.0,70.0
9482,205.0,2460.0,70.0
9483,224.0,2688.0,70.0
9484,209.0,2508.0,70.5
9485,194.0,2328.0,70.5
9486,175.0,2100.0,70.5
9487,182.0,2184.0,70.2
9488,175.0,2100.0,70.1
9489,172.0,2064.0,70.1
9490,172.0,2064.0,69.9
9491,147.0,1764.0,69.7
9492,144.0,1728.0,69.9
9493,149.0,1788.0,70.1
9494,158.0,1896.0,70.0
9495,151.0,1812.0,70.4
9496,151.0,1812.0,70.3
9497,131.0,1572.0,70.4
9498,131.0,1572.0,70.4
9499,123.0,1476.0,70.1
9500,120.0,1440.0,70.0
9501,123.0,1476.0,69.9
9502,116.0,1392.0,69.6
9503,108.0,1296.0,69.9
9504,100.0,1200.0,70.6
9505,100.0,1200.0,70.3
9506,109.0,1308.0,70.4
9507,109.0,1308.0,70.4
9508,100.0,1200.0,69.8
9509,90.0,1080.0,70.2
9510,82.0,984.0,69.9
9511,75.0,900.0,69.7
9512,78.0,936.0,69.5
9513,79.0,948.0,69.1
9514,72.0,864.0,69.2
9515,72.0,864.0,69.2
9516,67.0,804.0,69.5
9517,67.0,804.0,69.1
9518,72.0,864.0,69.3
9519,75.0,900.0,69.5
9520,74.0,888.0,69.4
9521,62.0,744.0,69.2
9522,64.0,768.0,69.1
9523,55.0,660.0,69.2
9524,67.0,804.0,69.0
9525,67.0,804.0,69.1
9526,67.0,804.0,68.8
9527,60.0,720.0,69.0
9528,59.0,708.0,69.3
9529,64.0,768.0,69.4
9530,64.0,768.0,69.3
9531,64.0,768.0,69.1
9532,62.0,744.0,69.3
9533,55.0,660.0,68.9
9534,50.0,600.0,68.9
9535,55.0,660.0,68.7
9536,52.0,624.0,68.8
9537,59.0,708.0,68.8
9538,57.0,684.0,68.6
9539,50.0,600.0,68.6
9540,50.0,600.0,68.5
9541,52.0,624.0,68.5
9542,57.0,684.0,68.4
9543,62.0,744.0,68.6
9544,61.0,732.0,68.6
9545,62.0,744.0,69.0
9546,64.0,768.0,68.8
9547,70.0,840.0,68.8
9548,78.0,936.0,69.0
9549,81.0,972.0,69.5
9550,78.0,936.0,69.3
9551,79.0,948.0,69.3
9552,79.0,948.0,69.1
9553,85.0,1020.0,69.2
9554,98.0,1176.0,69.1
9555,101.0,1212.0,69.3
9556,111.0,1332.0,69.6
9557,127.0,1524.0,69.5
9558,142.0,1704.0,69.7
9559,149.0,1788.0,70.0
9560,175.0,2100.0,70.3
9561,186.0,2232.0,70.1
9562,178.0,2136.0,70.2
9563,171.0,2052.0,70.3
9564,175.0,2100.0,70.1
9565,190.0,2280.0,70.0
9566,227.0,2724.0,70.0
9567,250.0,3000.0,70.5
9568,261.0,3132.0,70.4
9569,277.0,3324.0,70.3
9570,299.0,3588.0,69.4
9571,318.0,3816.0,69.9
9572,343.0,4116.0,70.4
9573,352.0,4224.0,70.2
9574,344.0,4128.0,70.2
9575,320.0,3840.0,70.4
9576,320.0,3840.0,67.9
9577,322.0,3864.0,66.9
9578,328.0,3936.0,66.3
9579,306.0,3672.0,66.1
9580,343.0,4116.0,66.0
9581,321.0,3852.0,66.1
9582,318.0,3816.0,66.1
9583,328.0,3936.0,66.1
9584,382.0,4584.0,66.2
9585,338.0,4056.0,66.3
9586,338.0,4056.0,66.3
9587,373.0,4476.0,66.5
9588,399.0,4788.0,66.5
9589,376.0,4512.0,66.5
9590,341.0,4092.0,66.3
9591,361.0,4332.0,66.3
9592,381.0,4572.0,66.3
9593,309.0,3708.0,66.5
9594,350.0,4200.0,66.3
9595,384.0,4608.0,66.4
9596,411.0,4932.0,66.1
9597,436.0,5232.0,66.0
9598,433.0,5196.0,66.1
9599,406.0,4872.0,66.0
9600,396.0,4752.0,66.1
9601,396.0,4752.0,65.8
9602,402.0,4824.0,66.0
9603,404.0,4848.0,65.8
9604,400.0,4800.0,65.7
9605,395.0,4740.0,66.0
9606,389.0,4668.0,65.6
9607,402.0,4824.0,65.8
9608,399.0,4788.0,65.7
9609,396.0,4752.0,65.6
9610,396.0,4752.0,65.6
9611,381.0,4572.0,65.7
9612,367.0,4404.0,65.7
9613,361.0,4332.0,65.3
9614,363.0,4356.0,65.2
9615,367.0,4404.0,65.1
9616,366.0,4392.0,65.1
9617,368.0,4416.0,64.8
9618,367.0,4404.0,64.8
9619,367.0,4404.0,64.8
9620,373.0,4476.0,64.7
9621,365.0,4380.0,64.2
9622,361.0,4332.0,64.2
9623,352.0,4224.0,64.2
9624,346.0,4152.0,64.1
9625,340.0,4080.0,64.3
9626,350.0,4200.0,64.3
9627,350.0,4200.0,63.9
9628,349.0,4188.0,64.0
9629,352.0,4224.0,64.1
9630,355.0,4260.0,64.2
9631,358.0,4296.0,63.7
9632,361.0,4332.0,64.1
9633,362.0,4344.0,64.0
9634,359.0,4308.0,64.0
9635,353.0,4236.0,63.4
9636,347.0,4164.0,64.1
9637,353.0,4236.0,64.2
9638,365.0,4380.0,64.0
9639,361.0,4332.0,63.9
9640,355.0,4260.0,64.4
9641,353.0,4236.0,64.5
9642,353.0,4236.0,63.8
9643,358.0,4296.0,64.4
9644,358.0,4296.0,64.4
9645,363.0,4356.0,63.8
9646,363.0,4356.0,64.0
9647,360.0,4320.0,64.3
9648,368.0,4416.0,64.2
9649,370.0,4440.0,64.2
9650,373.0,4476.0,64.0
9651,379.0,4548.0,64.2
9652,375.0,4500.0,64.2
9653,376.0,4512.0,64.9
9654,375.0,4500.0,64.5
9655,375.0,4500.0,64.4
9656,384.0,4608.0,64.1
9657,379.0,4548.0,64.3
9658,376.0,4512.0,64.1
9659,381.0,4572.0,64.2
9660,376.0,4512.0,64.3
9661,379.0,4548.0,64.1
9662,381.0,4572.0,64.1
9663,391.0,4692.0,64.4
9664,391.0,4692.0,64.8
9665,399.0,4788.0,64.5
9666,391.0,4692.0,64.4
9667,396.0,4752.0,64.6
9668,402.0,4824.0,64.2
9669,411.0,4932.0,64.3
9670,407.0,4884.0,64.5
9671,406.0,4872.0,64.5
9672,402.0,4824.0,64.5
9673,404.0,4848.0,64.2
9674,414.0,4968.0,64.6
9675,419.0,5028.0,64.6
9676,424.0,5088.0,64.5
9677,428.0,5136.0,64.5
9678,434.0,5208.0,64.4
9679,430.0,5160.0,64.6
9680,442.0,5304.0,64.6
9681,466.0,5592.0,64.6
9682,452.0,5424.0,64.6
9683,448.0,5376.0,64.5
9684,467.0,5604.0,63.7
9685,448.0,5376.0,64.1
9686,449.0,5388.0,64.0
9687,462.0,5544.0,63.8
9688,460.0,5520.0,64.0
9689,466.0,5592.0,63.8
9690,481.0,5772.0,63.7
9691,455.0,5460.0,64.1
9692,448.0,5376.0,64.4
9693,454.0,5448.0,62.6
9694,455.0,5460.0,61.1
9695,462.0,5544.0,61.1
9696,467.0,5604.0,61.3
9697,460.0,5520.0,62.2
9698,484.0,5808.0,62.6
9699,463.0,5556.0,62.8
9700,448.0,5376.0,62.6
9701,460.0,5520.0,61.3
9702,468.0,5616.0,61.9
9703,478.0,5736.0,62.5
9704,462.0,5544.0,63.8
9705,451.0,5412.0,62.4
9706,449.0,5388.0,62.9
9707,443.0,5316.0,63.1
9708,434.0,5208.0,63.6
9709,449.0,5388.0,62.8
9710,463.0,5556.0,62.5
9711,462.0,5544.0,62.7
9712,462.0,5544.0,62.7
9713,454.0,5448.0,63.0
9714,448.0,5376.0,63.7
9715,466.0,5592.0,64.4
9716,463.0,5556.0,64.6
9717,433.0,5196.0,64.9
9718,426.0,5112.0,65.0
9719,452.0,5424.0,66.4
9720,437.0,5244.0,66.9
9721,422.0,5064.0,67.4
9722,436.0,5232.0,67.5
9723,424.0,5088.0,67.7
9724,408.0,4896.0,67.8
9725,424.0,5088.0,68.1
9726,419.0,5028.0,68.1
9727,393.0,4716.0,68.3
9728,368.0,4416.0,68.2
9729,373.0,4476.0,68.2
9730,360.0,4320.0,68.6
9731,340.0,4080.0,68.5
9732,324.0,3888.0,68.6
9733,343.0,4116.0,68.8
9734,343.0,4116.0,68.8
9735,353.0,4236.0,69.0
9736,339.0,4068.0,68.8
9737,343.0,4116.0,68.9
9738,335.0,4020.0,68.8
9739,308.0,3696.0,68.7
9740,306.0,3672.0,68.5
9741,301.0,3612.0,68.5
9742,305.0,3660.0,68.4
9743,312.0,3744.0,68.3
9744,286.0,3432.0,68.5
9745,296.0,3552.0,68.4
9746,299.0,3588.0,68.7
9747,316.0,3792.0,68.7
9748,279.0,3348.0,68.6
9749,280.0,3360.0,68.6
9750,291.0,3492.0,68.5
9751,292.0,3504.0,68.4
9752,265.0,3180.0,68.9
9753,270.0,3240.0,68.8
9754,272.0,3264.0,68.7
9755,274.0,3288.0,68.9
9756,276.0,3312.0,69.4
9757,257.0,3084.0,70.0
9758,257.0,3084.0,70.2
9759,259.0,3108.0,69.8
9760,254.0,3048.0,70.2
9761,265.0,3180.0,70.1
9762,249.0,2988.0,70.0
9763,247.0,2964.0,70.1
9764,242.0,2904.0,69.9
9765,242.0,2904.0,70.1
9766,249.0,2988.0,70.1
9767,227.0,2724.0,70.1
9768,225.0,2700.0,70.2
9769,206.0,2472.0,70.0
9770,218.0,2616.0,70.1
9771,218.0,2616.0,70.4
9772,203.0,2436.0,70.2
9773,203.0,2436.0,69.9
9774,184.0,2208.0,69.9
9775,194.0,2328.0,69.9
9776,186.0,2232.0,69.9
9777,180.0,2160.0,70.0
9778,168.0,2016.0,69.9
9779,163.0,1956.0,69.7
9780,158.0,1896.0,69.9
9781,142.0,1704.0,70.8
9782,160.0,1920.0,70.0
9783,165.0,1980.0,70.0
9784,146.0,1752.0,69.7
9785,146.0,1752.0,69.3
9786,134.0,1608.0,69.5
9787,134.0,1608.0,69.3
9788,136.0,1632.0,69.0
9789,129.0,1548.0,69.4
9790,117.0,1404.0,69.1
9791,119.0,1428.0,69.0
9792,108.0,1296.0,70.9
9793,109.0,1308.0,70.4
9794,111.0,1332.0,70.3
9795,113.0,1356.0,70.3
9796,98.0,1176.0,69.4
9797,85.0,1020.0,69.6
9798,95.0,1140.0,69.3
9799,81.0,972.0,69.0
9800,82.0,984.0,69.4
9801,79.0,948.0,69.0
9802,74.0,888.0,69.2
9803,75.0,900.0,69.0
9804,67.0,804.0,69.3
9805,67.0,804.0,69.1
9806,75.0,900.0,69.4
9807,64.0,768.0,69.5
9808,72.0,864.0,69.2
9809,67.0,804.0,69.6
9810,62.0,744.0,69.2
9811,62.0,744.0,69.0
9812,72.0,864.0,68.9
9813,72.0,864.0,68.9
9814,70.0,840.0,69.3
9815,60.0,720.0,68.9
9816,59.0,708.0,69.0
9817,55.0,660.0,69.5
9818,64.0,768.0,69.5
9819,70.0,840.0,69.9
9820,56.0,672.0,69.4
9821,60.0,720.0,69.0
9822,55.0,660.0,69.0
9823,53.0,636.0,68.9
9824,60.0,720.0,69.0
9825,57.0,684.0,68.9
9826,60.0,720.0,68.6
9827,55.0,660.0,68.4
9828,52.0,624.0,68.5
9829,55.0,660.0,68.6
9830,59.0,708.0,69.0
9831,60.0,720.0,68.9
9832,62.0,744.0,69.2
9833,64.0,768.0,68.9
9834,67.0,804.0,69.0
9835,74.0,888.0,69.1
9836,77.0,924.0,69.3
9837,85.0,1020.0,69.3
9838,84.0,1008.0,69.4
9839,81.0,972.0,69.6
9840,85.0,1020.0,69.2
9841,88.0,1056.0,69.0
9842,98.0,1176.0,69.1
9843,101.0,1212.0,69.0
9844,119.0,1428.0,69.4
9845,126.0,1512.0,69.5
9846,138.0,1656.0,69.5
9847,163.0,1956.0,69.5
9848,172.0,2064.0,70.1
9849,178.0,2136.0,70.2
9850,184.0,2208.0,70.3
9851,190.0,2280.0,70.2
9852,183.0,2196.0,70.2
9853,201.0,2412.0,70.1
9854,227.0,2724.0,69.9
9855,259.0,3108.0,70.0
9856,267.0,3204.0,70.0
9857,277.0,3324.0,69.9
9858,301.0,3612.0,70.0
9859,324.0,3888.0,70.4
9860,335.0,4020.0,70.3
9861,346.0,4152.0,70.5
9862,343.0,4116.0,71.2
9863,332.0,3984.0,70.7
9864,327.0,3924.0,68.6
9865,329.0,3948.0,67.2
9866,352.0,4224.0,66.7
9867,367.0,4404.0,66.5
9868,389.0,4668.0,66.5
9869,381.0,4572.0,66.3
9870,382.0,4584.0,66.3
9871,400.0,4800.0,66.3
9872,375.0,4500.0,66.4
9873,312.0,3744.0,66.3
9874,379.0,4548.0,66.5
9875,339.0,4068.0,66.6
9876,387.0,4644.0,66.5
9877,355.0,4260.0,66.7
9878,427.0,5124.0,66.5
9879,385.0,4620.0,66.7
9880,424.0,5088.0,66.6
9881,385.0,4620.0,66.6
9882,420.0,5040.0,66.5
9883,393.0,4716.0,66.3
9884,422.0,5064.0,66.3
9885,429.0,5148.0,66.0
9886,434.0,5208.0,66.1
9887,425.0,5100.0,66.2
9888,402.0,4824.0,66.1
9889,396.0,4752.0,65.9
9890,399.0,4788.0,65.8
9891,406.0,4872.0,65.8
9892,402.0,4824.0,65.8
9893,396.0,4752.0,65.7
9894,391.0,4692.0,65.7
9895,391.0,4692.0,65.7
9896,393.0,4716.0,65.7
9897,399.0,4788.0,65.2
9898,402.0,4824.0,65.2
9899,382.0,4584.0,65.4
9900,369.0,4428.0,65.1
9901,367.0,4404.0,65.1
9902,370.0,4440.0,64.8
9903,373.0,4476.0,64.7
9904,373.0,4476.0,64.4
9905,370.0,4440.0,64.4
9906,366.0,4392.0,64.5
9907,366.0,4392.0,64.7
9908,368.0,4416.0,64.7
9909,373.0,4476.0,64.4
9910,370.0,4440.0,64.5
9911,366.0,4392.0,64.3
9912,358.0,4296.0,64.3
9913,355.0,4260.0,63.9
9914,359.0,4308.0,64.0
9915,365.0,4380.0,63.9
9916,363.0,4356.0,63.9
9917,365.0,4380.0,63.9
9918,365.0,4380.0,63.9
9919,365.0,4380.0,63.9
9920,369.0,4428.0,64.0
9921,369.0,4428.0,63.9
9922,368.0,4416.0,64.0
9923,363.0,4356.0,64.2
9924,359.0,4308.0,64.3
9925,362.0,4344.0,63.9
9926,366.0,4392.0,63.8
9927,373.0,4476.0,63.8
9928,369.0,4428.0,64.0
9929,376.0,4512.0,63.9
9930,376.0,4512.0,63.9
9931,375.0,4500.0,63.9
9932,379.0,4548.0,64.1
9933,378.0,4536.0,64.3
9934,382.0,4584.0,64.0
9935,378.0,4536.0,64.0
9936,370.0,4440.0,64.5
9937,379.0,4548.0,64.5
9938,376.0,4512.0,64.0
9939,381.0,4572.0,64.2
9940,385.0,4620.0,64.2
9941,382.0,4584.0,65.0
9942,381.0,4572.0,65.0
9943,391.0,4692.0,64.9
9944,387.0,4644.0,64.9
9945,391.0,4692.0,64.2
9946,389.0,4668.0,64.4
9947,379.0,4548.0,64.6
9948,384.0,4608.0,64.1
9949,385.0,4620.0,64.9
9950,387.0,4644.0,65.1
9951,393.0,4716.0,64.5
9952,400.0,4800.0,64.2
9953,391.0,4692.0,63.8
9954,391.0,4692.0,63.9
9955,399.0,4788.0,64.2
9956,407.0,4884.0,64.2
9957,416.0,4992.0,64.3
9958,407.0,4884.0,64.1
9959,411.0,4932.0,63.9
9960,408.0,4896.0,63.5
9961,410.0,4920.0,63.7
9962,422.0,5064.0,63.6
9963,427.0,5124.0,63.8
9964,442.0,5304.0,63.8
9965,429.0,5148.0,64.0
9966,429.0,5148.0,63.8
9967,433.0,5196.0,63.9
9968,442.0,5304.0,63.8
9969,462.0,5544.0,63.3
9970,460.0,5520.0,62.8
9971,469.0,5628.0,62.7
9972,471.0,5652.0,62.0
9973,452.0,5424.0,61.6
9974,483.0,5796.0,60.9
9975,468.0,5616.0,60.9
9976,462.0,5544.0,60.6
9977,469.0,5628.0,60.4
9978,440.0,5280.0,60.0
9979,474.0,5688.0,60.0
9980,473.0,5676.0,60.0
9981,460.0,5520.0,59.2
9982,445.0,5340.0,57.6
9983,448.0,5376.0,58.0
9984,458.0,5496.0,56.2
9985,449.0,5388.0,57.5
9986,454.0,5448.0,58.9
9987,454.0,5448.0,58.3
9988,467.0,5604.0,58.6
9989,451.0,5412.0,59.1
9990,460.0,5520.0,59.1
9991,445.0,5340.0,59.2
9992,455.0,5460.0,59.5
9993,460.0,5520.0,59.9
9994,454.0,5448.0,59.8
9995,460.0,5520.0,59.1
9996,445.0,5340.0,59.4
9997,445.0,5340.0,59.8
9998,460.0,5520.0,59.6
9999,460.0,5520.0,58.8
10000,452.0,5424.0,58.5
10001,448.0,5376.0,57.2
10002,456.0,5472.0,59.1
10003,445.0,5340.0,59.2
10004,445.0,5340.0,59.5
10005,467.0,5604.0,59.8
10006,454.0,5448.0,60.5
10007,425.0,5100.0,61.3
10008,428.0,5136.0,62.7
10009,436.0,5232.0,65.3
10010,458.0,5496.0,66.1
10011,434.0,5208.0,66.7
10012,410.0,4920.0,67.1
10013,422.0,5064.0,67.4
10014,429.0,5148.0,67.8
10015,419.0,5028.0,68.1
10016,400.0,4800.0,68.0
10017,411.0,4932.0,68.2
10018,422.0,5064.0,68.4
10019,391.0,4692.0,68.7
10020,363.0,4356.0,68.8
10021,385.0,4620.0,69.1
10022,352.0,4224.0,68.9
10023,370.0,4440.0,69.0
10024,350.0,4200.0,69.1
10025,352.0,4224.0,68.9
10026,346.0,4152.0,68.7
10027,350.0,4200.0,68.4
10028,314.0,3768.0,68.4
10029,333.0,3996.0,68.3
10030,343.0,4116.0,68.2
10031,318.0,3816.0,68.1
10032,340.0,4080.0,68.4
10033,322.0,3864.0,68.3
10034,324.0,3888.0,68.4
10035,339.0,4068.0,68.6
10036,332.0,3984.0,68.3
10037,333.0,3996.0,68.6
10038,324.0,3888.0,68.4
10039,312.0,3744.0,68.7
10040,316.0,3792.0,68.6
10041,305.0,3660.0,69.2
10042,294.0,3528.0,69.3
10043,277.0,3324.0,68.9
10044,276.0,3312.0,69.7
10045,285.0,3420.0,69.8
10046,280.0,3360.0,69.8
10047,298.0,3576.0,70.1
10048,299.0,3588.0,70.2
10049,283.0,3396.0,69.9
10050,296.0,3552.0,69.6
10051,280.0,3360.0,70.3
10052,267.0,3204.0,70.3
10053,254.0,3048.0,70.2
10054,261.0,3132.0,70.3
10055,259.0,3108.0,70.4
10056,238.0,2856.0,70.1
10057,238.0,2856.0,70.6
10058,247.0,2964.0,70.7
10059,233.0,2796.0,70.3
10060,233.0,2796.0,70.2
10061,228.0,2736.0,70.0
10062,221.0,2652.0,70.3
10063,219.0,2628.0,70.4
10064,216.0,2592.0,70.0
10065,194.0,2328.0,70.4
10066,193.0,2316.0,69.9
10067,177.0,2124.0,70.2
10068,175.0,2100.0,69.8
10069,167.0,2004.0,70.2
10070,175.0,2100.0,70.0
10071,163.0,1956.0,70.4
10072,163.0,1956.0,70.1
10073,157.0,1884.0,70.1
10074,152.0,1824.0,70.0
10075,139.0,1668.0,69.7
10076,151.0,1812.0,69.9
10077,146.0,1752.0,69.8
10078,134.0,1608.0,70.0
10079,119.0,1428.0,69.8
10080,119.0,1428.0,71.1
10081,126.0,1512.0,70.4
10082,125.0,1500.0,70.6
10083,119.0,1428.0,70.0
10084,111.0,1332.0,69.7
10085,96.0,1152.0,69.4
10086,93.0,1116.0,69.5
10087,97.0,1164.0,69.6
10088,96.0,1152.0,69.2
10089,88.0,1056.0,69.3
10090,84.0,1008.0,69.1
10091,77.0,924.0,69.7
10092,79.0,948.0,69.8
10093,85.0,1020.0,69.8
10094,75.0,900.0,69.3
10095,84.0,1008.0,70.0
10096,75.0,900.0,70.0
10097,77.0,924.0,69.4
10098,72.0,864.0,69.1
10099,74.0,888.0,69.4
10100,77.0,924.0,69.5
10101,72.0,864.0,69.4
10102,67.0,804.0,69.0
10103,64.0,768.0,69.0
10104,67.0,804.0,69.3
10105,64.0,768.0,69.5
10106,64.0,768.0,69.4
10107,64.0,768.0,69.8
10108,75.0,900.0,69.5
10109,67.0,804.0,69.2
10110,62.0,744.0,69.1
10111,67.0,804.0,69.3
10112,61.0,732.0,68.9
10113,61.0,732.0,69.0
10114,62.0,744.0,69.1
10115,57.0,684.0,68.9
10116,56.0,672.0,68.8
10117,64.0,768.0,68.5
10118,61.0,732.0,68.8
10119,79.0,948.0,68.9
10120,70.0,840.0,69.6
10121,67.0,804.0,69.5
10122,70.0,840.0,69.3
10123,74.0,888.0,69.2
10124,82.0,984.0,69.1
10125,85.0,1020.0,69.5
10126,82.0,984.0,69.6
10127,82.0,984.0,69.4
10128,85.0,1020.0,69.2
10129,88.0,1056.0,69.3
10130,101.0,1212.0,69.2
10131,111.0,1332.0,69.4
10132,120.0,1440.0,69.5
10133,136.0,1632.0,69.5
10134,144.0,1728.0,70.0
10135,165.0,1980.0,69.7
10136,167.0,2004.0,69.8
10137,190.0,2280.0,70.5
10138,188.0,2256.0,70.3
10139,186.0,2232.0,70.3
10140,187.0,2244.0,70.0
10141,193.0,2316.0,70.1
10142,224.0,2688.0,70.2
10143,239.0,2868.0,70.1
10144,253.0,3036.0,70.2
10145,272.0,3264.0,70.2
10146,285.0,3420.0,70.5
10147,303.0,3636.0,70.1
10148,321.0,3852.0,70.1
10149,337.0,4044.0,70.4
10150,327.0,3924.0,70.5
10151,306.0,3672.0,70.4
10152,308.0,3696.0,67.8
10153,318.0,3816.0,66.5
10154,332.0,3984.0,66.2
10155,353.0,4236.0,66.0
10156,368.0,4416.0,65.7
10157,373.0,4476.0,65.9
10158,385.0,4620.0,66.0
10159,388.0,4656.0,66.0
10160,391.0,4692.0,65.7
10161,416.0,4992.0,65.8
10162,402.0,4824.0,65.8
10163,385.0,4620.0,65.8
10164,378.0,4536.0,66.1
10165,385.0,4620.0,65.7
10166,402.0,4824.0,65.6
10167,411.0,4932.0,66.3
10168,410.0,4920.0,65.8
10169,420.0,5040.0,65.8
10170,428.0,5136.0,65.7
10171,428.0,5136.0,65.7
10172,432.0,5184.0,65.4
10173,428.0,5136.0,65.6
10174,416.0,4992.0,65.5
10175,408.0,4896.0,65.3
10176,391.0,4692.0,65.0
10177,384.0,4608.0,65.4
10178,384.0,4608.0,65.2
10179,391.0,4692.0,65.2
10180,384.0,4608.0,65.4
10181,382.0,4584.0,65.2
10182,379.0,4548.0,65.2
10183,381.0,4572.0,65.1
10184,388.0,4656.0,65.0
10185,389.0,4668.0,64.9
10186,384.0,4608.0,64.8
10187,379.0,4548.0,64.9
10188,365.0,4380.0,64.6
10189,361.0,4332.0,64.5
10190,359.0,4308.0,64.0
10191,363.0,4356.0,63.8
10192,368.0,4416.0,63.9
10193,370.0,4440.0,63.8
10194,373.0,4476.0,63.9
10195,376.0,4512.0,63.8
10196,381.0,4572.0,63.8
10197,384.0,4608.0,63.6
10198,378.0,4536.0,63.6
10199,370.0,4440.0,63.5
10200,366.0,4392.0,63.5
10201,369.0,4428.0,63.5
10202,376.0,4512.0,63.4
10203,384.0,4608.0,63.1
10204,382.0,4584.0,63.4
10205,381.0,4572.0,63.2
10206,376.0,4512.0,63.3
10207,381.0,4572.0,63.2
10208,391.0,4692.0,63.1
10209,391.0,4692.0,62.7
10210,391.0,4692.0,62.9
10211,385.0,4620.0,62.5
10212,385.0,4620.0,62.7
10213,388.0,4656.0,62.7
10214,402.0,4824.0,62.7
10215,391.0,4692.0,62.6
10216,411.0,4932.0,62.4
10217,419.0,5028.0,62.4
10218,395.0,4740.0,62.5
10219,396.0,4752.0,62.1
10220,399.0,4788.0,62.2
10221,393.0,4716.0,62.2
10222,402.0,4824.0,62.3
10223,395.0,4740.0,62.2
10224,402.0,4824.0,62.6
10225,396.0,4752.0,62.8
10226,402.0,4824.0,62.8
10227,407.0,4884.0,62.6
10228,406.0,4872.0,62.6
10229,408.0,4896.0,62.4
10230,402.0,4824.0,62.7
10231,402.0,4824.0,62.6
10232,411.0,4932.0,62.1
10233,408.0,4896.0,61.3
10234,410.0,4920.0,60.8
10235,402.0,4824.0,61.2
10236,404.0,4848.0,61.4
10237,402.0,4824.0,61.0
10238,410.0,4920.0,61.3
10239,419.0,5028.0,61.3
10240,419.0,5028.0,61.2
10241,414.0,4968.0,61.4
10242,414.0,4968.0,61.4
10243,422.0,5064.0,61.3
10244,425.0,5100.0,61.6
10245,425.0,5100.0,61.0
10246,426.0,5112.0,61.2
10247,424.0,5088.0,60.9
10248,416.0,4992.0,60.4
10249,422.0,5064.0,60.0
10250,426.0,5112.0,60.0
10251,427.0,5124.0,59.6
10252,427.0,5124.0,59.2
10253,428.0,5136.0,58.7
10254,428.0,5136.0,58.7
10255,425.0,5100.0,57.8
10256,430.0,5160.0,58.3
10257,436.0,5232.0,57.5
10258,434.0,5208.0,53.9
10259,432.0,5184.0,55.2
10260,428.0,5136.0,55.1
10261,432.0,5184.0,54.4
10262,434.0,5208.0,55.0
10263,437.0,5244.0,54.5
10264,433.0,5196.0,54.6
10265,432.0,5184.0,54.4
10266,429.0,5148.0,52.0
10267,427.0,5124.0,54.6
10268,436.0,5232.0,51.5
10269,434.0,5208.0,49.0
10270,432.0,5184.0,50.6
10271,424.0,5088.0,52.5
10272,422.0,5064.0,54.7
10273,429.0,5148.0,54.2
10274,430.0,5160.0,54.5
10275,433.0,5196.0,55.2
10276,430.0,5160.0,56.7
10277,429.0,5148.0,57.2
10278,416.0,4992.0,57.4
10279,429.0,5148.0,57.7
10280,430.0,5160.0,57.9
10281,434.0,5208.0,58.2
10282,432.0,5184.0,58.4
10283,424.0,5088.0,58.6
10284,419.0,5028.0,58.9
10285,426.0,5112.0,59.1
10286,437.0,5244.0,59.3
10287,443.0,5316.0,59.6
10288,440.0,5280.0,59.4
10289,430.0,5160.0,59.0
10290,426.0,5112.0,59.1
10291,414.0,4968.0,59.2
10292,414.0,4968.0,59.5
10293,413.0,4956.0,60.0
10294,419.0,5028.0,60.0
10295,396.0,4752.0,60.1
10296,410.0,4920.0,61.2
10297,406.0,4872.0,63.0
10298,417.0,5004.0,65.3
10299,410.0,4920.0,66.2
10300,400.0,4800.0,67.0
10301,411.0,4932.0,67.3
10302,385.0,4620.0,67.4
10303,400.0,4800.0,67.6
10304,411.0,4932.0,67.4
10305,404.0,4848.0,67.8
10306,385.0,4620.0,68.2
10307,381.0,4572.0,68.1
10308,393.0,4716.0,68.5
10309,402.0,4824.0,68.5
10310,396.0,4752.0,68.2
10311,396.0,4752.0,68.6
10312,393.0,4716.0,68.4
10313,376.0,4512.0,68.5
10314,367.0,4404.0,68.3
10315,369.0,4428.0,68.2
10316,358.0,4296.0,68.1
10317,373.0,4476.0,67.7
10318,359.0,4308.0,67.8
10319,352.0,4224.0,67.7
10320,359.0,4308.0,67.8
10321,368.0,4416.0,67.8
10322,373.0,4476.0,68.0
10323,335.0,4020.0,68.0
10324,360.0,4320.0,68.0
10325,369.0,4428.0,68.0
10326,352.0,4224.0,68.1
10327,344.0,4128.0,68.2
10328,347.0,4164.0,68.3
10329,318.0,3816.0,68.4
10330,332.0,3984.0,68.5
10331,333.0,3996.0,68.7
10332,314.0,3768.0,68.8
10333,324.0,3888.0,68.9
10334,350.0,4200.0,69.1
10335,332.0,3984.0,69.3
10336,326.0,3912.0,69.9
10337,308.0,3696.0,69.6
10338,306.0,3672.0,69.6
10339,300.0,3600.0,69.6
10340,302.0,3624.0,70.0
10341,306.0,3672.0,70.0
10342,318.0,3816.0,70.1
10343,283.0,3396.0,70.4
10344,272.0,3264.0,70.3
10345,286.0,3432.0,70.4
10346,296.0,3552.0,70.4
10347,291.0,3492.0,69.9
10348,270.0,3240.0,70.0
10349,267.0,3204.0,69.8
10350,259.0,3108.0,70.0
10351,259.0,3108.0,70.1
10352,228.0,2736.0,70.3
10353,239.0,2868.0,70.4
10354,232.0,2784.0,70.5
10355,227.0,2724.0,70.5
10356,210.0,2520.0,70.4
10357,219.0,2628.0,70.1
10358,206.0,2472.0,70.5
10359,204.0,2448.0,69.9
10360,198.0,2376.0,69.9
10361,200.0,2400.0,70.2
10362,201.0,2412.0,70.0
10363,180.0,2160.0,70.1
10364,186.0,2232.0,70.4
10365,192.0,2304.0,70.2
10366,178.0,2136.0,70.3
10367,178.0,2136.0,70.3
10368,165.0,1980.0,70.6
10369,164.0,1968.0,70.2
10370,157.0,1884.0,70.4
10371,171.0,2052.0,70.1
10372,147.0,1764.0,69.7
10373,144.0,1728.0,69.7
10374,131.0,1572.0,69.8
10375,126.0,1512.0,69.8
10376,128.0,1536.0,69.6
10377,123.0,1476.0,70.2
10378,116.0,1392.0,69.9
10379,111.0,1332.0,70.1
10380,113.0,1356.0,70.4
10381,111.0,1332.0,70.1
10382,111.0,1332.0,70.1
10383,108.0,1296.0,69.9
10384,98.0,1176.0,69.9
10385,100.0,1200.0,70.4
10386,95.0,1140.0,70.1
10387,95.0,1140.0,70.0
10388,93.0,1116.0,69.9
10389,90.0,1080.0,69.9
10390,90.0,1080.0,70.4
10391,90.0,1080.0,70.0
10392,93.0,1116.0,70.4
10393,88.0,1056.0,70.4
10394,78.0,936.0,70.3
10395,87.0,1044.0,69.9
10396,85.0,1020.0,69.9
10397,75.0,900.0,70.4
10398,78.0,936.0,70.2
10399,75.0,900.0,69.5
10400,81.0,972.0,69.8
10401,74.0,888.0,69.5
10402,70.0,840.0,69.7
10403,72.0,864.0,69.5
10404,70.0,840.0,69.9
10405,70.0,840.0,69.9
10406,67.0,804.0,69.8
10407,72.0,864.0,69.5
10408,75.0,900.0,69.7
10409,75.0,900.0,69.6
10410,67.0,804.0,69.6
10411,67.0,804.0,69.8
10412,64.0,768.0,69.7
10413,67.0,804.0,69.6
10414,82.0,984.0,69.7
10415,70.0,840.0,69.6
10416,67.0,804.0,69.7
10417,67.0,804.0,69.5
10418,72.0,864.0,69.4
10419,72.0,864.0,69.2
10420,70.0,840.0,69.6
10421,75.0,900.0,69.6
10422,75.0,900.0,69.8
10423,82.0,984.0,69.8
10424,88.0,1056.0,70.0
10425,90.0,1080.0,70.0
10426,91.0,1092.0,69.9
10427,100.0,1200.0,69.7
10428,88.0,1056.0,69.7
10429,93.0,1116.0,69.9
10430,100.0,1200.0,69.6
10431,123.0,1476.0,69.6
10432,138.0,1656.0,69.6
10433,123.0,1476.0,69.9
10434,129.0,1548.0,69.7
10435,136.0,1632.0,69.9
10436,147.0,1764.0,69.9
10437,175.0,2100.0,70.3
10438,165.0,1980.0,70.3
10439,175.0,2100.0,70.4
10440,180.0,2160.0,69.5
10441,196.0,2352.0,69.1
10442,201.0,2412.0,68.8
10443,201.0,2412.0,68.7
10444,231.0,2772.0,69.0
10445,212.0,2544.0,68.8
10446,225.0,2700.0,69.0
10447,227.0,2724.0,69.1
10448,224.0,2688.0,69.4
10449,239.0,2868.0,69.4
10450,259.0,3108.0,69.8
10451,255.0,3060.0,69.5
10452,268.0,3216.0,68.9
10453,268.0,3216.0,68.0
10454,273.0,3276.0,67.7
10455,265.0,3180.0,67.3
10456,294.0,3528.0,67.4
10457,309.0,3708.0,67.3
10458,303.0,3636.0,67.5
10459,308.0,3696.0,67.5
10460,309.0,3708.0,67.7
10461,308.0,3696.0,67.6
10462,318.0,3816.0,67.4
10463,353.0,4236.0,67.4
10464,306.0,3672.0,67.2
10465,316.0,3792.0,67.3
10466,316.0,3792.0,67.2
10467,338.0,4056.0,66.8
10468,326.0,3912.0,67.1
10469,355.0,4260.0,67.4
10470,335.0,4020.0,67.3
10471,358.0,4296.0,67.2
10472,335.0,4020.0,67.4
10473,343.0,4116.0,67.2
10474,343.0,4116.0,67.0
10475,340.0,4080.0,67.5
10476,332.0,3984.0,67.6
10477,329.0,3948.0,67.2
10478,335.0,4020.0,67.1
10479,344.0,4128.0,66.9
10480,347.0,4164.0,67.0
10481,352.0,4224.0,66.8
10482,355.0,4260.0,66.9
10483,359.0,4308.0,67.0
10484,369.0,4428.0,66.4
10485,373.0,4476.0,66.5
10486,369.0,4428.0,66.6
10487,361.0,4332.0,66.6
10488,360.0,4320.0,66.7
10489,350.0,4200.0,66.6
10490,361.0,4332.0,66.5
10491,363.0,4356.0,66.4
10492,369.0,4428.0,66.5
10493,375.0,4500.0,66.4
10494,381.0,4572.0,66.3
10495,384.0,4608.0,66.2
10496,388.0,4656.0,66.0
10497,387.0,4644.0,66.1
10498,385.0,4620.0,66.1
10499,385.0,4620.0,66.0
10500,391.0,4692.0,65.7
10501,391.0,4692.0,66.1
10502,391.0,4692.0,66.2
10503,391.0,4692.0,66.3
10504,393.0,4716.0,66.3
10505,393.0,4716.0,66.7
10506,396.0,4752.0,66.6
10507,391.0,4692.0,66.5
10508,396.0,4752.0,66.4
10509,399.0,4788.0,66.5
10510,396.0,4752.0,66.5
10511,399.0,4788.0,66.5
10512,399.0,4788.0,66.7
10513,400.0,4800.0,66.7
10514,406.0,4872.0,66.8
10515,410.0,4920.0,66.2
10516,406.0,4872.0,66.2
10517,404.0,4848.0,66.3
10518,404.0,4848.0,66.3
10519,408.0,4896.0,66.4
10520,404.0,4848.0,65.8
10521,404.0,4848.0,66.5
10522,408.0,4896.0,66.4
10523,402.0,4824.0,66.5
10524,404.0,4848.0,66.7
10525,402.0,4824.0,66.7
10526,410.0,4920.0,66.9
10527,410.0,4920.0,66.4
10528,407.0,4884.0,66.7
10529,410.0,4920.0,66.9
10530,410.0,4920.0,66.9
10531,408.0,4896.0,66.8
10532,411.0,4932.0,66.8
10533,413.0,4956.0,66.7
10534,404.0,4848.0,66.9
10535,402.0,4824.0,66.7
10536,402.0,4824.0,66.8
10537,399.0,4788.0,67.0
10538,402.0,4824.0,67.1
10539,404.0,4848.0,66.8
10540,410.0,4920.0,67.0
10541,408.0,4896.0,67.0
10542,407.0,4884.0,67.0
10543,399.0,4788.0,67.2
10544,410.0,4920.0,67.1
10545,408.0,4896.0,67.2
10546,411.0,4932.0,67.2
10547,413.0,4956.0,66.9
10548,399.0,4788.0,67.1
10549,402.0,4824.0,67.2
10550,408.0,4896.0,67.3
10551,413.0,4956.0,67.2
10552,410.0,4920.0,67.0
10553,410.0,4920.0,67.2
10554,402.0,4824.0,67.3
10555,402.0,4824.0,67.4
10556,406.0,4872.0,67.3
10557,410.0,4920.0,67.3
10558,406.0,4872.0,67.7
10559,400.0,4800.0,67.4
10560,391.0,4692.0,67.4
10561,396.0,4752.0,67.4
10562,404.0,4848.0,67.4
10563,408.0,4896.0,67.5
10564,402.0,4824.0,67.6
10565,406.0,4872.0,67.6
10566,406.0,4872.0,67.9
10567,407.0,4884.0,67.8
10568,404.0,4848.0,67.9
10569,408.0,4896.0,67.6
10570,416.0,4992.0,67.6
10571,391.0,4692.0,67.7
10572,393.0,4716.0,67.8
10573,393.0,4716.0,67.8
10574,396.0,4752.0,67.7
10575,393.0,4716.0,67.8
10576,402.0,4824.0,68.3
10577,393.0,4716.0,68.1
10578,391.0,4692.0,68.0
10579,389.0,4668.0,68.0
10580,385.0,4620.0,68.1
10581,385.0,4620.0,68.3
10582,381.0,4572.0,68.3
10583,375.0,4500.0,68.5
10584,370.0,4440.0,68.2
10585,370.0,4440.0,68.3
10586,373.0,4476.0,68.4
10587,370.0,4440.0,68.6
10588,381.0,4572.0,68.6
10589,382.0,4584.0,68.9
10590,363.0,4356.0,68.7
10591,360.0,4320.0,68.8
10592,358.0,4296.0,69.0
10593,350.0,4200.0,68.8
10594,340.0,4080.0,68.6
10595,338.0,4056.0,68.8
10596,352.0,4224.0,68.8
10597,333.0,3996.0,68.8
10598,333.0,3996.0,68.9
10599,332.0,3984.0,69.2
10600,335.0,4020.0,69.0
10601,324.0,3888.0,68.8
10602,314.0,3768.0,68.9
10603,316.0,3792.0,68.8
10604,318.0,3816.0,68.4
10605,324.0,3888.0,68.2
10606,312.0,3744.0,68.1
10607,305.0,3660.0,67.7
10608,305.0,3660.0,67.9
10609,303.0,3636.0,67.9
10610,303.0,3636.0,68.1
10611,308.0,3696.0,68.2
10612,305.0,3660.0,68.2
10613,298.0,3576.0,68.3
10614,288.0,3456.0,68.4
10615,294.0,3528.0,68.4
10616,303.0,3636.0,68.6
10617,294.0,3528.0,68.7
10618,280.0,3360.0,68.7
10619,296.0,3552.0,68.8
10620,291.0,3492.0,69.3
10621,294.0,3528.0,70.0
10622,274.0,3288.0,70.1
10623,292.0,3504.0,70.2
10624,294.0,3528.0,70.3
10625,306.0,3672.0,70.3
10626,292.0,3504.0,70.4
10627,274.0,3288.0,70.3
10628,280.0,3360.0,70.3
10629,268.0,3216.0,70.4
10630,271.0,3252.0,70.3
10631,294.0,3528.0,70.4
10632,262.0,3144.0,70.1
10633,262.0,3144.0,69.9
10634,265.0,3180.0,70.1
10635,257.0,3084.0,69.9
10636,254.0,3048.0,70.1
10637,276.0,3312.0,70.4
10638,273.0,3276.0,70.5
10639,250.0,3000.0,70.5
10640,249.0,2988.0,70.5
10641,235.0,2820.0,70.8
10642,250.0,3000.0,70.6
10643,247.0,2964.0,70.8
10644,239.0,2868.0,70.4
10645,228.0,2736.0,70.3
10646,218.0,2616.0,70.1
10647,219.0,2628.0,70.2
10648,228.0,2736.0,70.1
10649,193.0,2316.0,70.2
10650,194.0,2328.0,70.2
10651,186.0,2232.0,70.2
10652,186.0,2232.0,70.1
10653,175.0,2100.0,70.3
10654,184.0,2208.0,70.1
10655,178.0,2136.0,70.4
10656,157.0,1884.0,70.5
10657,167.0,2004.0,70.3
10658,160.0,1920.0,70.2
10659,151.0,1812.0,69.9
10660,157.0,1884.0,70.1
10661,147.0,1764.0,70.1
10662,129.0,1548.0,70.3
10663,134.0,1608.0,70.3
10664,131.0,1572.0,70.5
10665,119.0,1428.0,70.1
10666,116.0,1392.0,70.3
10667,115.0,1380.0,70.5
10668,108.0,1296.0,70.4
10669,101.0,1212.0,70.3
10670,105.0,1260.0,70.3
10671,105.0,1260.0,70.1
10672,97.0,1164.0,70.0
10673,93.0,1116.0,70.3
10674,85.0,1020.0,70.4
10675,85.0,1020.0,70.0
10676,82.0,984.0,70.4
10677,81.0,972.0,70.0
10678,82.0,984.0,70.4
10679,81.0,972.0,70.3
10680,78.0,936.0,70.4
10681,78.0,936.0,70.3
10682,77.0,924.0,70.3
10683,74.0,888.0,70.4
10684,72.0,864.0,70.3
10685,67.0,804.0,70.3
10686,64.0,768.0,70.4
10687,64.0,768.0,70.5
10688,62.0,744.0,70.4
10689,59.0,708.0,70.0
10690,57.0,684.0,70.1
10691,56.0,672.0,70.1
10692,52.0,624.0,70.4
10693,53.0,636.0,70.5
10694,52.0,624.0,70.4
10695,55.0,660.0,70.2
10696,52.0,624.0,70.3
10697,49.0,588.0,70.2
10698,48.0,576.0,70.5
10699,48.0,576.0,70.3
10700,47.0,564.0,70.2
10701,47.0,564.0,70.4
10702,44.0,528.0,70.2
10703,42.0,504.0,69.7
10704,44.0,528.0,70.0
10705,44.0,528.0,70.0
10706,44.0,528.0,70.1
10707,44.0,528.0,70.0
10708,44.0,528.0,70.1
10709,46.0,552.0,70.0
10710,46.0,552.0,69.9
10711,50.0,600.0,69.9
10712,52.0,624.0,70.2
10713,52.0,624.0,70.3
10714,50.0,600.0,70.1
10715,52.0,624.0,70.0
10716,49.0,588.0,70.0
10717,52.0,624.0,70.0
10718,53.0,636.0,70.2
10719,59.0,708.0,70.2
10720,60.0,720.0,70.0
10721,62.0,744.0,70.0
10722,64.0,768.0,69.8
10723,70.0,840.0,70.2
10724,75.0,900.0,70.0
10725,75.0,900.0,69.9
10726,75.0,900.0,70.0
10727,90.0,1080.0,70.1
10728,75.0,900.0,69.8
10729,82.0,984.0,70.0
10730,85.0,1020.0,69.9
10731,91.0,1092.0,70.1
10732,115.0,1380.0,70.1
10733,111.0,1332.0,70.1
10734,105.0,1260.0,70.3
10735,115.0,1380.0,70.6
10736,116.0,1392.0,70.6
10737,127.0,1524.0,70.6
10738,125.0,1500.0,70.7
10739,131.0,1572.0,70.8
10740,134.0,1608.0,70.4
10741,149.0,1788.0,70.5
10742,152.0,1824.0,70.4
10743,163.0,1956.0,70.3
10744,164.0,1968.0,70.2
10745,167.0,2004.0,70.5
10746,158.0,1896.0,70.6
10747,160.0,1920.0,70.5
10748,167.0,2004.0,70.7
10749,175.0,2100.0,70.5
10750,169.0,2028.0,70.7
10751,180.0,2160.0,70.7
10752,175.0,2100.0,70.1
10753,186.0,2232.0,69.8
10754,200.0,2400.0,69.6
10755,221.0,2652.0,70.1
10756,205.0,2460.0,70.0
10757,196.0,2352.0,70.0
10758,214.0,2568.0,69.8
10759,214.0,2568.0,69.9
10760,234.0,2808.0,69.8
10761,230.0,2760.0,69.8
10762,254.0,3048.0,69.6
10763,234.0,2808.0,69.7
10764,239.0,2868.0,69.2
10765,239.0,2868.0,69.3
10766,250.0,3000.0,69.1
10767,260.0,3120.0,69.3
10768,268.0,3216.0,69.0
10769,273.0,3276.0,69.0
10770,280.0,3360.0,69.0
10771,286.0,3432.0,69.0
10772,294.0,3528.0,68.9
10773,301.0,3612.0,68.8
10774,306.0,3672.0,68.8
10775,303.0,3636.0,69.1
10776,303.0,3636.0,68.5
10777,300.0,3600.0,68.5
10778,320.0,3840.0,68.3
10779,314.0,3768.0,68.3
10780,324.0,3888.0,68.2
10781,327.0,3924.0,68.1
10782,329.0,3948.0,68.0
10783,335.0,4020.0,68.2
10784,346.0,4152.0,68.1
10785,347.0,4164.0,68.1
10786,349.0,4188.0,68.1
10787,347.0,4164.0,68.2
10788,344.0,4128.0,68.1
10789,338.0,4056.0,67.8
10790,346.0,4152.0,67.7
10791,355.0,4260.0,67.8
10792,352.0,4224.0,67.5
10793,358.0,4296.0,67.7
10794,368.0,4416.0,67.5
10795,368.0,4416.0,67.5
10796,370.0,4440.0,67.3
10797,373.0,4476.0,67.3
10798,370.0,4440.0,67.3
10799,378.0,4536.0,67.1
10800,378.0,4536.0,67.1
10801,373.0,4476.0,67.3
10802,381.0,4572.0,67.2
10803,381.0,4572.0,67.3
10804,385.0,4620.0,66.9
10805,387.0,4644.0,66.7
10806,393.0,4716.0,67.0
10807,396.0,4752.0,66.6
10808,400.0,4800.0,66.6
10809,399.0,4788.0,66.6
10810,396.0,4752.0,66.5
10811,395.0,4740.0,66.8
10812,393.0,4716.0,66.8
10813,389.0,4668.0,66.8
10814,393.0,4716.0,66.7
10815,395.0,4740.0,66.7
10816,399.0,4788.0,66.4
10817,402.0,4824.0,66.3
10818,396.0,4752.0,66.1
10819,396.0,4752.0,66.3
10820,396.0,4752.0,66.3
10821,396.0,4752.0,65.9
10822,395.0,4740.0,66.4
10823,391.0,4692.0,66.1
10824,384.0,4608.0,66.3
10825,385.0,4620.0,66.4
10826,384.0,4608.0,66.5
10827,389.0,4668.0,66.6
10828,389.0,4668.0,66.7
10829,385.0,4620.0,66.7
10830,385.0,4620.0,66.5
10831,379.0,4548.0,66.6
10832,385.0,4620.0,66.7
10833,384.0,4608.0,66.8
10834,381.0,4572.0,66.7
10835,375.0,4500.0,66.9
10836,381.0,4572.0,67.0
10837,375.0,4500.0,66.9
10838,384.0,4608.0,66.7
10839,381.0,4572.0,67.0
10840,381.0,4572.0,66.6
10841,376.0,4512.0,66.7
10842,388.0,4656.0,66.7
10843,388.0,4656.0,66.7
10844,388.0,4656.0,66.7
10845,385.0,4620.0,67.2
10846,391.0,4692.0,67.0
10847,384.0,4608.0,66.8
10848,378.0,4536.0,67.0
10849,379.0,4548.0,66.9
10850,385.0,4620.0,67.2
10851,382.0,4584.0,67.3
10852,395.0,4740.0,66.8
10853,382.0,4584.0,66.8
10854,381.0,4572.0,66.9
10855,379.0,4548.0,67.2
10856,381.0,4572.0,67.1
10857,376.0,4512.0,67.1
10858,375.0,4500.0,67.2
10859,365.0,4380.0,67.5
10860,362.0,4344.0,67.4
10861,370.0,4440.0,67.5
10862,366.0,4392.0,67.6
10863,370.0,4440.0,67.5
10864,366.0,4392.0,68.1
10865,363.0,4356.0,68.0
10866,358.0,4296.0,68.3
10867,358.0,4296.0,68.2
10868,355.0,4260.0,68.0
10869,353.0,4236.0,67.9
10870,355.0,4260.0,68.1
10871,350.0,4200.0,68.3
10872,350.0,4200.0,68.1
10873,353.0,4236.0,68.2
10874,353.0,4236.0,68.2
10875,355.0,4260.0,68.0
10876,368.0,4416.0,67.7
10877,343.0,4116.0,68.1
10878,376.0,4512.0,68.0
10879,346.0,4152.0,67.9
10880,339.0,4068.0,67.9
10881,337.0,4044.0,67.8
10882,332.0,3984.0,67.8
10883,329.0,3948.0,67.9
10884,329.0,3948.0,67.7
10885,326.0,3912.0,67.7
10886,332.0,3984.0,67.5
10887,333.0,3996.0,67.3
10888,335.0,4020.0,67.3
10889,328.0,3936.0,67.1
10890,327.0,3924.0,66.8
10891,318.0,3816.0,66.6
10892,324.0,3888.0,66.3
10893,332.0,3984.0,66.1
10894,320.0,3840.0,65.9
10895,321.0,3852.0,65.8
10896,318.0,3816.0,65.4
10897,317.0,3804.0,65.7
10898,326.0,3912.0,65.9
10899,318.0,3816.0,65.6
10900,324.0,3888.0,66.0
10901,320.0,3840.0,65.5
10902,309.0,3708.0,65.5
10903,309.0,3708.0,65.7
10904,309.0,3708.0,65.5
10905,299.0,3588.0,66.1
10906,292.0,3504.0,66.0
10907,288.0,3456.0,66.2
10908,285.0,3420.0,68.1
10909,285.0,3420.0,68.9
10910,280.0,3360.0,69.5
10911,279.0,3348.0,69.8
10912,291.0,3492.0,70.1
10913,276.0,3312.0,70.0
10914,262.0,3144.0,70.3
10915,261.0,3132.0,70.3
10916,255.0,3060.0,70.3
10917,257.0,3084.0,70.4
10918,245.0,2940.0,70.5
10919,247.0,2964.0,70.7
10920,235.0,2820.0,70.4
10921,230.0,2760.0,70.3
10922,228.0,2736.0,70.4
10923,219.0,2628.0,70.3
10924,214.0,2568.0,70.2
10925,204.0,2448.0,70.4
10926,205.0,2460.0,70.2
10927,188.0,2256.0,70.2
10928,198.0,2376.0,70.4
10929,178.0,2136.0,70.1
10930,168.0,2016.0,70.4
10931,167.0,2004.0,70.5
10932,151.0,1812.0,70.5
10933,152.0,1824.0,70.2
10934,146.0,1752.0,70.4
10935,142.0,1704.0,70.3
10936,149.0,1788.0,70.1
10937,139.0,1668.0,70.4
10938,129.0,1548.0,70.4
10939,122.0,1464.0,70.3
10940,119.0,1428.0,70.6
10941,119.0,1428.0,70.2
10942,109.0,1308.0,69.7
10943,108.0,1296.0,70.0
10944,95.0,1140.0,71.3
10945,93.0,1116.0,70.6
10946,93.0,1116.0,70.4
10947,85.0,1020.0,70.6
10948,88.0,1056.0,70.2
10949,82.0,984.0,70.2
10950,77.0,924.0,70.4
10951,72.0,864.0,70.4
10952,67.0,804.0,70.1
10953,72.0,864.0,69.9
10954,64.0,768.0,69.7
10955,60.0,720.0,69.7
10956,59.0,708.0,70.2
10957,61.0,732.0,70.1
10958,62.0,744.0,70.3
10959,56.0,672.0,70.1
10960,55.0,660.0,70.1
10961,53.0,636.0,69.8
10962,49.0,588.0,69.6
10963,57.0,684.0,69.6
10964,48.0,576.0,69.6
10965,48.0,576.0,69.7
10966,50.0,600.0,69.4
10967,46.0,552.0,69.5
10968,48.0,576.0,69.6
10969,47.0,564.0,69.5
10970,46.0,552.0,69.5
10971,47.0,564.0,69.7
10972,46.0,552.0,69.5
10973,47.0,564.0,69.6
10974,46.0,552.0,69.5
10975,46.0,552.0,69.3
10976,47.0,564.0,69.5
10977,47.0,564.0,69.5
10978,46.0,552.0,69.4
10979,48.0,576.0,69.1
10980,48.0,576.0,69.5
10981,47.0,564.0,69.2
10982,52.0,624.0,69.3
10983,49.0,588.0,69.4
10984,55.0,660.0,69.3
10985,59.0,708.0,69.3
10986,61.0,732.0,69.4
10987,67.0,804.0,69.6
10988,74.0,888.0,69.8
10989,79.0,948.0,69.3
10990,75.0,900.0,69.5
10991,75.0,900.0,69.3
10992,77.0,924.0,69.4
10993,79.0,948.0,69.7
10994,90.0,1080.0,69.6
10995,98.0,1176.0,69.6
10996,115.0,1380.0,69.8
10997,119.0,1428.0,69.7
10998,134.0,1608.0,70.0
10999,152.0,1824.0,70.2
11000,162.0,1944.0,70.4
11001,180.0,2160.0,70.9
11002,169.0,2028.0,70.5
11003,169.0,2028.0,70.3
11004,184.0,2208.0,70.5
11005,195.0,2340.0,70.2
11006,210.0,2520.0,70.3
11007,239.0,2868.0,70.4
11008,253.0,3036.0,71.2
11009,254.0,3048.0,71.3
11010,294.0,3528.0,71.0
11011,303.0,3636.0,70.9
11012,322.0,3864.0,71.2
11013,335.0,4020.0,71.4
11014,327.0,3924.0,71.3
11015,309.0,3708.0,71.0
11016,305.0,3660.0,67.8
11017,311.0,3732.0,66.7
11018,332.0,3984.0,66.5
11019,352.0,4224.0,66.5
11020,365.0,4380.0,66.5
11021,343.0,4116.0,66.5
11022,332.0,3984.0,66.5
11023,322.0,3864.0,66.5
11024,321.0,3852.0,66.7
11025,370.0,4440.0,66.6
11026,343.0,4116.0,66.5
11027,358.0,4296.0,66.4
11028,329.0,3948.0,66.5
11029,353.0,4236.0,66.4
11030,355.0,4260.0,66.6
11031,343.0,4116.0,66.5
11032,369.0,4428.0,66.5
11033,384.0,4608.0,66.5
11034,332.0,3984.0,66.5
11035,404.0,4848.0,66.3
11036,417.0,5004.0,66.2
11037,393.0,4716.0,66.0
11038,368.0,4416.0,65.8
11039,417.0,5004.0,66.0
11040,388.0,4656.0,65.9
11041,379.0,4548.0,66.1
11042,400.0,4800.0,66.1
11043,399.0,4788.0,66.2
11044,391.0,4692.0,65.9
11045,391.0,4692.0,65.7
11046,391.0,4692.0,65.9
11047,393.0,4716.0,65.7
11048,395.0,4740.0,65.5
11049,396.0,4752.0,65.6
11050,388.0,4656.0,65.3
11051,376.0,4512.0,65.6
11052,363.0,4356.0,65.2
11053,358.0,4296.0,65.3
11054,360.0,4320.0,64.6
11055,370.0,4440.0,64.5
11056,365.0,4380.0,64.6
11057,370.0,4440.0,64.8
11058,362.0,4344.0,64.4
11059,368.0,4416.0,64.7
11060,373.0,4476.0,64.5
11061,370.0,4440.0,64.6
11062,367.0,4404.0,63.9
11063,362.0,4344.0,64.2
11064,358.0,4296.0,64.2
11065,353.0,4236.0,64.3
11066,362.0,4344.0,64.4
11067,362.0,4344.0,63.7
11068,366.0,4392.0,63.7
11069,369.0,4428.0,63.6
11070,366.0,4392.0,63.7
11071,373.0,4476.0,64.1
11072,375.0,4500.0,63.7
11073,373.0,4476.0,63.9
11074,367.0,4404.0,64.2
11075,365.0,4380.0,63.7
11076,361.0,4332.0,63.9
11077,368.0,4416.0,64.0
11078,381.0,4572.0,63.3
11079,373.0,4476.0,63.6
11080,376.0,4512.0,63.8
11081,370.0,4440.0,63.9
11082,376.0,4512.0,64.2
11083,373.0,4476.0,63.5
11084,378.0,4536.0,63.6
11085,376.0,4512.0,63.5
11086,376.0,4512.0,64.0
11087,373.0,4476.0,63.7
11088,373.0,4476.0,64.3
11089,373.0,4476.0,64.1
11090,382.0,4584.0,64.1
11091,381.0,4572.0,64.0
11092,379.0,4548.0,64.4
11093,379.0,4548.0,64.6
11094,381.0,4572.0,64.2
11095,391.0,4692.0,64.0
11096,393.0,4716.0,64.1
11097,391.0,4692.0,64.2
11098,385.0,4620.0,64.0
11099,387.0,4644.0,63.8
11100,376.0,4512.0,63.9
11101,388.0,4656.0,64.1
11102,385.0,4620.0,64.0
11103,396.0,4752.0,64.4
11104,399.0,4788.0,64.2
11105,400.0,4800.0,64.0
11106,395.0,4740.0,64.0
11107,399.0,4788.0,64.3
11108,404.0,4848.0,64.2
11109,404.0,4848.0,64.4
11110,399.0,4788.0,64.7
11111,399.0,4788.0,65.0
11112,399.0,4788.0,64.8
11113,402.0,4824.0,65.1
11114,414.0,4968.0,64.7
11115,419.0,5028.0,64.8
11116,420.0,5040.0,64.7
11117,440.0,5280.0,64.8
11118,424.0,5088.0,64.3
11119,429.0,5148.0,64.3
11120,437.0,5244.0,64.6
11121,457.0,5484.0,64.6
11122,455.0,5460.0,64.4
11123,462.0,5544.0,64.6
11124,490.0,5880.0,63.8
11125,457.0,5484.0,63.6
11126,460.0,5520.0,64.0
11127,458.0,5496.0,64.3
11128,471.0,5652.0,64.1
11129,469.0,5628.0,64.3
11130,460.0,5520.0,64.1
11131,444.0,5328.0,64.2
11132,451.0,5412.0,63.8
11133,462.0,5544.0,63.8
11134,452.0,5424.0,63.5
11135,457.0,5484.0,63.9
11136,460.0,5520.0,63.4
11137,458.0,5496.0,63.7
11138,452.0,5424.0,64.0
11139,452.0,5424.0,64.4
11140,440.0,5280.0,64.7
11141,437.0,5244.0,62.4
11142,427.0,5124.0,63.7
11143,429.0,5148.0,63.7
11144,445.0,5340.0,63.8
11145,455.0,5460.0,64.0
11146,448.0,5376.0,63.9
11147,437.0,5244.0,64.7
11148,442.0,5304.0,64.0
11149,454.0,5448.0,65.2
11150,474.0,5688.0,65.3
11151,468.0,5616.0,64.6
11152,463.0,5556.0,64.5
11153,448.0,5376.0,64.6
11154,460.0,5520.0,64.9
11155,479.0,5748.0,65.0
11156,473.0,5676.0,65.7
11157,458.0,5496.0,66.2
11158,449.0,5388.0,66.9
11159,452.0,5424.0,67.2
11160,437.0,5244.0,67.4
11161,416.0,4992.0,67.5
11162,422.0,5064.0,67.4
11163,414.0,4968.0,68.0
11164,414.0,4968.0,68.3
11165,419.0,5028.0,68.4
11166,411.0,4932.0,68.6
11167,358.0,4296.0,68.8
11168,352.0,4224.0,68.9
11169,335.0,4020.0,68.9
11170,361.0,4332.0,69.5
11171,341.0,4092.0,69.7
11172,318.0,3816.0,69.7
11173,332.0,3984.0,70.0
11174,335.0,4020.0,70.0
11175,341.0,4092.0,69.8
11176,317.0,3804.0,69.9
11177,309.0,3708.0,69.9
11178,309.0,3708.0,69.5
11179,299.0,3588.0,69.3
11180,288.0,3456.0,68.9
11181,303.0,3636.0,68.7
11182,277.0,3324.0,68.5
11183,285.0,3420.0,68.6
11184,268.0,3216.0,68.7
11185,262.0,3144.0,68.6
11186,276.0,3312.0,68.6
11187,262.0,3144.0,68.8
11188,280.0,3360.0,68.6
11189,272.0,3264.0,68.4
11190,255.0,3060.0,68.8
11191,257.0,3084.0,68.4
11192,262.0,3144.0,68.7
11193,242.0,2904.0,68.7
11194,261.0,3132.0,68.6
11195,242.0,2904.0,68.9
11196,239.0,2868.0,69.6
11197,224.0,2688.0,69.8
11198,233.0,2796.0,70.1
11199,234.0,2808.0,70.6
11200,244.0,2928.0,70.7
11201,239.0,2868.0,70.6
11202,244.0,2928.0,70.3
11203,227.0,2724.0,70.4
11204,227.0,2724.0,70.6
11205,212.0,2544.0,70.8
11206,219.0,2628.0,70.6
11207,208.0,2496.0,70.6
11208,204.0,2448.0,70.8
11209,209.0,2508.0,70.5
11210,204.0,2448.0,70.4
11211,212.0,2544.0,70.6
11212,200.0,2400.0,70.0
11213,190.0,2280.0,70.3
11214,165.0,1980.0,70.3
11215,175.0,2100.0,70.2
11216,167.0,2004.0,70.6
11217,163.0,1956.0,70.5
11218,149.0,1788.0,70.1
11219,149.0,1788.0,69.8
11220,145.0,1740.0,70.1
11221,144.0,1728.0,70.2
11222,154.0,1848.0,70.2
11223,141.0,1692.0,70.2
11224,155.0,1860.0,70.0
11225,146.0,1752.0,70.1
11226,123.0,1476.0,70.2
11227,122.0,1464.0,70.1
11228,128.0,1536.0,69.4
11229,115.0,1380.0,69.8
11230,122.0,1464.0,69.6
11231,104.0,1248.0,69.4
11232,100.0,1200.0,70.7
11233,100.0,1200.0,70.8
11234,100.0,1200.0,70.4
11235,98.0,1176.0,70.2
11236,91.0,1092.0,70.0
11237,91.0,1092.0,70.0
11238,85.0,1020.0,69.8
11239,78.0,936.0,69.6
11240,77.0,924.0,69.8
11241,77.0,924.0,69.8
11242,81.0,972.0,68.8
11243,72.0,864.0,68.7
11244,67.0,804.0,69.1
11245,70.0,840.0,69.7
11246,64.0,768.0,69.8
11247,67.0,804.0,69.9
11248,64.0,768.0,69.2
11249,59.0,708.0,69.2
11250,61.0,732.0,69.5
11251,64.0,768.0,68.9
11252,61.0,732.0,68.8
11253,55.0,660.0,68.8
11254,57.0,684.0,68.7
11255,61.0,732.0,69.1
11256,52.0,624.0,69.2
11257,50.0,600.0,68.9
11258,59.0,708.0,69.1
11259,62.0,744.0,68.8
11260,67.0,804.0,68.9
11261,64.0,768.0,69.2
11262,57.0,684.0,68.7
11263,55.0,660.0,68.7
11264,52.0,624.0,68.7
11265,53.0,636.0,69.0
11266,53.0,636.0,68.9
11267,53.0,636.0,68.8
11268,59.0,708.0,68.6
11269,53.0,636.0,68.3
11270,62.0,744.0,68.6
11271,64.0,768.0,68.7
11272,60.0,720.0,68.8
11273,62.0,744.0,68.7
11274,67.0,804.0,68.9
11275,72.0,864.0,69.3
11276,77.0,924.0,69.6
11277,85.0,1020.0,69.6
11278,82.0,984.0,69.6
11279,77.0,924.0,69.5
11280,82.0,984.0,68.8
11281,78.0,936.0,68.8
11282,91.0,1092.0,69.1
11283,100.0,1200.0,69.3
11284,111.0,1332.0,69.2
11285,123.0,1476.0,69.9
11286,137.0,1644.0,69.5
11287,155.0,1860.0,69.8
11288,172.0,2064.0,70.4
11289,182.0,2184.0,70.1
11290,175.0,2100.0,70.7
11291,175.0,2100.0,70.2
11292,186.0,2232.0,70.1
11293,201.0,2412.0,70.2
11294,225.0,2700.0,70.3
11295,247.0,2964.0,70.2
11296,268.0,3216.0,71.1
11297,279.0,3348.0,70.6
11298,302.0,3624.0,70.3
11299,321.0,3852.0,70.1
11300,339.0,4068.0,70.6
11301,355.0,4260.0,71.1
11302,349.0,4188.0,71.1
11303,320.0,3840.0,70.7
11304,314.0,3768.0,68.1
11305,322.0,3864.0,66.9
11306,337.0,4044.0,66.5
11307,355.0,4260.0,66.3
11308,288.0,3456.0,66.1
11309,288.0,3456.0,66.0
11310,298.0,3576.0,66.1
11311,270.0,3240.0,66.1
11312,294.0,3528.0,66.2
11313,308.0,3696.0,66.2
11314,332.0,3984.0,66.3
11315,355.0,4260.0,66.5
11316,352.0,4224.0,66.4
11317,339.0,4068.0,66.4
11318,358.0,4296.0,66.3
11319,329.0,3948.0,66.6
11320,318.0,3816.0,66.4
11321,301.0,3612.0,66.5
11322,291.0,3492.0,66.5
11323,352.0,4224.0,66.2
11324,395.0,4740.0,65.9
11325,379.0,4548.0,65.7
11326,373.0,4476.0,65.4
11327,358.0,4296.0,65.6
11328,329.0,3948.0,65.8
11329,393.0,4716.0,65.8
11330,393.0,4716.0,65.5
11331,349.0,4188.0,66.1
11332,366.0,4392.0,65.7
11333,393.0,4716.0,65.9
11334,393.0,4716.0,66.0
11335,396.0,4752.0,66.2
11336,395.0,4740.0,65.7
11337,399.0,4788.0,65.8
11338,391.0,4692.0,66.0
11339,379.0,4548.0,65.7
11340,373.0,4476.0,65.2
11341,362.0,4344.0,64.9
11342,368.0,4416.0,64.8
11343,368.0,4416.0,64.6
11344,366.0,4392.0,64.5
11345,368.0,4416.0,64.5
11346,362.0,4344.0,64.6
11347,365.0,4380.0,64.7
11348,367.0,4404.0,64.7
11349,369.0,4428.0,64.5
11350,359.0,4308.0,64.3
11351,353.0,4236.0,64.1
11352,343.0,4116.0,64.3
11353,346.0,4152.0,64.4
11354,350.0,4200.0,64.4
11355,355.0,4260.0,64.9
11356,347.0,4164.0,64.5
11357,350.0,4200.0,64.3
11358,352.0,4224.0,64.0
11359,358.0,4296.0,64.1
11360,361.0,4332.0,64.0
11361,358.0,4296.0,64.2
11362,358.0,4296.0,64.0
11363,350.0,4200.0,63.9
11364,343.0,4116.0,63.9
11365,355.0,4260.0,63.9
11366,358.0,4296.0,63.8
11367,363.0,4356.0,63.9
11368,361.0,4332.0,64.1
11369,361.0,4332.0,64.3
11370,355.0,4260.0,64.0
11371,368.0,4416.0,64.5
11372,373.0,4476.0,64.4
11373,369.0,4428.0,64.2
11374,361.0,4332.0,64.5
11375,359.0,4308.0,64.4
11376,358.0,4296.0,64.2
11377,359.0,4308.0,64.2
11378,368.0,4416.0,64.3
11379,370.0,4440.0,64.4
11380,367.0,4404.0,64.5
11381,368.0,4416.0,64.4
11382,373.0,4476.0,64.2
11383,375.0,4500.0,64.3
11384,370.0,4440.0,64.9
11385,368.0,4416.0,64.4
11386,366.0,4392.0,64.6
11387,368.0,4416.0,64.8
11388,360.0,4320.0,64.3
11389,358.0,4296.0,64.2
11390,369.0,4428.0,65.3
11391,376.0,4512.0,65.2
11392,373.0,4476.0,65.2
11393,378.0,4536.0,64.8
11394,375.0,4500.0,64.5
11395,381.0,4572.0,64.8
11396,385.0,4620.0,64.3
11397,391.0,4692.0,64.3
11398,391.0,4692.0,64.1
11399,391.0,4692.0,64.2
11400,391.0,4692.0,64.2
11401,393.0,4716.0,64.2
11402,402.0,4824.0,64.4
11403,411.0,4932.0,64.4
11404,413.0,4956.0,64.5
11405,419.0,5028.0,64.3
11406,419.0,5028.0,64.4
11407,426.0,5112.0,64.3
11408,434.0,5208.0,64.4
11409,454.0,5448.0,64.9
11410,478.0,5736.0,64.7
11411,486.0,5832.0,64.3
11412,489.0,5868.0,64.2
11413,487.0,5844.0,64.0
11414,469.0,5628.0,63.7
11415,487.0,5844.0,64.0
11416,499.0,5988.0,63.8
11417,481.0,5772.0,63.4
11418,489.0,5868.0,63.8
11419,478.0,5736.0,63.2
11420,463.0,5556.0,63.2
11421,449.0,5388.0,62.2
11422,474.0,5688.0,62.9
11423,460.0,5520.0,63.2
11424,452.0,5424.0,63.7
11425,471.0,5652.0,64.1
11426,467.0,5604.0,64.4
11427,444.0,5328.0,64.6
11428,445.0,5340.0,64.6
11429,463.0,5556.0,64.7
11430,445.0,5340.0,65.1
11431,430.0,5160.0,65.2
11432,457.0,5484.0,64.6
11433,442.0,5304.0,62.7
11434,467.0,5604.0,63.3
11435,449.0,5388.0,63.2
11436,444.0,5328.0,63.3
11437,456.0,5472.0,64.4
11438,479.0,5748.0,64.4
11439,460.0,5520.0,64.2
11440,478.0,5736.0,63.7
11441,483.0,5796.0,63.1
11442,468.0,5616.0,62.2
11443,466.0,5592.0,61.9
11444,456.0,5472.0,63.7
11445,456.0,5472.0,66.1
11446,449.0,5388.0,66.8
11447,478.0,5736.0,67.2
11448,448.0,5376.0,67.2
11449,411.0,4932.0,67.5
11450,395.0,4740.0,67.7
11451,407.0,4884.0,68.2
11452,395.0,4740.0,68.5
11453,400.0,4800.0,68.7
11454,366.0,4392.0,68.7
11455,349.0,4188.0,68.8
11456,379.0,4548.0,68.9
11457,363.0,4356.0,69.1
11458,355.0,4260.0,69.2
11459,333.0,3996.0,69.8
11460,321.0,3852.0,68.9
11461,327.0,3924.0,69.1
11462,332.0,3984.0,69.6
11463,339.0,4068.0,69.5
11464,333.0,3996.0,69.7
11465,326.0,3912.0,69.9
11466,324.0,3888.0,69.8
11467,305.0,3660.0,69.3
11468,309.0,3708.0,69.2
11469,305.0,3660.0,68.8
11470,308.0,3696.0,68.5
11471,301.0,3612.0,68.3
11472,291.0,3492.0,68.3
11473,300.0,3600.0,68.5
11474,288.0,3456.0,68.6
11475,273.0,3276.0,68.4
11476,286.0,3432.0,68.7
11477,291.0,3492.0,68.6
11478,283.0,3396.0,68.5
11479,268.0,3216.0,68.5
11480,268.0,3216.0,68.6
11481,251.0,3012.0,68.7
11482,265.0,3180.0,68.8
11483,242.0,2904.0,68.8
11484,253.0,3036.0,69.6
11485,251.0,3012.0,69.8
11486,235.0,2820.0,70.0
11487,254.0,3048.0,70.3
11488,247.0,2964.0,70.2
11489,259.0,3108.0,70.4
11490,232.0,2784.0,70.5
11491,225.0,2700.0,70.2
11492,227.0,2724.0,70.1
11493,244.0,2928.0,69.9
11494,218.0,2616.0,70.1
11495,225.0,2700.0,69.8
11496,213.0,2556.0,69.7
11497,221.0,2652.0,70.0
11498,205.0,2460.0,70.0
11499,224.0,2688.0,70.0
11500,209.0,2508.0,70.5
11501,194.0,2328.0,70.5
11502,175.0,2100.0,70.5
11503,182.0,2184.0,70.2
11504,175.0,2100.0,70.1
11505,172.0,2064.0,70.1
11506,172.0,2064.0,69.9
11507,147.0,1764.0,69.7
11508,144.0,1728.0,69.9
11509,149.0,1788.0,70.1
11510,158.0,1896.0,70.0
11511,151.0,1812.0,70.4
11512,151.0,1812.0,70.3
11513,131.0,1572.0,70.4
11514,131.0,1572.0,70.4
11515,123.0,1476.0,70.1
11516,120.0,1440.0,70.0
11517,123.0,1476.0,69.9
11518,116.0,1392.0,69.6
11519,108.0,1296.0,69.9
11520,100.0,1200.0,70.6
11521,100.0,1200.0,70.3
11522,109.0,1308.0,70.4
11523,109.0,1308.0,70.4
11524,100.0,1200.0,69.8
11525,90.0,1080.0,70.2
11526,82.0,984.0,69.9
11527,75.0,900.0,69.7
11528,78.0,936.0,69.5
11529,79.0,948.0,69.1
11530,72.0,864.0,69.2
11531,72.0,864.0,69.2
11532,67.0,804.0,69.5
11533,67.0,804.0,69.1
11534,72.0,864.0,69.3
11535,75.0,900.0,69.5
11536,74.0,888.0,69.4
11537,62.0,744.0,69.2
11538,64.0,768.0,69.1
11539,55.0,660.0,69.2
11540,67.0,804.0,69.0
11541,67.0,804.0,69.1
11542,67.0,804.0,68.8
11543,60.0,720.0,69.0
11544,59.0,708.0,69.3
11545,64.0,768.0,69.4
11546,64.0,768.0,69.3
11547,64.0,768.0,69.1
11548,62.0,744.0,69.3
11549,55.0,660.0,68.9
11550,50.0,600.0,68.9
11551,55.0,660.0,68.7
11552,52.0,624.0,68.8
11553,59.0,708.0,68.8
11554,57.0,684.0,68.6
11555,50.0,600.0,68.6
11556,50.0,600.0,68.5
11557,52.0,624.0,68.5
11558,57.0,684.0,68.4
11559,62.0,744.0,68.6
11560,61.0,732.0,68.6
11561,62.0,744.0,69.0
11562,64.0,768.0,68.8
11563,70.0,840.0,68.8
11564,78.0,936.0,69.0
11565,81.0,972.0,69.5
11566,78.0,936.0,69.3
11567,79.0,948.0,69.3
11568,79.0,948.0,69.1
11569,85.0,1020.0,69.2
11570,98.0,1176.0,69.1
11571,101.0,1212.0,69.3
11572,111.0,1332.0,69.6
11573,127.0,1524.0,69.5
11574,142.0,1704.0,69.7
11575,149.0,1788.0,70.0
11576,175.0,2100.0,70.3
11577,186.0,2232.0,70.1
11578,178.0,2136.0,70.2
11579,171.0,2052.0,70.3
11580,175.0,2100.0,70.1
11581,190.0,2280.0,70.0
11582,227.0,2724.0,70.0
11583,250.0,3000.0,70.5
11584,261.0,3132.0,70.4
11585,277.0,3324.0,70.3
11586,299.0,3588.0,69.4
11587,318.0,3816.0,69.9
11588,343.0,4116.0,70.4
11589,352.0,4224.0,70.2
11590,344.0,4128.0,70.2
11591,320.0,3840.0,70.4
11592,320.0,3840.0,67.9
11593,322.0,3864.0,66.9
11594,328.0,3936.0,66.3
11595,306.0,3672.0,66.1
11596,343.0,4116.0,66.0
11597,321.0,3852.0,66.1
11598,318.0,3816.0,66.1
11599,328.0,3936.0,66.1
11600,382.0,4584.0,66.2
11601,338.0,4056.0,66.3
11602,338.0,4056.0,66.3
11603,373.0,4476.0,66.5
11604,399.0,4788.0,66.5
11605,376.0,4512.0,66.5
11606,341.0,4092.0,66.3
11607,361.0,4332.0,66.3
11608,381.0,4572.0,66.3
11609,309.0,3708.0,66.5
11610,350.0,4200.0,66.3
11611,384.0,4608.0,66.4
11612,411.0,4932.0,66.1
11613,436.0,5232.0,66.0
11614,433.0,5196.0,66.1
11615,406.0,4872.0,66.0
11616,396.0,4752.0,66.1
11617,396.0,4752.0,65.8
11618,402.0,4824.0,66.0
11619,404.0,4848.0,65.8
11620,400.0,4800.0,65.7
11621,395.0,4740.0,66.0
11622,389.0,4668.0,65.6
11623,402.0,4824.0,65.8
11624,399.0,4788.0,65.7
11625,396.0,4752.0,65.6
11626,396.0,4752.0,65.6
11627,381.0,4572.0,65.7
11628,367.0,4404.0,65.7
11629,361.0,4332.0,65.3
11630,363.0,4356.0,65.2
11631,367.0,4404.0,65.1
11632,366.0,4392.0,65.1
11633,368.0,4416.0,64.8
11634,367.0,4404.0,64.8
11635,367.0,4404.0,64.8
11636,373.0,4476.0,64.7
11637,365.0,4380.0,64.2
11638,361.0,4332.0,64.2
11639,352.0,4224.0,64.2
11640,346.0,4152.0,64.1
11641,340.0,4080.0,64.3
11642,350.0,4200.0,64.3
11643,350.0,4200.0,63.9
11644,349.0,4188.0,64.0
11645,352.0,4224.0,64.1
11646,355.0,4260.0,64.2
11647,358.0,4296.0,63.7
11648,361.0,4332.0,64.1
11649,362.0,4344.0,64.0
11650,359.0,4308.0,64.0
11651,353.0,4236.0,63.4
11652,347.0,4164.0,64.1
11653,353.0,4236.0,64.2
11654,365.0,4380.0,64.0
11655,361.0,4332.0,63.9
11656,355.0,4260.0,64.4
11657,353.0,4236.0,64.5
11658,353.0,4236.0,63.8
11659,358.0,4296.0,64.4
11660,358.0,4296.0,64.4
11661,363.0,4356.0,63.8
11662,363.0,4356.0,64.0
11663,360.0,4320.0,64.3
11664,368.0,4416.0,64.2
11665,370.0,4440.0,64.2
11666,373.0,4476.0,64.0
11667,379.0,4548.0,64.2
11668,375.0,4500.0,64.2
11669,376.0,4512.0,64.9
11670,375.0,4500.0,64.5
11671,375.0,4500.0,64.4
11672,384.0,4608.0,64.1
11673,379.0,4548.0,64.3
11674,376.0,4512.0,64.1
11675,381.0,4572.0,64.2
11676,376.0,4512.0,64.3
11677,379.0,4548.0,64.1
11678,381.0,4572.0,64.1
11679,391.0,4692.0,64.4
11680,391.0,4692.0,64.8
11681,399.0,4788.0,64.5
11682,391.0,4692.0,64.4
11683,396.0,4752.0,64.6
11684,402.0,4824.0,64.2
11685,411.0,4932.0,64.3
11686,407.0,4884.0,64.5
11687,406.0,4872.0,64.5
11688,402.0,4824.0,64.5
11689,404.0,4848.0,64.2
11690,414.0,4968.0,64.6
11691,419.0,5028.0,64.6
11692,424.0,5088.0,64.5
11693,428.0,5136.0,64.5
11694,434.0,5208.0,64.4
11695,430.0,5160.0,64.6
11696,442.0,5304.0,64.6
11697,466.0,5592.0,64.6
11698,452.0,5424.0,64.6
11699,448.0,5376.0,64.5
11700,467.0,5604.0,63.7
11701,448.0,5376.0,64.1
11702,449.0,5388.0,64.0
11703,462.0,5544.0,63.8
11704,460.0,5520.0,64.0
11705,466.0,5592.0,63.8
11706,481.0,5772.0,63.7
11707,455.0,5460.0,64.1
11708,448.0,5376.0,64.4
11709,454.0,5448.0,62.6
11710,455.0,5460.0,61.1
11711,462.0,5544.0,61.1
11712,467.0,5604.0,61.3
11713,460.0,5520.0,62.2
11714,484.0,5808.0,62.6
11715,463.0,5556.0,62.8
11716,448.0,5376.0,62.6
11717,460.0,5520.0,61.3
11718,468.0,5616.0,61.9
11719,478.0,5736.0,62.5
11720,462.0,5544.0,63.8
11721,451.0,5412.0,62.4
11722,449.0,5388.0,62.9
11723,443.0,5316.0,63.1
11724,434.0,5208.0,63.6
11725,449.0,5388.0,62.8
11726,463.0,5556.0,62.5
11727,462.0,5544.0,62.7
11728,462.0,5544.0,62.7
11729,454.0,5448.0,63.0
11730,448.0,5376.0,63.7
11731,466.0,5592.0,64.4
11732,463.0,5556.0,64.6
11733,433.0,5196.0,64.9
11734,426.0,5112.0,65.0
11735,452.0,5424.0,66.4
11736,437.0,5244.0,66.9
11737,422.0,5064.0,67.4
11738,436.0,5232.0,67.5
11739,424.0,5088.0,67.7
11740,408.0,4896.0,67.8
11741,424.0,5088.0,68.1
11742,419.0,5028.0,68.1
11743,393.0,4716.0,68.3
11744,368.0,4416.0,68.2
11745,373.0,4476.0,68.2
11746,360.0,4320.0,68.6
11747,340.0,4080.0,68.5
11748,324.0,3888.0,68.6
11749,343.0,4116.0,68.8
11750,343.0,4116.0,68.8
11751,353.0,4236.0,69.0
11752,339.0,4068.0,68.8
11753,343.0,4116.0,68.9
11754,335.0,4020.0,68.8
11755,308.0,3696.0,68.7
11756,306.0,3672.0,68.5
11757,301.0,3612.0,68.5
11758,305.0,3660.0,68.4
11759,312.0,3744.0,68.3
11760,286.0,3432.0,68.5
11761,296.0,3552.0,68.4
11762,299.0,3588.0,68.7
11763,316.0,3792.0,68.7
11764,279.0,3348.0,68.6
11765,280.0,3360.0,68.6
11766,291.0,3492.0,68.5
11767,292.0,3504.0,68.4
11768,265.0,3180.0,68.9
11769,270.0,3240.0,68.8
11770,272.0,3264.0,68.7
11771,274.0,3288.0,68.9
11772,276.0,3312.0,69.4
11773,257.0,3084.0,70.0
11774,257.0,3084.0,70.2
11775,259.0,3108.0,69.8
11776,254.0,3048.0,70.2
11777,265.0,3180.0,70.1
11778,249.0,2988.0,70.0
11779,247.0,2964.0,70.1
11780,242.0,2904.0,69.9
11781,242.0,2904.0,70.1
11782,249.0,2988.0,70.1
11783,227.0,2724.0,70.1
11784,225.0,2700.0,70.2
11785,206.0,2472.0,70.0
11786,218.0,2616.0,70.1
11787,218.0,2616.0,70.4
11788,203.0,2436.0,70.2
11789,203.0,2436.0,69.9
11790,184.0,2208.0,69.9
11791,194.0,2328.0,69.9
11792,186.0,2232.0,69.9
11793,180.0,2160.0,70.0
11794,168.0,2016.0,69.9
11795,163.0,1956.0,69.7
11796,158.0,1896.0,69.9
11797,142.0,1704.0,70.8
11798,160.0,1920.0,70.0
11799,165.0,1980.0,70.0
11800,146.0,1752.0,69.7
11801,146.0,1752.0,69.3
11802,134.0,1608.0,69.5
11803,134.0,1608.0,69.3
11804,136.0,1632.0,69.0
11805,129.0,1548.0,69.4
11806,117.0,1404.0,69.1
11807,119.0,1428.0,69.0
11808,108.0,1296.0,70.9
11809,109.0,1308.0,70.4
11810,111.0,1332.0,70.3
11811,113.0,1356.0,70.3
11812,98.0,1176.0,69.4
11813,85.0,1020.0,69.6
11814,95.0,1140.0,69.3
11815,81.0,972.0,69.0
11816,82.0,984.0,69.4
11817,79.0,948.0,69.0
11818,74.0,888.0,69.2
11819,75.0,900.0,69.0
11820,67.0,804.0,69.3
11821,67.0,804.0,69.1
11822,75.0,900.0,69.4
11823,64.0,768.0,69.5
11824,72.0,864.0,69.2
11825,67.0,804.0,69.6
11826,62.0,744.0,69.2
11827,62.0,744.0,69.0
11828,72.0,864.0,68.9
11829,72.0,864.0,68.9
11830,70.0,840.0,69.3
11831,60.0,720.0,68.9
11832,59.0,708.0,69.0
11833,55.0,660.0,69.5
11834,64.0,768.0,69.5
11835,70.0,840.0,69.9
11836,56.0,672.0,69.4
11837,60.0,720.0,69.0
11838,55.0,660.0,69.0
11839,53.0,636.0,68.9
11840,60.0,720.0,69.0
11841,57.0,684.0,68.9
11842,60.0,720.0,68.6
11843,55.0,660.0,68.4
11844,52.0,624.0,68.5
11845,55.0,660.0,68.6
11846,59.0,708.0,69.0
11847,60.0,720.0,68.9
11848,62.0,744.0,69.2
11849,64.0,768.0,68.9
11850,67.0,804.0,69.0
11851,74.0,888.0,69.1
11852,77.0,924.0,69.3
11853,85.0,1020.0,69.3
11854,84.0,1008.0,69.4
11855,81.0,972.0,69.6
11856,85.0,1020.0,69.2
11857,88.0,1056.0,69.0
11858,98.0,1176.0,69.1
11859,101.0,1212.0,69.0
11860,119.0,1428.0,69.4
11861,126.0,1512.0,69.5
11862,138.0,1656.0,69.5
11863,163.0,1956.0,69.5
11864,172.0,2064.0,70.1
11865,178.0,2136.0,70.2
11866,184.0,2208.0,70.3
11867,190.0,2280.0,70.2
11868,183.0,2196.0,70.2
11869,201.0,2412.0,70.1
11870,227.0,2724.0,69.9
11871,259.0,3108.0,70.0
11872,267.0,3204.0,70.0
11873,277.0,3324.0,69.9
11874,301.0,3612.0,70.0
11875,324.0,3888.0,70.4
11876,335.0,4020.0,70.3
11877,346.0,4152.0,70.5
11878,343.0,4116.0,71.2
11879,332.0,3984.0,70.7
11880,327.0,3924.0,68.6
11881,329.0,3948.0,67.2
11882,352.0,4224.0,66.7
11883,367.0,4404.0,66.5
11884,389.0,4668.0,66.5
11885,381.0,4572.0,66.3
11886,382.0,4584.0,66.3
11887,400.0,4800.0,66.3
11888,375.0,4500.0,66.4
11889,312.0,3744.0,66.3
11890,379.0,4548.0,66.5
11891,339.0,4068.0,66.6
11892,387.0,4644.0,66.5
11893,355.0,4260.0,66.7
11894,427.0,5124.0,66.5
11895,385.0,4620.0,66.7
11896,424.0,5088.0,66.6
11897,385.0,4620.0,66.6
11898,420.0,5040.0,66.5
11899,393.0,4716.0,66.3
11900,422.0,5064.0,66.3
11901,429.0,5148.0,66.0
11902,434.0,5208.0,66.1
11903,425.0,5100.0,66.2
11904,402.0,4824.0,66.1
11905,396.0,4752.0,65.9
11906,399.0,4788.0,65.8
11907,406.0,4872.0,65.8
11908,402.0,4824.0,65.8
11909,396.0,4752.0,65.7
11910,391.0,4692.0,65.7
11911,391.0,4692.0,65.7
11912,393.0,4716.0,65.7
11913,399.0,4788.0,65.2
11914,402.0,4824.0,65.2
11915,382.0,4584.0,65.4
11916,369.0,4428.0,65.1
11917,367.0,4404.0,65.1
11918,370.0,4440.0,64.8
11919,373.0,4476.0,64.7
11920,373.0,4476.0,64.4
11921,370.0,4440.0,64.4
11922,366.0,4392.0,64.5
11923,366.0,4392.0,64.7
11924,368.0,4416.0,64.7
11925,373.0,4476.0,64.4
11926,370.0,4440.0,64.5
11927,366.0,4392.0,64.3
11928,358.0,4296.0,64.3
11929,355.0,4260.0,63.9
11930,359.0,4308.0,64.0
11931,365.0,4380.0,63.9
11932,363.0,4356.0,63.9
11933,365.0,4380.0,63.9
11934,365.0,4380.0,63.9
11935,365.0,4380.0,63.9
11936,369.0,4428.0,64.0
11937,369.0,4428.0,63.9
11938,368.0,4416.0,64.0
11939,363.0,4356.0,64.2
11940,359.0,4308.0,64.3
11941,362.0,4344.0,63.9
11942,366.0,4392.0,63.8
11943,373.0,4476.0,63.8
11944,369.0,4428.0,64.0
11945,376.0,4512.0,63.9
11946,376.0,4512.0,63.9
11947,375.0,4500.0,63.9
11948,379.0,4548.0,64.1
11949,378.0,4536.0,64.3
11950,382.0,4584.0,64.0
11951,378.0,4536.0,64.0
11952,370.0,4440.0,64.5
11953,379.0,4548.0,64.5
11954,376.0,4512.0,64.0
11955,381.0,4572.0,64.2
11956,385.0,4620.0,64.2
11957,382.0,4584.0,65.0
11958,381.0,4572.0,65.0
11959,391.0,4692.0,64.9
11960,387.0,4644.0,64.9
11961,391.0,4692.0,64.2
11962,389.0,4668.0,64.4
11963,379.0,4548.0,64.6
11964,384.0,4608.0,64.1
11965,385.0,4620.0,64.9
11966,387.0,4644.0,65.1
11967,393.0,4716.0,64.5
11968,400.0,4800.0,64.2
11969,391.0,4692.0,63.8
11970,391.0,4692.0,63.9
11971,399.0,4788.0,64.2
11972,407.0,4884.0,64.2
11973,416.0,4992.0,64.3
11974,407.0,4884.0,64.1
11975,411.0,4932.0,63.9
11976,408.0,4896.0,63.5
11977,410.0,4920.0,63.7
11978,422.0,5064.0,63.6
11979,427.0,5124.0,63.8
11980,442.0,5304.0,63.8
11981,429.0,5148.0,64.0
11982,429.0,5148.0,63.8
11983,433.0,5196.0,63.9
11984,442.0,5304.0,63.8
11985,462.0,5544.0,63.3
11986,460.0,5520.0,62.8
11987,469.0,5628.0,62.7
11988,471.0,5652.0,62.0
11989,452.0,5424.0,61.6
11990,483.0,5796.0,60.9
11991,468.0,5616.0,60.9
11992,462.0,5544.0,60.6
11993,469.0,5628.0,60.4
11994,440.0,5280.0,60.0
11995,474.0,5688.0,60.0
11996,473.0,5676.0,60.0
11997,460.0,5520.0,59.2
11998,445.0,5340.0,57.6
11999,448.0,5376.0,58.0
12000,458.0,5496.0,56.2
12001,449.0,5388.0,57.5
12002,454.0,5448.0,58.9
12003,454.0,5448.0,58.3
12004,467.0,5604.0,58.6
12005,451.0,5412.0,59.1
12006,460.0,5520.0,59.1
12007,445.0,5340.0,59.2
12008,455.0,5460.0,59.5
12009,460.0,5520.0,59.9
12010,454.0,5448.0,59.8
12011,460.0,5520.0,59.1
12012,445.0,5340.0,59.4
12013,445.0,5340.0,59.8
12014,460.0,5520.0,59.6
12015,460.0,5520.0,58.8
12016,452.0,5424.0,58.5
12017,448.0,5376.0,57.2
12018,456.0,5472.0,59.1
12019,445.0,5340.0,59.2
12020,445.0,5340.0,59.5
12021,467.0,5604.0,59.8
12022,454.0,5448.0,60.5
12023,425.0,5100.0,61.3
12024,428.0,5136.0,62.7
12025,436.0,5232.0,65.3
12026,458.0,5496.0,66.1
12027,434.0,5208.0,66.7
12028,410.0,4920.0,67.1
12029,422.0,5064.0,67.4
12030,429.0,5148.0,67.8
12031,419.0,5028.0,68.1
12032,400.0,4800.0,68.0
12033,411.0,4932.0,68.2
12034,422.0,5064.0,68.4
12035,391.0,4692.0,68.7
12036,363.0,4356.0,68.8
12037,385.0,4620.0,69.1
12038,352.0,4224.0,68.9
12039,370.0,4440.0,69.0
12040,350.0,4200.0,69.1
12041,352.0,4224.0,68.9
12042,346.0,4152.0,68.7
12043,350.0,4200.0,68.4
12044,314.0,3768.0,68.4
12045,333.0,3996.0,68.3
12046,343.0,4116.0,68.2
12047,318.0,3816.0,68.1
12048,340.0,4080.0,68.4
12049,322.0,3864.0,68.3
12050,324.0,3888.0,68.4
12051,339.0,4068.0,68.6
12052,332.0,3984.0,68.3
12053,333.0,3996.0,68.6
12054,324.0,3888.0,68.4
12055,312.0,3744.0,68.7
12056,316.0,3792.0,68.6
12057,305.0,3660.0,69.2
12058,294.0,3528.0,69.3
12059,277.0,3324.0,68.9
12060,276.0,3312.0,69.7
12061,285.0,3420.0,69.8
12062,280.0,3360.0,69.8
12063,298.0,3576.0,70.1
12064,299.0,3588.0,70.2
12065,283.0,3396.0,69.9
12066,296.0,3552.0,69.6
12067,280.0,3360.0,70.3
12068,267.0,3204.0,70.3
12069,254.0,3048.0,70.2
12070,261.0,3132.0,70.3
12071,259.0,3108.0,70.4
12072,238.0,2856.0,70.1
12073,238.0,2856.0,70.6
12074,247.0,2964.0,70.7
12075,233.0,2796.0,70.3
12076,233.0,2796.0,70.2
12077,228.0,2736.0,70.0
12078,221.0,2652.0,70.3
12079,219.0,2628.0,70.4
12080,216.0,2592.0,70.0
12081,194.0,2328.0,70.4
12082,193.0,2316.0,69.9
12083,177.0,2124.0,70.2
12084,175.0,2100.0,69.8
12085,167.0,2004.0,70.2
12086,175.0,2100.0,70.0
12087,163.0,1956.0,70.4
12088,163.0,1956.0,70.1
12089,157.0,1884.0,70.1
12090,152.0,1824.0,70.0
12091,139.0,1668.0,69.7
12092,151.0,1812.0,69.9
12093,146.0,1752.0,69.8
12094,134.0,1608.0,70.0
12095,119.0,1428.0,69.8
12096,119.0,1428.0,71.1
12097,126.0,1512.0,70.4
12098,125.0,1500.0,70.6
12099,119.0,1428.0,70.0
12100,111.0,1332.0,69.7
12101,96.0,1152.0,69.4
12102,93.0,1116.0,69.5
12103,97.0,1164.0,69.6
12104,96.0,1152.0,69.2
12105,88.0,1056.0,69.3
12106,84.0,1008.0,69.1
12107,77.0,924.0,69.7
12108,79.0,948.0,69.8
12109,85.0,1020.0,69.8
12110,75.0,900.0,69.3
12111,84.0,1008.0,70.0
12112,75.0,900.0,70.0
12113,77.0,924.0,69.4
12114,72.0,864.0,69.1
12115,74.0,888.0,69.4
12116,77.0,924.0,69.5
12117,72.0,864.0,69.4
12118,67.0,804.0,69.0
12119,64.0,768.0,69.0
12120,67.0,804.0,69.3
12121,64.0,768.0,69.5
12122,64.0,768.0,69.4
12123,64.0,768.0,69.8
12124,75.0,900.0,69.5
12125,67.0,804.0,69.2
12126,62.0,744.0,69.1
12127,67.0,804.0,69.3
12128,61.0,732.0,68.9
12129,61.0,732.0,69.0
12130,62.0,744.0,69.1
12131,57.0,684.0,68.9
12132,56.0,672.0,68.8
12133,64.0,768.0,68.5
12134,61.0,732.0,68.8
12135,79.0,948.0,68.9
12136,70.0,840.0,69.6
12137,67.0,804.0,69.5
12138,70.0,840.0,69.3
12139,74.0,888.0,69.2
12140,82.0,984.0,69.1
12141,85.0,1020.0,69.5
12142,82.0,984.0,69.6
12143,82.0,984.0,69.4
12144,85.0,1020.0,69.2
12145,88.0,1056.0,69.3
12146,101.0,1212.0,69.2
12147,111.0,1332.0,69.4
12148,120.0,1440.0,69.5
12149,136.0,1632.0,69.5
12150,144.0,1728.0,70.0
12151,165.0,1980.0,69.7
12152,167.0,2004.0,69.8
12153,190.0,2280.0,70.5
12154,188.0,2256.0,70.3
12155,186.0,2232.0,70.3
12156,187.0,2244.0,70.0
12157,193.0,2316.0,70.1
12158,224.0,2688.0,70.2
12159,239.0,2868.0,70.1
12160,253.0,3036.0,70.2
12161,272.0,3264.0,70.2
12162,285.0,3420.0,70.5
12163,303.0,3636.0,70.1
12164,321.0,3852.0,70.1
12165,337.0,4044.0,70.4
12166,327.0,3924.0,70.5
12167,306.0,3672.0,70.4
12168,308.0,3696.0,67.8
12169,318.0,3816.0,66.5
12170,332.0,3984.0,66.2
12171,353.0,4236.0,66.0
12172,368.0,4416.0,65.7
12173,373.0,4476.0,65.9
12174,385.0,4620.0,66.0
12175,388.0,4656.0,66.0
12176,391.0,4692.0,65.7
12177,416.0,4992.0,65.8
12178,402.0,4824.0,65.8
12179,385.0,4620.0,65.8
12180,378.0,4536.0,66.1
12181,385.0,4620.0,65.7
12182,402.0,4824.0,65.6
12183,411.0,4932.0,66.3
12184,410.0,4920.0,65.8
12185,420.0,5040.0,65.8
12186,428.0,5136.0,65.7
12187,428.0,5136.0,65.7
12188,432.0,5184.0,65.4
12189,428.0,5136.0,65.6
12190,416.0,4992.0,65.5
12191,408.0,4896.0,65.3
12192,391.0,4692.0,65.0
12193,384.0,4608.0,65.4
12194,384.0,4608.0,65.2
12195,391.0,4692.0,65.2
12196,384.0,4608.0,65.4
12197,382.0,4584.0,65.2
12198,379.0,4548.0,65.2
12199,381.0,4572.0,65.1
12200,388.0,4656.0,65.0
12201,389.0,4668.0,64.9
12202,384.0,4608.0,64.8
12203,379.0,4548.0,64.9
12204,365.0,4380.0,64.6
12205,361.0,4332.0,64.5
12206,359.0,4308.0,64.0
12207,363.0,4356.0,63.8
12208,368.0,4416.0,63.9
12209,370.0,4440.0,63.8
12210,373.0,4476.0,63.9
12211,376.0,4512.0,63.8
12212,381.0,4572.0,63.8
12213,384.0,4608.0,63.6
12214,378.0,4536.0,63.6
12215,370.0,4440.0,63.5
12216,366.0,4392.0,63.5
12217,369.0,4428.0,63.5
12218,376.0,4512.0,63.4
12219,384.0,4608.0,63.1
12220,382.0,4584.0,63.4
12221,381.0,4572.0,63.2
12222,376.0,4512.0,63.3
12223,381.0,4572.0,63.2
12224,391.0,4692.0,63.1
12225,391.0,4692.0,62.7
12226,391.0,4692.0,62.9
12227,385.0,4620.0,62.5
12228,385.0,4620.0,62.7
12229,388.0,4656.0,62.7
12230,402.0,4824.0,62.7
12231,391.0,4692.0,62.6
12232,411.0,4932.0,62.4
12233,419.0,5028.0,62.4
12234,395.0,4740.0,62.5
12235,396.0,4752.0,62.1
12236,399.0,4788.0,62.2
12237,393.0,4716.0,62.2
12238,402.0,4824.0,62.3
12239,395.0,4740.0,62.2
12240,402.0,4824.0,62.6
12241,396.0,4752.0,62.8
12242,402.0,4824.0,62.8
12243,407.0,4884.0,62.6
12244,406.0,4872.0,62.6
12245,408.0,4896.0,62.4
12246,402.0,4824.0,62.7
12247,402.0,4824.0,62.6
12248,411.0,4932.0,62.1
12249,408.0,4896.0,61.3
12250,410.0,4920.0,60.8
12251,402.0,4824.0,61.2
12252,404.0,4848.0,61.4
12253,402.0,4824.0,61.0
12254,410.0,4920.0,61.3
12255,419.0,5028.0,61.3
12256,419.0,5028.0,61.2
12257,414.0,4968.0,61.4
12258,414.0,4968.0,61.4
12259,422.0,5064.0,61.3
12260,425.0,5100.0,61.6
12261,425.0,5100.0,61.0
12262,426.0,5112.0,61.2
12263,424.0,5088.0,60.9
12264,416.0,4992.0,60.4
12265,422.0,5064.0,60.0
12266,426.0,5112.0,60.0
12267,427.0,5124.0,59.6
12268,427.0,5124.0,59.2
12269,428.0,5136.0,58.7
12270,428.0,5136.0,58.7
12271,425.0,5100.0,57.8
12272,430.0,5160.0,58.3
12273,436.0,5232.0,57.5
12274,434.0,5208.0,53.9
12275,432.0,5184.0,55.2
12276,428.0,5136.0,55.1
12277,432.0,5184.0,54.4
12278,434.0,5208.0,55.0
12279,437.0,5244.0,54.5
12280,433.0,5196.0,54.6
12281,432.0,5184.0,54.4
12282,429.0,5148.0,52.0
12283,427.0,5124.0,54.6
12284,436.0,5232.0,51.5
12285,434.0,5208.0,49.0
12286,432.0,5184.0,50.6
12287,424.0,5088.0,52.5
12288,422.0,5064.0,54.7
12289,429.0,5148.0,54.2
12290,430.0,5160.0,54.5
12291,433.0,5196.0,55.2
12292,430.0,5160.0,56.7
12293,429.0,5148.0,57.2
12294,416.0,4992.0,57.4
12295,429.0,5148.0,57.7
12296,430.0,5160.0,57.9
12297,434.0,5208.0,58.2
12298,432.0,5184.0,58.4
12299,424.0,5088.0,58.6
12300,419.0,5028.0,58.9
12301,426.0,5112.0,59.1
12302,437.0,5244.0,59.3
12303,443.0,5316.0,59.6
12304,440.0,5280.0,59.4
12305,430.0,5160.0,59.0
12306,426.0,5112.0,59.1
12307,414.0,4968.0,59.2
12308,414.0,4968.0,59.5
12309,413.0,4956.0,60.0
12310,419.0,5028.0,60.0
12311,396.0,4752.0,60.1
12312,410.0,4920.0,61.2
12313,406.0,4872.0,63.0
12314,417.0,5004.0,65.3
12315,410.0,4920.0,66.2
12316,400.0,4800.0,67.0
12317,411.0,4932.0,67.3
12318,385.0,4620.0,67.4
12319,400.0,4800.0,67.6
12320,411.0,4932.0,67.4
12321,404.0,4848.0,67.8
12322,385.0,4620.0,68.2
12323,381.0,4572.0,68.1
12324,393.0,4716.0,68.5
12325,402.0,4824.0,68.5
12326,396.0,4752.0,68.2
12327,396.0,4752.0,68.6
12328,393.0,4716.0,68.4
12329,376.0,4512.0,68.5
12330,367.0,4404.0,68.3
12331,369.0,4428.0,68.2
12332,358.0,4296.0,68.1
12333,373.0,4476.0,67.7
12334,359.0,4308.0,67.8
12335,352.0,4224.0,67.7
12336,359.0,4308.0,67.8
12337,368.0,4416.0,67.8
12338,373.0,4476.0,68.0
12339,335.0,4020.0,68.0
12340,360.0,4320.0,68.0
12341,369.0,4428.0,68.0
12342,352.0,4224.0,68.1
12343,344.0,4128.0,68.2
12344,347.0,4164.0,68.3
12345,318.0,3816.0,68.4
12346,332.0,3984.0,68.5
12347,333.0,3996.0,68.7
12348,314.0,3768.0,68.8
12349,324.0,3888.0,68.9
12350,350.0,4200.0,69.1
12351,332.0,3984.0,69.3
12352,326.0,3912.0,69.9
12353,308.0,3696.0,69.6
12354,306.0,3672.0,69.6
12355,300.0,3600.0,69.6
12356,302.0,3624.0,70.0
12357,306.0,3672.0,70.0
12358,318.0,3816.0,70.1
12359,283.0,3396.0,70.4
12360,272.0,3264.0,70.3
12361,286.0,3432.0,70.4
12362,296.0,3552.0,70.4
12363,291.0,3492.0,69.9
12364,270.0,3240.0,70.0
12365,267.0,3204.0,69.8
12366,259.0,3108.0,70.0
12367,259.0,3108.0,70.1
12368,228.0,2736.0,70.3
12369,239.0,2868.0,70.4
12370,232.0,2784.0,70.5
12371,227.0,2724.0,70.5
12372,210.0,2520.0,70.4
12373,219.0,2628.0,70.1
12374,206.0,2472.0,70.5
12375,204.0,2448.0,69.9
12376,198.0,2376.0,69.9
12377,200.0,2400.0,70.2
12378,201.0,2412.0,70.0
12379,180.0,2160.0,70.1
12380,186.0,2232.0,70.4
12381,192.0,2304.0,70.2
12382,178.0,2136.0,70.3
12383,178.0,2136.0,70.3
12384,165.0,1980.0,70.6
12385,164.0,1968.0,70.2
12386,157.0,1884.0,70.4
12387,171.0,2052.0,70.1
12388,147.0,1764.0,69.7
12389,144.0,1728.0,69.7
12390,131.0,1572.0,69.8
12391,126.0,1512.0,69.8
12392,128.0,1536.0,69.6
12393,123.0,1476.0,70.2
12394,116.0,1392.0,69.9
12395,111.0,1332.0,70.1
12396,113.0,1356.0,70.4
12397,111.0,1332.0,70.1
12398,111.0,1332.0,70.1
12399,108.0,1296.0,69.9
12400,98.0,1176.0,69.9
12401,100.0,1200.0,70.4
12402,95.0,1140.0,70.1
12403,95.0,1140.0,70.0
12404,93.0,1116.0,69.9
12405,90.0,1080.0,69.9
12406,90.0,1080.0,70.4
12407,90.0,1080.0,70.0
12408,93.0,1116.0,70.4
12409,88.0,1056.0,70.4
12410,78.0,936.0,70.3
12411,87.0,1044.0,69.9
12412,85.0,1020.0,69.9
12413,75.0,900.0,70.4
12414,78.0,936.0,70.2
12415,75.0,900.0,69.5
12416,81.0,972.0,69.8
12417,74.0,888.0,69.5
12418,70.0,840.0,69.7
12419,72.0,864.0,69.5
12420,70.0,840.0,69.9
12421,70.0,840.0,69.9
12422,67.0,804.0,69.8
12423,72.0,864.0,69.5
12424,75.0,900.0,69.7
12425,75.0,900.0,69.6
12426,67.0,804.0,69.6
12427,67.0,804.0,69.8
12428,64.0,768.0,69.7
12429,67.0,804.0,69.6
12430,82.0,984.0,69.7
12431,70.0,840.0,69.6
12432,67.0,804.0,69.7
12433,67.0,804.0,69.5
12434,72.0,864.0,69.4
12435,72.0,864.0,69.2
12436,70.0,840.0,69.6
12437,75.0,900.0,69.6
12438,75.0,900.0,69.8
12439,82.0,984.0,69.8
12440,88.0,1056.0,70.0
12441,90.0,1080.0,70.0
12442,91.0,1092.0,69.9
12443,100.0,1200.0,69.7
12444,88.0,1056.0,69.7
12445,93.0,1116.0,69.9
12446,100.0,1200.0,69.6
12447,123.0,1476.0,69.6
12448,138.0,1656.0,69.6
12449,123.0,1476.0,69.9
12450,129.0,1548.0,69.7
12451,136.0,1632.0,69.9
12452,147.0,1764.0,69.9
12453,175.0,2100.0,70.3
12454,165.0,1980.0,70.3
12455,175.0,2100.0,70.4
12456,180.0,2160.0,69.5
12457,196.0,2352.0,69.1
12458,201.0,2412.0,68.8
12459,201.0,2412.0,68.7
12460,231.0,2772.0,69.0
12461,212.0,2544.0,68.8
12462,225.0,2700.0,69.0
12463,227.0,2724.0,69.1
12464,224.0,2688.0,69.4
12465,239.0,2868.0,69.4
12466,259.0,3108.0,69.8
12467,255.0,3060.0,69.5
12468,268.0,3216.0,68.9
12469,268.0,3216.0,68.0
12470,273.0,3276.0,67.7
12471,265.0,3180.0,67.3
12472,294.0,3528.0,67.4
12473,309.0,3708.0,67.3
12474,303.0,3636.0,67.5
12475,308.0,3696.0,67.5
12476,309.0,3708.0,67.7
12477,308.0,3696.0,67.6
12478,318.0,3816.0,67.4
12479,353.0,4236.0,67.4
12480,306.0,3672.0,67.2
12481,316.0,3792.0,67.3
12482,316.0,3792.0,67.2
12483,338.0,4056.0,66.8
12484,326.0,3912.0,67.1
12485,355.0,4260.0,67.4
12486,335.0,4020.0,67.3
12487,358.0,4296.0,67.2
12488,335.0,4020.0,67.4
12489,343.0,4116.0,67.2
12490,343.0,4116.0,67.0
12491,340.0,4080.0,67.5
12492,332.0,3984.0,67.6
12493,329.0,3948.0,67.2
12494,335.0,4020.0,67.1
12495,344.0,4128.0,66.9
12496,347.0,4164.0,67.0
12497,352.0,4224.0,66.8
12498,355.0,4260.0,66.9
12499,359.0,4308.0,67.0
12500,369.0,4428.0,66.4
12501,373.0,4476.0,66.5
12502,369.0,4428.0,66.6
12503,361.0,4332.0,66.6
12504,360.0,4320.0,66.7
12505,350.0,4200.0,66.6
12506,361.0,4332.0,66.5
12507,363.0,4356.0,66.4
12508,369.0,4428.0,66.5
12509,375.0,4500.0,66.4
12510,381.0,4572.0,66.3
12511,384.0,4608.0,66.2
12512,388.0,4656.0,66.0
12513,387.0,4644.0,66.1
12514,385.0,4620.0,66.1
12515,385.0,4620.0,66.0
12516,391.0,4692.0,65.7
12517,391.0,4692.0,66.1
12518,391.0,4692.0,66.2
12519,391.0,4692.0,66.3
12520,393.0,4716.0,66.3
12521,393.0,4716.0,66.7
12522,396.0,4752.0,66.6
12523,391.0,4692.0,66.5
12524,396.0,4752.0,66.4
12525,399.0,4788.0,66.5
12526,396.0,4752.0,66.5
12527,399.0,4788.0,66.5
12528,399.0,4788.0,66.7
12529,400.0,4800.0,66.7
12530,406.0,4872.0,66.8
12531,410.0,4920.0,66.2
12532,406.0,4872.0,66.2
12533,404.0,4848.0,66.3
12534,404.0,4848.0,66.3
12535,408.0,4896.0,66.4
12536,404.0,4848.0,65.8
12537,404.0,4848.0,66.5
12538,408.0,4896.0,66.4
12539,402.0,4824.0,66.5
12540,404.0,4848.0,66.7
12541,402.0,4824.0,66.7
12542,410.0,4920.0,66.9
12543,410.0,4920.0,66.4
12544,407.0,4884.0,66.7
12545,410.0,4920.0,66.9
12546,410.0,4920.0,66.9
12547,408.0,4896.0,66.8
12548,411.0,4932.0,66.8
12549,413.0,4956.0,66.7
12550,404.0,4848.0,66.9
12551,402.0,4824.0,66.7
12552,402.0,4824.0,66.8
12553,399.0,4788.0,67.0
12554,402.0,4824.0,67.1
12555,404.0,4848.0,66.8
12556,410.0,4920.0,67.0
12557,408.0,4896.0,67.0
12558,407.0,4884.0,67.0
12559,399.0,4788.0,67.2
12560,410.0,4920.0,67.1
12561,408.0,4896.0,67.2
12562,411.0,4932.0,67.2
12563,413.0,4956.0,66.9
12564,399.0,4788.0,67.1
12565,402.0,4824.0,67.2
12566,408.0,4896.0,67.3
12567,413.0,4956.0,67.2
12568,410.0,4920.0,67.0
12569,410.0,4920.0,67.2
12570,402.0,4824.0,67.3
12571,402.0,4824.0,67.4
12572,406.0,4872.0,67.3
12573,410.0,4920.0,67.3
12574,406.0,4872.0,67.7
12575,400.0,4800.0,67.4
12576,391.0,4692.0,67.4
12577,396.0,4752.0,67.4
12578,404.0,4848.0,67.4
12579,408.0,4896.0,67.5
12580,402.0,4824.0,67.6
12581,406.0,4872.0,67.6
12582,406.0,4872.0,67.9
12583,407.0,4884.0,67.8
12584,404.0,4848.0,67.9
12585,408.0,4896.0,67.6
12586,416.0,4992.0,67.6
12587,391.0,4692.0,67.7
12588,393.0,4716.0,67.8
12589,393.0,4716.0,67.8
12590,396.0,4752.0,67.7
12591,393.0,4716.0,67.8
12592,402.0,4824.0,68.3
12593,393.0,4716.0,68.1
12594,391.0,4692.0,68.0
12595,389.0,4668.0,68.0
12596,385.0,4620.0,68.1
12597,385.0,4620.0,68.3
12598,381.0,4572.0,68.3
12599,375.0,4500.0,68.5
12600,370.0,4440.0,68.2
12601,370.0,4440.0,68.3
12602,373.0,4476.0,68.4
12603,370.0,4440.0,68.6
12604,381.0,4572.0,68.6
12605,382.0,4584.0,68.9
12606,363.0,4356.0,68.7
12607,360.0,4320.0,68.8
12608,358.0,4296.0,69.0
12609,350.0,4200.0,68.8
12610,340.0,4080.0,68.6
12611,338.0,4056.0,68.8
12612,352.0,4224.0,68.8
12613,333.0,3996.0,68.8
12614,333.0,3996.0,68.9
12615,332.0,3984.0,69.2
12616,335.0,4020.0,69.0
12617,324.0,3888.0,68.8
12618,314.0,3768.0,68.9
12619,316.0,3792.0,68.8
12620,318.0,3816.0,68.4
12621,324.0,3888.0,68.2
12622,312.0,3744.0,68.1
12623,305.0,3660.0,67.7
12624,305.0,3660.0,67.9
12625,303.0,3636.0,67.9
12626,303.0,3636.0,68.1
12627,308.0,3696.0,68.2
12628,305.0,3660.0,68.2
12629,298.0,3576.0,68.3
12630,288.0,3456.0,68.4
12631,294.0,3528.0,68.4
12632,303.0,3636.0,68.6
12633,294.0,3528.0,68.7
12634,280.0,3360.0,68.7
12635,296.0,3552.0,68.8
12636,291.0,3492.0,69.3
12637,294.0,3528.0,70.0
12638,274.0,3288.0,70.1
12639,292.0,3504.0,70.2
12640,294.0,3528.0,70.3
12641,306.0,3672.0,70.3
12642,292.0,3504.0,70.4
12643,274.0,3288.0,70.3
12644,280.0,3360.0,70.3
12645,268.0,3216.0,70.4
12646,271.0,3252.0,70.3
12647,294.0,3528.0,70.4
12648,262.0,3144.0,70.1
12649,262.0,3144.0,69.9
12650,265.0,3180.0,70.1
12651,257.0,3084.0,69.9
12652,254.0,3048.0,70.1
12653,276.0,3312.0,70.4
12654,273.0,3276.0,70.5
12655,250.0,3000.0,70.5
12656,249.0,2988.0,70.5
12657,235.0,2820.0,70.8
12658,250.0,3000.0,70.6
12659,247.0,2964.0,70.8
12660,239.0,2868.0,70.4
12661,228.0,2736.0,70.3
12662,218.0,2616.0,70.1
12663,219.0,2628.0,70.2
12664,228.0,2736.0,70.1
12665,193.0,2316.0,70.2
12666,194.0,2328.0,70.2
12667,186.0,2232.0,70.2
12668,186.0,2232.0,70.1
12669,175.0,2100.0,70.3
12670,184.0,2208.0,70.1
12671,178.0,2136.0,70.4
12672,157.0,1884.0,70.5
12673,167.0,2004.0,70.3
12674,160.0,1920.0,70.2
12675,151.0,1812.0,69.9
12676,157.0,1884.0,70.1
12677,147.0,1764.0,70.1
12678,129.0,1548.0,70.3
12679,134.0,1608.0,70.3
12680,131.0,1572.0,70.5
12681,119.0,1428.0,70.1
12682,116.0,1392.0,70.3
12683,115.0,1380.0,70.5
12684,108.0,1296.0,70.4
12685,101.0,1212.0,70.3
12686,105.0,1260.0,70.3
12687,105.0,1260.0,70.1
12688,97.0,1164.0,70.0
12689,93.0,1116.0,70.3
12690,85.0,1020.0,70.4
12691,85.0,1020.0,70.0
12692,82.0,984.0,70.4
12693,81.0,972.0,70.0
12694,82.0,984.0,70.4
12695,81.0,972.0,70.3
12696,78.0,936.0,70.4
12697,78.0,936.0,70.3
12698,77.0,924.0,70.3
12699,74.0,888.0,70.4
12700,72.0,864.0,70.3
12701,67.0,804.0,70.3
12702,64.0,768.0,70.4
12703,64.0,768.0,70.5
12704,62.0,744.0,70.4
12705,59.0,708.0,70.0
12706,57.0,684.0,70.1
12707,56.0,672.0,70.1
12708,52.0,624.0,70.4
12709,53.0,636.0,70.5
12710,52.0,624.0,70.4
12711,55.0,660.0,70.2
12712,52.0,624.0,70.3
12713,49.0,588.0,70.2
12714,48.0,576.0,70.5
12715,48.0,576.0,70.3
12716,47.0,564.0,70.2
12717,47.0,564.0,70.4
12718,44.0,528.0,70.2
12719,42.0,504.0,69.7
12720,44.0,528.0,70.0
12721,44.0,528.0,70.0
12722,44.0,528.0,70.1
12723,44.0,528.0,70.0
12724,44.0,528.0,70.1
12725,46.0,552.0,70.0
12726,46.0,552.0,69.9
12727,50.0,600.0,69.9
12728,52.0,624.0,70.2
12729,52.0,624.0,70.3
12730,50.0,600.0,70.1
12731,52.0,624.0,70.0
12732,49.0,588.0,70.0
12733,52.0,624.0,70.0
12734,53.0,636.0,70.2
12735,59.0,708.0,70.2
12736,60.0,720.0,70.0
12737,62.0,744.0,70.0
12738,64.0,768.0,69.8
12739,70.0,840.0,70.2
12740,75.0,900.0,70.0
12741,75.0,900.0,69.9
12742,75.0,900.0,70.0
12743,90.0,1080.0,70.1
12744,75.0,900.0,69.8
12745,82.0,984.0,70.0
12746,85.0,1020.0,69.9
12747,91.0,1092.0,70.1
12748,115.0,1380.0,70.1
12749,111.0,1332.0,70.1
12750,105.0,1260.0,70.3
12751,115.0,1380.0,70.6
12752,116.0,1392.0,70.6
12753,127.0,1524.0,70.6
12754,125.0,1500.0,70.7
12755,131.0,1572.0,70.8
12756,134.0,1608.0,70.4
12757,149.0,1788.0,70.5
12758,152.0,1824.0,70.4
12759,163.0,1956.0,70.3
12760,164.0,1968.0,70.2
12761,167.0,2004.0,70.5
12762,158.0,1896.0,70.6
12763,160.0,1920.0,70.5
12764,167.0,2004.0,70.7
12765,175.0,2100.0,70.5
12766,169.0,2028.0,70.7
12767,180.0,2160.0,70.7
12768,175.0,2100.0,70.1
12769,186.0,2232.0,69.8
12770,200.0,2400.0,69.6
12771,221.0,2652.0,70.1
12772,205.0,2460.0,70.0
12773,196.0,2352.0,70.0
12774,214.0,2568.0,69.8
12775,214.0,2568.0,69.9
12776,234.0,2808.0,69.8
12777,230.0,2760.0,69.8
12778,254.0,3048.0,69.6
12779,234.0,2808.0,69.7
12780,239.0,2868.0,69.2
12781,239.0,2868.0,69.3
12782,250.0,3000.0,69.1
12783,260.0,3120.0,69.3
12784,268.0,3216.0,69.0
12785,273.0,3276.0,69.0
12786,280.0,3360.0,69.0
12787,286.0,3432.0,69.0
12788,294.0,3528.0,68.9
12789,301.0,3612.0,68.8
12790,306.0,3672.0,68.8
12791,303.0,3636.0,69.1
12792,303.0,3636.0,68.5
12793,300.0,3600.0,68.5
12794,320.0,3840.0,68.3
12795,314.0,3768.0,68.3
12796,324.0,3888.0,68.2
12797,327.0,3924.0,68.1
12798,329.0,3948.0,68.0
12799,335.0,4020.0,68.2
12800,346.0,4152.0,68.1
12801,347.0,4164.0,68.1
12802,349.0,4188.0,68.1
12803,347.0,4164.0,68.2
12804,344.0,4128.0,68.1
12805,338.0,4056.0,67.8
12806,346.0,4152.0,67.7
12807,355.0,4260.0,67.8
12808,352.0,4224.0,67.5
12809,358.0,4296.0,67.7
12810,368.0,4416.0,67.5
12811,368.0,4416.0,67.5
12812,370.0,4440.0,67.3
12813,373.0,4476.0,67.3
12814,370.0,4440.0,67.3
12815,378.0,4536.0,67.1
12816,378.0,4536.0,67.1
12817,373.0,4476.0,67.3
12818,381.0,4572.0,67.2
12819,381.0,4572.0,67.3
12820,385.0,4620.0,66.9
12821,387.0,4644.0,66.7
12822,393.0,4716.0,67.0
12823,396.0,4752.0,66.6
12824,400.0,4800.0,66.6
12825,399.0,4788.0,66.6
12826,396.0,4752.0,66.5
12827,395.0,4740.0,66.8
12828,393.0,4716.0,66.8
12829,389.0,4668.0,66.8
12830,393.0,4716.0,66.7
12831,395.0,4740.0,66.7
12832,399.0,4788.0,66.4
12833,402.0,4824.0,66.3
12834,396.0,4752.0,66.1
12835,396.0,4752.0,66.3
12836,396.0,4752.0,66.3
12837,396.0,4752.0,65.9
12838,395.0,4740.0,66.4
12839,391.0,4692.0,66.1
12840,384.0,4608.0,66.3
12841,385.0,4620.0,66.4
12842,384.0,4608.0,66.5
12843,389.0,4668.0,66.6
12844,389.0,4668.0,66.7
12845,385.0,4620.0,66.7
12846,385.0,4620.0,66.5
12847,379.0,4548.0,66.6
12848,385.0,4620.0,66.7
12849,384.0,4608.0,66.8
12850,381.0,4572.0,66.7
12851,375.0,4500.0,66.9
12852,381.0,4572.0,67.0
12853,375.0,4500.0,66.9
12854,384.0,4608.0,66.7
12855,381.0,4572.0,67.0
12856,381.0,4572.0,66.6
12857,376.0,4512.0,66.7
12858,388.0,4656.0,66.7
12859,388.0,4656.0,66.7
12860,388.0,4656.0,66.7
12861,385.0,4620.0,67.2
12862,391.0,4692.0,67.0
12863,384.0,4608.0,66.8
12864,378.0,4536.0,67.0
12865,379.0,4548.0,66.9
12866,385.0,4620.0,67.2
12867,382.0,4584.0,67.3
12868,395.0,4740.0,66.8
12869,382.0,4584.0,66.8
12870,381.0,4572.0,66.9
12871,379.0,4548.0,67.2
12872,381.0,4572.0,67.1
12873,376.0,4512.0,67.1
12874,375.0,4500.0,67.2
12875,365.0,4380.0,67.5
12876,362.0,4344.0,67.4
12877,370.0,4440.0,67.5
12878,366.0,4392.0,67.6
12879,370.0,4440.0,67.5
12880,366.0,4392.0,68.1
12881,363.0,4356.0,68.0
12882,358.0,4296.0,68.3
12883,358.0,4296.0,68.2
12884,355.0,4260.0,68.0
12885,353.0,4236.0,67.9
12886,355.0,4260.0,68.1
12887,350.0,4200.0,68.3
12888,350.0,4200.0,68.1
12889,353.0,4236.0,68.2
12890,353.0,4236.0,68.2
12891,355.0,4260.0,68.0
12892,368.0,4416.0,67.7
12893,343.0,4116.0,68.1
12894,376.0,4512.0,68.0
12895,346.0,4152.0,67.9
12896,339.0,4068.0,67.9
12897,337.0,4044.0,67.8
12898,332.0,3984.0,67.8
12899,329.0,3948.0,67.9
12900,329.0,3948.0,67.7
12901,326.0,3912.0,67.7
12902,332.0,3984.0,67.5
12903,333.0,3996.0,67.3
12904,335.0,4020.0,67.3
12905,328.0,3936.0,67.1
12906,327.0,3924.0,66.8
12907,318.0,3816.0,66.6
12908,324.0,3888.0,66.3
12909,332.0,3984.0,66.1
12910,320.0,3840.0,65.9
12911,321.0,3852.0,65.8
12912,318.0,3816.0,65.4
12913,317.0,3804.0,65.7
12914,326.0,3912.0,65.9
12915,318.0,3816.0,65.6
12916,324.0,3888.0,66.0
12917,320.0,3840.0,65.5
12918,309.0,3708.0,65.5
12919,309.0,3708.0,65.7
12920,309.0,3708.0,65.5
12921,299.0,3588.0,66.1
12922,292.0,3504.0,66.0
12923,288.0,3456.0,66.2
12924,285.0,3420.0,68.1
12925,285.0,3420.0,68.9
12926,280.0,3360.0,69.5
12927,279.0,3348.0,69.8
12928,291.0,3492.0,70.1
12929,276.0,3312.0,70.0
12930,262.0,3144.0,70.3
12931,261.0,3132.0,70.3
12932,255.0,3060.0,70.3
12933,257.0,3084.0,70.4
12934,245.0,2940.0,70.5
12935,247.0,2964.0,70.7
12936,235.0,2820.0,70.4
12937,230.0,2760.0,70.3
12938,228.0,2736.0,70.4
12939,219.0,2628.0,70.3
12940,214.0,2568.0,70.2
12941,204.0,2448.0,70.4
12942,205.0,2460.0,70.2
12943,188.0,2256.0,70.2
12944,198.0,2376.0,70.4
12945,178.0,2136.0,70.1
12946,168.0,2016.0,70.4
12947,167.0,2004.0,70.5
12948,151.0,1812.0,70.5
12949,152.0,1824.0,70.2
12950,146.0,1752.0,70.4
12951,142.0,1704.0,70.3
12952,149.0,1788.0,70.1
12953,139.0,1668.0,70.4
12954,129.0,1548.0,70.4
12955,122.0,1464.0,70.3
12956,119.0,1428.0,70.6
12957,119.0,1428.0,70.2
12958,109.0,1308.0,69.7
12959,108.0,1296.0,70.0
12960,95.0,1140.0,71.3
12961,93.0,1116.0,70.6
12962,93.0,1116.0,70.4
12963,85.0,1020.0,70.6
12964,88.0,1056.0,70.2
12965,82.0,984.0,70.2
12966,77.0,924.0,70.4
12967,72.0,864.0,70.4
12968,67.0,804.0,70.1
12969,72.0,864.0,69.9
12970,64.0,768.0,69.7
12971,60.0,720.0,69.7
12972,59.0,708.0,70.2
12973,61.0,732.0,70.1
12974,62.0,744.0,70.3
12975,56.0,672.0,70.1
12976,55.0,660.0,70.1
12977,53.0,636.0,69.8
12978,49.0,588.0,69.6
12979,57.0,684.0,69.6
12980,48.0,576.0,69.6
12981,48.0,576.0,69.7
12982,50.0,600.0,69.4
12983,46.0,552.0,69.5
12984,48.0,576.0,69.6
12985,47.0,564.0,69.5
12986,46.0,552.0,69.5
12987,47.0,564.0,69.7
12988,46.0,552.0,69.5
12989,47.0,564.0,69.6
12990,46.0,552.0,69.5
12991,46.0,552.0,69.3
12992,47.0,564.0,69.5
12993,47.0,564.0,69.5
12994,46.0,552.0,69.4
12995,48.0,576.0,69.1
12996,48.0,576.0,69.5
12997,47.0,564.0,69.2
12998,52.0,624.0,69.3
12999,49.0,588.0,69.4
13000,55.0,660.0,69.3
13001,59.0,708.0,69.3
13002,61.0,732.0,69.4
13003,67.0,804.0,69.6
13004,74.0,888.0,69.8
13005,79.0,948.0,69.3
13006,75.0,900.0,69.5
13007,75.0,900.0,69.3
13008,77.0,924.0,69.4
13009,79.0,948.0,69.7
13010,90.0,1080.0,69.6
13011,98.0,1176.0,69.6
13012,115.0,1380.0,69.8
13013,119.0,1428.0,69.7
13014,134.0,1608.0,70.0
13015,152.0,1824.0,70.2
13016,162.0,1944.0,70.4
13017,180.0,2160.0,70.9
13018,169.0,2028.0,70.5
13019,169.0,2028.0,70.3
13020,184.0,2208.0,70.5
13021,195.0,2340.0,70.2
13022,210.0,2520.0,70.3
13023,239.0,2868.0,70.4
13024,253.0,3036.0,71.2
13025,254.0,3048.0,71.3
13026,294.0,3528.0,71.0
13027,303.0,3636.0,70.9
13028,322.0,3864.0,71.2
13029,335.0,4020.0,71.4
13030,327.0,3924.0,71.3
13031,309.0,3708.0,71.0
13032,305.0,3660.0,67.8
13033,311.0,3732.0,66.7
13034,332.0,3984.0,66.5
13035,352.0,4224.0,66.5
13036,365.0,4380.0,66.5
13037,343.0,4116.0,66.5
13038,332.0,3984.0,66.5
13039,322.0,3864.0,66.5
13040,321.0,3852.0,66.7
13041,370.0,4440.0,66.6
13042,343.0,4116.0,66.5
13043,358.0,4296.0,66.4
13044,329.0,3948.0,66.5
13045,353.0,4236.0,66.4
13046,355.0,4260.0,66.6
13047,343.0,4116.0,66.5
13048,369.0,4428.0,66.5
13049,384.0,4608.0,66.5
13050,332.0,3984.0,66.5
13051,404.0,4848.0,66.3
13052,417.0,5004.0,66.2
13053,393.0,4716.0,66.0
13054,368.0,4416.0,65.8
13055,417.0,5004.0,66.0
13056,388.0,4656.0,65.9
13057,379.0,4548.0,66.1
13058,400.0,4800.0,66.1
13059,399.0,4788.0,66.2
13060,391.0,4692.0,65.9
13061,391.0,4692.0,65.7
13062,391.0,4692.0,65.9
13063,393.0,4716.0,65.7
13064,395.0,4740.0,65.5
13065,396.0,4752.0,65.6
13066,388.0,4656.0,65.3
13067,376.0,4512.0,65.6
13068,363.0,4356.0,65.2
13069,358.0,4296.0,65.3
13070,360.0,4320.0,64.6
13071,370.0,4440.0,64.5
13072,365.0,4380.0,64.6
13073,370.0,4440.0,64.8
13074,362.0,4344.0,64.4
13075,368.0,4416.0,64.7
13076,373.0,4476.0,64.5
13077,370.0,4440.0,64.6
13078,367.0,4404.0,63.9
13079,362.0,4344.0,64.2
13080,358.0,4296.0,64.2
13081,353.0,4236.0,64.3
13082,362.0,4344.0,64.4
13083,362.0,4344.0,63.7
13084,366.0,4392.0,63.7
13085,369.0,4428.0,63.6
13086,366.0,4392.0,63.7
13087,373.0,4476.0,64.1
13088,375.0,4500.0,63.7
13089,373.0,4476.0,63.9
13090,367.0,4404.0,64.2
13091,365.0,4380.0,63.7
13092,361.0,4332.0,63.9
13093,368.0,4416.0,64.0
13094,381.0,4572.0,63.3
13095,373.0,4476.0,63.6
13096,376.0,4512.0,63.8
13097,370.0,4440.0,63.9
13098,376.0,4512.0,64.2
13099,373.0,4476.0,63.5
13100,378.0,4536.0,63.6
13101,376.0,4512.0,63.5
13102,376.0,4512.0,64.0
13103,373.0,4476.0,63.7
13104,373.0,4476.0,64.3
13105,373.0,4476.0,64.1
13106,382.0,4584.0,64.1
13107,381.0,4572.0,64.0
13108,379.0,4548.0,64.4
13109,379.0,4548.0,64.6
13110,381.0,4572.0,64.2
13111,391.0,4692.0,64.0
13112,393.0,4716.0,64.1
13113,391.0,4692.0,64.2
13114,385.0,4620.0,64.0
13115,387.0,4644.0,63.8
13116,376.0,4512.0,63.9
13117,388.0,4656.0,64.1
13118,385.0,4620.0,64.0
13119,396.0,4752.0,64.4
13120,399.0,4788.0,64.2
13121,400.0,4800.0,64.0
13122,395.0,4740.0,64.0
13123,399.0,4788.0,64.3
13124,404.0,4848.0,64.2
13125,404.0,4848.0,64.4
13126,399.0,4788.0,64.7
13127,399.0,4788.0,65.0
13128,399.0,4788.0,64.8
13129,402.0,4824.0,65.1
13130,414.0,4968.0,64.7
13131,419.0,5028.0,64.8
13132,420.0,5040.0,64.7
13133,440.0,5280.0,64.8
13134,424.0,5088.0,64.3
13135,429.0,5148.0,64.3
13136,437.0,5244.0,64.6
13137,457.0,5484.0,64.6
13138,455.0,5460.0,64.4
13139,462.0,5544.0,64.6
13140,490.0,5880.0,63.8
13141,457.0,5484.0,63.6
13142,460.0,5520.0,64.0
13143,458.0,5496.0,64.3
13144,471.0,5652.0,64.1
13145,469.0,5628.0,64.3
13146,460.0,5520.0,64.1
13147,444.0,5328.0,64.2
13148,451.0,5412.0,63.8
13149,462.0,5544.0,63.8
13150,452.0,5424.0,63.5
13151,457.0,5484.0,63.9
13152,460.0,5520.0,63.4
13153,458.0,5496.0,63.7
13154,452.0,5424.0,64.0
13155,452.0,5424.0,64.4
13156,440.0,5280.0,64.7
13157,437.0,5244.0,62.4
13158,427.0,5124.0,63.7
13159,429.0,5148.0,63.7
13160,445.0,5340.0,63.8
13161,455.0,5460.0,64.0
13162,448.0,5376.0,63.9
13163,437.0,5244.0,64.7
13164,442.0,5304.0,64.0
13165,454.0,5448.0,65.2
13166,474.0,5688.0,65.3
13167,468.0,5616.0,64.6
13168,463.0,5556.0,64.5
13169,448.0,5376.0,64.6
13170,460.0,5520.0,64.9
13171,479.0,5748.0,65.0
13172,473.0,5676.0,65.7
13173,458.0,5496.0,66.2
13174,449.0,5388.0,66.9
13175,452.0,5424.0,67.2
13176,437.0,5244.0,67.4
13177,416.0,4992.0,67.5
13178,422.0,5064.0,67.4
13179,414.0,4968.0,68.0
13180,414.0,4968.0,68.3
13181,419.0,5028.0,68.4
13182,411.0,4932.0,68.6
13183,358.0,4296.0,68.8
13184,352.0,4224.0,68.9
13185,335.0,4020.0,68.9
13186,361.0,4332.0,69.5
13187,341.0,4092.0,69.7
13188,318.0,3816.0,69.7
13189,332.0,3984.0,70.0
13190,335.0,4020.0,70.0
13191,341.0,4092.0,69.8
13192,317.0,3804.0,69.9
13193,309.0,3708.0,69.9
13194,309.0,3708.0,69.5
13195,299.0,3588.0,69.3
13196,288.0,3456.0,68.9
13197,303.0,3636.0,68.7
13198,277.0,3324.0,68.5
13199,285.0,3420.0,68.6
13200,268.0,3216.0,68.7
13201,262.0,3144.0,68.6
13202,276.0,3312.0,68.6
13203,262.0,3144.0,68.8
13204,280.0,3360.0,68.6
13205,272.0,3264.0,68.4
13206,255.0,3060.0,68.8
13207,257.0,3084.0,68.4
13208,262.0,3144.0,68.7
13209,242.0,2904.0,68.7
13210,261.0,3132.0,68.6
13211,242.0,2904.0,68.9
13212,239.0,2868.0,69.6
13213,224.0,2688.0,69.8
13214,233.0,2796.0,70.1
13215,234.0,2808.0,70.6
13216,244.0,2928.0,70.7
13217,239.0,2868.0,70.6
13218,244.0,2928.0,70.3
13219,227.0,2724.0,70.4
13220,227.0,2724.0,70.6
13221,212.0,2544.0,70.8
13222,219.0,2628.0,70.6
13223,208.0,2496.0,70.6
13224,204.0,2448.0,70.8
13225,209.0,2508.0,70.5
13226,204.0,2448.0,70.4
13227,212.0,2544.0,70.6
13228,200.0,2400.0,70.0
13229,190.0,2280.0,70.3
13230,165.0,1980.0,70.3
13231,175.0,2100.0,70.2
13232,167.0,2004.0,70.6
13233,163.0,1956.0,70.5
13234,149.0,1788.0,70.1
13235,149.0,1788.0,69.8
13236,145.0,1740.0,70.1
13237,144.0,1728.0,70.2
13238,154.0,1848.0,70.2
13239,141.0,1692.0,70.2
13240,155.0,1860.0,70.0
13241,146.0,1752.0,70.1
13242,123.0,1476.0,70.2
13243,122.0,1464.0,70.1
13244,128.0,1536.0,69.4
13245,115.0,1380.0,69.8
13246,122.0,1464.0,69.6
13247,104.0,1248.0,69.4
13248,100.0,1200.0,70.7
13249,100.0,1200.0,70.8
13250,100.0,1200.0,70.4
13251,98.0,1176.0,70.2
13252,91.0,1092.0,70.0
13253,91.0,1092.0,70.0
13254,85.0,1020.0,69.8
13255,78.0,936.0,69.6
13256,77.0,924.0,69.8
13257,77.0,924.0,69.8
13258,81.0,972.0,68.8
13259,72.0,864.0,68.7
13260,67.0,804.0,69.1
13261,70.0,840.0,69.7
13262,64.0,768.0,69.8
13263,67.0,804.0,69.9
13264,64.0,768.0,69.2
13265,59.0,708.0,69.2
13266,61.0,732.0,69.5
13267,64.0,768.0,68.9
13268,61.0,732.0,68.8
13269,55.0,660.0,68.8
13270,57.0,684.0,68.7
13271,61.0,732.0,69.1
13272,52.0,624.0,69.2
13273,50.0,600.0,68.9
13274,59.0,708.0,69.1
13275,62.0,744.0,68.8
13276,67.0,804.0,68.9
13277,64.0,768.0,69.2
13278,57.0,684.0,68.7
13279,55.0,660.0,68.7
13280,52.0,624.0,68.7
13281,53.0,636.0,69.0
13282,53.0,636.0,68.9
13283,53.0,636.0,68.8
13284,59.0,708.0,68.6
13285,53.0,636.0,68.3
13286,62.0,744.0,68.6
13287,64.0,768.0,68.7
13288,60.0,720.0,68.8
13289,62.0,744.0,68.7
13290,67.0,804.0,68.9
13291,72.0,864.0,69.3
13292,77.0,924.0,69.6
13293,85.0,1020.0,69.6
13294,82.0,984.0,69.6
13295,77.0,924.0,69.5
13296,82.0,984.0,68.8
13297,78.0,936.0,68.8
13298,91.0,1092.0,69.1
13299,100.0,1200.0,69.3
13300,111.0,1332.0,69.2
13301,123.0,1476.0,69.9
13302,137.0,1644.0,69.5
13303,155.0,1860.0,69.8
13304,172.0,2064.0,70.4
13305,182.0,2184.0,70.1
13306,175.0,2100.0,70.7
13307,175.0,2100.0,70.2
13308,186.0,2232.0,70.1
13309,201.0,2412.0,70.2
13310,225.0,2700.0,70.3
13311,247.0,2964.0,70.2
13312,268.0,3216.0,71.1
13313,279.0,3348.0,70.6
13314,302.0,3624.0,70.3
13315,321.0,3852.0,70.1
13316,339.0,4068.0,70.6
13317,355.0,4260.0,71.1
13318,349.0,4188.0,71.1
13319,320.0,3840.0,70.7
13320,314.0,3768.0,68.1
13321,322.0,3864.0,66.9
13322,337.0,4044.0,66.5
13323,355.0,4260.0,66.3
13324,288.0,3456.0,66.1
13325,288.0,3456.0,66.0
13326,298.0,3576.0,66.1
13327,270.0,3240.0,66.1
13328,294.0,3528.0,66.2
13329,308.0,3696.0,66.2
13330,332.0,3984.0,66.3
13331,355.0,4260.0,66.5
13332,352.0,4224.0,66.4
13333,339.0,4068.0,66.4
13334,358.0,4296.0,66.3
13335,329.0,3948.0,66.6
13336,318.0,3816.0,66.4
13337,301.0,3612.0,66.5
13338,291.0,3492.0,66.5
13339,352.0,4224.0,66.2
13340,395.0,4740.0,65.9
13341,379.0,4548.0,65.7
13342,373.0,4476.0,65.4
13343,358.0,4296.0,65.6
13344,329.0,3948.0,65.8
13345,393.0,4716.0,65.8
13346,393.0,4716.0,65.5
13347,349.0,4188.0,66.1
13348,366.0,4392.0,65.7
13349,393.0,4716.0,65.9
13350,393.0,4716.0,66.0
13351,396.0,4752.0,66.2
13352,395.0,4740.0,65.7
13353,399.0,4788.0,65.8
13354,391.0,4692.0,66.0
13355,379.0,4548.0,65.7
13356,373.0,4476.0,65.2
13357,362.0,4344.0,64.9
13358,368.0,4416.0,64.8
13359,368.0,4416.0,64.6
13360,366.0,4392.0,64.5
13361,368.0,4416.0,64.5
13362,362.0,4344.0,64.6
13363,365.0,4380.0,64.7
13364,367.0,4404.0,64.7
13365,369.0,4428.0,64.5
13366,359.0,4308.0,64.3
13367,353.0,4236.0,64.1
13368,343.0,4116.0,64.3
13369,346.0,4152.0,64.4
13370,350.0,4200.0,64.4
13371,355.0,4260.0,64.9
13372,347.0,4164.0,64.5
13373,350.0,4200.0,64.3
13374,352.0,4224.0,64.0
13375,358.0,4296.0,64.1
13376,361.0,4332.0,64.0
13377,358.0,4296.0,64.2
13378,358.0,4296.0,64.0
13379,350.0,4200.0,63.9
13380,343.0,4116.0,63.9
13381,355.0,4260.0,63.9
13382,358.0,4296.0,63.8
13383,363.0,4356.0,63.9
13384,361.0,4332.0,64.1
13385,361.0,4332.0,64.3
13386,355.0,4260.0,64.0
13387,368.0,4416.0,64.5
13388,373.0,4476.0,64.4
13389,369.0,4428.0,64.2
13390,361.0,4332.0,64.5
13391,359.0,4308.0,64.4
13392,358.0,4296.0,64.2
13393,359.0,4308.0,64.2
13394,368.0,4416.0,64.3
13395,370.0,4440.0,64.4
13396,367.0,4404.0,64.5
13397,368.0,4416.0,64.4
13398,373.0,4476.0,64.2
13399,375.0,4500.0,64.3
13400,370.0,4440.0,64.9
13401,368.0,4416.0,64.4
13402,366.0,4392.0,64.6
13403,368.0,4416.0,64.8
13404,360.0,4320.0,64.3
13405,358.0,4296.0,64.2
13406,369.0,4428.0,65.3
13407,376.0,4512.0,65.2
13408,373.0,4476.0,65.2
13409,378.0,4536.0,64.8
13410,375.0,4500.0,64.5
13411,381.0,4572.0,64.8
13412,385.0,4620.0,64.3
13413,391.0,4692.0,64.3
13414,391.0,4692.0,64.1
13415,391.0,4692.0,64.2
13416,391.0,4692.0,64.2
13417,393.0,4716.0,64.2
13418,402.0,4824.0,64.4
13419,411.0,4932.0,64.4
13420,413.0,4956.0,64.5
13421,419.0,5028.0,64.3
13422,419.0,5028.0,64.4
13423,426.0,5112.0,64.3
13424,434.0,5208.0,64.4
13425,454.0,5448.0,64.9
13426,478.0,5736.0,64.7
13427,486.0,5832.0,64.3
13428,489.0,5868.0,64.2
13429,487.0,5844.0,64.0
13430,469.0,5628.0,63.7
13431,487.0,5844.0,64.0
13432,499.0,5988.0,63.8
13433,481.0,5772.0,63.4
13434,489.0,5868.0,63.8
13435,478.0,5736.0,63.2
13436,463.0,5556.0,63.2
13437,449.0,5388.0,62.2
13438,474.0,5688.0,62.9
13439,460.0,5520.0,63.2
13440,452.0,5424.0,63.7
13441,471.0,5652.0,64.1
13442,467.0,5604.0,64.4
13443,444.0,5328.0,64.6
13444,445.0,5340.0,64.6
13445,463.0,5556.0,64.7
13446,445.0,5340.0,65.1
13447,430.0,5160.0,65.2
13448,457.0,5484.0,64.6
13449,442.0,5304.0,62.7
13450,467.0,5604.0,63.3
13451,449.0,5388.0,63.2
13452,444.0,5328.0,63.3
13453,456.0,5472.0,64.4
13454,479.0,5748.0,64.4
13455,460.0,5520.0,64.2
13456,478.0,5736.0,63.7
13457,483.0,5796.0,63.1
13458,468.0,5616.0,62.2
13459,466.0,5592.0,61.9
13460,456.0,5472.0,63.7
13461,456.0,5472.0,66.1
13462,449.0,5388.0,66.8
13463,478.0,5736.0,67.2
13464,448.0,5376.0,67.2
13465,411.0,4932.0,67.5
13466,395.0,4740.0,67.7
13467,407.0,4884.0,68.2
13468,395.0,4740.0,68.5
13469,400.0,4800.0,68.7
13470,366.0,4392.0,68.7
13471,349.0,4188.0,68.8
13472,379.0,4548.0,68.9
13473,363.0,4356.0,69.1
13474,355.0,4260.0,69.2
13475,333.0,3996.0,69.8
13476,321.0,3852.0,68.9
13477,327.0,3924.0,69.1
13478,332.0,3984.0,69.6
13479,339.0,4068.0,69.5
13480,333.0,3996.0,69.7
13481,326.0,3912.0,69.9
13482,324.0,3888.0,69.8
13483,305.0,3660.0,69.3
13484,309.0,3708.0,69.2
13485,305.0,3660.0,68.8
13486,308.0,3696.0,68.5
13487,301.0,3612.0,68.3
13488,291.0,3492.0,68.3
13489,300.0,3600.0,68.5
13490,288.0,3456.0,68.6
13491,273.0,3276.0,68.4
13492,286.0,3432.0,68.7
13493,291.0,3492.0,68.6
13494,283.0,3396.0,68.5
13495,268.0,3216.0,68.5
13496,268.0,3216.0,68.6
13497,251.0,3012.0,68.7
13498,265.0,3180.0,68.8
13499,242.0,2904.0,68.8
13500,253.0,3036.0,69.6
13501,251.0,3012.0,69.8
13502,235.0,2820.0,70.0
13503,254.0,3048.0,70.3
13504,247.0,2964.0,70.2
13505,259.0,3108.0,70.4
13506,232.0,2784.0,70.5
13507,225.0,2700.0,70.2
13508,227.0,2724.0,70.1
13509,244.0,2928.0,69.9
13510,218.0,2616.0,70.1
13511,225.0,2700.0,69.8
13512,213.0,2556.0,69.7
13513,221.0,2652.0,70.0
13514,205.0,2460.0,70.0
13515,224.0,2688.0,70.0
13516,209.0,2508.0,70.5
13517,194.0,2328.0,70.5
13518,175.0,2100.0,70.5
13519,182.0,2184.0,70.2
13520,175.0,2100.0,70.1
13521,172.0,2064.0,70.1
13522,172.0,2064.0,69.9
13523,147.0,1764.0,69.7
13524,144.0,1728.0,69.9
13525,149.0,1788.0,70.1
13526,158.0,1896.0,70.0
13527,151.0,1812.0,70.4
13528,151.0,1812.0,70.3
13529,131.0,1572.0,70.4
13530,131.0,1572.0,70.4
13531,123.0,1476.0,70.1
13532,120.0,1440.0,70.0
13533,123.0,1476.0,69.9
13534,116.0,1392.0,69.6
13535,108.0,1296.0,69.9
13536,100.0,1200.0,70.6
13537,100.0,1200.0,70.3
13538,109.0,1308.0,70.4
13539,109.0,1308.0,70.4
13540,100.0,1200.0,69.8
13541,90.0,1080.0,70.2
13542,82.0,984.0,69.9
13543,75.0,900.0,69.7
13544,78.0,936.0,69.5
13545,79.0,948.0,69.1
13546,72.0,864.0,69.2
13547,72.0,864.0,69.2
13548,67.0,804.0,69.5
13549,67.0,804.0,69.1
13550,72.0,864.0,69.3
13551,75.0,900.0,69.5
13552,74.0,888.0,69.4
13553,62.0,744.0,69.2
13554,64.0,768.0,69.1
13555,55.0,660.0,69.2
13556,67.0,804.0,69.0
13557,67.0,804.0,69.1
13558,67.0,804.0,68.8
13559,60.0,720.0,69.0
13560,59.0,708.0,69.3
13561,64.0,768.0,69.4
13562,64.0,768.0,69.3
13563,64.0,768.0,69.1
13564,62.0,744.0,69.3
13565,55.0,660.0,68.9
13566,50.0,600.0,68.9
13567,55.0,660.0,68.7
13568,52.0,624.0,68.8
13569,59.0,708.0,68.8
13570,57.0,684.0,68.6
13571,50.0,600.0,68.6
13572,50.0,600.0,68.5
13573,52.0,624.0,68.5
13574,57.0,684.0,68.4
13575,62.0,744.0,68.6
13576,61.0,732.0,68.6
13577,62.0,744.0,69.0
13578,64.0,768.0,68.8
13579,70.0,840.0,68.8
13580,78.0,936.0,69.0
13581,81.0,972.0,69.5
13582,78.0,936.0,69.3
13583,79.0,948.0,69.3
13584,79.0,948.0,69.1
13585,85.0,1020.0,69.2
13586,98.0,1176.0,69.1
13587,101.0,1212.0,69.3
13588,111.0,1332.0,69.6
13589,127.0,1524.0,69.5
13590,142.0,1704.0,69.7
13591,149.0,1788.0,70.0
13592,175.0,2100.0,70.3
13593,186.0,2232.0,70.1
13594,178.0,2136.0,70.2
13595,171.0,2052.0,70.3
13596,175.0,2100.0,70.1
13597,190.0,2280.0,70.0
13598,227.0,2724.0,70.0
13599,250.0,3000.0,70.5
13600,261.0,3132.0,70.4
13601,277.0,3324.0,70.3
13602,299.0,3588.0,69.4
13603,318.0,3816.0,69.9
13604,343.0,4116.0,70.4
13605,352.0,4224.0,70.2
13606,344.0,4128.0,70.2
13607,320.0,3840.0,70.4
13608,320.0,3840.0,67.9
13609,322.0,3864.0,66.9
13610,328.0,3936.0,66.3
13611,306.0,3672.0,66.1
13612,343.0,4116.0,66.0
13613,321.0,3852.0,66.1
13614,318.0,3816.0,66.1
13615,328.0,3936.0,66.1
13616,382.0,4584.0,66.2
13617,338.0,4056.0,66.3
13618,338.0,4056.0,66.3
13619,373.0,4476.0,66.5
13620,399.0,4788.0,66.5
13621,376.0,4512.0,66.5
13622,341.0,4092.0,66.3
13623,361.0,4332.0,66.3
13624,381.0,4572.0,66.3
13625,309.0,3708.0,66.5
13626,350.0,4200.0,66.3
13627,384.0,4608.0,66.4
13628,411.0,4932.0,66.1
13629,436.0,5232.0,66.0
13630,433.0,5196.0,66.1
13631,406.0,4872.0,66.0
13632,396.0,4752.0,66.1
13633,396.0,4752.0,65.8
13634,402.0,4824.0,66.0
13635,404.0,4848.0,65.8
13636,400.0,4800.0,65.7
13637,395.0,4740.0,66.0
13638,389.0,4668.0,65.6
13639,402.0,4824.0,65.8
13640,399.0,4788.0,65.7
13641,396.0,4752.0,65.6
13642,396.0,4752.0,65.6
13643,381.0,4572.0,65.7
13644,367.0,4404.0,65.7
13645,361.0,4332.0,65.3
13646,363.0,4356.0,65.2
13647,367.0,4404.0,65.1
13648,366.0,4392.0,65.1
13649,368.0,4416.0,64.8
13650,367.0,4404.0,64.8
13651,367.0,4404.0,64.8
13652,373.0,4476.0,64.7
13653,365.0,4380.0,64.2
13654,361.0,4332.0,64.2
13655,352.0,4224.0,64.2
13656,346.0,4152.0,64.1
13657,340.0,4080.0,64.3
13658,350.0,4200.0,64.3
13659,350.0,4200.0,63.9
13660,349.0,4188.0,64.0
13661,352.0,4224.0,64.1
13662,355.0,4260.0,64.2
13663,358.0,4296.0,63.7
13664,361.0,4332.0,64.1
13665,362.0,4344.0,64.0
13666,359.0,4308.0,64.0
13667,353.0,4236.0,63.4
13668,347.0,4164.0,64.1
13669,353.0,4236.0,64.2
13670,365.0,4380.0,64.0
13671,361.0,4332.0,63.9
13672,355.0,4260.0,64.4
13673,353.0,4236.0,64.5
13674,353.0,4236.0,63.8
13675,358.0,4296.0,64.4
13676,358.0,4296.0,64.4
13677,363.0,4356.0,63.8
13678,363.0,4356.0,64.0
13679,360.0,4320.0,64.3
13680,368.0,4416.0,64.2
13681,370.0,4440.0,64.2
13682,373.0,4476.0,64.0
13683,379.0,4548.0,64.2
13684,375.0,4500.0,64.2
13685,376.0,4512.0,64.9
13686,375.0,4500.0,64.5
13687,375.0,4500.0,64.4
13688,384.0,4608.0,64.1
13689,379.0,4548.0,64.3
13690,376.0,4512.0,64.1
13691,381.0,4572.0,64.2
13692,376.0,4512.0,64.3
13693,379.0,4548.0,64.1
13694,381.0,4572.0,64.1
13695,391.0,4692.0,64.4
13696,391.0,4692.0,64.8
13697,399.0,4788.0,64.5
13698,391.0,4692.0,64.4
13699,396.0,4752.0,64.6
13700,402.0,4824.0,64.2
13701,411.0,4932.0,64.3
13702,407.0,4884.0,64.5
13703,406.0,4872.0,64.5
13704,402.0,4824.0,64.5
13705,404.0,4848.0,64.2
13706,414.0,4968.0,64.6
13707,419.0,5028.0,64.6
13708,424.0,5088.0,64.5
13709,428.0,5136.0,64.5
13710,434.0,5208.0,64.4
13711,430.0,5160.0,64.6
13712,442.0,5304.0,64.6
13713,466.0,5592.0,64.6
13714,452.0,5424.0,64.6
13715,448.0,5376.0,64.5
13716,467.0,5604.0,63.7
13717,448.0,5376.0,64.1
13718,449.0,5388.0,64.0
13719,462.0,5544.0,63.8
13720,460.0,5520.0,64.0
13721,466.0,5592.0,63.8
13722,481.0,5772.0,63.7
13723,455.0,5460.0,64.1
13724,448.0,5376.0,64.4
13725,454.0,5448.0,62.6
13726,455.0,5460.0,61.1
13727,462.0,5544.0,61.1
13728,467.0,5604.0,61.3
13729,460.0,5520.0,62.2
13730,484.0,5808.0,62.6
13731,463.0,5556.0,62.8
13732,448.0,5376.0,62.6
13733,460.0,5520.0,61.3
13734,468.0,5616.0,61.9
13735,478.0,5736.0,62.5
13736,462.0,5544.0,63.8
13737,451.0,5412.0,62.4
13738,449.0,5388.0,62.9
13739,443.0,5316.0,63.1
13740,434.0,5208.0,63.6
13741,449.0,5388.0,62.8
13742,463.0,5556.0,62.5
13743,462.0,5544.0,62.7
13744,462.0,5544.0,62.7
13745,454.0,5448.0,63.0
13746,448.0,5376.0,63.7
13747,466.0,5592.0,64.4
13748,463.0,5556.0,64.6
13749,433.0,5196.0,64.9
13750,426.0,5112.0,65.0
13751,452.0,5424.0,66.4
13752,437.0,5244.0,66.9
13753,422.0,5064.0,67.4
13754,436.0,5232.0,67.5
13755,424.0,5088.0,67.7
13756,408.0,4896.0,67.8
13757,424.0,5088.0,68.1
13758,419.0,5028.0,68.1
13759,393.0,4716.0,68.3
13760,368.0,4416.0,68.2
13761,373.0,4476.0,68.2
13762,360.0,4320.0,68.6
13763,340.0,4080.0,68.5
13764,324.0,3888.0,68.6
13765,343.0,4116.0,68.8
13766,343.0,4116.0,68.8
13767,353.0,4236.0,69.0
13768,339.0,4068.0,68.8
13769,343.0,4116.0,68.9
13770,335.0,4020.0,68.8
13771,308.0,3696.0,68.7
13772,306.0,3672.0,68.5
13773,301.0,3612.0,68.5
13774,305.0,3660.0,68.4
13775,312.0,3744.0,68.3
13776,286.0,3432.0,68.5
13777,296.0,3552.0,68.4
13778,299.0,3588.0,68.7
13779,316.0,3792.0,68.7
13780,279.0,3348.0,68.6
13781,280.0,3360.0,68.6
13782,291.0,3492.0,68.5
13783,292.0,3504.0,68.4
13784,265.0,3180.0,68.9
13785,270.0,3240.0,68.8
13786,272.0,3264.0,68.7
13787,274.0,3288.0,68.9
13788,276.0,3312.0,69.4
13789,257.0,3084.0,70.0
13790,257.0,3084.0,70.2
13791,259.0,3108.0,69.8
13792,254.0,3048.0,70.2
13793,265.0,3180.0,70.1
13794,249.0,2988.0,70.0
13795,247.0,2964.0,70.1
13796,242.0,2904.0,69.9
13797,242.0,2904.0,70.1
13798,249.0,2988.0,70.1
13799,227.0,2724.0,70.1
13800,225.0,2700.0,70.2
13801,206.0,2472.0,70.0
13802,218.0,2616.0,70.1
13803,218.0,2616.0,70.4
13804,203.0,2436.0,70.2
13805,203.0,2436.0,69.9
13806,184.0,2208.0,69.9
13807,194.0,2328.0,69.9
13808,186.0,2232.0,69.9
13809,180.0,2160.0,70.0
13810,168.0,2016.0,69.9
13811,163.0,1956.0,69.7
13812,158.0,1896.0,69.9
13813,142.0,1704.0,70.8
13814,160.0,1920.0,70.0
13815,165.0,1980.0,70.0
13816,146.0,1752.0,69.7
13817,146.0,1752.0,69.3
13818,134.0,1608.0,69.5
13819,134.0,1608.0,69.3
13820,136.0,1632.0,69.0
13821,129.0,1548.0,69.4
13822,117.0,1404.0,69.1
13823,119.0,1428.0,69.0
13824,108.0,1296.0,70.9
13825,109.0,1308.0,70.4
13826,111.0,1332.0,70.3
13827,113.0,1356.0,70.3
13828,98.0,1176.0,69.4
13829,85.0,1020.0,69.6
13830,95.0,1140.0,69.3
13831,81.0,972.0,69.0
13832,82.0,984.0,69.4
13833,79.0,948.0,69.0
13834,74.0,888.0,69.2
13835,75.0,900.0,69.0
13836,67.0,804.0,69.3
13837,67.0,804.0,69.1
13838,75.0,900.0,69.4
13839,64.0,768.0,69.5
13840,72.0,864.0,69.2
13841,67.0,804.0,69.6
13842,62.0,744.0,69.2
13843,62.0,744.0,69.0
13844,72.0,864.0,68.9
13845,72.0,864.0,68.9
13846,70.0,840.0,69.3
13847,60.0,720.0,68.9
13848,59.0,708.0,69.0
13849,55.0,660.0,69.5
13850,64.0,768.0,69.5
13851,70.0,840.0,69.9
13852,56.0,672.0,69.4
13853,60.0,720.0,69.0
13854,55.0,660.0,69.0
13855,53.0,636.0,68.9
13856,60.0,720.0,69.0
13857,57.0,684.0,68.9
13858,60.0,720.0,68.6
13859,55.0,660.0,68.4
13860,52.0,624.0,68.5
13861,55.0,660.0,68.6
13862,59.0,708.0,69.0
13863,60.0,720.0,68.9
13864,62.0,744.0,69.2
13865,64.0,768.0,68.9
13866,67.0,804.0,69.0
13867,74.0,888.0,69.1
13868,77.0,924.0,69.3
13869,85.0,1020.0,69.3
13870,84.0,1008.0,69.4
13871,81.0,972.0,69.6
13872,85.0,1020.0,69.2
13873,88.0,1056.0,69.0
13874,98.0,1176.0,69.1
13875,101.0,1212.0,69.0
13876,119.0,1428.0,69.4
13877,126.0,1512.0,69.5
13878,138.0,1656.0,69.5
13879,163.0,1956.0,69.5
13880,172.0,2064.0,70.1
13881,178.0,2136.0,70.2
13882,184.0,2208.0,70.3
13883,190.0,2280.0,70.2
13884,183.0,2196.0,70.2
13885,201.0,2412.0,70.1
13886,227.0,2724.0,69.9
13887,259.0,3108.0,70.0
13888,267.0,3204.0,70.0
13889,277.0,3324.0,69.9
13890,301.0,3612.0,70.0
13891,324.0,3888.0,70.4
13892,335.0,4020.0,70.3
13893,346.0,4152.0,70.5
13894,343.0,4116.0,71.2
13895,332.0,3984.0,70.7
13896,327.0,3924.0,68.6
13897,329.0,3948.0,67.2
13898,352.0,4224.0,66.7
13899,367.0,4404.0,66.5
13900,389.0,4668.0,66.5
13901,381.0,4572.0,66.3
13902,382.0,4584.0,66.3
13903,400.0,4800.0,66.3
13904,375.0,4500.0,66.4
13905,312.0,3744.0,66.3
13906,379.0,4548.0,66.5
13907,339.0,4068.0,66.6
13908,387.0,4644.0,66.5
13909,355.0,4260.0,66.7
13910,427.0,5124.0,66.5
13911,385.0,4620.0,66.7
13912,424.0,5088.0,66.6
13913,385.0,4620.0,66.6
13914,420.0,5040.0,66.5
13915,393.0,4716.0,66.3
13916,422.0,5064.0,66.3
13917,429.0,5148.0,66.0
13918,434.0,5208.0,66.1
13919,425.0,5100.0,66.2
13920,402.0,4824.0,66.1
13921,396.0,4752.0,65.9
13922,399.0,4788.0,65.8
13923,406.0,4872.0,65.8
13924,402.0,4824.0,65.8
13925,396.0,4752.0,65.7
13926,391.0,4692.0,65.7
13927,391.0,4692.0,65.7
13928,393.0,4716.0,65.7
13929,399.0,4788.0,65.2
13930,402.0,4824.0,65.2
13931,382.0,4584.0,65.4
13932,369.0,4428.0,65.1
13933,367.0,4404.0,65.1
13934,370.0,4440.0,64.8
13935,373.0,4476.0,64.7
13936,373.0,4476.0,64.4
13937,370.0,4440.0,64.4
13938,366.0,4392.0,64.5
13939,366.0,4392.0,64.7
13940,368.0,4416.0,64.7
13941,373.0,4476.0,64.4
13942,370.0,4440.0,64.5
13943,366.0,4392.0,64.3
13944,358.0,4296.0,64.3
13945,355.0,4260.0,63.9
13946,359.0,4308.0,64.0
13947,365.0,4380.0,63.9
13948,363.0,4356.0,63.9
13949,365.0,4380.0,63.9
13950,365.0,4380.0,63.9
13951,365.0,4380.0,63.9
13952,369.0,4428.0,64.0
13953,369.0,4428.0,63.9
13954,368.0,4416.0,64.0
13955,363.0,4356.0,64.2
13956,359.0,4308.0,64.3
13957,362.0,4344.0,63.9
13958,366.0,4392.0,63.8
13959,373.0,4476.0,63.8
13960,369.0,4428.0,64.0
13961,376.0,4512.0,63.9
13962,376.0,4512.0,63.9
13963,375.0,4500.0,63.9
13964,379.0,4548.0,64.1
13965,378.0,4536.0,64.3
13966,382.0,4584.0,64.0
13967,378.0,4536.0,64.0
13968,370.0,4440.0,64.5
13969,379.0,4548.0,64.5
13970,376.0,4512.0,64.0
13971,381.0,4572.0,64.2
13972,385.0,4620.0,64.2
13973,382.0,4584.0,65.0
13974,381.0,4572.0,65.0
13975,391.0,4692.0,64.9
13976,387.0,4644.0,64.9
13977,391.0,4692.0,64.2
13978,389.0,4668.0,64.4
13979,379.0,4548.0,64.6
13980,384.0,4608.0,64.1
13981,385.0,4620.0,64.9
13982,387.0,4644.0,65.1
13983,393.0,4716.0,64.5
13984,400.0,4800.0,64.2
13985,391.0,4692.0,63.8
13986,391.0,4692.0,63.9
13987,399.0,4788.0,64.2
13988,407.0,4884.0,64.2
13989,416.0,4992.0,64.3
13990,407.0,4884.0,64.1
13991,411.0,4932.0,63.9
13992,408.0,4896.0,63.5
13993,410.0,4920.0,63.7
13994,422.0,5064.0,63.6
13995,427.0,5124.0,63.8
13996,442.0,5304.0,63.8
13997,429.0,5148.0,64.0
13998,429.0,5148.0,63.8
13999,433.0,5196.0,63.9
14000,442.0,5304.0,63.8
14001,462.0,5544.0,63.3
14002,460.0,5520.0,62.8
14003,469.0,5628.0,62.7
14004,471.0,5652.0,62.0
14005,452.0,5424.0,61.6
14006,483.0,5796.0,60.9
14007,468.0,5616.0,60.9
14008,462.0,5544.0,60.6
14009,469.0,5628.0,60.4
14010,440.0,5280.0,60.0
14011,474.0,5688.0,60.0
14012,473.0,5676.0,60.0
14013,460.0,5520.0,59.2
14014,445.0,5340.0,57.6
14015,448.0,5376.0,58.0
14016,458.0,5496.0,56.2
14017,449.0,5388.0,57.5
14018,454.0,5448.0,58.9
14019,454.0,5448.0,58.3
14020,467.0,5604.0,58.6
14021,451.0,5412.0,59.1
14022,460.0,5520.0,59.1
14023,445.0,5340.0,59.2
14024,455.0,5460.0,59.5
14025,460.0,5520.0,59.9
14026,454.0,5448.0,59.8
14027,460.0,5520.0,59.1
14028,445.0,5340.0,59.4
14029,445.0,5340.0,59.8
14030,460.0,5520.0,59.6
14031,460.0,5520.0,58.8
14032,452.0,5424.0,58.5
14033,448.0,5376.0,57.2
14034,456.0,5472.0,59.1
14035,445.0,5340.0,59.2
14036,445.0,5340.0,59.5
14037,467.0,5604.0,59.8
14038,454.0,5448.0,60.5
14039,425.0,5100.0,61.3
14040,428.0,5136.0,62.7
14041,436.0,5232.0,65.3
14042,458.0,5496.0,66.1
14043,434.0,5208.0,66.7
14044,410.0,4920.0,67.1
14045,422.0,5064.0,67.4
14046,429.0,5148.0,67.8
14047,419.0,5028.0,68.1
14048,400.0,4800.0,68.0
14049,411.0,4932.0,68.2
14050,422.0,5064.0,68.4
14051,391.0,4692.0,68.7
14052,363.0,4356.0,68.8
14053,385.0,4620.0,69.1
14054,352.0,4224.0,68.9
14055,370.0,4440.0,69.0
14056,350.0,4200.0,69.1
14057,352.0,4224.0,68.9
14058,346.0,4152.0,68.7
14059,350.0,4200.0,68.4
14060,314.0,3768.0,68.4
14061,333.0,3996.0,68.3
14062,343.0,4116.0,68.2
14063,318.0,3816.0,68.1
14064,340.0,4080.0,68.4
14065,322.0,3864.0,68.3
14066,324.0,3888.0,68.4
14067,339.0,4068.0,68.6
14068,332.0,3984.0,68.3
14069,333.0,3996.0,68.6
14070,324.0,3888.0,68.4
14071,312.0,3744.0,68.7
14072,316.0,3792.0,68.6
14073,305.0,3660.0,69.2
14074,294.0,3528.0,69.3
14075,277.0,3324.0,68.9
14076,276.0,3312.0,69.7
14077,285.0,3420.0,69.8
14078,280.0,3360.0,69.8
14079,298.0,3576.0,70.1
14080,299.0,3588.0,70.2
14081,283.0,3396.0,69.9
14082,296.0,3552.0,69.6
14083,280.0,3360.0,70.3
14084,267.0,3204.0,70.3
14085,254.0,3048.0,70.2
14086,261.0,3132.0,70.3
14087,259.0,3108.0,70.4
14088,238.0,2856.0,70.1
14089,238.0,2856.0,70.6
14090,247.0,2964.0,70.7
14091,233.0,2796.0,70.3
14092,233.0,2796.0,70.2
14093,228.0,2736.0,70.0
14094,221.0,2652.0,70.3
14095,219.0,2628.0,70.4
14096,216.0,2592.0,70.0
14097,194.0,2328.0,70.4
14098,193.0,2316.0,69.9
14099,177.0,2124.0,70.2
14100,175.0,2100.0,69.8
14101,167.0,2004.0,70.2
14102,175.0,2100.0,70.0
14103,163.0,1956.0,70.4
14104,163.0,1956.0,70.1
14105,157.0,1884.0,70.1
14106,152.0,1824.0,70.0
14107,139.0,1668.0,69.7
14108,151.0,1812.0,69.9
14109,146.0,1752.0,69.8
14110,134.0,1608.0,70.0
14111,119.0,1428.0,69.8
14112,119.0,1428.0,71.1
14113,126.0,1512.0,70.4
14114,125.0,1500.0,70.6
14115,119.0,1428.0,70.0
14116,111.0,1332.0,69.7
14117,96.0,1152.0,69.4
14118,93.0,1116.0,69.5
14119,97.0,1164.0,69.6
14120,96.0,1152.0,69.2
14121,88.0,1056.0,69.3
14122,84.0,1008.0,69.1
14123,77.0,924.0,69.7
14124,79.0,948.0,69.8
14125,85.0,1020.0,69.8
14126,75.0,900.0,69.3
14127,84.0,1008.0,70.0
14128,75.0,900.0,70.0
14129,77.0,924.0,69.4
14130,72.0,864.0,69.1
14131,74.0,888.0,69.4
14132,77.0,924.0,69.5
14133,72.0,864.0,69.4
14134,67.0,804.0,69.0
14135,64.0,768.0,69.0
14136,67.0,804.0,69.3
14137,64.0,768.0,69.5
14138,64.0,768.0,69.4
14139,64.0,768.0,69.8
14140,75.0,900.0,69.5
14141,67.0,804.0,69.2
14142,62.0,744.0,69.1
14143,67.0,804.0,69.3
14144,61.0,732.0,68.9
14145,61.0,732.0,69.0
14146,62.0,744.0,69.1
14147,57.0,684.0,68.9
14148,56.0,672.0,68.8
14149,64.0,768.0,68.5
14150,61.0,732.0,68.8
14151,79.0,948.0,68.9
14152,70.0,840.0,69.6
14153,67.0,804.0,69.5
14154,70.0,840.0,69.3
14155,74.0,888.0,69.2
14156,82.0,984.0,69.1
14157,85.0,1020.0,69.5
14158,82.0,984.0,69.6
14159,82.0,984.0,69.4
14160,85.0,1020.0,69.2
14161,88.0,1056.0,69.3
14162,101.0,1212.0,69.2
14163,111.0,1332.0,69.4
14164,120.0,1440.0,69.5
14165,136.0,1632.0,69.5
14166,144.0,1728.0,70.0
14167,165.0,1980.0,69.7
14168,167.0,2004.0,69.8
14169,190.0,2280.0,70.5
14170,188.0,2256.0,70.3
14171,186.0,2232.0,70.3
14172,187.0,2244.0,70.0
14173,193.0,2316.0,70.1
14174,224.0,2688.0,70.2
14175,239.0,2868.0,70.1
14176,253.0,3036.0,70.2
14177,272.0,3264.0,70.2
14178,285.0,3420.0,70.5
14179,303.0,3636.0,70.1
14180,321.0,3852.0,70.1
14181,337.0,4044.0,70.4
14182,327.0,3924.0,70.5
14183,306.0,3672.0,70.4
14184,308.0,3696.0,67.8
14185,318.0,3816.0,66.5
14186,332.0,3984.0,66.2
14187,353.0,4236.0,66.0
14188,368.0,4416.0,65.7
14189,373.0,4476.0,65.9
14190,385.0,4620.0,66.0
14191,388.0,4656.0,66.0
14192,391.0,4692.0,65.7
14193,416.0,4992.0,65.8
14194,402.0,4824.0,65.8
14195,385.0,4620.0,65.8
14196,378.0,4536.0,66.1
14197,385.0,4620.0,65.7
14198,402.0,4824.0,65.6
14199,411.0,4932.0,66.3
14200,410.0,4920.0,65.8
14201,420.0,5040.0,65.8
14202,428.0,5136.0,65.7
14203,428.0,5136.0,65.7
14204,432.0,5184.0,65.4
14205,428.0,5136.0,65.6
14206,416.0,4992.0,65.5
14207,408.0,4896.0,65.3
14208,391.0,4692.0,65.0
14209,384.0,4608.0,65.4
14210,384.0,4608.0,65.2
14211,391.0,4692.0,65.2
14212,384.0,4608.0,65.4
14213,382.0,4584.0,65.2
14214,379.0,4548.0,65.2
14215,381.0,4572.0,65.1
14216,388.0,4656.0,65.0
14217,389.0,4668.0,64.9
14218,384.0,4608.0,64.8
14219,379.0,4548.0,64.9
14220,365.0,4380.0,64.6
14221,361.0,4332.0,64.5
14222,359.0,4308.0,64.0
14223,363.0,4356.0,63.8
14224,368.0,4416.0,63.9
14225,370.0,4440.0,63.8
14226,373.0,4476.0,63.9
14227,376.0,4512.0,63.8
14228,381.0,4572.0,63.8
14229,384.0,4608.0,63.6
14230,378.0,4536.0,63.6
14231,370.0,4440.0,63.5
14232,366.0,4392.0,63.5
14233,369.0,4428.0,63.5
14234,376.0,4512.0,63.4
14235,384.0,4608.0,63.1
14236,382.0,4584.0,63.4
14237,381.0,4572.0,63.2
14238,376.0,4512.0,63.3
14239,381.0,4572.0,63.2
14240,391.0,4692.0,63.1
14241,391.0,4692.0,62.7
14242,391.0,4692.0,62.9
14243,385.0,4620.0,62.5
14244,385.0,4620.0,62.7
14245,388.0,4656.0,62.7
14246,402.0,4824.0,62.7
14247,391.0,4692.0,62.6
14248,411.0,4932.0,62.4
14249,419.0,5028.0,62.4
14250,395.0,4740.0,62.5
14251,396.0,4752.0,62.1
14252,399.0,4788.0,62.2
14253,393.0,4716.0,62.2
14254,402.0,4824.0,62.3
14255,395.0,4740.0,62.2
14256,402.0,4824.0,62.6
14257,396.0,4752.0,62.8
14258,402.0,4824.0,62.8
14259,407.0,4884.0,62.6
14260,406.0,4872.0,62.6
14261,408.0,4896.0,62.4
14262,402.0,4824.0,62.7
14263,402.0,4824.0,62.6
14264,411.0,4932.0,62.1
14265,408.0,4896.0,61.3
14266,410.0,4920.0,60.8
14267,402.0,4824.0,61.2
14268,404.0,4848.0,61.4
14269,402.0,4824.0,61.0
14270,410.0,4920.0,61.3
14271,419.0,5028.0,61.3
14272,419.0,5028.0,61.2
14273,414.0,4968.0,61.4
14274,414.0,4968.0,61.4
14275,422.0,5064.0,61.3
14276,425.0,5100.0,61.6
14277,425.0,5100.0,61.0
14278,426.0,5112.0,61.2
14279,424.0,5088.0,60.9
14280,416.0,4992.0,60.4
14281,422.0,5064.0,60.0
14282,426.0,5112.0,60.0
14283,427.0,5124.0,59.6
14284,427.0,5124.0,59.2
14285,428.0,5136.0,58.7
14286,428.0,5136.0,58.7
14287,425.0,5100.0,57.8
14288,430.0,5160.0,58.3
14289,436.0,5232.0,57.5
14290,434.0,5208.0,53.9
14291,432.0,5184.0,55.2
14292,428.0,5136.0,55.1
14293,432.0,5184.0,54.4
14294,434.0,5208.0,55.0
14295,437.0,5244.0,54.5
14296,433.0,5196.0,54.6
14297,432.0,5184.0,54.4
14298,429.0,5148.0,52.0
14299,427.0,5124.0,54.6
14300,436.0,5232.0,51.5
14301,434.0,5208.0,49.0
14302,432.0,5184.0,50.6
14303,424.0,5088.0,52.5
14304,422.0,5064.0,54.7
14305,429.0,5148.0,54.2
14306,430.0,5160.0,54.5
14307,433.0,5196.0,55.2
14308,430.0,5160.0,56.7
14309,429.0,5148.0,57.2
14310,416.0,4992.0,57.4
14311,429.0,5148.0,57.7
14312,430.0,5160.0,57.9
14313,434.0,5208.0,58.2
14314,432.0,5184.0,58.4
14315,424.0,5088.0,58.6
14316,419.0,5028.0,58.9
14317,426.0,5112.0,59.1
14318,437.0,5244.0,59.3
14319,443.0,5316.0,59.6
14320,440.0,5280.0,59.4
14321,430.0,5160.0,59.0
14322,426.0,5112.0,59.1
14323,414.0,4968.0,59.2
14324,414.0,4968.0,59.5
14325,413.0,4956.0,60.0
14326,419.0,5028.0,60.0
14327,396.0,4752.0,60.1
14328,410.0,4920.0,61.2
14329,406.0,4872.0,63.0
14330,417.0,5004.0,65.3
14331,410.0,4920.0,66.2
14332,400.0,4800.0,67.0
14333,411.0,4932.0,67.3
14334,385.0,4620.0,67.4
14335,400.0,4800.0,67.6
14336,411.0,4932.0,67.4
14337,404.0,4848.0,67.8
14338,385.0,4620.0,68.2
14339,381.0,4572.0,68.1
14340,393.0,4716.0,68.5
14341,402.0,4824.0,68.5
14342,396.0,4752.0,68.2
14343,396.0,4752.0,68.6
14344,393.0,4716.0,68.4
14345,376.0,4512.0,68.5
14346,367.0,4404.0,68.3
14347,369.0,4428.0,68.2
14348,358.0,4296.0,68.1
14349,373.0,4476.0,67.7
14350,359.0,4308.0,67.8
14351,352.0,4224.0,67.7
14352,359.0,4308.0,67.8
14353,368.0,4416.0,67.8
14354,373.0,4476.0,68.0
14355,335.0,4020.0,68.0
14356,360.0,4320.0,68.0
14357,369.0,4428.0,68.0
14358,352.0,4224.0,68.1
14359,344.0,4128.0,68.2
14360,347.0,4164.0,68.3
14361,318.0,3816.0,68.4
14362,332.0,3984.0,68.5
14363,333.0,3996.0,68.7
14364,314.0,3768.0,68.8
14365,324.0,3888.0,68.9
14366,350.0,4200.0,69.1
14367,332.0,3984.0,69.3
14368,326.0,3912.0,69.9
14369,308.0,3696.0,69.6
14370,306.0,3672.0,69.6
14371,300.0,3600.0,69.6
14372,302.0,3624.0,70.0
14373,306.0,3672.0,70.0
14374,318.0,3816.0,70.1
14375,283.0,3396.0,70.4
14376,272.0,3264.0,70.3
14377,286.0,3432.0,70.4
14378,296.0,3552.0,70.4
14379,291.0,3492.0,69.9
14380,270.0,3240.0,70.0
14381,267.0,3204.0,69.8
14382,259.0,3108.0,70.0
14383,259.0,3108.0,70.1
14384,228.0,2736.0,70.3
14385,239.0,2868.0,70.4
14386,232.0,2784.0,70.5
14387,227.0,2724.0,70.5
14388,210.0,2520.0,70.4
14389,219.0,2628.0,70.1
14390,206.0,2472.0,70.5
14391,204.0,2448.0,69.9
14392,198.0,2376.0,69.9
14393,200.0,2400.0,70.2
14394,201.0,2412.0,70.0
14395,180.0,2160.0,70.1
14396,186.0,2232.0,70.4
14397,192.0,2304.0,70.2
14398,178.0,2136.0,70.3
14399,178.0,2136.0,70.3
14400,165.0,1980.0,70.6
14401,164.0,1968.0,70.2
14402,157.0,1884.0,70.4
14403,171.0,2052.0,70.1
14404,147.0,1764.0,69.7
14405,144.0,1728.0,69.7
14406,131.0,1572.0,69.8
14407,126.0,1512.0,69.8
14408,128.0,1536.0,69.6
14409,123.0,1476.0,70.2
14410,116.0,1392.0,69.9
14411,111.0,1332.0,70.1
14412,113.0,1356.0,70.4
14413,111.0,1332.0,70.1
14414,111.0,1332.0,70.1
14415,108.0,1296.0,69.9
14416,98.0,1176.0,69.9
14417,100.0,1200.0,70.4
14418,95.0,1140.0,70.1
14419,95.0,1140.0,70.0
14420,93.0,1116.0,69.9
14421,90.0,1080.0,69.9
14422,90.0,1080.0,70.4
14423,90.0,1080.0,70.0
14424,93.0,1116.0,70.4
14425,88.0,1056.0,70.4
14426,78.0,936.0,70.3
14427,87.0,1044.0,69.9
14428,85.0,1020.0,69.9
14429,75.0,900.0,70.4
14430,78.0,936.0,70.2
14431,75.0,900.0,69.5
14432,81.0,972.0,69.8
14433,74.0,888.0,69.5
14434,70.0,840.0,69.7
14435,72.0,864.0,69.5
14436,70.0,840.0,69.9
14437,70.0,840.0,69.9
14438,67.0,804.0,69.8
14439,72.0,864.0,69.5
14440,75.0,900.0,69.7
14441,75.0,900.0,69.6
14442,67.0,804.0,69.6
14443,67.0,804.0,69.8
14444,64.0,768.0,69.7
14445,67.0,804.0,69.6
14446,82.0,984.0,69.7
14447,70.0,840.0,69.6
14448,67.0,804.0,69.7
14449,67.0,804.0,69.5
14450,72.0,864.0,69.4
14451,72.0,864.0,69.2
14452,70.0,840.0,69.6
14453,75.0,900.0,69.6
14454,75.0,900.0,69.8
14455,82.0,984.0,69.8
14456,88.0,1056.0,70.0
14457,90.0,1080.0,70.0
14458,91.0,1092.0,69.9
14459,100.0,1200.0,69.7
14460,88.0,1056.0,69.7
14461,93.0,1116.0,69.9
14462,100.0,1200.0,69.6
14463,123.0,1476.0,69.6
14464,138.0,1656.0,69.6
14465,123.0,1476.0,69.9
14466,129.0,1548.0,69.7
14467,136.0,1632.0,69.9
14468,147.0,1764.0,69.9
14469,175.0,2100.0,70.3
14470,165.0,1980.0,70.3
14471,175.0,2100.0,70.4
14472,180.0,2160.0,69.5
14473,196.0,2352.0,69.1
14474,201.0,2412.0,68.8
14475,201.0,2412.0,68.7
14476,231.0,2772.0,69.0
14477,212.0,2544.0,68.8
14478,225.0,2700.0,69.0
14479,227.0,2724.0,69.1
14480,224.0,2688.0,69.4
14481,239.0,2868.0,69.4
14482,259.0,3108.0,69.8
14483,255.0,3060.0,69.5
14484,268.0,3216.0,68.9
14485,268.0,3216.0,68.0
14486,273.0,3276.0,67.7
14487,265.0,3180.0,67.3
14488,294.0,3528.0,67.4
14489,309.0,3708.0,67.3
14490,303.0,3636.0,67.5
14491,308.0,3696.0,67.5
14492,309.0,3708.0,67.7
14493,308.0,3696.0,67.6
14494,318.0,3816.0,67.4
14495,353.0,4236.0,67.4
14496,306.0,3672.0,67.2
14497,316.0,3792.0,67.3
14498,316.0,3792.0,67.2
14499,338.0,4056.0,66.8
14500,326.0,3912.0,67.1
14501,355.0,4260.0,67.4
14502,335.0,4020.0,67.3
14503,358.0,4296.0,67.2
14504,335.0,4020.0,67.4
14505,343.0,4116.0,67.2
14506,343.0,4116.0,67.0
14507,340.0,4080.0,67.5
14508,332.0,3984.0,67.6
14509,329.0,3948.0,67.2
14510,335.0,4020.0,67.1
14511,344.0,4128.0,66.9
14512,347.0,4164.0,67.0
14513,352.0,4224.0,66.8
14514,355.0,4260.0,66.9
14515,359.0,4308.0,67.0
14516,369.0,4428.0,66.4
14517,373.0,4476.0,66.5
14518,369.0,4428.0,66.6
14519,361.0,4332.0,66.6
14520,360.0,4320.0,66.7
14521,350.0,4200.0,66.6
14522,361.0,4332.0,66.5
14523,363.0,4356.0,66.4
14524,369.0,4428.0,66.5
14525,375.0,4500.0,66.4
14526,381.0,4572.0,66.3
14527,384.0,4608.0,66.2
14528,388.0,4656.0,66.0
14529,387.0,4644.0,66.1
14530,385.0,4620.0,66.1
14531,385.0,4620.0,66.0
14532,391.0,4692.0,65.7
14533,391.0,4692.0,66.1
14534,391.0,4692.0,66.2
14535,391.0,4692.0,66.3
14536,393.0,4716.0,66.3
14537,393.0,4716.0,66.7
14538,396.0,4752.0,66.6
14539,391.0,4692.0,66.5
14540,396.0,4752.0,66.4
14541,399.0,4788.0,66.5
14542,396.0,4752.0,66.5
14543,399.0,4788.0,66.5
14544,399.0,4788.0,66.7
14545,400.0,4800.0,66.7
14546,406.0,4872.0,66.8
14547,410.0,4920.0,66.2
14548,406.0,4872.0,66.2
14549,404.0,4848.0,66.3
14550,404.0,4848.0,66.3
14551,408.0,4896.0,66.4
14552,404.0,4848.0,65.8
14553,404.0,4848.0,66.5
14554,408.0,4896.0,66.4
14555,402.0,4824.0,66.5
14556,404.0,4848.0,66.7
14557,402.0,4824.0,66.7
14558,410.0,4920.0,66.9
14559,410.0,4920.0,66.4
14560,407.0,4884.0,66.7
14561,410.0,4920.0,66.9
14562,410.0,4920.0,66.9
14563,408.0,4896.0,66.8
14564,411.0,4932.0,66.8
14565,413.0,4956.0,66.7
14566,404.0,4848.0,66.9
14567,402.0,4824.0,66.7
14568,402.0,4824.0,66.8
14569,399.0,4788.0,67.0
14570,402.0,4824.0,67.1
14571,404.0,4848.0,66.8
14572,410.0,4920.0,67.0
14573,408.0,4896.0,67.0
14574,407.0,4884.0,67.0
14575,399.0,4788.0,67.2
14576,410.0,4920.0,67.1
14577,408.0,4896.0,67.2
14578,411.0,4932.0,67.2
14579,413.0,4956.0,66.9
14580,399.0,4788.0,67.1
14581,402.0,4824.0,67.2
14582,408.0,4896.0,67.3
14583,413.0,4956.0,67.2
14584,410.0,4920.0,67.0
14585,410.0,4920.0,67.2
14586,402.0,4824.0,67.3
14587,402.0,4824.0,67.4
14588,406.0,4872.0,67.3
14589,410.0,4920.0,67.3
14590,406.0,4872.0,67.7
14591,400.0,4800.0,67.4
14592,391.0,4692.0,67.4
14593,396.0,4752.0,67.4
14594,404.0,4848.0,67.4
14595,408.0,4896.0,67.5
14596,402.0,4824.0,67.6
14597,406.0,4872.0,67.6
14598,406.0,4872.0,67.9
14599,407.0,4884.0,67.8
14600,404.0,4848.0,67.9
14601,408.0,4896.0,67.6
14602,416.0,4992.0,67.6
14603,391.0,4692.0,67.7
14604,393.0,4716.0,67.8
14605,393.0,4716.0,67.8
14606,396.0,4752.0,67.7
14607,393.0,4716.0,67.8
14608,402.0,4824.0,68.3
14609,393.0,4716.0,68.1
14610,391.0,4692.0,68.0
14611,389.0,4668.0,68.0
14612,385.0,4620.0,68.1
14613,385.0,4620.0,68.3
14614,381.0,4572.0,68.3
14615,375.0,4500.0,68.5
14616,370.0,4440.0,68.2
14617,370.0,4440.0,68.3
14618,373.0,4476.0,68.4
14619,370.0,4440.0,68.6
14620,381.0,4572.0,68.6
14621,382.0,4584.0,68.9
14622,363.0,4356.0,68.7
14623,360.0,4320.0,68.8
14624,358.0,4296.0,69.0
14625,350.0,4200.0,68.8
14626,340.0,4080.0,68.6
14627,338.0,4056.0,68.8
14628,352.0,4224.0,68.8
14629,333.0,3996.0,68.8
14630,333.0,3996.0,68.9
14631,332.0,3984.0,69.2
14632,335.0,4020.0,69.0
14633,324.0,3888.0,68.8
14634,314.0,3768.0,68.9
14635,316.0,3792.0,68.8
14636,318.0,3816.0,68.4
14637,324.0,3888.0,68.2
14638,312.0,3744.0,68.1
14639,305.0,3660.0,67.7
14640,305.0,3660.0,67.9
14641,303.0,3636.0,67.9
14642,303.0,3636.0,68.1
14643,308.0,3696.0,68.2
14644,305.0,3660.0,68.2
14645,298.0,3576.0,68.3
14646,288.0,3456.0,68.4
14647,294.0,3528.0,68.4
14648,303.0,3636.0,68.6
14649,294.0,3528.0,68.7
14650,280.0,3360.0,68.7
14651,296.0,3552.0,68.8
14652,291.0,3492.0,69.3
14653,294.0,3528.0,70.0
14654,274.0,3288.0,70.1
14655,292.0,3504.0,70.2
14656,294.0,3528.0,70.3
14657,306.0,3672.0,70.3
14658,292.0,3504.0,70.4
14659,274.0,3288.0,70.3
14660,280.0,3360.0,70.3
14661,268.0,3216.0,70.4
14662,271.0,3252.0,70.3
14663,294.0,3528.0,70.4
14664,262.0,3144.0,70.1
14665,262.0,3144.0,69.9
14666,265.0,3180.0,70.1
14667,257.0,3084.0,69.9
14668,254.0,3048.0,70.1
14669,276.0,3312.0,70.4
14670,273.0,3276.0,70.5
14671,250.0,3000.0,70.5
14672,249.0,2988.0,70.5
14673,235.0,2820.0,70.8
14674,250.0,3000.0,70.6
14675,247.0,2964.0,70.8
14676,239.0,2868.0,70.4
14677,228.0,2736.0,70.3
14678,218.0,2616.0,70.1
14679,219.0,2628.0,70.2
14680,228.0,2736.0,70.1
14681,193.0,2316.0,70.2
14682,194.0,2328.0,70.2
14683,186.0,2232.0,70.2
14684,186.0,2232.0,70.1
14685,175.0,2100.0,70.3
14686,184.0,2208.0,70.1
14687,178.0,2136.0,70.4
14688,157.0,1884.0,70.5
14689,167.0,2004.0,70.3
14690,160.0,1920.0,70.2
14691,151.0,1812.0,69.9
14692,157.0,1884.0,70.1
14693,147.0,1764.0,70.1
14694,129.0,1548.0,70.3
14695,134.0,1608.0,70.3
14696,131.0,1572.0,70.5
14697,119.0,1428.0,70.1
14698,116.0,1392.0,70.3
14699,115.0,1380.0,70.5
14700,108.0,1296.0,70.4
14701,101.0,1212.0,70.3
14702,105.0,1260.0,70.3
14703,105.0,1260.0,70.1
14704,97.0,1164.0,70.0
14705,93.0,1116.0,70.3
14706,85.0,1020.0,70.4
14707,85.0,1020.0,70.0
14708,82.0,984.0,70.4
14709,81.0,972.0,70.0
14710,82.0,984.0,70.4
14711,81.0,972.0,70.3
14712,78.0,936.0,70.4
14713,78.0,936.0,70.3
14714,77.0,924.0,70.3
14715,74.0,888.0,70.4
14716,72.0,864.0,70.3
14717,67.0,804.0,70.3
14718,64.0,768.0,70.4
14719,64.0,768.0,70.5
14720,62.0,744.0,70.4
14721,59.0,708.0,70.0
14722,57.0,684.0,70.1
14723,56.0,672.0,70.1
14724,52.0,624.0,70.4
14725,53.0,636.0,70.5
14726,52.0,624.0,70.4
14727,55.0,660.0,70.2
14728,52.0,624.0,70.3
14729,49.0,588.0,70.2
14730,48.0,576.0,70.5
14731,48.0,576.0,70.3
14732,47.0,564.0,70.2
14733,47.0,564.0,70.4
14734,44.0,528.0,70.2
14735,42.0,504.0,69.7
14736,44.0,528.0,70.0
14737,44.0,528.0,70.0
14738,44.0,528.0,70.1
14739,44.0,528.0,70.0
14740,44.0,528.0,70.1
14741,46.0,552.0,70.0
14742,46.0,552.0,69.9
14743,50.0,600.0,69.9
14744,52.0,624.0,70.2
14745,52.0,624.0,70.3
14746,50.0,600.0,70.1
14747,52.0,624.0,70.0
14748,49.0,588.0,70.0
14749,52.0,624.0,70.0
14750,53.0,636.0,70.2
14751,59.0,708.0,70.2
14752,60.0,720.0,70.0
14753,62.0,744.0,70.0
14754,64.0,768.0,69.8
14755,70.0,840.0,70.2
14756,75.0,900.0,70.0
14757,75.0,900.0,69.9
14758,75.0,900.0,70.0
14759,90.0,1080.0,70.1
14760,75.0,900.0,69.8
14761,82.0,984.0,70.0
14762,85.0,1020.0,69.9
14763,91.0,1092.0,70.1
14764,115.0,1380.0,70.1
14765,111.0,1332.0,70.1
14766,105.0,1260.0,70.3
14767,115.0,1380.0,70.6
14768,116.0,1392.0,70.6
14769,127.0,1524.0,70.6
14770,125.0,1500.0,70.7
14771,131.0,1572.0,70.8
14772,134.0,1608.0,70.4
14773,149.0,1788.0,70.5
14774,152.0,1824.0,70.4
14775,163.0,1956.0,70.3
14776,164.0,1968.0,70.2
14777,167.0,2004.0,70.5
14778,158.0,1896.0,70.6
14779,160.0,1920.0,70.5
14780,167.0,2004.0,70.7
14781,175.0,2100.0,70.5
14782,169.0,2028.0,70.7
14783,180.0,2160.0,70.7
14784,175.0,2100.0,70.1
14785,186.0,2232.0,69.8
14786,200.0,2400.0,69.6
14787,221.0,2652.0,70.1
14788,205.0,2460.0,70.0
14789,196.0,2352.0,70.0
14790,214.0,2568.0,69.8
14791,214.0,2568.0,69.9
14792,234.0,2808.0,69.8
14793,230.0,2760.0,69.8
14794,254.0,3048.0,69.6
14795,234.0,2808.0,69.7
14796,239.0,2868.0,69.2
14797,239.0,2868.0,69.3
14798,250.0,3000.0,69.1
14799,260.0,3120.0,69.3
14800,268.0,3216.0,69.0
14801,273.0,3276.0,69.0
14802,280.0,3360.0,69.0
14803,286.0,3432.0,69.0
14804,294.0,3528.0,68.9
14805,301.0,3612.0,68.8
14806,306.0,3672.0,68.8
14807,303.0,3636.0,69.1
14808,303.0,3636.0,68.5
14809,300.0,3600.0,68.5
14810,320.0,3840.0,68.3
14811,314.0,3768.0,68.3
14812,324.0,3888.0,68.2
14813,327.0,3924.0,68.1
14814,329.0,3948.0,68.0
14815,335.0,4020.0,68.2
14816,346.0,4152.0,68.1
14817,347.0,4164.0,68.1
14818,349.0,4188.0,68.1
14819,347.0,4164.0,68.2
14820,344.0,4128.0,68.1
14821,338.0,4056.0,67.8
14822,346.0,4152.0,67.7
14823,355.0,4260.0,67.8
14824,352.0,4224.0,67.5
14825,358.0,4296.0,67.7
14826,368.0,4416.0,67.5
14827,368.0,4416.0,67.5
14828,370.0,4440.0,67.3
14829,373.0,4476.0,67.3
14830,370.0,4440.0,67.3
14831,378.0,4536.0,67.1
14832,378.0,4536.0,67.1
14833,373.0,4476.0,67.3
14834,381.0,4572.0,67.2
14835,381.0,4572.0,67.3
14836,385.0,4620.0,66.9
14837,387.0,4644.0,66.7
14838,393.0,4716.0,67.0
14839,396.0,4752.0,66.6
14840,400.0,4800.0,66.6
14841,399.0,4788.0,66.6
14842,396.0,4752.0,66.5
14843,395.0,4740.0,66.8
14844,393.0,4716.0,66.8
14845,389.0,4668.0,66.8
14846,393.0,4716.0,66.7
14847,395.0,4740.0,66.7
14848,399.0,4788.0,66.4
14849,402.0,4824.0,66.3
14850,396.0,4752.0,66.1
14851,396.0,4752.0,66.3
14852,396.0,4752.0,66.3
14853,396.0,4752.0,65.9
14854,395.0,4740.0,66.4
14855,391.0,4692.0,66.1
14856,384.0,4608.0,66.3
14857,385.0,4620.0,66.4
14858,384.0,4608.0,66.5
14859,389.0,4668.0,66.6
14860,389.0,4668.0,66.7
14861,385.0,4620.0,66.7
14862,385.0,4620.0,66.5
14863,379.0,4548.0,66.6
14864,385.0,4620.0,66.7
14865,384.0,4608.0,66.8
14866,381.0,4572.0,66.7
14867,375.0,4500.0,66.9
14868,381.0,4572.0,67.0
14869,375.0,4500.0,66.9
14870,384.0,4608.0,66.7
14871,381.0,4572.0,67.0
14872,381.0,4572.0,66.6
14873,376.0,4512.0,66.7
14874,388.0,4656.0,66.7
14875,388.0,4656.0,66.7
14876,388.0,4656.0,66.7
14877,385.0,4620.0,67.2
14878,391.0,4692.0,67.0
14879,384.0,4608.0,66.8
14880,378.0,4536.0,67.0
14881,379.0,4548.0,66.9
14882,385.0,4620.0,67.2
14883,382.0,4584.0,67.3
14884,395.0,4740.0,66.8
14885,382.0,4584.0,66.8
14886,381.0,4572.0,66.9
14887,379.0,4548.0,67.2
14888,381.0,4572.0,67.1
14889,376.0,4512.0,67.1
14890,375.0,4500.0,67.2
14891,365.0,4380.0,67.5
14892,362.0,4344.0,67.4
14893,370.0,4440.0,67.5
14894,366.0,4392.0,67.6
14895,370.0,4440.0,67.5
14896,366.0,4392.0,68.1
14897,363.0,4356.0,68.0
14898,358.0,4296.0,68.3
14899,358.0,4296.0,68.2
14900,355.0,4260.0,68.0
14901,353.0,4236.0,67.9
14902,355.0,4260.0,68.1
14903,350.0,4200.0,68.3
14904,350.0,4200.0,68.1
14905,353.0,4236.0,68.2
14906,353.0,4236.0,68.2
14907,355.0,4260.0,68.0
14908,368.0,4416.0,67.7
14909,343.0,4116.0,68.1
14910,376.0,4512.0,68.0
14911,346.0,4152.0,67.9
14912,339.0,4068.0,67.9
14913,337.0,4044.0,67.8
14914,332.0,3984.0,67.8
14915,329.0,3948.0,67.9
14916,329.0,3948.0,67.7
14917,326.0,3912.0,67.7
14918,332.0,3984.0,67.5
14919,333.0,3996.0,67.3
14920,335.0,4020.0,67.3
14921,328.0,3936.0,67.1
14922,327.0,3924.0,66.8
14923,318.0,3816.0,66.6
14924,324.0,3888.0,66.3
14925,332.0,3984.0,66.1
14926,320.0,3840.0,65.9
14927,321.0,3852.0,65.8
14928,318.0,3816.0,65.4
14929,317.0,3804.0,65.7
14930,326.0,3912.0,65.9
14931,318.0,3816.0,65.6
14932,324.0,3888.0,66.0
14933,320.0,3840.0,65.5
14934,309.0,3708.0,65.5
14935,309.0,3708.0,65.7
14936,309.0,3708.0,65.5
14937,299.0,3588.0,66.1
14938,292.0,3504.0,66.0
14939,288.0,3456.0,66.2
14940,285.0,3420.0,68.1
14941,285.0,3420.0,68.9
14942,280.0,3360.0,69.5
14943,279.0,3348.0,69.8
14944,291.0,3492.0,70.1
14945,276.0,3312.0,70.0
14946,262.0,3144.0,70.3
14947,261.0,3132.0,70.3
14948,255.0,3060.0,70.3
14949,257.0,3084.0,70.4
14950,245.0,2940.0,70.5
14951,247.0,2964.0,70.7
14952,235.0,2820.0,70.4
14953,230.0,2760.0,70.3
14954,228.0,2736.0,70.4
14955,219.0,2628.0,70.3
14956,214.0,2568.0,70.2
14957,204.0,2448.0,70.4
14958,205.0,2460.0,70.2
14959,188.0,2256.0,70.2
14960,198.0,2376.0,70.4
14961,178.0,2136.0,70.1
14962,168.0,2016.0,70.4
14963,167.0,2004.0,70.5
14964,151.0,1812.0,70.5
14965,152.0,1824.0,70.2
14966,146.0,1752.0,70.4
14967,142.0,1704.0,70.3
14968,149.0,1788.0,70.1
14969,139.0,1668.0,70.4
14970,129.0,1548.0,70.4
14971,122.0,1464.0,70.3
14972,119.0,1428.0,70.6
14973,119.0,1428.0,70.2
14974,109.0,1308.0,69.7
14975,108.0,1296.0,70.0
14976,95.0,1140.0,71.3
14977,93.0,1116.0,70.6
14978,93.0,1116.0,70.4
14979,85.0,1020.0,70.6
14980,88.0,1056.0,70.2
14981,82.0,984.0,70.2
14982,77.0,924.0,70.4
14983,72.0,864.0,70.4
14984,67.0,804.0,70.1
14985,72.0,864.0,69.9
14986,64.0,768.0,69.7
14987,60.0,720.0,69.7
14988,59.0,708.0,70.2
14989,61.0,732.0,70.1
14990,62.0,744.0,70.3
14991,56.0,672.0,70.1
14992,55.0,660.0,70.1
14993,53.0,636.0,69.8
14994,49.0,588.0,69.6
14995,57.0,684.0,69.6
14996,48.0,576.0,69.6
14997,48.0,576.0,69.7
14998,50.0,600.0,69.4
14999,46.0,552.0,69.5
15000,48.0,576.0,69.6
15001,47.0,564.0,69.5
15002,46.0,552.0,69.5
15003,47.0,564.0,69.7
15004,46.0,552.0,69.5
15005,47.0,564.0,69.6
15006,46.0,552.0,69.5
15007,46.0,552.0,69.3
15008,47.0,564.0,69.5
15009,47.0,564.0,69.5
15010,46.0,552.0,69.4
15011,48.0,576.0,69.1
15012,48.0,576.0,69.5
15013,47.0,564.0,69.2
15014,52.0,624.0,69.3
15015,49.0,588.0,69.4
15016,55.0,660.0,69.3
15017,59.0,708.0,69.3
15018,61.0,732.0,69.4
15019,67.0,804.0,69.6
15020,74.0,888.0,69.8
15021,79.0,948.0,69.3
15022,75.0,900.0,69.5
15023,75.0,900.0,69.3
15024,77.0,924.0,69.4
15025,79.0,948.0,69.7
15026,90.0,1080.0,69.6
15027,98.0,1176.0,69.6
15028,115.0,1380.0,69.8
15029,119.0,1428.0,69.7
15030,134.0,1608.0,70.0
15031,152.0,1824.0,70.2
15032,162.0,1944.0,70.4
15033,180.0,2160.0,70.9
15034,169.0,2028.0,70.5
15035,169.0,2028.0,70.3
15036,184.0,2208.0,70.5
15037,195.0,2340.0,70.2
15038,210.0,2520.0,70.3
15039,239.0,2868.0,70.4
15040,253.0,3036.0,71.2
15041,254.0,3048.0,71.3
15042,294.0,3528.0,71.0
15043,303.0,3636.0,70.9
15044,322.0,3864.0,71.2
15045,335.0,4020.0,71.4
15046,327.0,3924.0,71.3
15047,309.0,3708.0,71.0
15048,305.0,3660.0,67.8
15049,311.0,3732.0,66.7
15050,332.0,3984.0,66.5
15051,352.0,4224.0,66.5
15052,365.0,4380.0,66.5
15053,343.0,4116.0,66.5
15054,332.0,3984.0,66.5
15055,322.0,3864.0,66.5
15056,321.0,3852.0,66.7
15057,370.0,4440.0,66.6
15058,343.0,4116.0,66.5
15059,358.0,4296.0,66.4
15060,329.0,3948.0,66.5
15061,353.0,4236.0,66.4
15062,355.0,4260.0,66.6
15063,343.0,4116.0,66.5
15064,369.0,4428.0,66.5
15065,384.0,4608.0,66.5
15066,332.0,3984.0,66.5
15067,404.0,4848.0,66.3
15068,417.0,5004.0,66.2
15069,393.0,4716.0,66.0
15070,368.0,4416.0,65.8
15071,417.0,5004.0,66.0
15072,388.0,4656.0,65.9
15073,379.0,4548.0,66.1
15074,400.0,4800.0,66.1
15075,399.0,4788.0,66.2
15076,391.0,4692.0,65.9
15077,391.0,4692.0,65.7
15078,391.0,4692.0,65.9
15079,393.0,4716.0,65.7
15080,395.0,4740.0,65.5
15081,396.0,4752.0,65.6
15082,388.0,4656.0,65.3
15083,376.0,4512.0,65.6
15084,363.0,4356.0,65.2
15085,358.0,4296.0,65.3
15086,360.0,4320.0,64.6
15087,370.0,4440.0,64.5
15088,365.0,4380.0,64.6
15089,370.0,4440.0,64.8
15090,362.0,4344.0,64.4
15091,368.0,4416.0,64.7
15092,373.0,4476.0,64.5
15093,370.0,4440.0,64.6
15094,367.0,4404.0,63.9
15095,362.0,4344.0,64.2
15096,358.0,4296.0,64.2
15097,353.0,4236.0,64.3
15098,362.0,4344.0,64.4
15099,362.0,4344.0,63.7
15100,366.0,4392.0,63.7
15101,369.0,4428.0,63.6
15102,366.0,4392.0,63.7
15103,373.0,4476.0,64.1
15104,375.0,4500.0,63.7
15105,373.0,4476.0,63.9
15106,367.0,4404.0,64.2
15107,365.0,4380.0,63.7
15108,361.0,4332.0,63.9
15109,368.0,4416.0,64.0
15110,381.0,4572.0,63.3
15111,373.0,4476.0,63.6
15112,376.0,4512.0,63.8
15113,370.0,4440.0,63.9
15114,376.0,4512.0,64.2
15115,373.0,4476.0,63.5
15116,378.0,4536.0,63.6
15117,376.0,4512.0,63.5
15118,376.0,4512.0,64.0
15119,373.0,4476.0,63.7
15120,373.0,4476.0,64.3
15121,373.0,4476.0,64.1
15122,382.0,4584.0,64.1
15123,381.0,4572.0,64.0
15124,379.0,4548.0,64.4
15125,379.0,4548.0,64.6
15126,381.0,4572.0,64.2
15127,391.0,4692.0,64.0
15128,393.0,4716.0,64.1
15129,391.0,4692.0,64.2
15130,385.0,4620.0,64.0
15131,387.0,4644.0,63.8
15132,376.0,4512.0,63.9
15133,388.0,4656.0,64.1
15134,385.0,4620.0,64.0
15135,396.0,4752.0,64.4
15136,399.0,4788.0,64.2
15137,400.0,4800.0,64.0
15138,395.0,4740.0,64.0
15139,399.0,4788.0,64.3
15140,404.0,4848.0,64.2
15141,404.0,4848.0,64.4
15142,399.0,4788.0,64.7
15143,399.0,4788.0,65.0
15144,399.0,4788.0,64.8
15145,402.0,4824.0,65.1
15146,414.0,4968.0,64.7
15147,419.0,5028.0,64.8
15148,420.0,5040.0,64.7
15149,440.0,5280.0,64.8
15150,424.0,5088.0,64.3
15151,429.0,5148.0,64.3
15152,437.0,5244.0,64.6
15153,457.0,5484.0,64.6
15154,455.0,5460.0,64.4
15155,462.0,5544.0,64.6
15156,490.0,5880.0,63.8
15157,457.0,5484.0,63.6
15158,460.0,5520.0,64.0
15159,458.0,5496.0,64.3
15160,471.0,5652.0,64.1
15161,469.0,5628.0,64.3
15162,460.0,5520.0,64.1
15163,444.0,5328.0,64.2
15164,451.0,5412.0,63.8
15165,462.0,5544.0,63.8
15166,452.0,5424.0,63.5
15167,457.0,5484.0,63.9
15168,460.0,5520.0,63.4
15169,458.0,5496.0,63.7
15170,452.0,5424.0,64.0
15171,452.0,5424.0,64.4
15172,440.0,5280.0,64.7
15173,437.0,5244.0,62.4
15174,427.0,5124.0,63.7
15175,429.0,5148.0,63.7
15176,445.0,5340.0,63.8
15177,455.0,5460.0,64.0
15178,448.0,5376.0,63.9
15179,437.0,5244.0,64.7
15180,442.0,5304.0,64.0
15181,454.0,5448.0,65.2
15182,474.0,5688.0,65.3
15183,468.0,5616.0,64.6
15184,463.0,5556.0,64.5
15185,448.0,5376.0,64.6
15186,460.0,5520.0,64.9
15187,479.0,5748.0,65.0
15188,473.0,5676.0,65.7
15189,458.0,5496.0,66.2
15190,449.0,5388.0,66.9
15191,452.0,5424.0,67.2
15192,437.0,5244.0,67.4
15193,416.0,4992.0,67.5
15194,422.0,5064.0,67.4
15195,414.0,4968.0,68.0
15196,414.0,4968.0,68.3
15197,419.0,5028.0,68.4
15198,411.0,4932.0,68.6
15199,358.0,4296.0,68.8
15200,352.0,4224.0,68.9
15201,335.0,4020.0,68.9
15202,361.0,4332.0,69.5
15203,341.0,4092.0,69.7
15204,318.0,3816.0,69.7
15205,332.0,3984.0,70.0
15206,335.0,4020.0,70.0
15207,341.0,4092.0,69.8
15208,317.0,3804.0,69.9
15209,309.0,3708.0,69.9
15210,309.0,3708.0,69.5
15211,299.0,3588.0,69.3
15212,288.0,3456.0,68.9
15213,303.0,3636.0,68.7
15214,277.0,3324.0,68.5
15215,285.0,3420.0,68.6
15216,268.0,3216.0,68.7
15217,262.0,3144.0,68.6
15218,276.0,3312.0,68.6
15219,262.0,3144.0,68.8
15220,280.0,3360.0,68.6
15221,272.0,3264.0,68.4
15222,255.0,3060.0,68.8
15223,257.0,3084.0,68.4
15224,262.0,3144.0,68.7
15225,242.0,2904.0,68.7
15226,261.0,3132.0,68.6
15227,242.0,2904.0,68.9
15228,239.0,2868.0,69.6
15229,224.0,2688.0,69.8
15230,233.0,2796.0,70.1
15231,234.0,2808.0,70.6
15232,244.0,2928.0,70.7
15233,239.0,2868.0,70.6
15234,244.0,2928.0,70.3
15235,227.0,2724.0,70.4
15236,227.0,2724.0,70.6
15237,212.0,2544.0,70.8
15238,219.0,2628.0,70.6
15239,208.0,2496.0,70.6
15240,204.0,2448.0,70.8
15241,209.0,2508.0,70.5
15242,204.0,2448.0,70.4
15243,212.0,2544.0,70.6
15244,200.0,2400.0,70.0
15245,190.0,2280.0,70.3
15246,165.0,1980.0,70.3
15247,175.0,2100.0,70.2
15248,167.0,2004.0,70.6
15249,163.0,1956.0,70.5
15250,149.0,1788.0,70.1
15251,149.0,1788.0,69.8
15252,145.0,1740.0,70.1
15253,144.0,1728.0,70.2
15254,154.0,1848.0,70.2
15255,141.0,1692.0,70.2
15256,155.0,1860.0,70.0
15257,146.0,1752.0,70.1
15258,123.0,1476.0,70.2
15259,122.0,1464.0,70.1
15260,128.0,1536.0,69.4
15261,115.0,1380.0,69.8
15262,122.0,1464.0,69.6
15263,104.0,1248.0,69.4
15264,100.0,1200.0,70.7
15265,100.0,1200.0,70.8
15266,100.0,1200.0,70.4
15267,98.0,1176.0,70.2
15268,91.0,1092.0,70.0
15269,91.0,1092.0,70.0
15270,85.0,1020.0,69.8
15271,78.0,936.0,69.6
15272,77.0,924.0,69.8
15273,77.0,924.0,69.8
15274,81.0,972.0,68.8
15275,72.0,864.0,68.7
15276,67.0,804.0,69.1
15277,70.0,840.0,69.7
15278,64.0,768.0,69.8
15279,67.0,804.0,69.9
15280,64.0,768.0,69.2
15281,59.0,708.0,69.2
15282,61.0,732.0,69.5
15283,64.0,768.0,68.9
15284,61.0,732.0,68.8
15285,55.0,660.0,68.8
15286,57.0,684.0,68.7
15287,61.0,732.0,69.1
15288,52.0,624.0,69.2
15289,50.0,600.0,68.9
15290,59.0,708.0,69.1
15291,62.0,744.0,68.8
15292,67.0,804.0,68.9
15293,64.0,768.0,69.2
15294,57.0,684.0,68.7
15295,55.0,660.0,68.7
15296,52.0,624.0,68.7
15297,53.0,636.0,69.0
15298,53.0,636.0,68.9
15299,53.0,636.0,68.8
15300,59.0,708.0,68.6
15301,53.0,636.0,68.3
15302,62.0,744.0,68.6
15303,64.0,768.0,68.7
15304,60.0,720.0,68.8
15305,62.0,744.0,68.7
15306,67.0,804.0,68.9
15307,72.0,864.0,69.3
15308,77.0,924.0,69.6
15309,85.0,1020.0,69.6
15310,82.0,984.0,69.6
15311,77.0,924.0,69.5
15312,82.0,984.0,68.8
15313,78.0,936.0,68.8
15314,91.0,1092.0,69.1
15315,100.0,1200.0,69.3
15316,111.0,1332.0,69.2
15317,123.0,1476.0,69.9
15318,137.0,1644.0,69.5
15319,155.0,1860.0,69.8
15320,172.0,2064.0,70.4
15321,182.0,2184.0,70.1
15322,175.0,2100.0,70.7
15323,175.0,2100.0,70.2
15324,186.0,2232.0,70.1
15325,201.0,2412.0,70.2
15326,225.0,2700.0,70.3
15327,247.0,2964.0,70.2
15328,268.0,3216.0,71.1
15329,279.0,3348.0,70.6
15330,302.0,3624.0,70.3
15331,321.0,3852.0,70.1
15332,339.0,4068.0,70.6
15333,355.0,4260.0,71.1
15334,349.0,4188.0,71.1
15335,320.0,3840.0,70.7
15336,314.0,3768.0,68.1
15337,322.0,3864.0,66.9
15338,337.0,4044.0,66.5
15339,355.0,4260.0,66.3
15340,288.0,3456.0,66.1
15341,288.0,3456.0,66.0
15342,298.0,3576.0,66.1
15343,270.0,3240.0,66.1
15344,294.0,3528.0,66.2
15345,308.0,3696.0,66.2
15346,332.0,3984.0,66.3
15347,355.0,4260.0,66.5
15348,352.0,4224.0,66.4
15349,339.0,4068.0,66.4
15350,358.0,4296.0,66.3
15351,329.0,3948.0,66.6
15352,318.0,3816.0,66.4
15353,301.0,3612.0,66.5
15354,291.0,3492.0,66.5
15355,352.0,4224.0,66.2
15356,395.0,4740.0,65.9
15357,379.0,4548.0,65.7
15358,373.0,4476.0,65.4
15359,358.0,4296.0,65.6
15360,329.0,3948.0,65.8
15361,393.0,4716.0,65.8
15362,393.0,4716.0,65.5
15363,349.0,4188.0,66.1
15364,366.0,4392.0,65.7
15365,393.0,4716.0,65.9
15366,393.0,4716.0,66.0
15367,396.0,4752.0,66.2
15368,395.0,4740.0,65.7
15369,399.0,4788.0,65.8
15370,391.0,4692.0,66.0
15371,379.0,4548.0,65.7
15372,373.0,4476.0,65.2
15373,362.0,4344.0,64.9
15374,368.0,4416.0,64.8
15375,368.0,4416.0,64.6
15376,366.0,4392.0,64.5
15377,368.0,4416.0,64.5
15378,362.0,4344.0,64.6
15379,365.0,4380.0,64.7
15380,367.0,4404.0,64.7
15381,369.0,4428.0,64.5
15382,359.0,4308.0,64.3
15383,353.0,4236.0,64.1
15384,343.0,4116.0,64.3
15385,346.0,4152.0,64.4
15386,350.0,4200.0,64.4
15387,355.0,4260.0,64.9
15388,347.0,4164.0,64.5
15389,350.0,4200.0,64.3
15390,352.0,4224.0,64.0
15391,358.0,4296.0,64.1
15392,361.0,4332.0,64.0
15393,358.0,4296.0,64.2
15394,358.0,4296.0,64.0
15395,350.0,4200.0,63.9
15396,343.0,4116.0,63.9
15397,355.0,4260.0,63.9
15398,358.0,4296.0,63.8
15399,363.0,4356.0,63.9
15400,361.0,4332.0,64.1
15401,361.0,4332.0,64.3
15402,355.0,4260.0,64.0
15403,368.0,4416.0,64.5
15404,373.0,4476.0,64.4
15405,369.0,4428.0,64.2
15406,361.0,4332.0,64.5
15407,359.0,4308.0,64.4
15408,358.0,4296.0,64.2
15409,359.0,4308.0,64.2
15410,368.0,4416.0,64.3
15411,370.0,4440.0,64.4
15412,367.0,4404.0,64.5
15413,368.0,4416.0,64.4
15414,373.0,4476.0,64.2
15415,375.0,4500.0,64.3
15416,370.0,4440.0,64.9
15417,368.0,4416.0,64.4
15418,366.0,4392.0,64.6
15419,368.0,4416.0,64.8
15420,360.0,4320.0,64.3
15421,358.0,4296.0,64.2
15422,369.0,4428.0,65.3
15423,376.0,4512.0,65.2
15424,373.0,4476.0,65.2
15425,378.0,4536.0,64.8
15426,375.0,4500.0,64.5
15427,381.0,4572.0,64.8
15428,385.0,4620.0,64.3
15429,391.0,4692.0,64.3
15430,391.0,4692.0,64.1
15431,391.0,4692.0,64.2
15432,391.0,4692.0,64.2
15433,393.0,4716.0,64.2
15434,402.0,4824.0,64.4
15435,411.0,4932.0,64.4
15436,413.0,4956.0,64.5
15437,419.0,5028.0,64.3
15438,419.0,5028.0,64.4
15439,426.0,5112.0,64.3
15440,434.0,5208.0,64.4
15441,454.0,5448.0,64.9
15442,478.0,5736.0,64.7
15443,486.0,5832.0,64.3
15444,489.0,5868.0,64.2
15445,487.0,5844.0,64.0
15446,469.0,5628.0,63.7
15447,487.0,5844.0,64.0
15448,499.0,5988.0,63.8
15449,481.0,5772.0,63.4
15450,489.0,5868.0,63.8
15451,478.0,5736.0,63.2
15452,463.0,5556.0,63.2
15453,449.0,5388.0,62.2
15454,474.0,5688.0,62.9
15455,460.0,5520.0,63.2
15456,452.0,5424.0,63.7
15457,471.0,5652.0,64.1
15458,467.0,5604.0,64.4
15459,444.0,5328.0,64.6
15460,445.0,5340.0,64.6
15461,463.0,5556.0,64.7
15462,445.0,5340.0,65.1
15463,430.0,5160.0,65.2
15464,457.0,5484.0,64.6
15465,442.0,5304.0,62.7
15466,467.0,5604.0,63.3
15467,449.0,5388.0,63.2
15468,444.0,5328.0,63.3
15469,456.0,5472.0,64.4
15470,479.0,5748.0,64.4
15471,460.0,5520.0,64.2
15472,478.0,5736.0,63.7
15473,483.0,5796.0,63.1
15474,468.0,5616.0,62.2
15475,466.0,5592.0,61.9
15476,456.0,5472.0,63.7
15477,456.0,5472.0,66.1
15478,449.0,5388.0,66.8
15479,478.0,5736.0,67.2
15480,448.0,5376.0,67.2
15481,411.0,4932.0,67.5
15482,395.0,4740.0,67.7
15483,407.0,4884.0,68.2
15484,395.0,4740.0,68.5
15485,400.0,4800.0,68.7
15486,366.0,4392.0,68.7
15487,349.0,4188.0,68.8
15488,379.0,4548.0,68.9
15489,363.0,4356.0,69.1
15490,355.0,4260.0,69.2
15491,333.0,3996.0,69.8
15492,321.0,3852.0,68.9
15493,327.0,3924.0,69.1
15494,332.0,3984.0,69.6
15495,339.0,4068.0,69.5
15496,333.0,3996.0,69.7
15497,326.0,3912.0,69.9
15498,324.0,3888.0,69.8
15499,305.0,3660.0,69.3
15500,309.0,3708.0,69.2
15501,305.0,3660.0,68.8
15502,308.0,3696.0,68.5
15503,301.0,3612.0,68.3
15504,291.0,3492.0,68.3
15505,300.0,3600.0,68.5
15506,288.0,3456.0,68.6
15507,273.0,3276.0,68.4
15508,286.0,3432.0,68.7
15509,291.0,3492.0,68.6
15510,283.0,3396.0,68.5
15511,268.0,3216.0,68.5
15512,268.0,3216.0,68.6
15513,251.0,3012.0,68.7
15514,265.0,3180.0,68.8
15515,242.0,2904.0,68.8
15516,253.0,3036.0,69.6
15517,251.0,3012.0,69.8
15518,235.0,2820.0,70.0
15519,254.0,3048.0,70.3
15520,247.0,2964.0,70.2
15521,259.0,3108.0,70.4
15522,232.0,2784.0,70.5
15523,225.0,2700.0,70.2
15524,227.0,2724.0,70.1
15525,244.0,2928.0,69.9
15526,218.0,2616.0,70.1
15527,225.0,2700.0,69.8
15528,213.0,2556.0,69.7
15529,221.0,2652.0,70.0
15530,205.0,2460.0,70.0
15531,224.0,2688.0,70.0
15532,209.0,2508.0,70.5
15533,194.0,2328.0,70.5
15534,175.0,2100.0,70.5
15535,182.0,2184.0,70.2
15536,175.0,2100.0,70.1
15537,172.0,2064.0,70.1
15538,172.0,2064.0,69.9
15539,147.0,1764.0,69.7
15540,144.0,1728.0,69.9
15541,149.0,1788.0,70.1
15542,158.0,1896.0,70.0
15543,151.0,1812.0,70.4
15544,151.0,1812.0,70.3
15545,131.0,1572.0,70.4
15546,131.0,1572.0,70.4
15547,123.0,1476.0,70.1
15548,120.0,1440.0,70.0
15549,123.0,1476.0,69.9
15550,116.0,1392.0,69.6
15551,108.0,1296.0,69.9
15552,100.0,1200.0,70.6
15553,100.0,1200.0,70.3
15554,109.0,1308.0,70.4
15555,109.0,1308.0,70.4
15556,100.0,1200.0,69.8
15557,90.0,1080.0,70.2
15558,82.0,984.0,69.9
15559,75.0,900.0,69.7
15560,78.0,936.0,69.5
15561,79.0,948.0,69.1
15562,72.0,864.0,69.2
15563,72.0,864.0,69.2
15564,67.0,804.0,69.5
15565,67.0,804.0,69.1
15566,72.0,864.0,69.3
15567,75.0,900.0,69.5
15568,74.0,888.0,69.4
15569,62.0,744.0,69.2
15570,64.0,768.0,69.1
15571,55.0,660.0,69.2
15572,67.0,804.0,69.0
15573,67.0,804.0,69.1
15574,67.0,804.0,68.8
15575,60.0,720.0,69.0
15576,59.0,708.0,69.3
15577,64.0,768.0,69.4
15578,64.0,768.0,69.3
15579,64.0,768.0,69.1
15580,62.0,744.0,69.3
15581,55.0,660.0,68.9
15582,50.0,600.0,68.9
15583,55.0,660.0,68.7
15584,52.0,624.0,68.8
15585,59.0,708.0,68.8
15586,57.0,684.0,68.6
15587,50.0,600.0,68.6
15588,50.0,600.0,68.5
15589,52.0,624.0,68.5
15590,57.0,684.0,68.4
15591,62.0,744.0,68.6
15592,61.0,732.0,68.6
15593,62.0,744.0,69.0
15594,64.0,768.0,68.8
15595,70.0,840.0,68.8
15596,78.0,936.0,69.0
15597,81.0,972.0,69.5
15598,78.0,936.0,69.3
15599,79.0,948.0,69.3
15600,79.0,948.0,69.1
15601,85.0,1020.0,69.2
15602,98.0,1176.0,69.1
15603,101.0,1212.0,69.3
15604,111.0,1332.0,69.6
15605,127.0,1524.0,69.5
15606,142.0,1704.0,69.7
15607,149.0,1788.0,70.0
15608,175.0,2100.0,70.3
15609,186.0,2232.0,70.1
15610,178.0,2136.0,70.2
15611,171.0,2052.0,70.3
15612,175.0,2100.0,70.1
15613,190.0,2280.0,70.0
15614,227.0,2724.0,70.0
15615,250.0,3000.0,70.5
15616,261.0,3132.0,70.4
15617,277.0,3324.0,70.3
15618,299.0,3588.0,69.4
15619,318.0,3816.0,69.9
15620,343.0,4116.0,70.4
15621,352.0,4224.0,70.2
15622,344.0,4128.0,70.2
15623,320.0,3840.0,70.4
15624,320.0,3840.0,67.9
15625,322.0,3864.0,66.9
15626,328.0,3936.0,66.3
15627,306.0,3672.0,66.1
15628,343.0,4116.0,66.0
15629,321.0,3852.0,66.1
15630,318.0,3816.0,66.1
15631,328.0,3936.0,66.1
15632,382.0,4584.0,66.2
15633,338.0,4056.0,66.3
15634,338.0,4056.0,66.3
15635,373.0,4476.0,66.5
15636,399.0,4788.0,66.5
15637,376.0,4512.0,66.5
15638,341.0,4092.0,66.3
15639,361.0,4332.0,66.3
15640,381.0,4572.0,66.3
15641,309.0,3708.0,66.5
15642,350.0,4200.0,66.3
15643,384.0,4608.0,66.4
15644,411.0,4932.0,66.1
15645,436.0,5232.0,66.0
15646,433.0,5196.0,66.1
15647,406.0,4872.0,66.0
15648,396.0,4752.0,66.1
15649,396.0,4752.0,65.8
15650,402.0,4824.0,66.0
15651,404.0,4848.0,65.8
15652,400.0,4800.0,65.7
15653,395.0,4740.0,66.0
15654,389.0,4668.0,65.6
15655,402.0,4824.0,65.8
15656,399.0,4788.0,65.7
15657,396.0,4752.0,65.6
15658,396.0,4752.0,65.6
15659,381.0,4572.0,65.7
15660,367.0,4404.0,65.7
15661,361.0,4332.0,65.3
15662,363.0,4356.0,65.2
15663,367.0,4404.0,65.1
15664,366.0,4392.0,65.1
15665,368.0,4416.0,64.8
15666,367.0,4404.0,64.8
15667,367.0,4404.0,64.8
15668,373.0,4476.0,64.7
15669,365.0,4380.0,64.2
15670,361.0,4332.0,64.2
15671,352.0,4224.0,64.2
15672,346.0,4152.0,64.1
15673,340.0,4080.0,64.3
15674,350.0,4200.0,64.3
15675,350.0,4200.0,63.9
15676,349.0,4188.0,64.0
15677,352.0,4224.0,64.1
15678,355.0,4260.0,64.2
15679,358.0,4296.0,63.7
15680,361.0,4332.0,64.1
15681,362.0,4344.0,64.0
15682,359.0,4308.0,64.0
15683,353.0,4236.0,63.4
15684,347.0,4164.0,64.1
15685,353.0,4236.0,64.2
15686,365.0,4380.0,64.0
15687,361.0,4332.0,63.9
15688,355.0,4260.0,64.4
15689,353.0,4236.0,64.5
15690,353.0,4236.0,63.8
15691,358.0,4296.0,64.4
15692,358.0,4296.0,64.4
15693,363.0,4356.0,63.8
15694,363.0,4356.0,64.0
15695,360.0,4320.0,64.3
15696,368.0,4416.0,64.2
15697,370.0,4440.0,64.2
15698,373.0,4476.0,64.0
15699,379.0,4548.0,64.2
15700,375.0,4500.0,64.2
15701,376.0,4512.0,64.9
15702,375.0,4500.0,64.5
15703,375.0,4500.0,64.4
15704,384.0,4608.0,64.1
15705,379.0,4548.0,64.3
15706,376.0,4512.0,64.1
15707,381.0,4572.0,64.2
15708,376.0,4512.0,64.3
15709,379.0,4548.0,64.1
15710,381.0,4572.0,64.1
15711,391.0,4692.0,64.4
15712,391.0,4692.0,64.8
15713,399.0,4788.0,64.5
15714,391.0,4692.0,64.4
15715,396.0,4752.0,64.6
15716,402.0,4824.0,64.2
15717,411.0,4932.0,64.3
15718,407.0,4884.0,64.5
15719,406.0,4872.0,64.5
15720,402.0,4824.0,64.5
15721,404.0,4848.0,64.2
15722,414.0,4968.0,64.6
15723,419.0,5028.0,64.6
15724,424.0,5088.0,64.5
15725,428.0,5136.0,64.5
15726,434.0,5208.0,64.4
15727,430.0,5160.0,64.6
15728,442.0,5304.0,64.6
15729,466.0,5592.0,64.6
15730,452.0,5424.0,64.6
15731,448.0,5376.0,64.5
15732,467.0,5604.0,63.7
15733,448.0,5376.0,64.1
15734,449.0,5388.0,64.0
15735,462.0,5544.0,63.8
15736,460.0,5520.0,64.0
15737,466.0,5592.0,63.8
15738,481.0,5772.0,63.7
15739,455.0,5460.0,64.1
15740,448.0,5376.0,64.4
15741,454.0,5448.0,62.6
15742,455.0,5460.0,61.1
15743,462.0,5544.0,61.1
15744,467.0,5604.0,61.3
15745,460.0,5520.0,62.2
15746,484.0,5808.0,62.6
15747,463.0,5556.0,62.8
15748,448.0,5376.0,62.6
15749,460.0,5520.0,61.3
15750,468.0,5616.0,61.9
15751,478.0,5736.0,62.5
15752,462.0,5544.0,63.8
15753,451.0,5412.0,62.4
15754,449.0,5388.0,62.9
15755,443.0,5316.0,63.1
15756,434.0,5208.0,63.6
15757,449.0,5388.0,62.8
15758,463.0,5556.0,62.5
15759,462.0,5544.0,62.7
15760,462.0,5544.0,62.7
15761,454.0,5448.0,63.0
15762,448.0,5376.0,63.7
15763,466.0,5592.0,64.4
15764,463.0,5556.0,64.6
15765,433.0,5196.0,64.9
15766,426.0,5112.0,65.0
15767,452.0,5424.0,66.4
15768,437.0,5244.0,66.9
15769,422.0,5064.0,67.4
15770,436.0,5232.0,67.5
15771,424.0,5088.0,67.7
15772,408.0,4896.0,67.8
15773,424.0,5088.0,68.1
15774,419.0,5028.0,68.1
15775,393.0,4716.0,68.3
15776,368.0,4416.0,68.2
15777,373.0,4476.0,68.2
15778,360.0,4320.0,68.6
15779,340.0,4080.0,68.5
15780,324.0,3888.0,68.6
15781,343.0,4116.0,68.8
15782,343.0,4116.0,68.8
15783,353.0,4236.0,69.0
15784,339.0,4068.0,68.8
15785,343.0,4116.0,68.9
15786,335.0,4020.0,68.8
15787,308.0,3696.0,68.7
15788,306.0,3672.0,68.5
15789,301.0,3612.0,68.5
15790,305.0,3660.0,68.4
15791,312.0,3744.0,68.3
15792,286.0,3432.0,68.5
15793,296.0,3552.0,68.4
15794,299.0,3588.0,68.7
15795,316.0,3792.0,68.7
15796,279.0,3348.0,68.6
15797,280.0,3360.0,68.6
15798,291.0,3492.0,68.5
15799,292.0,3504.0,68.4
15800,265.0,3180.0,68.9
15801,270.0,3240.0,68.8
15802,272.0,3264.0,68.7
15803,274.0,3288.0,68.9
15804,276.0,3312.0,69.4
15805,257.0,3084.0,70.0
15806,257.0,3084.0,70.2
15807,259.0,3108.0,69.8
15808,254.0,3048.0,70.2
15809,265.0,3180.0,70.1
15810,249.0,2988.0,70.0
15811,247.0,2964.0,70.1
15812,242.0,2904.0,69.9
15813,242.0,2904.0,70.1
15814,249.0,2988.0,70.1
15815,227.0,2724.0,70.1
15816,225.0,2700.0,70.2
15817,206.0,2472.0,70.0
15818,218.0,2616.0,70.1
15819,218.0,2616.0,70.4
15820,203.0,2436.0,70.2
15821,203.0,2436.0,69.9
15822,184.0,2208.0,69.9
15823,194.0,2328.0,69.9
15824,186.0,2232.0,69.9
15825,180.0,2160.0,70.0
15826,168.0,2016.0,69.9
15827,163.0,1956.0,69.7
15828,158.0,1896.0,69.9
15829,142.0,1704.0,70.8
15830,160.0,1920.0,70.0
15831,165.0,1980.0,70.0
15832,146.0,1752.0,69.7
15833,146.0,1752.0,69.3
15834,134.0,1608.0,69.5
15835,134.0,1608.0,69.3
15836,136.0,1632.0,69.0
15837,129.0,1548.0,69.4
15838,117.0,1404.0,69.1
15839,119.0,1428.0,69.0
15840,108.0,1296.0,70.9
15841,109.0,1308.0,70.4
15842,111.0,1332.0,70.3
15843,113.0,1356.0,70.3
15844,98.0,1176.0,69.4
15845,85.0,1020.0,69.6
15846,95.0,1140.0,69.3
15847,81.0,972.0,69.0
15848,82.0,984.0,69.4
15849,79.0,948.0,69.0
15850,74.0,888.0,69.2
15851,75.0,900.0,69.0
15852,67.0,804.0,69.3
15853,67.0,804.0,69.1
15854,75.0,900.0,69.4
15855,64.0,768.0,69.5
15856,72.0,864.0,69.2
15857,67.0,804.0,69.6
15858,62.0,744.0,69.2
15859,62.0,744.0,69.0
15860,72.0,864.0,68.9
15861,72.0,864.0,68.9
15862,70.0,840.0,69.3
15863,60.0,720.0,68.9
15864,59.0,708.0,69.0
15865,55.0,660.0,69.5
15866,64.0,768.0,69.5
15867,70.0,840.0,69.9
15868,56.0,672.0,69.4
15869,60.0,720.0,69.0
15870,55.0,660.0,69.0
15871,53.0,636.0,68.9
15872,60.0,720.0,69.0
15873,57.0,684.0,68.9
15874,60.0,720.0,68.6
15875,55.0,660.0,68.4
15876,52.0,624.0,68.5
15877,55.0,660.0,68.6
15878,59.0,708.0,69.0
15879,60.0,720.0,68.9
15880,62.0,744.0,69.2
15881,64.0,768.0,68.9
15882,67.0,804.0,69.0
15883,74.0,888.0,69.1
15884,77.0,924.0,69.3
15885,85.0,1020.0,69.3
15886,84.0,1008.0,69.4
15887,81.0,972.0,69.6
15888,85.0,1020.0,69.2
15889,88.0,1056.0,69.0
15890,98.0,1176.0,69.1
15891,101.0,1212.0,69.0
15892,119.0,1428.0,69.4
15893,126.0,1512.0,69.5
15894,138.0,1656.0,69.5
15895,163.0,1956.0,69.5
15896,172.0,2064.0,70.1
15897,178.0,2136.0,70.2
15898,184.0,2208.0,70.3
15899,190.0,2280.0,70.2
15900,183.0,2196.0,70.2
15901,201.0,2412.0,70.1
15902,227.0,2724.0,69.9
15903,259.0,3108.0,70.0
15904,267.0,3204.0,70.0
15905,277.0,3324.0,69.9
15906,301.0,3612.0,70.0
15907,324.0,3888.0,70.4
15908,335.0,4020.0,70.3
15909,346.0,4152.0,70.5
15910,343.0,4116.0,71.2
15911,332.0,3984.0,70.7
15912,327.0,3924.0,68.6
15913,329.0,3948.0,67.2
15914,352.0,4224.0,66.7
15915,367.0,4404.0,66.5
15916,389.0,4668.0,66.5
15917,381.0,4572.0,66.3
15918,382.0,4584.0,66.3
15919,400.0,4800.0,66.3
15920,375.0,4500.0,66.4
15921,312.0,3744.0,66.3
15922,379.0,4548.0,66.5
15923,339.0,4068.0,66.6
15924,387.0,4644.0,66.5
15925,355.0,4260.0,66.7
15926,427.0,5124.0,66.5
15927,385.0,4620.0,66.7
15928,424.0,5088.0,66.6
15929,385.0,4620.0,66.6
15930,420.0,5040.0,66.5
15931,393.0,4716.0,66.3
15932,422.0,5064.0,66.3
15933,429.0,5148.0,66.0
15934,434.0,5208.0,66.1
15935,425.0,5100.0,66.2
15936,402.0,4824.0,66.1
15937,396.0,4752.0,65.9
15938,399.0,4788.0,65.8
15939,406.0,4872.0,65.8
15940,402.0,4824.0,65.8
15941,396.0,4752.0,65.7
15942,391.0,4692.0,65.7
15943,391.0,4692.0,65.7
15944,393.0,4716.0,65.7
15945,399.0,4788.0,65.2
15946,402.0,4824.0,65.2
15947,382.0,4584.0,65.4
15948,369.0,4428.0,65.1
15949,367.0,4404.0,65.1
15950,370.0,4440.0,64.8
15951,373.0,4476.0,64.7
15952,373.0,4476.0,64.4
15953,370.0,4440.0,64.4
15954,366.0,4392.0,64.5
15955,366.0,4392.0,64.7
15956,368.0,4416.0,64.7
15957,373.0,4476.0,64.4
15958,370.0,4440.0,64.5
15959,366.0,4392.0,64.3
15960,358.0,4296.0,64.3
15961,355.0,4260.0,63.9
15962,359.0,4308.0,64.0
15963,365.0,4380.0,63.9
15964,363.0,4356.0,63.9
15965,365.0,4380.0,63.9
15966,365.0,4380.0,63.9
15967,365.0,4380.0,63.9
15968,369.0,4428.0,64.0
15969,369.0,4428.0,63.9
15970,368.0,4416.0,64.0
15971,363.0,4356.0,64.2
15972,359.0,4308.0,64.3
15973,362.0,4344.0,63.9
15974,366.0,4392.0,63.8
15975,373.0,4476.0,63.8
15976,369.0,4428.0,64.0
15977,376.0,4512.0,63.9
15978,376.0,4512.0,63.9
15979,375.0,4500.0,63.9
15980,379.0,4548.0,64.1
15981,378.0,4536.0,64.3
15982,382.0,4584.0,64.0
15983,378.0,4536.0,64.0
15984,370.0,4440.0,64.5
15985,379.0,4548.0,64.5
15986,376.0,4512.0,64.0
15987,381.0,4572.0,64.2
15988,385.0,4620.0,64.2
15989,382.0,4584.0,65.0
15990,381.0,4572.0,65.0
15991,391.0,4692.0,64.9
15992,387.0,4644.0,64.9
15993,391.0,4692.0,64.2
15994,389.0,4668.0,64.4
15995,379.0,4548.0,64.6
15996,384.0,4608.0,64.1
15997,385.0,4620.0,64.9
15998,387.0,4644.0,65.1
15999,393.0,4716.0,64.5
16000,400.0,4800.0,64.2
16001,391.0,4692.0,63.8
16002,391.0,4692.0,63.9
16003,399.0,4788.0,64.2
16004,407.0,4884.0,64.2
16005,416.0,4992.0,64.3
16006,407.0,4884.0,64.1
16007,411.0,4932.0,63.9
16008,408.0,4896.0,63.5
16009,410.0,4920.0,63.7
16010,422.0,5064.0,63.6
16011,427.0,5124.0,63.8
16012,442.0,5304.0,63.8
16013,429.0,5148.0,64.0
16014,429.0,5148.0,63.8
16015,433.0,5196.0,63.9
16016,442.0,5304.0,63.8
16017,462.0,5544.0,63.3
16018,460.0,5520.0,62.8
16019,469.0,5628.0,62.7
16020,471.0,5652.0,62.0
16021,452.0,5424.0,61.6
16022,483.0,5796.0,60.9
16023,468.0,5616.0,60.9
16024,462.0,5544.0,60.6
16025,469.0,5628.0,60.4
16026,440.0,5280.0,60.0
16027,474.0,5688.0,60.0
16028,473.0,5676.0,60.0
16029,460.0,5520.0,59.2
16030,445.0,5340.0,57.6
16031,448.0,5376.0,58.0
16032,458.0,5496.0,56.2
16033,449.0,5388.0,57.5
16034,454.0,5448.0,58.9
16035,454.0,5448.0,58.3
16036,467.0,5604.0,58.6
16037,451.0,5412.0,59.1
16038,460.0,5520.0,59.1
16039,445.0,5340.0,59.2
16040,455.0,5460.0,59.5
16041,460.0,5520.0,59.9
16042,454.0,5448.0,59.8
16043,460.0,5520.0,59.1
16044,445.0,5340.0,59.4
16045,445.0,5340.0,59.8
16046,460.0,5520.0,59.6
16047,460.0,5520.0,58.8
16048,452.0,5424.0,58.5
16049,448.0,5376.0,57.2
16050,456.0,5472.0,59.1
16051,445.0,5340.0,59.2
16052,445.0,5340.0,59.5
16053,467.0,5604.0,59.8
16054,454.0,5448.0,60.5
16055,425.0,5100.0,61.3
16056,428.0,5136.0,62.7
16057,436.0,5232.0,65.3
16058,458.0,5496.0,66.1
16059,434.0,5208.0,66.7
16060,410.0,4920.0,67.1
16061,422.0,5064.0,67.4
16062,429.0,5148.0,67.8
16063,419.0,5028.0,68.1
16064,400.0,4800.0,68.0
16065,411.0,4932.0,68.2
16066,422.0,5064.0,68.4
16067,391.0,4692.0,68.7
16068,363.0,4356.0,68.8
16069,385.0,4620.0,69.1
16070,352.0,4224.0,68.9
16071,370.0,4440.0,69.0
16072,350.0,4200.0,69.1
16073,352.0,4224.0,68.9
16074,346.0,4152.0,68.7
16075,350.0,4200.0,68.4
16076,314.0,3768.0,68.4
16077,333.0,3996.0,68.3
16078,343.0,4116.0,68.2
16079,318.0,3816.0,68.1
16080,340.0,4080.0,68.4
16081,322.0,3864.0,68.3
16082,324.0,3888.0,68.4
16083,339.0,4068.0,68.6
16084,332.0,3984.0,68.3
16085,333.0,3996.0,68.6
16086,324.0,3888.0,68.4
16087,312.0,3744.0,68.7
16088,316.0,3792.0,68.6
16089,305.0,3660.0,69.2
16090,294.0,3528.0,69.3
16091,277.0,3324.0,68.9
16092,276.0,3312.0,69.7
16093,285.0,3420.0,69.8
16094,280.0,3360.0,69.8
16095,298.0,3576.0,70.1
16096,299.0,3588.0,70.2
16097,283.0,3396.0,69.9
16098,296.0,3552.0,69.6
16099,280.0,3360.0,70.3
16100,267.0,3204.0,70.3
16101,254.0,3048.0,70.2
16102,261.0,3132.0,70.3
16103,259.0,3108.0,70.4
16104,238.0,2856.0,70.1
16105,238.0,2856.0,70.6
16106,247.0,2964.0,70.7
16107,233.0,2796.0,70.3
16108,233.0,2796.0,70.2
16109,228.0,2736.0,70.0
16110,221.0,2652.0,70.3
16111,219.0,2628.0,70.4
16112,216.0,2592.0,70.0
16113,194.0,2328.0,70.4
16114,193.0,2316.0,69.9
16115,177.0,2124.0,70.2
16116,175.0,2100.0,69.8
16117,167.0,2004.0,70.2
16118,175.0,2100.0,70.0
16119,163.0,1956.0,70.4
16120,163.0,1956.0,70.1
16121,157.0,1884.0,70.1
16122,152.0,1824.0,70.0
16123,139.0,1668.0,69.7
16124,151.0,1812.0,69.9
16125,146.0,1752.0,69.8
16126,134.0,1608.0,70.0
16127,119.0,1428.0,69.8
16128,119.0,1428.0,71.1
16129,126.0,1512.0,70.4
16130,125.0,1500.0,70.6
16131,119.0,1428.0,70.0
16132,111.0,1332.0,69.7
16133,96.0,1152.0,69.4
16134,93.0,1116.0,69.5
16135,97.0,1164.0,69.6
16136,96.0,1152.0,69.2
16137,88.0,1056.0,69.3
16138,84.0,1008.0,69.1
16139,77.0,924.0,69.7
16140,79.0,948.0,69.8
16141,85.0,1020.0,69.8
16142,75.0,900.0,69.3
16143,84.0,1008.0,70.0
16144,75.0,900.0,70.0
16145,77.0,924.0,69.4
16146,72.0,864.0,69.1
16147,74.0,888.0,69.4
16148,77.0,924.0,69.5
16149,72.0,864.0,69.4
16150,67.0,804.0,69.0
16151,64.0,768.0,69.0
16152,67.0,804.0,69.3
16153,64.0,768.0,69.5
16154,64.0,768.0,69.4
16155,64.0,768.0,69.8
16156,75.0,900.0,69.5
16157,67.0,804.0,69.2
16158,62.0,744.0,69.1
16159,67.0,804.0,69.3
16160,61.0,732.0,68.9
16161,61.0,732.0,69.0
16162,62.0,744.0,69.1
16163,57.0,684.0,68.9
16164,56.0,672.0,68.8
16165,64.0,768.0,68.5
16166,61.0,732.0,68.8
16167,79.0,948.0,68.9
16168,70.0,840.0,69.6
16169,67.0,804.0,69.5
16170,70.0,840.0,69.3
16171,74.0,888.0,69.2
16172,82.0,984.0,69.1
16173,85.0,1020.0,69.5
16174,82.0,984.0,69.6
16175,82.0,984.0,69.4
16176,85.0,1020.0,69.2
16177,88.0,1056.0,69.3
16178,101.0,1212.0,69.2
16179,111.0,1332.0,69.4
16180,120.0,1440.0,69.5
16181,136.0,1632.0,69.5
16182,144.0,1728.0,70.0
16183,165.0,1980.0,69.7
16184,167.0,2004.0,69.8
16185,190.0,2280.0,70.5
16186,188.0,2256.0,70.3
16187,186.0,2232.0,70.3
16188,187.0,2244.0,70.0
16189,193.0,2316.0,70.1
16190,224.0,2688.0,70.2
16191,239.0,2868.0,70.1
16192,253.0,3036.0,70.2
16193,272.0,3264.0,70.2
16194,285.0,3420.0,70.5
16195,303.0,3636.0,70.1
16196,321.0,3852.0,70.1
16197,337.0,4044.0,70.4
16198,327.0,3924.0,70.5
16199,306.0,3672.0,70.4
16200,308.0,3696.0,67.8
16201,318.0,3816.0,66.5
16202,332.0,3984.0,66.2
16203,353.0,4236.0,66.0
16204,368.0,4416.0,65.7
16205,373.0,4476.0,65.9
16206,385.0,4620.0,66.0
16207,388.0,4656.0,66.0
16208,391.0,4692.0,65.7
16209,416.0,4992.0,65.8
16210,402.0,4824.0,65.8
16211,385.0,4620.0,65.8
16212,378.0,4536.0,66.1
16213,385.0,4620.0,65.7
16214,402.0,4824.0,65.6
16215,411.0,4932.0,66.3
16216,410.0,4920.0,65.8
16217,420.0,5040.0,65.8
16218,428.0,5136.0,65.7
16219,428.0,5136.0,65.7
16220,432.0,5184.0,65.4
16221,428.0,5136.0,65.6
16222,416.0,4992.0,65.5
16223,408.0,4896.0,65.3
16224,391.0,4692.0,65.0
16225,384.0,4608.0,65.4
16226,384.0,4608.0,65.2
16227,391.0,4692.0,65.2
16228,384.0,4608.0,65.4
16229,382.0,4584.0,65.2
16230,379.0,4548.0,65.2
16231,381.0,4572.0,65.1
16232,388.0,4656.0,65.0
16233,389.0,4668.0,64.9
16234,384.0,4608.0,64.8
16235,379.0,4548.0,64.9
16236,365.0,4380.0,64.6
16237,361.0,4332.0,64.5
16238,359.0,4308.0,64.0
16239,363.0,4356.0,63.8
16240,368.0,4416.0,63.9
16241,370.0,4440.0,63.8
16242,373.0,4476.0,63.9
16243,376.0,4512.0,63.8
16244,381.0,4572.0,63.8
16245,384.0,4608.0,63.6
16246,378.0,4536.0,63.6
16247,370.0,4440.0,63.5
16248,366.0,4392.0,63.5
16249,369.0,4428.0,63.5
16250,376.0,4512.0,63.4
16251,384.0,4608.0,63.1
16252,382.0,4584.0,63.4
16253,381.0,4572.0,63.2
16254,376.0,4512.0,63.3
16255,381.0,4572.0,63.2
16256,391.0,4692.0,63.1
16257,391.0,4692.0,62.7
16258,391.0,4692.0,62.9
16259,385.0,4620.0,62.5
16260,385.0,4620.0,62.7
16261,388.0,4656.0,62.7
16262,402.0,4824.0,62.7
16263,391.0,4692.0,62.6
16264,411.0,4932.0,62.4
16265,419.0,5028.0,62.4
16266,395.0,4740.0,62.5
16267,396.0,4752.0,62.1
16268,399.0,4788.0,62.2
16269,393.0,4716.0,62.2
16270,402.0,4824.0,62.3
16271,395.0,4740.0,62.2
16272,402.0,4824.0,62.6
16273,396.0,4752.0,62.8
16274,402.0,4824.0,62.8
16275,407.0,4884.0,62.6
16276,406.0,4872.0,62.6
16277,408.0,4896.0,62.4
16278,402.0,4824.0,62.7
16279,402.0,4824.0,62.6
16280,411.0,4932.0,62.1
16281,408.0,4896.0,61.3
16282,410.0,4920.0,60.8
16283,402.0,4824.0,61.2
16284,404.0,4848.0,61.4
16285,402.0,4824.0,61.0
16286,410.0,4920.0,61.3
16287,419.0,5028.0,61.3
16288,419.0,5028.0,61.2
16289,414.0,4968.0,61.4
16290,414.0,4968.0,61.4
16291,422.0,5064.0,61.3
16292,425.0,5100.0,61.6
16293,425.0,5100.0,61.0
16294,426.0,5112.0,61.2
16295,424.0,5088.0,60.9
16296,416.0,4992.0,60.4
16297,422.0,5064.0,60.0
16298,426.0,5112.0,60.0
16299,427.0,5124.0,59.6
16300,427.0,5124.0,59.2
16301,428.0,5136.0,58.7
16302,428.0,5136.0,58.7
16303,425.0,5100.0,57.8
16304,430.0,5160.0,58.3
16305,436.0,5232.0,57.5
16306,434.0,5208.0,53.9
16307,432.0,5184.0,55.2
16308,428.0,5136.0,55.1
16309,432.0,5184.0,54.4
16310,434.0,5208.0,55.0
16311,437.0,5244.0,54.5
16312,433.0,5196.0,54.6
16313,432.0,5184.0,54.4
16314,429.0,5148.0,52.0
16315,427.0,5124.0,54.6
16316,436.0,5232.0,51.5
16317,434.0,5208.0,49.0
16318,432.0,5184.0,50.6
16319,424.0,5088.0,52.5
16320,422.0,5064.0,54.7
16321,429.0,5148.0,54.2
16322,430.0,5160.0,54.5
16323,433.0,5196.0,55.2
16324,430.0,5160.0,56.7
16325,429.0,5148.0,57.2
16326,416.0,4992.0,57.4
16327,429.0,5148.0,57.7
16328,430.0,5160.0,57.9
16329,434.0,5208.0,58.2
16330,432.0,5184.0,58.4
16331,424.0,5088.0,58.6
16332,419.0,5028.0,58.9
16333,426.0,5112.0,59.1
16334,437.0,5244.0,59.3
16335,443.0,5316.0,59.6
16336,440.0,5280.0,59.4
16337,430.0,5160.0,59.0
16338,426.0,5112.0,59.1
16339,414.0,4968.0,59.2
16340,414.0,4968.0,59.5
16341,413.0,4956.0,60.0
16342,419.0,5028.0,60.0
16343,396.0,4752.0,60.1
16344,410.0,4920.0,61.2
16345,406.0,4872.0,63.0
16346,417.0,5004.0,65.3
16347,410.0,4920.0,66.2
16348,400.0,4800.0,67.0
16349,411.0,4932.0,67.3
16350,385.0,4620.0,67.4
16351,400.0,4800.0,67.6
16352,411.0,4932.0,67.4
16353,404.0,4848.0,67.8
16354,385.0,4620.0,68.2
16355,381.0,4572.0,68.1
16356,393.0,4716.0,68.5
16357,402.0,4824.0,68.5
16358,396.0,4752.0,68.2
16359,396.0,4752.0,68.6
16360,393.0,4716.0,68.4
16361,376.0,4512.0,68.5
16362,367.0,4404.0,68.3
16363,369.0,4428.0,68.2
16364,358.0,4296.0,68.1
16365,373.0,4476.0,67.7
16366,359.0,4308.0,67.8
16367,352.0,4224.0,67.7
16368,359.0,4308.0,67.8
16369,368.0,4416.0,67.8
16370,373.0,4476.0,68.0
16371,335.0,4020.0,68.0
16372,360.0,4320.0,68.0
16373,369.0,4428.0,68.0
16374,352.0,4224.0,68.1
16375,344.0,4128.0,68.2
16376,347.0,4164.0,68.3
16377,318.0,3816.0,68.4
16378,332.0,3984.0,68.5
16379,333.0,3996.0,68.7
16380,314.0,3768.0,68.8
16381,324.0,3888.0,68.9
16382,350.0,4200.0,69.1
16383,332.0,3984.0,69.3
16384,326.0,3912.0,69.9
16385,308.0,3696.0,69.6
16386,306.0,3672.0,69.6
16387,300.0,3600.0,69.6
16388,302.0,3624.0,70.0
16389,306.0,3672.0,70.0
16390,318.0,3816.0,70.1
16391,283.0,3396.0,70.4
16392,272.0,3264.0,70.3
16393,286.0,3432.0,70.4
16394,296.0,3552.0,70.4
16395,291.0,3492.0,69.9
16396,270.0,3240.0,70.0
16397,267.0,3204.0,69.8
16398,259.0,3108.0,70.0
16399,259.0,3108.0,70.1
16400,228.0,2736.0,70.3
16401,239.0,2868.0,70.4
16402,232.0,2784.0,70.5
16403,227.0,2724.0,70.5
16404,210.0,2520.0,70.4
16405,219.0,2628.0,70.1
16406,206.0,2472.0,70.5
16407,204.0,2448.0,69.9
16408,198.0,2376.0,69.9
16409,200.0,2400.0,70.2
16410,201.0,2412.0,70.0
16411,180.0,2160.0,70.1
16412,186.0,2232.0,70.4
16413,192.0,2304.0,70.2
16414,178.0,2136.0,70.3
16415,178.0,2136.0,70.3
16416,165.0,1980.0,70.6
16417,164.0,1968.0,70.2
16418,157.0,1884.0,70.4
16419,171.0,2052.0,70.1
16420,147.0,1764.0,69.7
16421,144.0,1728.0,69.7
16422,131.0,1572.0,69.8
16423,126.0,1512.0,69.8
16424,128.0,1536.0,69.6
16425,123.0,1476.0,70.2
16426,116.0,1392.0,69.9
16427,111.0,1332.0,70.1
16428,113.0,1356.0,70.4
16429,111.0,1332.0,70.1
16430,111.0,1332.0,70.1
16431,108.0,1296.0,69.9
16432,98.0,1176.0,69.9
16433,100.0,1200.0,70.4
16434,95.0,1140.0,70.1
16435,95.0,1140.0,70.0
16436,93.0,1116.0,69.9
16437,90.0,1080.0,69.9
16438,90.0,1080.0,70.4
16439,90.0,1080.0,70.0
16440,93.0,1116.0,70.4
16441,88.0,1056.0,70.4
16442,78.0,936.0,70.3
16443,87.0,1044.0,69.9
16444,85.0,1020.0,69.9
16445,75.0,900.0,70.4
16446,78.0,936.0,70.2
16447,75.0,900.0,69.5
16448,81.0,972.0,69.8
16449,74.0,888.0,69.5
16450,70.0,840.0,69.7
16451,72.0,864.0,69.5
16452,70.0,840.0,69.9
16453,70.0,840.0,69.9
16454,67.0,804.0,69.8
16455,72.0,864.0,69.5
16456,75.0,900.0,69.7
16457,75.0,900.0,69.6
16458,67.0,804.0,69.6
16459,67.0,804.0,69.8
16460,64.0,768.0,69.7
16461,67.0,804.0,69.6
16462,82.0,984.0,69.7
16463,70.0,840.0,69.6
16464,67.0,804.0,69.7
16465,67.0,804.0,69.5
16466,72.0,864.0,69.4
16467,72.0,864.0,69.2
16468,70.0,840.0,69.6
16469,75.0,900.0,69.6
16470,75.0,900.0,69.8
16471,82.0,984.0,69.8
16472,88.0,1056.0,70.0
16473,90.0,1080.0,70.0
16474,91.0,1092.0,69.9
16475,100.0,1200.0,69.7
16476,88.0,1056.0,69.7
16477,93.0,1116.0,69.9
16478,100.0,1200.0,69.6
16479,123.0,1476.0,69.6
16480,138.0,1656.0,69.6
16481,123.0,1476.0,69.9
16482,129.0,1548.0,69.7
16483,136.0,1632.0,69.9
16484,147.0,1764.0,69.9
16485,175.0,2100.0,70.3
16486,165.0,1980.0,70.3
16487,175.0,2100.0,70.4
16488,180.0,2160.0,69.5
16489,196.0,2352.0,69.1
16490,201.0,2412.0,68.8
16491,201.0,2412.0,68.7
16492,231.0,2772.0,69.0
16493,212.0,2544.0,68.8
16494,225.0,2700.0,69.0
16495,227.0,2724.0,69.1
16496,224.0,2688.0,69.4
16497,239.0,2868.0,69.4
16498,259.0,3108.0,69.8
16499,255.0,3060.0,69.5
16500,268.0,3216.0,68.9
16501,268.0,3216.0,68.0
16502,273.0,3276.0,67.7
16503,265.0,3180.0,67.3
16504,294.0,3528.0,67.4
16505,309.0,3708.0,67.3
16506,303.0,3636.0,67.5
16507,308.0,3696.0,67.5
16508,309.0,3708.0,67.7
16509,308.0,3696.0,67.6
16510,318.0,3816.0,67.4
16511,353.0,4236.0,67.4
16512,306.0,3672.0,67.2
16513,316.0,3792.0,67.3
16514,316.0,3792.0,67.2
16515,338.0,4056.0,66.8
16516,326.0,3912.0,67.1
16517,355.0,4260.0,67.4
16518,335.0,4020.0,67.3
16519,358.0,4296.0,67.2
16520,335.0,4020.0,67.4
16521,343.0,4116.0,67.2
16522,343.0,4116.0,67.0
16523,340.0,4080.0,67.5
16524,332.0,3984.0,67.6
16525,329.0,3948.0,67.2
16526,335.0,4020.0,67.1
16527,344.0,4128.0,66.9
16528,347.0,4164.0,67.0
16529,352.0,4224.0,66.8
16530,355.0,4260.0,66.9
16531,359.0,4308.0,67.0
16532,369.0,4428.0,66.4
16533,373.0,4476.0,66.5
16534,369.0,4428.0,66.6
16535,361.0,4332.0,66.6
16536,360.0,4320.0,66.7
16537,350.0,4200.0,66.6
16538,361.0,4332.0,66.5
16539,363.0,4356.0,66.4
16540,369.0,4428.0,66.5
16541,375.0,4500.0,66.4
16542,381.0,4572.0,66.3
16543,384.0,4608.0,66.2
16544,388.0,4656.0,66.0
16545,387.0,4644.0,66.1
16546,385.0,4620.0,66.1
16547,385.0,4620.0,66.0
16548,391.0,4692.0,65.7
16549,391.0,4692.0,66.1
16550,391.0,4692.0,66.2
16551,391.0,4692.0,66.3
16552,393.0,4716.0,66.3
16553,393.0,4716.0,66.7
16554,396.0,4752.0,66.6
16555,391.0,4692.0,66.5
16556,396.0,4752.0,66.4
16557,399.0,4788.0,66.5
16558,396.0,4752.0,66.5
16559,399.0,4788.0,66.5
16560,399.0,4788.0,66.7
16561,400.0,4800.0,66.7
16562,406.0,4872.0,66.8
16563,410.0,4920.0,66.2
16564,406.0,4872.0,66.2
16565,404.0,4848.0,66.3
16566,404.0,4848.0,66.3
16567,408.0,4896.0,66.4
16568,404.0,4848.0,65.8
16569,404.0,4848.0,66.5
16570,408.0,4896.0,66.4
16571,402.0,4824.0,66.5
16572,404.0,4848.0,66.7
16573,402.0,4824.0,66.7
16574,410.0,4920.0,66.9
16575,410.0,4920.0,66.4
16576,407.0,4884.0,66.7
16577,410.0,4920.0,66.9
16578,410.0,4920.0,66.9
16579,408.0,4896.0,66.8
16580,411.0,4932.0,66.8
16581,413.0,4956.0,66.7
16582,404.0,4848.0,66.9
16583,402.0,4824.0,66.7
16584,402.0,4824.0,66.8
16585,399.0,4788.0,67.0
16586,402.0,4824.0,67.1
16587,404.0,4848.0,66.8
16588,410.0,4920.0,67.0
16589,408.0,4896.0,67.0
16590,407.0,4884.0,67.0
16591,399.0,4788.0,67.2
16592,410.0,4920.0,67.1
16593,408.0,4896.0,67.2
16594,411.0,4932.0,67.2
16595,413.0,4956.0,66.9
16596,399.0,4788.0,67.1
16597,402.0,4824.0,67.2
16598,408.0,4896.0,67.3
16599,413.0,4956.0,67.2
16600,410.0,4920.0,67.0
16601,410.0,4920.0,67.2
16602,402.0,4824.0,67.3
16603,402.0,4824.0,67.4
16604,406.0,4872.0,67.3
16605,410.0,4920.0,67.3
16606,406.0,4872.0,67.7
16607,400.0,4800.0,67.4
16608,391.0,4692.0,67.4
16609,396.0,4752.0,67.4
16610,404.0,4848.0,67.4
16611,408.0,4896.0,67.5
16612,402.0,4824.0,67.6
16613,406.0,4872.0,67.6
16614,406.0,4872.0,67.9
16615,407.0,4884.0,67.8
16616,404.0,4848.0,67.9
16617,408.0,4896.0,67.6
16618,416.0,4992.0,67.6
16619,391.0,4692.0,67.7
16620,393.0,4716.0,67.8
16621,393.0,4716.0,67.8
16622,396.0,4752.0,67.7
16623,393.0,4716.0,67.8
16624,402.0,4824.0,68.3
16625,393.0,4716.0,68.1
16626,391.0,4692.0,68.0
16627,389.0,4668.0,68.0
16628,385.0,4620.0,68.1
16629,385.0,4620.0,68.3
16630,381.0,4572.0,68.3
16631,375.0,4500.0,68.5
16632,370.0,4440.0,68.2
16633,370.0,4440.0,68.3
16634,373.0,4476.0,68.4
16635,370.0,4440.0,68.6
16636,381.0,4572.0,68.6
16637,382.0,4584.0,68.9
16638,363.0,4356.0,68.7
16639,360.0,4320.0,68.8
16640,358.0,4296.0,69.0
16641,350.0,4200.0,68.8
16642,340.0,4080.0,68.6
16643,338.0,4056.0,68.8
16644,352.0,4224.0,68.8
16645,333.0,3996.0,68.8
16646,333.0,3996.0,68.9
16647,332.0,3984.0,69.2
16648,335.0,4020.0,69.0
16649,324.0,3888.0,68.8
16650,314.0,3768.0,68.9
16651,316.0,3792.0,68.8
16652,318.0,3816.0,68.4
16653,324.0,3888.0,68.2
16654,312.0,3744.0,68.1
16655,305.0,3660.0,67.7
16656,305.0,3660.0,67.9
16657,303.0,3636.0,67.9
16658,303.0,3636.0,68.1
16659,308.0,3696.0,68.2
16660,305.0,3660.0,68.2
16661,298.0,3576.0,68.3
16662,288.0,3456.0,68.4
16663,294.0,3528.0,68.4
16664,303.0,3636.0,68.6
16665,294.0,3528.0,68.7
16666,280.0,3360.0,68.7
16667,296.0,3552.0,68.8
16668,291.0,3492.0,69.3
16669,294.0,3528.0,70.0
16670,274.0,3288.0,70.1
16671,292.0,3504.0,70.2
16672,294.0,3528.0,70.3
16673,306.0,3672.0,70.3
16674,292.0,3504.0,70.4
16675,274.0,3288.0,70.3
16676,280.0,3360.0,70.3
16677,268.0,3216.0,70.4
16678,271.0,3252.0,70.3
16679,294.0,3528.0,70.4
16680,262.0,3144.0,70.1
16681,262.0,3144.0,69.9
16682,265.0,3180.0,70.1
16683,257.0,3084.0,69.9
16684,254.0,3048.0,70.1
16685,276.0,3312.0,70.4
16686,273.0,3276.0,70.5
16687,250.0,3000.0,70.5
16688,249.0,2988.0,70.5
16689,235.0,2820.0,70.8
16690,250.0,3000.0,70.6
16691,247.0,2964.0,70.8
16692,239.0,2868.0,70.4
16693,228.0,2736.0,70.3
16694,218.0,2616.0,70.1
16695,219.0,2628.0,70.2
16696,228.0,2736.0,70.1
16697,193.0,2316.0,70.2
16698,194.0,2328.0,70.2
16699,186.0,2232.0,70.2
16700,186.0,2232.0,70.1
16701,175.0,2100.0,70.3
16702,184.0,2208.0,70.1
16703,178.0,2136.0,70.4
16704,157.0,1884.0,70.5
16705,167.0,2004.0,70.3
16706,160.0,1920.0,70.2
16707,151.0,1812.0,69.9
16708,157.0,1884.0,70.1
16709,147.0,1764.0,70.1
16710,129.0,1548.0,70.3
16711,134.0,1608.0,70.3
16712,131.0,1572.0,70.5
16713,119.0,1428.0,70.1
16714,116.0,1392.0,70.3
16715,115.0,1380.0,70.5
16716,108.0,1296.0,70.4
16717,101.0,1212.0,70.3
16718,105.0,1260.0,70.3
16719,105.0,1260.0,70.1
16720,97.0,1164.0,70.0
16721,93.0,1116.0,70.3
16722,85.0,1020.0,70.4
16723,85.0,1020.0,70.0
16724,82.0,984.0,70.4
16725,81.0,972.0,70.0
16726,82.0,984.0,70.4
16727,81.0,972.0,70.3
16728,78.0,936.0,70.4
16729,78.0,936.0,70.3
16730,77.0,924.0,70.3
16731,74.0,888.0,70.4
16732,72.0,864.0,70.3
16733,67.0,804.0,70.3
16734,64.0,768.0,70.4
16735,64.0,768.0,70.5
16736,62.0,744.0,70.4
16737,59.0,708.0,70.0
16738,57.0,684.0,70.1
16739,56.0,672.0,70.1
16740,52.0,624.0,70.4
16741,53.0,636.0,70.5
16742,52.0,624.0,70.4
16743,55.0,660.0,70.2
16744,52.0,624.0,70.3
16745,49.0,588.0,70.2
16746,48.0,576.0,70.5
16747,48.0,576.0,70.3
16748,47.0,564.0,70.2
16749,47.0,564.0,70.4
16750,44.0,528.0,70.2
16751,42.0,504.0,69.7
16752,44.0,528.0,70.0
16753,44.0,528.0,70.0
16754,44.0,528.0,70.1
16755,44.0,528.0,70.0
16756,44.0,528.0,70.1
16757,46.0,552.0,70.0
16758,46.0,552.0,69.9
16759,50.0,600.0,69.9
16760,52.0,624.0,70.2
16761,52.0,624.0,70.3
16762,50.0,600.0,70.1
16763,52.0,624.0,70.0
16764,49.0,588.0,70.0
16765,52.0,624.0,70.0
16766,53.0,636.0,70.2
16767,59.0,708.0,70.2
16768,60.0,720.0,70.0
16769,62.0,744.0,70.0
16770,64.0,768.0,69.8
16771,70.0,840.0,70.2
16772,75.0,900.0,70.0
16773,75.0,900.0,69.9
16774,75.0,900.0,70.0
16775,90.0,1080.0,70.1
16776,75.0,900.0,69.8
16777,82.0,984.0,70.0
16778,85.0,1020.0,69.9
16779,91.0,1092.0,70.1
16780,115.0,1380.0,70.1
16781,111.0,1332.0,70.1
16782,105.0,1260.0,70.3
16783,115.0,1380.0,70.6
16784,116.0,1392.0,70.6
16785,127.0,1524.0,70.6
16786,125.0,1500.0,70.7
16787,131.0,1572.0,70.8
16788,134.0,1608.0,70.4
16789,149.0,1788.0,70.5
16790,152.0,1824.0,70.4
16791,163.0,1956.0,70.3
16792,164.0,1968.0,70.2
16793,167.0,2004.0,70.5
16794,158.0,1896.0,70.6
16795,160.0,1920.0,70.5
16796,167.0,2004.0,70.7
16797,175.0,2100.0,70.5
16798,169.0,2028.0,70.7
16799,180.0,2160.0,70.7
16800,175.0,2100.0,70.1
16801,186.0,2232.0,69.8
16802,200.0,2400.0,69.6
16803,221.0,2652.0,70.1
16804,205.0,2460.0,70.0
16805,196.0,2352.0,70.0
16806,214.0,2568.0,69.8
16807,214.0,2568.0,69.9
16808,234.0,2808.0,69.8
16809,230.0,2760.0,69.8
16810,254.0,3048.0,69.6
16811,234.0,2808.0,69.7
16812,239.0,2868.0,69.2
16813,239.0,2868.0,69.3
16814,250.0,3000.0,69.1
16815,260.0,3120.0,69.3
16816,268.0,3216.0,69.0
16817,273.0,3276.0,69.0
16818,280.0,3360.0,69.0
16819,286.0,3432.0,69.0
16820,294.0,3528.0,68.9
16821,301.0,3612.0,68.8
16822,306.0,3672.0,68.8
16823,303.0,3636.0,69.1
16824,303.0,3636.0,68.5
16825,300.0,3600.0,68.5
16826,320.0,3840.0,68.3
16827,314.0,3768.0,68.3
16828,324.0,3888.0,68.2
16829,327.0,3924.0,68.1
16830,329.0,3948.0,68.0
16831,335.0,4020.0,68.2
16832,346.0,4152.0,68.1
16833,347.0,4164.0,68.1
16834,349.0,4188.0,68.1
16835,347.0,4164.0,68.2
16836,344.0,4128.0,68.1
16837,338.0,4056.0,67.8
16838,346.0,4152.0,67.7
16839,355.0,4260.0,67.8
16840,352.0,4224.0,67.5
16841,358.0,4296.0,67.7
16842,368.0,4416.0,67.5
16843,368.0,4416.0,67.5
16844,370.0,4440.0,67.3
16845,373.0,4476.0,67.3
16846,370.0,4440.0,67.3
16847,378.0,4536.0,67.1
16848,378.0,4536.0,67.1
16849,373.0,4476.0,67.3
16850,381.0,4572.0,67.2
16851,381.0,4572.0,67.3
16852,385.0,4620.0,66.9
16853,387.0,4644.0,66.7
16854,393.0,4716.0,67.0
16855,396.0,4752.0,66.6
16856,400.0,4800.0,66.6
16857,399.0,4788.0,66.6
16858,396.0,4752.0,66.5
16859,395.0,4740.0,66.8
16860,393.0,4716.0,66.8
16861,389.0,4668.0,66.8
16862,393.0,4716.0,66.7
16863,395.0,4740.0,66.7
16864,399.0,4788.0,66.4
16865,402.0,4824.0,66.3
16866,396.0,4752.0,66.1
16867,396.0,4752.0,66.3
16868,396.0,4752.0,66.3
16869,396.0,4752.0,65.9
16870,395.0,4740.0,66.4
16871,391.0,4692.0,66.1
16872,384.0,4608.0,66.3
16873,385.0,4620.0,66.4
16874,384.0,4608.0,66.5
16875,389.0,4668.0,66.6
16876,389.0,4668.0,66.7
16877,385.0,4620.0,66.7
16878,385.0,4620.0,66.5
16879,379.0,4548.0,66.6
16880,385.0,4620.0,66.7
16881,384.0,4608.0,66.8
16882,381.0,4572.0,66.7
16883,375.0,4500.0,66.9
16884,381.0,4572.0,67.0
16885,375.0,4500.0,66.9
16886,384.0,4608.0,66.7
16887,381.0,4572.0,67.0
16888,381.0,4572.0,66.6
16889,376.0,4512.0,66.7
16890,388.0,4656.0,66.7
16891,388.0,4656.0,66.7
16892,388.0,4656.0,66.7
16893,385.0,4620.0,67.2
16894,391.0,4692.0,67.0
16895,384.0,4608.0,66.8
16896,378.0,4536.0,67.0
16897,379.0,4548.0,66.9
16898,385.0,4620.0,67.2
16899,382.0,4584.0,67.3
16900,395.0,4740.0,66.8
16901,382.0,4584.0,66.8
16902,381.0,4572.0,66.9
16903,379.0,4548.0,67.2
16904,381.0,4572.0,67.1
16905,376.0,4512.0,67.1
16906,375.0,4500.0,67.2
16907,365.0,4380.0,67.5
16908,362.0,4344.0,67.4
16909,370.0,4440.0,67.5
16910,366.0,4392.0,67.6
16911,370.0,4440.0,67.5
16912,366.0,4392.0,68.1
16913,363.0,4356.0,68.0
16914,358.0,4296.0,68.3
16915,358.0,4296.0,68.2
16916,355.0,4260.0,68.0
16917,353.0,4236.0,67.9
16918,355.0,4260.0,68.1
16919,350.0,4200.0,68.3
16920,350.0,4200.0,68.1
16921,353.0,4236.0,68.2
16922,353.0,4236.0,68.2
16923,355.0,4260.0,68.0
16924,368.0,4416.0,67.7
16925,343.0,4116.0,68.1
16926,376.0,4512.0,68.0
16927,346.0,4152.0,67.9
16928,339.0,4068.0,67.9
16929,337.0,4044.0,67.8
16930,332.0,3984.0,67.8
16931,329.0,3948.0,67.9
16932,329.0,3948.0,67.7
16933,326.0,3912.0,67.7
16934,332.0,3984.0,67.5
16935,333.0,3996.0,67.3
16936,335.0,4020.0,67.3
16937,328.0,3936.0,67.1
16938,327.0,3924.0,66.8
16939,318.0,3816.0,66.6
16940,324.0,3888.0,66.3
16941,332.0,3984.0,66.1
16942,320.0,3840.0,65.9
16943,321.0,3852.0,65.8
16944,318.0,3816.0,65.4
16945,317.0,3804.0,65.7
16946,326.0,3912.0,65.9
16947,318.0,3816.0,65.6
16948,324.0,3888.0,66.0
16949,320.0,3840.0,65.5
16950,309.0,3708.0,65.5
16951,309.0,3708.0,65.7
16952,309.0,3708.0,65.5
16953,299.0,3588.0,66.1
16954,292.0,3504.0,66.0
16955,288.0,3456.0,66.2
16956,285.0,3420.0,68.1
16957,285.0,3420.0,68.9
16958,280.0,3360.0,69.5
16959,279.0,3348.0,69.8
16960,291.0,3492.0,70.1
16961,276.0,3312.0,70.0
16962,262.0,3144.0,70.3
16963,261.0,3132.0,70.3
16964,255.0,3060.0,70.3
16965,257.0,3084.0,70.4
16966,245.0,2940.0,70.5
16967,247.0,2964.0,70.7
16968,235.0,2820.0,70.4
16969,230.0,2760.0,70.3
16970,228.0,2736.0,70.4
16971,219.0,2628.0,70.3
16972,214.0,2568.0,70.2
16973,204.0,2448.0,70.4
16974,205.0,2460.0,70.2
16975,188.0,2256.0,70.2
16976,198.0,2376.0,70.4
16977,178.0,2136.0,70.1
16978,168.0,2016.0,70.4
16979,167.0,2004.0,70.5
16980,151.0,1812.0,70.5
16981,152.0,1824.0,70.2
16982,146.0,1752.0,70.4
16983,142.0,1704.0,70.3
16984,149.0,1788.0,70.1
16985,139.0,1668.0,70.4
16986,129.0,1548.0,70.4
16987,122.0,1464.0,70.3
16988,119.0,1428.0,70.6
16989,119.0,1428.0,70.2
16990,109.0,1308.0,69.7
16991,108.0,1296.0,70.0
16992,95.0,1140.0,71.3
16993,93.0,1116.0,70.6
16994,93.0,1116.0,70.4
16995,85.0,1020.0,70.6
16996,88.0,1056.0,70.2
16997,82.0,984.0,70.2
16998,77.0,924.0,70.4
16999,72.0,864.0,70.4
17000,67.0,804.0,70.1
17001,72.0,864.0,69.9
17002,64.0,768.0,69.7
17003,60.0,720.0,69.7
17004,59.0,708.0,70.2
17005,61.0,732.0,70.1
17006,62.0,744.0,70.3
17007,56.0,672.0,70.1
17008,55.0,660.0,70.1
17009,53.0,636.0,69.8
17010,49.0,588.0,69.6
17011,57.0,684.0,69.6
17012,48.0,576.0,69.6
17013,48.0,576.0,69.7
17014,50.0,600.0,69.4
17015,46.0,552.0,69.5
17016,48.0,576.0,69.6
17017,47.0,564.0,69.5
17018,46.0,552.0,69.5
17019,47.0,564.0,69.7
17020,46.0,552.0,69.5
17021,47.0,564.0,69.6
17022,46.0,552.0,69.5
17023,46.0,552.0,69.3
17024,47.0,564.0,69.5
17025,47.0,564.0,69.5
17026,46.0,552.0,69.4
17027,48.0,576.0,69.1
17028,48.0,576.0,69.5
17029,47.0,564.0,69.2
17030,52.0,624.0,69.3
17031,49.0,588.0,69.4
17032,55.0,660.0,69.3
17033,59.0,708.0,69.3
17034,61.0,732.0,69.4
17035,67.0,804.0,69.6
17036,74.0,888.0,69.8
17037,79.0,948.0,69.3
17038,75.0,900.0,69.5
17039,75.0,900.0,69.3
17040,77.0,924.0,69.4
17041,79.0,948.0,69.7
17042,90.0,1080.0,69.6
17043,98.0,1176.0,69.6
17044,115.0,1380.0,69.8
17045,119.0,1428.0,69.7
17046,134.0,1608.0,70.0
17047,152.0,1824.0,70.2
17048,162.0,1944.0,70.4
17049,180.0,2160.0,70.9
17050,169.0,2028.0,70.5
17051,169.0,2028.0,70.3
17052,184.0,2208.0,70.5
17053,195.0,2340.0,70.2
17054,210.0,2520.0,70.3
17055,239.0,2868.0,70.4
17056,253.0,3036.0,71.2
17057,254.0,3048.0,71.3
17058,294.0,3528.0,71.0
17059,303.0,3636.0,70.9
17060,322.0,3864.0,71.2
17061,335.0,4020.0,71.4
17062,327.0,3924.0,71.3
17063,309.0,3708.0,71.0
17064,305.0,3660.0,67.8
17065,311.0,3732.0,66.7
17066,332.0,3984.0,66.5
17067,352.0,4224.0,66.5
17068,365.0,4380.0,66.5
17069,343.0,4116.0,66.5
17070,332.0,3984.0,66.5
17071,322.0,3864.0,66.5
17072,321.0,3852.0,66.7
17073,370.0,4440.0,66.6
17074,343.0,4116.0,66.5
17075,358.0,4296.0,66.4
17076,329.0,3948.0,66.5
17077,353.0,4236.0,66.4
17078,355.0,4260.0,66.6
17079,343.0,4116.0,66.5
17080,369.0,4428.0,66.5
17081,384.0,4608.0,66.5
17082,332.0,3984.0,66.5
17083,404.0,4848.0,66.3
17084,417.0,5004.0,66.2
17085,393.0,4716.0,66.0
17086,368.0,4416.0,65.8
17087,417.0,5004.0,66.0
17088,388.0,4656.0,65.9
17089,379.0,4548.0,66.1
17090,400.0,4800.0,66.1
17091,399.0,4788.0,66.2
17092,391.0,4692.0,65.9
17093,391.0,4692.0,65.7
17094,391.0,4692.0,65.9
17095,393.0,4716.0,65.7
17096,395.0,4740.0,65.5
17097,396.0,4752.0,65.6
17098,388.0,4656.0,65.3
17099,376.0,4512.0,65.6
17100,363.0,4356.0,65.2
17101,358.0,4296.0,65.3
17102,360.0,4320.0,64.6
17103,370.0,4440.0,64.5
17104,365.0,4380.0,64.6
17105,370.0,4440.0,64.8
17106,362.0,4344.0,64.4
17107,368.0,4416.0,64.7
17108,373.0,4476.0,64.5
17109,370.0,4440.0,64.6
17110,367.0,4404.0,63.9
17111,362.0,4344.0,64.2
17112,358.0,4296.0,64.2
17113,353.0,4236.0,64.3
17114,362.0,4344.0,64.4
17115,362.0,4344.0,63.7
17116,366.0,4392.0,63.7
17117,369.0,4428.0,63.6
17118,366.0,4392.0,63.7
17119,373.0,4476.0,64.1
17120,375.0,4500.0,63.7
17121,373.0,4476.0,63.9
17122,367.0,4404.0,64.2
17123,365.0,4380.0,63.7
17124,361.0,4332.0,63.9
17125,368.0,4416.0,64.0
17126,381.0,4572.0,63.3
17127,373.0,4476.0,63.6
17128,376.0,4512.0,63.8
17129,370.0,4440.0,63.9
17130,376.0,4512.0,64.2
17131,373.0,4476.0,63.5
17132,378.0,4536.0,63.6
17133,376.0,4512.0,63.5
17134,376.0,4512.0,64.0
17135,373.0,4476.0,63.7
17136,373.0,4476.0,64.3
17137,373.0,4476.0,64.1
17138,382.0,4584.0,64.1
17139,381.0,4572.0,64.0
17140,379.0,4548.0,64.4
17141,379.0,4548.0,64.6
17142,381.0,4572.0,64.2
17143,391.0,4692.0,64.0
17144,393.0,4716.0,64.1
17145,391.0,4692.0,64.2
17146,385.0,4620.0,64.0
17147,387.0,4644.0,63.8
17148,376.0,4512.0,63.9
17149,388.0,4656.0,64.1
17150,385.0,4620.0,64.0
17151,396.0,4752.0,64.4
17152,399.0,4788.0,64.2
17153,400.0,4800.0,64.0
17154,395.0,4740.0,64.0
17155,399.0,4788.0,64.3
17156,404.0,4848.0,64.2
17157,404.0,4848.0,64.4
17158,399.0,4788.0,64.7
17159,399.0,4788.0,65.0
17160,399.0,4788.0,64.8
17161,402.0,4824.0,65.1
17162,414.0,4968.0,64.7
17163,419.0,5028.0,64.8
17164,420.0,5040.0,64.7
17165,440.0,5280.0,64.8
17166,424.0,5088.0,64.3
17167,429.0,5148.0,64.3
17168,437.0,5244.0,64.6
17169,457.0,5484.0,64.6
17170,455.0,5460.0,64.4
17171,462.0,5544.0,64.6
17172,490.0,5880.0,63.8
17173,457.0,5484.0,63.6
17174,460.0,5520.0,64.0
17175,458.0,5496.0,64.3
17176,471.0,5652.0,64.1
17177,469.0,5628.0,64.3
17178,460.0,5520.0,64.1
17179,444.0,5328.0,64.2
17180,451.0,5412.0,63.8
17181,462.0,5544.0,63.8
17182,452.0,5424.0,63.5
17183,457.0,5484.0,63.9
17184,460.0,5520.0,63.4
17185,458.0,5496.0,63.7
17186,452.0,5424.0,64.0
17187,452.0,5424.0,64.4
17188,440.0,5280.0,64.7
17189,437.0,5244.0,62.4
17190,427.0,5124.0,63.7
17191,429.0,5148.0,63.7
17192,445.0,5340.0,63.8
17193,455.0,5460.0,64.0
17194,448.0,5376.0,63.9
17195,437.0,5244.0,64.7
17196,442.0,5304.0,64.0
17197,454.0,5448.0,65.2
17198,474.0,5688.0,65.3
17199,468.0,5616.0,64.6
17200,463.0,5556.0,64.5
17201,448.0,5376.0,64.6
17202,460.0,5520.0,64.9
17203,479.0,5748.0,65.0
17204,473.0,5676.0,65.7
17205,458.0,5496.0,66.2
17206,449.0,5388.0,66.9
17207,452.0,5424.0,67.2
17208,437.0,5244.0,67.4
17209,416.0,4992.0,67.5
17210,422.0,5064.0,67.4
17211,414.0,4968.0,68.0
17212,414.0,4968.0,68.3
17213,419.0,5028.0,68.4
17214,411.0,4932.0,68.6
17215,358.0,4296.0,68.8
17216,352.0,4224.0,68.9
17217,335.0,4020.0,68.9
17218,361.0,4332.0,69.5
17219,341.0,4092.0,69.7
17220,318.0,3816.0,69.7
17221,332.0,3984.0,70.0
17222,335.0,4020.0,70.0
17223,341.0,4092.0,69.8
17224,317.0,3804.0,69.9
17225,309.0,3708.0,69.9
17226,309.0,3708.0,69.5
17227,299.0,3588.0,69.3
17228,288.0,3456.0,68.9
17229,303.0,3636.0,68.7
17230,277.0,3324.0,68.5
17231,285.0,3420.0,68.6
17232,268.0,3216.0,68.7
17233,262.0,3144.0,68.6
17234,276.0,3312.0,68.6
17235,262.0,3144.0,68.8
17236,280.0,3360.0,68.6
17237,272.0,3264.0,68.4
17238,255.0,3060.0,68.8
17239,257.0,3084.0,68.4
17240,262.0,3144.0,68.7
17241,242.0,2904.0,68.7
17242,261.0,3132.0,68.6
17243,242.0,2904.0,68.9
17244,239.0,2868.0,69.6
17245,224.0,2688.0,69.8
17246,233.0,2796.0,70.1
17247,234.0,2808.0,70.6
17248,244.0,2928.0,70.7
17249,239.0,2868.0,70.6
17250,244.0,2928.0,70.3
17251,227.0,2724.0,70.4
17252,227.0,2724.0,70.6
17253,212.0,2544.0,70.8
17254,219.0,2628.0,70.6
17255,208.0,2496.0,70.6
17256,204.0,2448.0,70.8
17257,209.0,2508.0,70.5
17258,204.0,2448.0,70.4
17259,212.0,2544.0,70.6
17260,200.0,2400.0,70.0
17261,190.0,2280.0,70.3
17262,165.0,1980.0,70.3
17263,175.0,2100.0,70.2
17264,167.0,2004.0,70.6
17265,163.0,1956.0,70.5
17266,149.0,1788.0,70.1
17267,149.0,1788.0,69.8
17268,145.0,1740.0,70.1
17269,144.0,1728.0,70.2
17270,154.0,1848.0,70.2
17271,141.0,1692.0,70.2
17272,155.0,1860.0,70.0
17273,146.0,1752.0,70.1
17274,123.0,1476.0,70.2
17275,122.0,1464.0,70.1
17276,128.0,1536.0,69.4
17277,115.0,1380.0,69.8
17278,122.0,1464.0,69.6
17279,104.0,1248.0,69.4
17280,100.0,1200.0,70.7
17281,100.0,1200.0,70.8
17282,100.0,1200.0,70.4
17283,98.0,1176.0,70.2
17284,91.0,1092.0,70.0
17285,91.0,1092.0,70.0
17286,85.0,1020.0,69.8
17287,78.0,936.0,69.6
17288,77.0,924.0,69.8
17289,77.0,924.0,69.8
17290,81.0,972.0,68.8
17291,72.0,864.0,68.7
17292,67.0,804.0,69.1
17293,70.0,840.0,69.7
17294,64.0,768.0,69.8
17295,67.0,804.0,69.9
17296,64.0,768.0,69.2
17297,59.0,708.0,69.2
17298,61.0,732.0,69.5
17299,64.0,768.0,68.9
17300,61.0,732.0,68.8
17301,55.0,660.0,68.8
17302,57.0,684.0,68.7
17303,61.0,732.0,69.1
17304,52.0,624.0,69.2
17305,50.0,600.0,68.9
17306,59.0,708.0,69.1
17307,62.0,744.0,68.8
17308,67.0,804.0,68.9
17309,64.0,768.0,69.2
17310,57.0,684.0,68.7
17311,55.0,660.0,68.7
17312,52.0,624.0,68.7
17313,53.0,636.0,69.0
17314,53.0,636.0,68.9
17315,53.0,636.0,68.8
17316,59.0,708.0,68.6
17317,53.0,636.0,68.3
17318,62.0,744.0,68.6
17319,64.0,768.0,68.7
17320,60.0,720.0,68.8
17321,62.0,744.0,68.7
17322,67.0,804.0,68.9
17323,72.0,864.0,69.3
17324,77.0,924.0,69.6
17325,85.0,1020.0,69.6
17326,82.0,984.0,69.6
17327,77.0,924.0,69.5
17328,82.0,984.0,68.8
17329,78.0,936.0,68.8
17330,91.0,1092.0,69.1
17331,100.0,1200.0,69.3
17332,111.0,1332.0,69.2
17333,123.0,1476.0,69.9
17334,137.0,1644.0,69.5
17335,155.0,1860.0,69.8
17336,172.0,2064.0,70.4
17337,182.0,2184.0,70.1
17338,175.0,2100.0,70.7
17339,175.0,2100.0,70.2
17340,186.0,2232.0,70.1
17341,201.0,2412.0,70.2
17342,225.0,2700.0,70.3
17343,247.0,2964.0,70.2
17344,268.0,3216.0,71.1
17345,279.0,3348.0,70.6
17346,302.0,3624.0,70.3
17347,321.0,3852.0,70.1
17348,339.0,4068.0,70.6
17349,355.0,4260.0,71.1
17350,349.0,4188.0,71.1
17351,320.0,3840.0,70.7
17352,314.0,3768.0,68.1
17353,322.0,3864.0,66.9
17354,337.0,4044.0,66.5
17355,355.0,4260.0,66.3
17356,288.0,3456.0,66.1
17357,288.0,3456.0,66.0
17358,298.0,3576.0,66.1
17359,270.0,3240.0,66.1
17360,294.0,3528.0,66.2
17361,308.0,3696.0,66.2
17362,332.0,3984.0,66.3
17363,355.0,4260.0,66.5
17364,352.0,4224.0,66.4
17365,339.0,4068.0,66.4
17366,358.0,4296.0,66.3
17367,329.0,3948.0,66.6
17368,318.0,3816.0,66.4
17369,301.0,3612.0,66.5
17370,291.0,3492.0,66.5
17371,352.0,4224.0,66.2
17372,395.0,4740.0,65.9
17373,379.0,4548.0,65.7
17374,373.0,4476.0,65.4
17375,358.0,4296.0,65.6
17376,329.0,3948.0,65.8
17377,393.0,4716.0,65.8
17378,393.0,4716.0,65.5
17379,349.0,4188.0,66.1
17380,366.0,4392.0,65.7
17381,393.0,4716.0,65.9
17382,393.0,4716.0,66.0
17383,396.0,4752.0,66.2
17384,395.0,4740.0,65.7
17385,399.0,4788.0,65.8
17386,391.0,4692.0,66.0
17387,379.0,4548.0,65.7
17388,373.0,4476.0,65.2
17389,362.0,4344.0,64.9
17390,368.0,4416.0,64.8
17391,368.0,4416.0,64.6
17392,366.0,4392.0,64.5
17393,368.0,4416.0,64.5
17394,362.0,4344.0,64.6
17395,365.0,4380.0,64.7
17396,367.0,4404.0,64.7
17397,369.0,4428.0,64.5
17398,359.0,4308.0,64.3
17399,353.0,4236.0,64.1
17400,343.0,4116.0,64.3
17401,346.0,4152.0,64.4
17402,350.0,4200.0,64.4
17403,355.0,4260.0,64.9
17404,347.0,4164.0,64.5
17405,350.0,4200.0,64.3
17406,352.0,4224.0,64.0
17407,358.0,4296.0,64.1
17408,361.0,4332.0,64.0
17409,358.0,4296.0,64.2
17410,358.0,4296.0,64.0
17411,350.0,4200.0,63.9
17412,343.0,4116.0,63.9
17413,355.0,4260.0,63.9
17414,358.0,4296.0,63.8
17415,363.0,4356.0,63.9
17416,361.0,4332.0,64.1
17417,361.0,4332.0,64.3
17418,355.0,4260.0,64.0
17419,368.0,4416.0,64.5
17420,373.0,4476.0,64.4
17421,369.0,4428.0,64.2
17422,361.0,4332.0,64.5
17423,359.0,4308.0,64.4
17424,358.0,4296.0,64.2
17425,359.0,4308.0,64.2
17426,368.0,4416.0,64.3
17427,370.0,4440.0,64.4
17428,367.0,4404.0,64.5
17429,368.0,4416.0,64.4
17430,373.0,4476.0,64.2
17431,375.0,4500.0,64.3
17432,370.0,4440.0,64.9
17433,368.0,4416.0,64.4
17434,366.0,4392.0,64.6
17435,368.0,4416.0,64.8
17436,360.0,4320.0,64.3
17437,358.0,4296.0,64.2
17438,369.0,4428.0,65.3
17439,376.0,4512.0,65.2
17440,373.0,4476.0,65.2
17441,378.0,4536.0,64.8
17442,375.0,4500.0,64.5
17443,381.0,4572.0,64.8
17444,385.0,4620.0,64.3
17445,391.0,4692.0,64.3
17446,391.0,4692.0,64.1
17447,391.0,4692.0,64.2
17448,391.0,4692.0,64.2
17449,393.0,4716.0,64.2
17450,402.0,4824.0,64.4
17451,411.0,4932.0,64.4
17452,413.0,4956.0,64.5
17453,419.0,5028.0,64.3
17454,419.0,5028.0,64.4
17455,426.0,5112.0,64.3
17456,434.0,5208.0,64.4
17457,454.0,5448.0,64.9
17458,478.0,5736.0,64.7
17459,486.0,5832.0,64.3
17460,489.0,5868.0,64.2
17461,487.0,5844.0,64.0
17462,469.0,5628.0,63.7
17463,487.0,5844.0,64.0
17464,499.0,5988.0,63.8
17465,481.0,5772.0,63.4
17466,489.0,5868.0,63.8
17467,478.0,5736.0,63.2
17468,463.0,5556.0,63.2
17469,449.0,5388.0,62.2
17470,474.0,5688.0,62.9
17471,460.0,5520.0,63.2
17472,452.0,5424.0,63.7
17473,471.0,5652.0,64.1
17474,467.0,5604.0,64.4
17475,444.0,5328.0,64.6
17476,445.0,5340.0,64.6
17477,463.0,5556.0,64.7
17478,445.0,5340.0,65.1
17479,430.0,5160.0,65.2
17480,457.0,5484.0,64.6
17481,442.0,5304.0,62.7
17482,467.0,5604.0,63.3
17483,449.0,5388.0,63.2
17484,444.0,5328.0,63.3
17485,456.0,5472.0,64.4
17486,479.0,5748.0,64.4
17487,460.0,5520.0,64.2
17488,478.0,5736.0,63.7
17489,483.0,5796.0,63.1
17490,468.0,5616.0,62.2
17491,466.0,5592.0,61.9
17492,456.0,5472.0,63.7
17493,456.0,5472.0,66.1
17494,449.0,5388.0,66.8
17495,478.0,5736.0,67.2
17496,448.0,5376.0,67.2
17497,411.0,4932.0,67.5
17498,395.0,4740.0,67.7
17499,407.0,4884.0,68.2
17500,395.0,4740.0,68.5
17501,400.0,4800.0,68.7
17502,366.0,4392.0,68.7
17503,349.0,4188.0,68.8
17504,379.0,4548.0,68.9
17505,363.0,4356.0,69.1
17506,355.0,4260.0,69.2
17507,333.0,3996.0,69.8
17508,321.0,3852.0,68.9
17509,327.0,3924.0,69.1
17510,332.0,3984.0,69.6
17511,339.0,4068.0,69.5
17512,333.0,3996.0,69.7
17513,326.0,3912.0,69.9
17514,324.0,3888.0,69.8
17515,305.0,3660.0,69.3
17516,309.0,3708.0,69.2
17517,305.0,3660.0,68.8
17518,308.0,3696.0,68.5
17519,301.0,3612.0,68.3
17520,291.0,3492.0,68.3
17521,300.0,3600.0,68.5
17522,288.0,3456.0,68.6
17523,273.0,3276.0,68.4
17524,286.0,3432.0,68.7
17525,291.0,3492.0,68.6
17526,283.0,3396.0,68.5
17527,268.0,3216.0,68.5
17528,268.0,3216.0,68.6
17529,251.0,3012.0,68.7
17530,265.0,3180.0,68.8
17531,242.0,2904.0,68.8
17532,253.0,3036.0,69.6
17533,251.0,3012.0,69.8
17534,235.0,2820.0,70.0
17535,254.0,3048.0,70.3
17536,247.0,2964.0,70.2
17537,259.0,3108.0,70.4
17538,232.0,2784.0,70.5
17539,225.0,2700.0,70.2
17540,227.0,2724.0,70.1
17541,244.0,2928.0,69.9
17542,218.0,2616.0,70.1
17543,225.0,2700.0,69.8
17544,213.0,2556.0,69.7
17545,221.0,2652.0,70.0
17546,205.0,2460.0,70.0
17547,224.0,2688.0,70.0
17548,209.0,2508.0,70.5
17549,194.0,2328.0,70.5
17550,175.0,2100.0,70.5
17551,182.0,2184.0,70.2
17552,175.0,2100.0,70.1
17553,172.0,2064.0,70.1
17554,172.0,2064.0,69.9
17555,147.0,1764.0,69.7
17556,144.0,1728.0,69.9
17557,149.0,1788.0,70.1
17558,158.0,1896.0,70.0
17559,151.0,1812.0,70.4
17560,151.0,1812.0,70.3
17561,131.0,1572.0,70.4
17562,131.0,1572.0,70.4
17563,123.0,1476.0,70.1
17564,120.0,1440.0,70.0
17565,123.0,1476.0,69.9
17566,116.0,1392.0,69.6
17567,108.0,1296.0,69.9
17568,100.0,1200.0,70.6
17569,100.0,1200.0,70.3
17570,109.0,1308.0,70.4
17571,109.0,1308.0,70.4
17572,100.0,1200.0,69.8
17573,90.0,1080.0,70.2
17574,82.0,984.0,69.9
17575,75.0,900.0,69.7
17576,78.0,936.0,69.5
17577,79.0,948.0,69.1
17578,72.0,864.0,69.2
17579,72.0,864.0,69.2
17580,67.0,804.0,69.5
17581,67.0,804.0,69.1
17582,72.0,864.0,69.3
17583,75.0,900.0,69.5
17584,74.0,888.0,69.4
17585,62.0,744.0,69.2
17586,64.0,768.0,69.1
17587,55.0,660.0,69.2
17588,67.0,804.0,69.0
17589,67.0,804.0,69.1
17590,67.0,804.0,68.8
17591,60.0,720.0,69.0
17592,59.0,708.0,69.3
17593,64.0,768.0,69.4
17594,64.0,768.0,69.3
17595,64.0,768.0,69.1
17596,62.0,744.0,69.3
17597,55.0,660.0,68.9
17598,50.0,600.0,68.9
17599,55.0,660.0,68.7
17600,52.0,624.0,68.8
17601,59.0,708.0,68.8
17602,57.0,684.0,68.6
17603,50.0,600.0,68.6
17604,50.0,600.0,68.5
17605,52.0,624.0,68.5
17606,57.0,684.0,68.4
17607,62.0,744.0,68.6
17608,61.0,732.0,68.6
17609,62.0,744.0,69.0
17610,64.0,768.0,68.8
17611,70.0,840.0,68.8
17612,78.0,936.0,69.0
17613,81.0,972.0,69.5
17614,78.0,936.0,69.3
17615,79.0,948.0,69.3
17616,79.0,948.0,69.1
17617,85.0,1020.0,69.2
17618,98.0,1176.0,69.1
17619,101.0,1212.0,69.3
17620,111.0,1332.0,69.6
17621,127.0,1524.0,69.5
17622,142.0,1704.0,69.7
17623,149.0,1788.0,70.0
17624,175.0,2100.0,70.3
17625,186.0,2232.0,70.1
17626,178.0,2136.0,70.2
17627,171.0,2052.0,70.3
17628,175.0,2100.0,70.1
17629,190.0,2280.0,70.0
17630,227.0,2724.0,70.0
17631,250.0,3000.0,70.5
17632,261.0,3132.0,70.4
17633,277.0,3324.0,70.3
17634,299.0,3588.0,69.4
17635,318.0,3816.0,69.9
17636,343.0,4116.0,70.4
17637,352.0,4224.0,70.2
17638,344.0,4128.0,70.2
17639,320.0,3840.0,70.4
17640,320.0,3840.0,67.9
17641,322.0,3864.0,66.9
17642,328.0,3936.0,66.3
17643,306.0,3672.0,66.1
17644,343.0,4116.0,66.0
17645,321.0,3852.0,66.1
17646,318.0,3816.0,66.1
17647,328.0,3936.0,66.1
17648,382.0,4584.0,66.2
17649,338.0,4056.0,66.3
17650,338.0,4056.0,66.3
17651,373.0,4476.0,66.5
17652,399.0,4788.0,66.5
17653,376.0,4512.0,66.5
17654,341.0,4092.0,66.3
17655,361.0,4332.0,66.3
17656,381.0,4572.0,66.3
17657,309.0,3708.0,66.5
17658,350.0,4200.0,66.3
17659,384.0,4608.0,66.4
17660,411.0,4932.0,66.1
17661,436.0,5232.0,66.0
17662,433.0,5196.0,66.1
17663,406.0,4872.0,66.0
17664,396.0,4752.0,66.1
17665,396.0,4752.0,65.8
17666,402.0,4824.0,66.0
17667,404.0,4848.0,65.8
17668,400.0,4800.0,65.7
17669,395.0,4740.0,66.0
17670,389.0,4668.0,65.6
17671,402.0,4824.0,65.8
17672,399.0,4788.0,65.7
17673,396.0,4752.0,65.6
17674,396.0,4752.0,65.6
17675,381.0,4572.0,65.7
17676,367.0,4404.0,65.7
17677,361.0,4332.0,65.3
17678,363.0,4356.0,65.2
17679,367.0,4404.0,65.1
17680,366.0,4392.0,65.1
17681,368.0,4416.0,64.8
17682,367.0,4404.0,64.8
17683,367.0,4404.0,64.8
17684,373.0,4476.0,64.7
17685,365.0,4380.0,64.2
17686,361.0,4332.0,64.2
17687,352.0,4224.0,64.2
17688,346.0,4152.0,64.1
17689,340.0,4080.0,64.3
17690,350.0,4200.0,64.3
17691,350.0,4200.0,63.9
17692,349.0,4188.0,64.0
17693,352.0,4224.0,64.1
17694,355.0,4260.0,64.2
17695,358.0,4296.0,63.7
17696,361.0,4332.0,64.1
17697,362.0,4344.0,64.0
17698,359.0,4308.0,64.0
17699,353.0,4236.0,63.4
17700,347.0,4164.0,64.1
17701,353.0,4236.0,64.2
17702,365.0,4380.0,64.0
17703,361.0,4332.0,63.9
17704,355.0,4260.0,64.4
17705,353.0,4236.0,64.5
17706,353.0,4236.0,63.8
17707,358.0,4296.0,64.4
17708,358.0,4296.0,64.4
17709,363.0,4356.0,63.8
17710,363.0,4356.0,64.0
17711,360.0,4320.0,64.3
17712,368.0,4416.0,64.2
17713,370.0,4440.0,64.2
17714,373.0,4476.0,64.0
17715,379.0,4548.0,64.2
17716,375.0,4500.0,64.2
17717,376.0,4512.0,64.9
17718,375.0,4500.0,64.5
17719,375.0,4500.0,64.4
17720,384.0,4608.0,64.1
17721,379.0,4548.0,64.3
17722,376.0,4512.0,64.1
17723,381.0,4572.0,64.2
17724,376.0,4512.0,64.3
17725,379.0,4548.0,64.1
17726,381.0,4572.0,64.1
17727,391.0,4692.0,64.4
17728,391.0,4692.0,64.8
17729,399.0,4788.0,64.5
17730,391.0,4692.0,64.4
17731,396.0,4752.0,64.6
17732,402.0,4824.0,64.2
17733,411.0,4932.0,64.3
17734,407.0,4884.0,64.5
17735,406.0,4872.0,64.5
17736,402.0,4824.0,64.5
17737,404.0,4848.0,64.2
17738,414.0,4968.0,64.6
17739,419.0,5028.0,64.6
17740,424.0,5088.0,64.5
17741,428.0,5136.0,64.5
17742,434.0,5208.0,64.4
17743,430.0,5160.0,64.6
17744,442.0,5304.0,64.6
17745,466.0,5592.0,64.6
17746,452.0,5424.0,64.6
17747,448.0,5376.0,64.5
17748,467.0,5604.0,63.7
17749,448.0,5376.0,64.1
17750,449.0,5388.0,64.0
17751,462.0,5544.0,63.8
17752,460.0,5520.0,64.0
17753,466.0,5592.0,63.8
17754,481.0,5772.0,63.7
17755,455.0,5460.0,64.1
17756,448.0,5376.0,64.4
17757,454.0,5448.0,62.6
17758,455.0,5460.0,61.1
17759,462.0,5544.0,61.1
17760,467.0,5604.0,61.3
17761,460.0,5520.0,62.2
17762,484.0,5808.0,62.6
17763,463.0,5556.0,62.8
17764,448.0,5376.0,62.6
17765,460.0,5520.0,61.3
17766,468.0,5616.0,61.9
17767,478.0,5736.0,62.5
17768,462.0,5544.0,63.8
17769,451.0,5412.0,62.4
17770,449.0,5388.0,62.9
17771,443.0,5316.0,63.1
17772,434.0,5208.0,63.6
17773,449.0,5388.0,62.8
17774,463.0,5556.0,62.5
17775,462.0,5544.0,62.7
17776,462.0,5544.0,62.7
17777,454.0,5448.0,63.0
17778,448.0,5376.0,63.7
17779,466.0,5592.0,64.4
17780,463.0,5556.0,64.6
17781,433.0,5196.0,64.9
17782,426.0,5112.0,65.0
17783,452.0,5424.0,66.4
17784,437.0,5244.0,66.9
17785,422.0,5064.0,67.4
17786,436.0,5232.0,67.5
17787,424.0,5088.0,67.7
17788,408.0,4896.0,67.8
17789,424.0,5088.0,68.1
17790,419.0,5028.0,68.1
17791,393.0,4716.0,68.3
17792,368.0,4416.0,68.2
17793,373.0,4476.0,68.2
17794,360.0,4320.0,68.6
17795,340.0,4080.0,68.5
17796,324.0,3888.0,68.6
17797,343.0,4116.0,68.8
17798,343.0,4116.0,68.8
17799,353.0,4236.0,69.0
17800,339.0,4068.0,68.8
17801,343.0,4116.0,68.9
17802,335.0,4020.0,68.8
17803,308.0,3696.0,68.7
17804,306.0,3672.0,68.5
17805,301.0,3612.0,68.5
17806,305.0,3660.0,68.4
17807,312.0,3744.0,68.3
17808,286.0,3432.0,68.5
17809,296.0,3552.0,68.4
17810,299.0,3588.0,68.7
17811,316.0,3792.0,68.7
17812,279.0,3348.0,68.6
17813,280.0,3360.0,68.6
17814,291.0,3492.0,68.5
17815,292.0,3504.0,68.4
17816,265.0,3180.0,68.9
17817,270.0,3240.0,68.8
17818,272.0,3264.0,68.7
17819,274.0,3288.0,68.9
17820,276.0,3312.0,69.4
17821,257.0,3084.0,70.0
17822,257.0,3084.0,70.2
17823,259.0,3108.0,69.8
17824,254.0,3048.0,70.2
17825,265.0,3180.0,70.1
17826,249.0,2988.0,70.0
17827,247.0,2964.0,70.1
17828,242.0,2904.0,69.9
17829,242.0,2904.0,70.1
17830,249.0,2988.0,70.1
17831,227.0,2724.0,70.1
17832,225.0,2700.0,70.2
17833,206.0,2472.0,70.0
17834,218.0,2616.0,70.1
17835,218.0,2616.0,70.4
17836,203.0,2436.0,70.2
17837,203.0,2436.0,69.9
17838,184.0,2208.0,69.9
17839,194.0,2328.0,69.9
17840,186.0,2232.0,69.9
17841,180.0,2160.0,70.0
17842,168.0,2016.0,69.9
17843,163.0,1956.0,69.7
17844,158.0,1896.0,69.9
17845,142.0,1704.0,70.8
17846,160.0,1920.0,70.0
17847,165.0,1980.0,70.0
17848,146.0,1752.0,69.7
17849,146.0,1752.0,69.3
17850,134.0,1608.0,69.5
17851,134.0,1608.0,69.3
17852,136.0,1632.0,69.0
17853,129.0,1548.0,69.4
17854,117.0,1404.0,69.1
17855,119.0,1428.0,69.0
