time_step,flow_5min,flow_hour,speed_kmh
0,13.0,156.0,65.0
1,13.0,156.0,65.0
2,9.0,108.0,65.0
3,9.0,108.0,65.0
4,7.0,84.0,65.0
5,5.0,60.0,65.0
6,11.0,132.0,64.8
7,8.0,96.0,65.0
8,8.0,96.0,64.9
9,10.0,120.0,64.9
10,9.0,108.0,64.9
11,12.0,144.0,64.8
12,2.0,24.0,64.8
13,2.0,24.0,64.9
14,3.0,36.0,64.6
15,2.0,24.0,64.8
16,3.0,36.0,64.8
17,7.0,84.0,64.7
18,2.0,24.0,64.7
19,4.0,48.0,64.8
20,3.0,36.0,65.0
21,4.0,48.0,65.1
22,2.0,24.0,65.0
23,3.0,36.0,65.2
24,5.0,60.0,65.1
25,5.0,60.0,65.0
26,6.0,72.0,65.1
27,3.0,36.0,65.1
28,1.0,12.0,65.1
29,2.0,24.0,65.1
30,4.0,48.0,65.3
31,3.0,36.0,65.1
32,1.0,12.0,65.4
33,2.0,24.0,65.4
34,3.0,36.0,65.2
35,1.0,12.0,65.2
36,3.0,36.0,65.0
37,3.0,36.0,64.9
38,2.0,24.0,65.1
39,3.0,36.0,65.0
40,5.0,60.0,64.8
41,4.0,48.0,64.8
42,3.0,36.0,65.0
43,1.0,12.0,64.9
44,4.0,48.0,64.9
45,2.0,24.0,65.0
46,6.0,72.0,65.1
47,3.0,36.0,65.1
48,4.0,48.0,65.1
49,2.0,24.0,64.9
50,3.0,36.0,64.9
51,5.0,60.0,64.9
52,5.0,60.0,64.9
53,2.0,24.0,64.9
54,9.0,108.0,65.0
55,13.0,156.0,64.9
56,16.0,192.0,65.1
57,11.0,132.0,65.0
58,16.0,192.0,65.0
59,10.0,120.0,65.1
60,8.0,96.0,64.9
61,11.0,132.0,64.9
62,11.0,132.0,64.9
63,13.0,156.0,65.0
64,27.0,324.0,65.2
65,22.0,264.0,65.2
66,10.0,120.0,65.1
67,18.0,216.0,64.8
68,32.0,384.0,64.8
69,28.0,336.0,65.0
70,29.0,348.0,64.9
71,35.0,420.0,64.9
72,29.0,348.0,65.2
73,30.0,360.0,64.6
74,37.0,444.0,64.6
75,23.0,276.0,64.8
76,40.0,480.0,65.0
77,35.0,420.0,65.0
78,41.0,492.0,63.8
79,50.0,600.0,63.4
80,51.0,612.0,64.5
81,49.0,588.0,64.7
82,50.0,600.0,65.0
83,58.0,696.0,64.2
84,42.0,504.0,64.6
85,36.0,432.0,64.7
86,40.0,480.0,64.9
87,62.0,744.0,65.1
88,52.0,624.0,66.3
89,58.0,696.0,65.5
90,69.0,828.0,64.4
91,57.0,684.0,62.9
92,68.0,816.0,64.2
93,56.0,672.0,64.8
94,69.0,828.0,65.4
95,62.0,744.0,65.2
96,56.0,672.0,63.8
97,48.0,576.0,64.6
98,40.0,480.0,65.0
99,65.0,780.0,66.0
100,61.0,732.0,65.9
101,60.0,720.0,64.4
102,63.0,756.0,62.7
103,51.0,612.0,63.2
104,51.0,612.0,63.4
105,49.0,588.0,64.3
106,67.0,804.0,64.3
107,52.0,624.0,64.6
108,47.0,564.0,63.7
109,61.0,732.0,65.2
110,55.0,660.0,64.4
111,49.0,588.0,65.6
112,58.0,696.0,65.0
113,48.0,576.0,65.5
114,43.0,516.0,66.3
115,56.0,672.0,66.7
116,41.0,492.0,66.6
117,49.0,588.0,64.1
118,60.0,720.0,63.9
119,64.0,768.0,62.9
120,54.0,648.0,62.9
121,53.0,636.0,62.1
122,51.0,612.0,64.3
123,64.0,768.0,64.4
124,55.0,660.0,64.3
125,63.0,756.0,64.0
126,68.0,816.0,61.8
127,74.0,888.0,62.9
128,81.0,972.0,64.1
129,74.0,888.0,64.1
130,75.0,900.0,65.1
131,78.0,936.0,64.6
132,80.0,960.0,64.5
133,75.0,900.0,64.4
134,69.0,828.0,64.4
135,73.0,876.0,63.7
136,76.0,912.0,65.0
137,82.0,984.0,64.4
138,57.0,684.0,63.8
139,85.0,1020.0,64.1
140,81.0,972.0,63.6
141,74.0,888.0,63.5
142,66.0,792.0,63.6
143,77.0,924.0,63.7
144,76.0,912.0,64.4
145,71.0,852.0,66.0
146,76.0,912.0,66.4
147,87.0,1044.0,65.8
148,83.0,996.0,64.3
149,85.0,1020.0,64.4
150,91.0,1092.0,64.2
151,76.0,912.0,63.9
152,94.0,1128.0,63.9
153,103.0,1236.0,63.8
154,76.0,912.0,65.3
155,74.0,888.0,65.3
156,111.0,1332.0,62.2
157,105.0,1260.0,60.1
158,62.0,744.0,60.8
159,92.0,1104.0,59.6
160,100.0,1200.0,57.7
161,81.0,972.0,59.4
162,99.0,1188.0,58.6
163,90.0,1080.0,58.4
164,90.0,1080.0,58.8
165,99.0,1188.0,57.9
166,94.0,1128.0,57.5
167,92.0,1104.0,57.4
168,88.0,1056.0,57.0
169,92.0,1104.0,57.6
170,78.0,936.0,58.6
171,112.0,1344.0,57.7
172,81.0,972.0,58.5
173,100.0,1200.0,58.4
174,91.0,1092.0,57.7
175,106.0,1272.0,58.2
176,86.0,1032.0,57.9
177,99.0,1188.0,57.6
178,102.0,1224.0,57.3
179,86.0,1032.0,57.9
180,102.0,1224.0,57.3
181,99.0,1188.0,57.4
182,110.0,1320.0,56.7
183,102.0,1224.0,57.4
184,96.0,1152.0,57.7
185,100.0,1200.0,57.5
186,97.0,1164.0,56.2
187,110.0,1320.0,55.9
188,109.0,1308.0,55.8
189,105.0,1260.0,55.4
190,100.0,1200.0,55.8
191,95.0,1140.0,55.8
192,85.0,1020.0,57.4
193,89.0,1068.0,58.1
194,93.0,1116.0,57.3
195,103.0,1236.0,57.8
196,90.0,1080.0,57.0
197,93.0,1116.0,58.4
198,92.0,1104.0,57.9
199,76.0,912.0,58.6
200,64.0,768.0,58.9
201,73.0,876.0,59.0
202,82.0,984.0,58.9
203,96.0,1152.0,59.0
204,103.0,1236.0,57.3
205,104.0,1248.0,57.3
206,89.0,1068.0,57.9
207,104.0,1248.0,57.4
208,86.0,1032.0,57.7
209,76.0,912.0,59.7
210,91.0,1092.0,60.6
211,90.0,1080.0,58.9
212,86.0,1032.0,58.2
213,89.0,1068.0,58.3
214,77.0,924.0,58.8
215,72.0,864.0,58.6
216,72.0,864.0,61.7
217,81.0,972.0,63.0
218,71.0,852.0,64.6
219,87.0,1044.0,65.0
220,77.0,924.0,64.4
221,75.0,900.0,65.8
222,82.0,984.0,64.8
223,86.0,1032.0,64.1
224,77.0,924.0,63.9
225,78.0,936.0,65.2
226,89.0,1068.0,65.4
227,79.0,948.0,65.0
228,60.0,720.0,65.3
229,77.0,924.0,65.2
230,69.0,828.0,66.0
231,77.0,924.0,64.8
232,83.0,996.0,65.2
233,82.0,984.0,64.7
234,70.0,840.0,64.0
235,65.0,780.0,64.7
236,74.0,888.0,65.2
237,74.0,888.0,65.2
238,30.0,360.0,65.8
239,79.0,948.0,64.1
240,83.0,996.0,63.4
241,73.0,876.0,64.1
242,58.0,696.0,63.7
243,68.0,816.0,63.8
244,62.0,744.0,64.0
245,69.0,828.0,63.8
246,66.0,792.0,63.9
247,62.0,744.0,63.6
248,50.0,600.0,63.5
249,60.0,720.0,63.6
250,60.0,720.0,63.1
251,48.0,576.0,62.5
252,83.0,996.0,63.0
253,53.0,636.0,64.5
254,61.0,732.0,64.7
255,67.0,804.0,65.0
256,64.0,768.0,64.0
257,60.0,720.0,63.5
258,54.0,648.0,64.4
259,51.0,612.0,63.2
260,45.0,540.0,64.8
261,41.0,492.0,64.6
262,49.0,588.0,66.3
263,54.0,648.0,65.1
264,56.0,672.0,64.3
265,43.0,516.0,64.6
266,41.0,492.0,65.1
267,43.0,516.0,65.6
268,20.0,240.0,65.2
269,52.0,624.0,63.9
270,58.0,696.0,63.7
271,54.0,648.0,64.2
272,44.0,528.0,64.3
273,34.0,408.0,64.6
274,27.0,324.0,64.8
275,38.0,456.0,64.8
276,33.0,396.0,65.1
277,27.0,324.0,65.1
278,34.0,408.0,65.2
279,22.0,264.0,65.2
280,22.0,264.0,65.0
281,29.0,348.0,64.9
282,22.0,264.0,65.1
283,17.0,204.0,65.2
284,15.0,180.0,65.1
285,20.0,240.0,65.3
286,13.0,156.0,65.2
287,18.0,216.0,65.2
288,17.0,204.0,65.0
289,12.0,144.0,65.1
290,9.0,108.0,65.2
291,11.0,132.0,65.1
292,14.0,168.0,65.1
293,16.0,192.0,65.0
294,20.0,240.0,65.2
295,15.0,180.0,65.4
296,10.0,120.0,65.2
297,13.0,156.0,65.1
298,18.0,216.0,65.1
299,11.0,132.0,65.2
300,10.0,120.0,65.0
301,8.0,96.0,64.9
302,12.0,144.0,64.9
303,5.0,60.0,64.6
304,12.0,144.0,64.7
305,8.0,96.0,64.8
306,7.0,84.0,64.9
307,4.0,48.0,65.0
308,8.0,96.0,65.0
309,9.0,108.0,65.0
310,4.0,48.0,65.1
311,8.0,96.0,64.9
312,8.0,96.0,64.9
313,3.0,36.0,65.0
314,0.0,0.0,65.0
315,0.0,0.0,65.0
316,27.0,324.0,64.9
317,14.0,168.0,65.0
318,7.0,84.0,64.9
319,7.0,84.0,64.9
320,3.0,36.0,64.9
321,4.0,48.0,64.9
322,3.0,36.0,64.9
323,3.0,36.0,65.0
324,3.0,36.0,64.9
325,2.0,24.0,64.9
326,4.0,48.0,64.9
327,10.0,120.0,64.9
328,2.0,24.0,64.9
329,5.0,60.0,64.9
330,1.0,12.0,64.9
331,5.0,60.0,64.8
332,4.0,48.0,64.8
333,2.0,24.0,64.9
334,2.0,24.0,64.8
335,1.0,12.0,64.9
336,4.0,48.0,64.9
337,4.0,48.0,65.0
338,5.0,60.0,64.9
339,7.0,84.0,64.8
340,2.0,24.0,64.9
341,12.0,144.0,64.8
342,7.0,84.0,64.8
343,7.0,84.0,65.0
344,10.0,120.0,64.9
345,7.0,84.0,64.8
346,4.0,48.0,64.8
347,6.0,72.0,64.8
348,5.0,60.0,64.9
349,10.0,120.0,64.8
350,9.0,108.0,64.8
351,7.0,84.0,64.8
352,10.0,120.0,64.9
353,8.0,96.0,64.9
354,14.0,168.0,65.0
355,11.0,132.0,65.0
356,15.0,180.0,65.0
357,11.0,132.0,64.9
358,8.0,96.0,64.9
359,7.0,84.0,64.9
360,11.0,132.0,64.9
361,16.0,192.0,65.0
362,18.0,216.0,64.9
363,18.0,216.0,64.9
364,17.0,204.0,65.0
365,29.0,348.0,65.1
366,21.0,252.0,64.9
367,16.0,192.0,65.1
368,19.0,228.0,64.9
369,29.0,348.0,64.6
370,25.0,300.0,64.8
371,29.0,348.0,65.1
372,28.0,336.0,65.0
373,29.0,348.0,64.6
374,30.0,360.0,64.6
375,30.0,360.0,65.1
376,43.0,516.0,64.5
377,38.0,456.0,65.1
378,30.0,360.0,65.0
379,26.0,312.0,64.7
380,35.0,420.0,64.7
381,42.0,504.0,65.7
382,42.0,504.0,66.0
383,35.0,420.0,65.3
384,38.0,456.0,64.9
385,33.0,396.0,64.3
386,37.0,444.0,64.0
387,37.0,444.0,64.1
388,40.0,480.0,64.5
389,35.0,420.0,64.8
390,45.0,540.0,63.2
391,34.0,408.0,64.3
392,58.0,696.0,64.3
393,59.0,708.0,63.8
394,49.0,588.0,62.9
395,57.0,684.0,63.9
396,55.0,660.0,64.0
397,55.0,660.0,64.6
398,53.0,636.0,65.2
399,54.0,648.0,65.6
400,55.0,660.0,66.1
401,57.0,684.0,65.1
402,55.0,660.0,64.9
403,59.0,708.0,66.3
404,64.0,768.0,65.9
405,51.0,612.0,65.8
406,62.0,744.0,64.5
407,46.0,552.0,65.0
408,65.0,780.0,63.5
409,66.0,792.0,64.1
410,53.0,636.0,64.3
411,80.0,960.0,64.6
412,65.0,780.0,64.6
413,65.0,780.0,63.9
414,61.0,732.0,63.1
415,63.0,756.0,63.0
416,59.0,708.0,64.6
417,60.0,720.0,65.0
418,78.0,936.0,64.5
419,78.0,936.0,64.6
420,64.0,768.0,64.5
421,73.0,876.0,65.2
422,67.0,804.0,64.3
423,83.0,996.0,64.3
424,70.0,840.0,64.4
425,66.0,792.0,64.3
426,67.0,804.0,64.4
427,69.0,828.0,64.8
428,73.0,876.0,65.3
429,76.0,912.0,63.5
430,69.0,828.0,63.8
431,81.0,972.0,65.6
432,92.0,1104.0,65.2
433,65.0,780.0,63.6
434,57.0,684.0,63.7
435,63.0,756.0,64.7
436,69.0,828.0,64.4
437,68.0,816.0,63.3
438,76.0,912.0,64.5
439,70.0,840.0,65.7
440,84.0,1008.0,65.2
441,75.0,900.0,64.5
442,48.0,576.0,64.0
443,72.0,864.0,64.6
444,64.0,768.0,66.5
445,61.0,732.0,66.8
446,78.0,936.0,65.9
447,72.0,864.0,64.1
448,74.0,888.0,64.7
449,60.0,720.0,65.5
450,66.0,792.0,64.8
451,72.0,864.0,65.0
452,69.0,828.0,65.1
453,62.0,744.0,65.4
454,73.0,876.0,66.0
455,63.0,756.0,66.4
456,69.0,828.0,65.1
457,71.0,852.0,64.9
458,88.0,1056.0,65.7
459,66.0,792.0,65.2
460,81.0,972.0,63.7
461,86.0,1032.0,63.8
462,62.0,744.0,64.1
463,80.0,960.0,64.4
464,74.0,888.0,63.3
465,57.0,684.0,63.9
466,58.0,696.0,64.5
467,55.0,660.0,64.4
468,58.0,696.0,64.4
469,67.0,804.0,64.1
470,70.0,840.0,63.1
471,69.0,828.0,62.6
472,51.0,612.0,64.3
473,66.0,792.0,64.0
474,53.0,636.0,65.6
475,63.0,756.0,65.3
476,66.0,792.0,64.0
477,60.0,720.0,65.2
478,57.0,684.0,63.9
479,65.0,780.0,64.4
480,61.0,732.0,63.8
481,67.0,804.0,63.3
482,76.0,912.0,62.8
483,66.0,792.0,64.2
484,74.0,888.0,63.7
485,67.0,804.0,63.3
486,69.0,828.0,62.1
487,59.0,708.0,63.3
488,54.0,648.0,62.3
489,73.0,876.0,62.9
490,57.0,684.0,64.0
491,60.0,720.0,63.6
492,58.0,696.0,64.2
493,58.0,696.0,63.0
494,59.0,708.0,63.5
495,71.0,852.0,64.2
496,61.0,732.0,63.5
497,46.0,552.0,63.2
498,54.0,648.0,64.5
499,62.0,744.0,63.5
500,59.0,708.0,65.2
501,46.0,552.0,65.3
502,56.0,672.0,64.6
503,39.0,468.0,64.7
504,63.0,756.0,64.3
505,77.0,924.0,64.0
506,54.0,648.0,65.0
507,52.0,624.0,65.4
508,58.0,696.0,64.3
509,73.0,876.0,65.2
510,59.0,708.0,66.1
511,67.0,804.0,65.8
512,51.0,612.0,65.6
513,47.0,564.0,66.3
514,46.0,552.0,66.3
515,66.0,792.0,65.4
516,42.0,504.0,65.5
517,46.0,552.0,65.1
518,53.0,636.0,65.1
519,43.0,516.0,65.3
520,45.0,540.0,65.4
521,50.0,600.0,66.3
522,54.0,648.0,64.7
523,50.0,600.0,64.9
524,50.0,600.0,66.2
525,43.0,516.0,65.7
526,46.0,552.0,64.8
527,42.0,504.0,65.2
528,48.0,576.0,66.0
529,61.0,732.0,66.7
530,47.0,564.0,66.6
531,53.0,636.0,65.4
532,56.0,672.0,65.1
533,48.0,576.0,65.4
534,53.0,636.0,66.0
535,55.0,660.0,67.3
536,51.0,612.0,66.7
537,35.0,420.0,66.1
538,49.0,588.0,64.8
539,52.0,624.0,65.4
540,44.0,528.0,65.5
541,45.0,540.0,65.7
542,56.0,672.0,66.6
543,55.0,660.0,65.8
544,49.0,588.0,65.1
545,46.0,552.0,64.7
546,43.0,516.0,64.1
547,59.0,708.0,64.6
548,48.0,576.0,64.2
549,51.0,612.0,64.8
550,56.0,672.0,64.8
551,59.0,708.0,64.1
552,57.0,684.0,65.7
553,44.0,528.0,65.3
554,45.0,540.0,65.6
555,54.0,648.0,64.9
556,49.0,588.0,65.2
557,56.0,672.0,65.0
558,49.0,588.0,65.1
559,46.0,552.0,65.3
560,61.0,732.0,65.6
561,38.0,456.0,65.3
562,41.0,492.0,65.8
563,34.0,408.0,66.1
564,37.0,444.0,66.1
565,36.0,432.0,65.2
566,34.0,408.0,65.6
567,44.0,528.0,65.4
568,37.0,444.0,64.6
569,48.0,576.0,64.1
570,31.0,372.0,64.0
571,35.0,420.0,64.3
572,33.0,396.0,64.5
573,28.0,336.0,64.5
574,21.0,252.0,64.6
575,26.0,312.0,64.9
576,23.0,276.0,65.0
577,28.0,336.0,65.2
578,15.0,180.0,65.1
579,13.0,156.0,65.1
580,17.0,204.0,65.0
581,9.0,108.0,65.0
582,19.0,228.0,65.0
583,13.0,156.0,65.0
584,16.0,192.0,64.7
585,25.0,300.0,65.2
586,11.0,132.0,65.1
587,18.0,216.0,65.0
588,21.0,252.0,64.9
589,11.0,132.0,65.1
590,14.0,168.0,65.2
591,12.0,144.0,65.0
592,6.0,72.0,65.1
593,8.0,96.0,65.1
594,9.0,108.0,65.0
595,4.0,48.0,65.0
596,14.0,168.0,65.1
597,8.0,96.0,64.8
598,4.0,48.0,64.8
599,9.0,108.0,64.9
600,9.0,108.0,64.9
601,13.0,156.0,65.1
602,11.0,132.0,65.0
603,12.0,144.0,65.0
604,10.0,120.0,65.0
605,4.0,48.0,65.0
606,2.0,24.0,65.3
607,3.0,36.0,65.2
608,3.0,36.0,65.3
609,3.0,36.0,65.2
610,2.0,24.0,65.1
611,4.0,48.0,65.0
612,11.0,132.0,65.1
613,4.0,48.0,64.9
614,3.0,36.0,65.0
615,3.0,36.0,65.0
616,4.0,48.0,65.0
617,1.0,12.0,65.0
618,1.0,12.0,64.8
619,2.0,24.0,64.9
620,0.0,0.0,64.9
621,1.0,12.0,65.0
622,1.0,12.0,65.0
623,2.0,24.0,65.0
624,2.0,24.0,65.0
625,0.0,0.0,65.0
626,0.0,0.0,65.0
627,1.0,12.0,64.9
628,2.0,24.0,64.9
629,2.0,24.0,64.8
630,2.0,24.0,64.8
631,1.0,12.0,64.8
632,1.0,12.0,64.8
633,7.0,84.0,64.9
634,2.0,24.0,64.9
635,2.0,24.0,64.9
636,1.0,12.0,65.2
637,4.0,48.0,65.0
638,1.0,12.0,64.8
639,3.0,36.0,64.8
640,5.0,60.0,64.9
641,2.0,24.0,64.9
642,3.0,36.0,64.9
643,5.0,60.0,64.8
644,9.0,108.0,64.7
645,7.0,84.0,64.9
646,9.0,108.0,64.9
647,3.0,36.0,64.9
648,5.0,60.0,64.9
649,6.0,72.0,64.8
650,6.0,72.0,65.0
651,3.0,36.0,65.0
652,12.0,144.0,64.9
653,12.0,144.0,64.9
654,7.0,84.0,64.9
655,7.0,84.0,64.9
656,13.0,156.0,64.8
657,15.0,180.0,64.9
658,7.0,84.0,64.9
659,12.0,144.0,64.9
660,9.0,108.0,65.0
661,16.0,192.0,65.0
662,11.0,132.0,64.9
663,12.0,144.0,64.9
664,23.0,276.0,64.8
665,9.0,108.0,64.9
666,10.0,120.0,64.9
667,20.0,240.0,64.7
668,17.0,204.0,64.6
669,15.0,180.0,64.9
670,21.0,252.0,64.9
671,18.0,216.0,64.5
672,19.0,228.0,64.5
673,17.0,204.0,64.7
674,26.0,312.0,64.9
675,26.0,312.0,65.3
676,21.0,252.0,65.3
677,16.0,192.0,65.0
678,34.0,408.0,64.5
679,28.0,336.0,64.7
680,27.0,324.0,64.6
681,35.0,420.0,64.8
682,31.0,372.0,64.9
683,32.0,384.0,64.9
684,30.0,360.0,65.2
685,26.0,312.0,64.7
686,38.0,456.0,64.9
687,34.0,408.0,64.8
688,36.0,432.0,65.1
689,25.0,300.0,65.2
690,27.0,324.0,64.8
691,30.0,360.0,64.8
692,40.0,480.0,64.0
693,38.0,456.0,64.3
694,52.0,624.0,65.0
695,35.0,420.0,65.0
696,59.0,708.0,64.5
697,46.0,552.0,64.6
698,41.0,492.0,64.7
699,44.0,528.0,64.8
700,40.0,480.0,64.9
701,57.0,684.0,64.7
702,49.0,588.0,64.6
703,48.0,576.0,64.8
704,50.0,600.0,65.0
705,56.0,672.0,65.6
706,47.0,564.0,65.2
707,60.0,720.0,64.7
708,51.0,612.0,63.7
709,49.0,588.0,63.8
710,52.0,624.0,64.2
711,48.0,576.0,64.2
712,37.0,444.0,64.8
713,47.0,564.0,65.0
714,51.0,612.0,65.1
715,49.0,588.0,65.4
716,55.0,660.0,65.8
717,52.0,624.0,65.5
718,58.0,696.0,64.0
719,45.0,540.0,64.0
720,54.0,648.0,64.5
721,51.0,612.0,65.5
722,43.0,516.0,64.7
723,65.0,780.0,64.7
724,60.0,720.0,64.5
725,59.0,708.0,63.4
726,49.0,588.0,64.9
727,77.0,924.0,62.8
728,51.0,612.0,64.5
729,71.0,852.0,63.9
730,57.0,684.0,64.4
731,70.0,840.0,64.9
732,61.0,732.0,66.6
733,58.0,696.0,65.7
734,51.0,612.0,67.0
735,70.0,840.0,66.9
736,59.0,708.0,66.8
737,51.0,612.0,66.5
738,51.0,612.0,66.5
739,43.0,516.0,66.1
740,53.0,636.0,65.5
741,63.0,756.0,64.7
742,50.0,600.0,65.7
743,53.0,636.0,66.2
744,60.0,720.0,65.3
745,50.0,600.0,65.0
746,58.0,696.0,63.9
747,55.0,660.0,64.2
748,54.0,648.0,64.0
749,70.0,840.0,64.6
750,48.0,576.0,64.7
751,56.0,672.0,64.5
752,57.0,684.0,62.3
753,76.0,912.0,63.2
754,47.0,564.0,63.6
755,45.0,540.0,64.5
756,54.0,648.0,64.3
757,60.0,720.0,66.0
758,64.0,768.0,64.0
759,50.0,600.0,65.2
760,44.0,528.0,64.2
761,55.0,660.0,64.0
762,39.0,468.0,64.1
763,56.0,672.0,64.1
764,59.0,708.0,64.5
765,64.0,768.0,65.1
766,54.0,648.0,65.6
767,54.0,648.0,64.4
768,48.0,576.0,64.8
769,50.0,600.0,65.0
770,52.0,624.0,65.3
771,39.0,468.0,65.1
772,53.0,636.0,64.7
773,45.0,540.0,64.4
774,51.0,612.0,64.7
775,54.0,648.0,64.9
776,50.0,600.0,64.5
777,41.0,492.0,65.1
778,38.0,456.0,65.5
779,43.0,516.0,65.4
780,58.0,696.0,65.9
781,57.0,684.0,65.9
782,53.0,636.0,65.7
783,39.0,468.0,65.2
784,34.0,408.0,65.2
785,43.0,516.0,64.7
786,44.0,528.0,65.3
787,39.0,468.0,64.9
788,34.0,408.0,64.8
789,46.0,552.0,64.3
790,50.0,600.0,65.8
791,45.0,540.0,65.3
792,49.0,588.0,65.8
793,45.0,540.0,65.7
794,37.0,444.0,65.6
795,43.0,516.0,65.7
796,39.0,468.0,66.1
797,59.0,708.0,66.5
798,44.0,528.0,66.8
799,43.0,516.0,65.6
800,33.0,396.0,65.1
801,50.0,600.0,64.2
802,50.0,600.0,64.8
803,53.0,636.0,65.4
804,41.0,492.0,65.7
805,53.0,636.0,65.9
806,42.0,504.0,65.0
807,36.0,432.0,64.5
808,43.0,516.0,64.9
809,43.0,516.0,64.9
810,47.0,564.0,66.1
811,54.0,648.0,64.6
812,53.0,636.0,64.3
813,52.0,624.0,64.1
814,44.0,528.0,64.0
815,36.0,432.0,64.7
816,43.0,516.0,65.2
817,49.0,588.0,65.9
818,50.0,600.0,65.6
819,47.0,564.0,65.9
820,44.0,528.0,66.0
821,40.0,480.0,65.4
822,44.0,528.0,65.3
823,42.0,504.0,65.0
824,34.0,408.0,64.1
825,46.0,552.0,65.3
826,48.0,576.0,64.3
827,44.0,528.0,64.5
828,56.0,672.0,64.4
829,44.0,528.0,64.4
830,48.0,576.0,64.9
831,40.0,480.0,63.9
832,57.0,684.0,64.7
833,47.0,564.0,64.8
834,52.0,624.0,64.8
835,52.0,624.0,62.6
836,39.0,468.0,64.1
837,39.0,468.0,64.0
838,44.0,528.0,64.3
839,40.0,480.0,64.2
840,41.0,492.0,63.9
841,42.0,504.0,64.5
842,41.0,492.0,64.1
843,36.0,432.0,64.4
844,48.0,576.0,64.9
845,51.0,612.0,65.3
846,31.0,372.0,64.9
847,33.0,396.0,64.6
848,46.0,552.0,65.2
849,38.0,456.0,64.7
850,34.0,408.0,64.8
851,32.0,384.0,65.0
852,36.0,432.0,64.3
853,31.0,372.0,64.5
854,40.0,480.0,63.5
855,27.0,324.0,63.7
856,16.0,192.0,64.3
857,26.0,312.0,64.5
858,20.0,240.0,64.8
859,32.0,384.0,64.1
860,29.0,348.0,64.7
861,14.0,168.0,64.7
862,17.0,204.0,64.8
863,21.0,252.0,64.6
864,14.0,168.0,65.0
865,12.0,144.0,64.9
866,14.0,168.0,64.9
867,20.0,240.0,65.0
868,14.0,168.0,65.0
869,16.0,192.0,65.0
870,15.0,180.0,65.0
871,9.0,108.0,65.0
872,11.0,132.0,64.9
873,16.0,192.0,64.8
874,18.0,216.0,64.5
875,19.0,228.0,64.7
876,11.0,132.0,64.7
877,7.0,84.0,64.8
878,16.0,192.0,64.4
879,12.0,144.0,64.6
880,1.0,12.0,64.8
881,5.0,60.0,64.9
882,5.0,60.0,64.9
883,4.0,48.0,65.0
884,3.0,36.0,64.9
885,4.0,48.0,64.9
886,3.0,36.0,64.9
887,5.0,60.0,65.0
888,7.0,84.0,65.0
889,5.0,60.0,64.9
890,5.0,60.0,65.0
891,6.0,72.0,65.0
892,3.0,36.0,65.0
893,3.0,36.0,64.9
894,3.0,36.0,65.0
895,3.0,36.0,65.0
896,4.0,48.0,65.0
897,0.0,0.0,65.0
898,2.0,24.0,64.9
899,1.0,12.0,64.9
900,2.0,24.0,64.9
901,1.0,12.0,64.8
902,3.0,36.0,64.8
903,1.0,12.0,64.9
904,0.0,0.0,64.9
905,1.0,12.0,64.9
906,1.0,12.0,65.0
907,3.0,36.0,65.0
908,1.0,12.0,65.3
909,1.0,12.0,65.1
910,2.0,24.0,65.0
911,1.0,12.0,65.0
912,2.0,24.0,65.0
913,0.0,0.0,65.0
914,4.0,48.0,65.2
915,0.0,0.0,65.2
916,1.0,12.0,65.1
917,0.0,0.0,65.1
918,2.0,24.0,65.4
919,0.0,0.0,65.4
920,3.0,36.0,65.2
921,3.0,36.0,65.1
922,0.0,0.0,65.1
923,2.0,24.0,65.0
924,1.0,12.0,64.9
925,0.0,0.0,64.9
926,0.0,0.0,64.9
927,4.0,48.0,64.9
928,4.0,48.0,65.0
929,6.0,72.0,65.0
930,5.0,60.0,64.9
931,3.0,36.0,65.0
932,2.0,24.0,65.0
933,5.0,60.0,65.0
934,3.0,36.0,64.9
935,1.0,12.0,65.0
936,4.0,48.0,65.1
937,6.0,72.0,65.2
938,5.0,60.0,65.2
939,2.0,24.0,65.2
940,8.0,96.0,65.2
941,4.0,48.0,65.0
942,3.0,36.0,65.0
943,3.0,36.0,65.0
944,9.0,108.0,65.2
945,6.0,72.0,65.2
946,6.0,72.0,65.2
947,8.0,96.0,65.2
948,4.0,48.0,65.2
949,10.0,120.0,65.2
950,5.0,60.0,65.2
951,9.0,108.0,65.3
952,6.0,72.0,65.2
953,7.0,84.0,65.3
954,12.0,144.0,65.2
955,9.0,108.0,65.1
956,10.0,120.0,65.2
957,6.0,72.0,65.2
958,14.0,168.0,65.4
959,13.0,156.0,65.3
960,10.0,120.0,65.2
961,8.0,96.0,65.2
962,10.0,120.0,65.2
963,9.0,108.0,65.2
964,20.0,240.0,65.4
965,16.0,192.0,65.5
966,10.0,120.0,65.3
967,17.0,204.0,65.2
968,17.0,204.0,65.3
969,18.0,216.0,65.3
970,8.0,96.0,65.3
971,17.0,204.0,65.3
972,13.0,156.0,65.2
973,10.0,120.0,65.2
974,15.0,180.0,65.3
975,17.0,204.0,65.4
976,9.0,108.0,65.3
977,13.0,156.0,65.3
978,24.0,288.0,65.4
979,10.0,120.0,65.3
980,24.0,288.0,65.8
981,20.0,240.0,65.5
982,16.0,192.0,65.2
983,19.0,228.0,65.2
984,23.0,276.0,64.9
985,21.0,252.0,65.1
986,23.0,276.0,65.3
987,23.0,276.0,65.3
988,25.0,300.0,65.5
989,32.0,384.0,66.0
990,19.0,228.0,65.6
991,27.0,324.0,65.8
992,26.0,312.0,65.6
993,31.0,372.0,66.0
994,35.0,420.0,66.6
995,32.0,384.0,66.2
996,29.0,348.0,65.5
997,39.0,468.0,66.3
998,30.0,360.0,65.8
999,30.0,360.0,66.0
1000,30.0,360.0,66.2
1001,31.0,372.0,66.2
1002,38.0,456.0,66.2
1003,35.0,420.0,66.3
1004,41.0,492.0,66.5
1005,41.0,492.0,66.9
1006,37.0,444.0,66.8
1007,34.0,408.0,66.2
1008,32.0,384.0,66.2
1009,48.0,576.0,67.1
1010,45.0,540.0,66.5
1011,27.0,324.0,66.1
1012,41.0,492.0,66.3
1013,36.0,432.0,66.8
1014,45.0,540.0,66.8
1015,48.0,576.0,67.1
1016,34.0,408.0,66.6
1017,58.0,696.0,65.4
1018,52.0,624.0,66.0
1019,46.0,552.0,67.3
1020,46.0,552.0,67.2
1021,44.0,528.0,67.3
1022,40.0,480.0,67.1
1023,51.0,612.0,67.5
1024,49.0,588.0,67.5
1025,54.0,648.0,68.1
1026,48.0,576.0,67.5
1027,51.0,612.0,68.1
1028,47.0,564.0,67.4
1029,55.0,660.0,66.5
1030,32.0,384.0,66.0
1031,57.0,684.0,67.9
1032,49.0,588.0,68.4
1033,50.0,600.0,68.8
1034,44.0,528.0,68.8
1035,47.0,564.0,68.8
1036,53.0,636.0,69.3
1037,44.0,528.0,69.1
1038,52.0,624.0,69.0
1039,45.0,540.0,68.1
1040,51.0,612.0,68.2
1041,35.0,420.0,67.4
1042,46.0,552.0,67.5
1043,50.0,600.0,68.7
1044,33.0,396.0,67.8
1045,49.0,588.0,69.8
1046,41.0,492.0,69.5
1047,53.0,636.0,70.7
1048,39.0,468.0,69.4
1049,54.0,648.0,69.0
1050,36.0,432.0,68.6
1051,57.0,684.0,67.2
1052,47.0,564.0,67.6
1053,35.0,420.0,67.2
1054,44.0,528.0,68.6
1055,39.0,468.0,68.8
1056,37.0,444.0,68.2
1057,47.0,564.0,69.7
1058,49.0,588.0,70.1
1059,36.0,432.0,69.2
1060,47.0,564.0,69.5
1061,38.0,456.0,68.5
1062,33.0,396.0,68.0
1063,49.0,588.0,69.8
1064,39.0,468.0,69.1
1065,33.0,396.0,68.6
1066,54.0,648.0,70.4
1067,37.0,444.0,69.6
1068,32.0,384.0,67.7
1069,33.0,396.0,67.0
1070,50.0,600.0,67.5
1071,35.0,420.0,67.1
1072,40.0,480.0,66.3
1073,28.0,336.0,65.9
1074,33.0,396.0,66.7
1075,42.0,504.0,66.9
1076,37.0,444.0,66.4
1077,42.0,504.0,67.0
1078,37.0,444.0,67.0
1079,41.0,492.0,67.0
1080,31.0,372.0,66.1
1081,19.0,228.0,65.9
1082,37.0,444.0,65.6
1083,36.0,432.0,66.2
1084,45.0,540.0,66.1
1085,36.0,432.0,66.4
1086,32.0,384.0,65.6
1087,35.0,420.0,65.9
1088,23.0,276.0,65.6
1089,32.0,384.0,65.9
1090,26.0,312.0,65.4
1091,32.0,384.0,65.8
1092,31.0,372.0,65.6
1093,32.0,384.0,65.5
1094,46.0,552.0,66.5
1095,30.0,360.0,66.2
1096,25.0,300.0,66.0
1097,38.0,456.0,65.4
1098,35.0,420.0,65.8
1099,32.0,384.0,65.8
1100,28.0,336.0,65.4
1101,34.0,408.0,65.9
1102,29.0,348.0,65.8
1103,29.0,348.0,65.2
1104,20.0,240.0,65.3
1105,32.0,384.0,62.9
1106,28.0,336.0,64.1
1107,39.0,468.0,65.0
1108,31.0,372.0,64.4
1109,33.0,396.0,65.0
1110,30.0,360.0,64.8
1111,30.0,360.0,65.5
1112,30.0,360.0,65.5
1113,26.0,312.0,65.1
1114,14.0,168.0,65.0
1115,26.0,312.0,65.1
1116,20.0,240.0,64.8
1117,27.0,324.0,64.9
1118,29.0,348.0,64.9
1119,22.0,264.0,65.1
1120,30.0,360.0,64.7
1121,20.0,240.0,64.8
1122,36.0,432.0,65.0
1123,31.0,372.0,64.8
1124,35.0,420.0,64.2
1125,61.0,732.0,63.6
1126,70.0,840.0,62.7
1127,70.0,840.0,62.4
1128,51.0,612.0,63.5
1129,67.0,804.0,62.4
1130,74.0,888.0,63.2
1131,75.0,900.0,63.1
1132,88.0,1056.0,62.8
1133,68.0,816.0,62.2
1134,45.0,540.0,62.0
1135,59.0,708.0,62.2
1136,47.0,564.0,62.7
1137,56.0,672.0,62.9
1138,50.0,600.0,62.2
1139,46.0,552.0,62.7
1140,42.0,504.0,62.8
1141,35.0,420.0,63.4
1142,50.0,600.0,62.6
1143,30.0,360.0,63.3
1144,37.0,444.0,63.5
1145,31.0,372.0,63.9
1146,40.0,480.0,64.0
1147,19.0,228.0,64.5
1148,28.0,336.0,64.4
1149,37.0,444.0,64.8
1150,28.0,336.0,64.4
1151,27.0,324.0,64.7
1152,20.0,240.0,65.0
1153,23.0,276.0,64.9
1154,20.0,240.0,65.1
1155,34.0,408.0,64.7
1156,18.0,216.0,64.7
1157,27.0,324.0,64.6
1158,20.0,240.0,64.8
1159,12.0,144.0,64.8
1160,16.0,192.0,65.0
1161,17.0,204.0,64.9
1162,27.0,324.0,64.9
1163,22.0,264.0,64.7
1164,20.0,240.0,64.7
1165,12.0,144.0,64.8
1166,7.0,84.0,64.9
1167,14.0,168.0,64.9
1168,8.0,96.0,65.0
1169,8.0,96.0,65.0
1170,5.0,60.0,64.7
1171,3.0,36.0,64.8
1172,9.0,108.0,64.9
1173,0.0,0.0,64.9
1174,3.0,36.0,64.9
1175,0.0,0.0,64.9
1176,3.0,36.0,64.9
1177,4.0,48.0,65.0
1178,1.0,12.0,65.0
1179,1.0,12.0,65.0
1180,1.0,12.0,65.2
1181,0.0,0.0,65.2
1182,1.0,12.0,65.0
1183,0.0,0.0,65.0
1184,2.0,24.0,65.2
1185,1.0,12.0,65.3
1186,0.0,0.0,65.3
1187,2.0,24.0,65.1
1188,1.0,12.0,65.2
1189,3.0,36.0,65.0
1190,2.0,24.0,65.0
1191,0.0,0.0,65.0
1192,0.0,0.0,65.0
1193,2.0,24.0,65.0
1194,2.0,24.0,65.0
1195,2.0,24.0,65.0
1196,1.0,12.0,65.0
1197,2.0,24.0,65.0
1198,1.0,12.0,65.0
1199,4.0,48.0,65.0
1200,0.0,0.0,65.0
1201,3.0,36.0,65.0
1202,6.0,72.0,65.0
1203,6.0,72.0,65.0
1204,8.0,96.0,64.9
1205,5.0,60.0,65.0
1206,5.0,60.0,65.0
1207,8.0,96.0,64.9
1208,6.0,72.0,65.2
1209,6.0,72.0,65.1
1210,12.0,144.0,65.0
1211,6.0,72.0,64.9
1212,8.0,96.0,65.1
1213,10.0,120.0,65.0
1214,15.0,180.0,65.0
1215,6.0,72.0,64.9
1216,9.0,108.0,65.0
1217,16.0,192.0,64.9
1218,12.0,144.0,64.9
1219,22.0,264.0,65.0
1220,18.0,216.0,65.1
1221,28.0,336.0,65.5
1222,24.0,288.0,65.5
1223,16.0,192.0,65.2
1224,22.0,264.0,65.3
1225,23.0,276.0,65.0
1226,21.0,252.0,65.0
1227,24.0,288.0,65.1
1228,36.0,432.0,65.4
1229,20.0,240.0,65.2
1230,32.0,384.0,65.0
1231,34.0,408.0,64.6
1232,45.0,540.0,63.8
1233,59.0,708.0,63.8
1234,51.0,612.0,65.0
1235,40.0,480.0,65.7
1236,35.0,420.0,66.1
1237,53.0,636.0,65.3
1238,20.0,240.0,65.1
1239,50.0,600.0,65.3
1240,59.0,708.0,65.5
1241,51.0,612.0,65.2
1242,56.0,672.0,64.6
1243,70.0,840.0,64.9
1244,79.0,948.0,64.5
1245,61.0,732.0,64.0
1246,50.0,600.0,64.4
1247,66.0,792.0,64.9
1248,52.0,624.0,63.9
1249,43.0,516.0,63.9
1250,55.0,660.0,64.1
1251,37.0,444.0,64.0
1252,52.0,624.0,64.5
1253,45.0,540.0,65.6
1254,43.0,516.0,66.6
1255,46.0,552.0,66.3
1256,40.0,480.0,66.1
1257,49.0,588.0,67.3
1258,32.0,384.0,66.3
1259,51.0,612.0,65.4
1260,36.0,432.0,65.4
1261,36.0,432.0,65.6
1262,38.0,456.0,65.7
1263,38.0,456.0,65.4
1264,39.0,468.0,65.0
1265,36.0,432.0,65.1
1266,45.0,540.0,65.0
1267,35.0,420.0,64.7
1268,40.0,480.0,64.8
1269,43.0,516.0,65.4
1270,32.0,384.0,64.6
1271,42.0,504.0,65.2
1272,35.0,420.0,65.0
1273,46.0,552.0,63.6
1274,44.0,528.0,63.7
1275,40.0,480.0,63.7
1276,58.0,696.0,65.1
1277,46.0,552.0,64.9
1278,50.0,600.0,64.3
1279,54.0,648.0,63.4
1280,61.0,732.0,62.9
1281,49.0,588.0,64.1
1282,27.0,324.0,64.5
1283,76.0,912.0,64.3
1284,55.0,660.0,64.0
1285,65.0,780.0,63.8
1286,57.0,684.0,64.5
1287,49.0,588.0,64.1
1288,64.0,768.0,62.7
1289,52.0,624.0,63.3
1290,50.0,600.0,63.2
1291,48.0,576.0,62.6
1292,54.0,648.0,63.7
1293,57.0,684.0,66.2
1294,46.0,552.0,65.1
1295,52.0,624.0,64.1
1296,53.0,636.0,65.1
1297,59.0,708.0,65.0
1298,69.0,828.0,62.7
1299,52.0,624.0,63.2
1300,68.0,816.0,62.9
1301,64.0,768.0,63.0
1302,57.0,684.0,62.9
1303,57.0,684.0,63.9
1304,53.0,636.0,63.7
1305,58.0,696.0,62.9
1306,54.0,648.0,62.9
1307,57.0,684.0,63.1
1308,65.0,780.0,63.7
1309,54.0,648.0,64.1
1310,59.0,708.0,64.5
1311,71.0,852.0,65.0
1312,58.0,696.0,64.0
1313,62.0,744.0,64.2
1314,78.0,936.0,62.6
1315,50.0,600.0,63.1
1316,69.0,828.0,63.2
1317,60.0,720.0,65.0
1318,61.0,732.0,65.0
1319,70.0,840.0,64.8
1320,70.0,840.0,64.5
1321,76.0,912.0,65.4
1322,80.0,960.0,64.2
1323,73.0,876.0,63.3
1324,65.0,780.0,63.9
1325,76.0,912.0,64.2
1326,64.0,768.0,63.2
1327,83.0,996.0,63.4
1328,68.0,816.0,63.8
1329,69.0,828.0,64.0
1330,75.0,900.0,65.1
1331,75.0,900.0,65.2
1332,54.0,648.0,66.3
1333,82.0,984.0,65.5
1334,77.0,924.0,65.9
1335,79.0,948.0,65.3
1336,59.0,708.0,66.1
1337,70.0,840.0,65.2
1338,100.0,1200.0,65.3
1339,88.0,1056.0,65.2
1340,90.0,1080.0,63.2
1341,78.0,936.0,64.6
1342,72.0,864.0,64.7
1343,62.0,744.0,65.8
1344,75.0,900.0,62.8
1345,81.0,972.0,58.2
1346,74.0,888.0,58.1
1347,84.0,1008.0,55.5
1348,114.0,1368.0,55.8
1349,90.0,1080.0,55.6
1350,55.0,660.0,56.1
1351,6.0,72.0,60.5
1352,3.0,36.0,62.9
1353,49.0,588.0,62.4
1354,71.0,852.0,60.5
1355,75.0,900.0,59.9
1356,88.0,1056.0,62.4
1357,92.0,1104.0,64.4
1358,85.0,1020.0,64.8
1359,74.0,888.0,64.5
1360,78.0,936.0,64.5
1361,88.0,1056.0,64.5
1362,73.0,876.0,63.9
1363,86.0,1032.0,64.6
1364,82.0,984.0,65.0
1365,70.0,840.0,64.8
1366,79.0,948.0,64.9
1367,75.0,900.0,64.6
1368,87.0,1044.0,62.6
1369,79.0,948.0,62.4
1370,75.0,900.0,62.3
1371,72.0,864.0,62.0
1372,75.0,900.0,62.1
1373,62.0,744.0,62.7
1374,75.0,900.0,63.0
1375,68.0,816.0,63.2
1376,58.0,696.0,64.2
1377,55.0,660.0,64.6
1378,46.0,552.0,64.6
1379,49.0,588.0,65.7
1380,39.0,468.0,65.0
1381,50.0,600.0,66.4
1382,52.0,624.0,66.7
1383,39.0,468.0,66.2
1384,40.0,480.0,66.3
1385,39.0,468.0,65.8
1386,48.0,576.0,65.0
1387,55.0,660.0,64.5
1388,48.0,576.0,64.8
1389,34.0,408.0,64.6
1390,53.0,636.0,64.1
1391,39.0,468.0,63.4
1392,40.0,480.0,64.2
1393,31.0,372.0,64.4
1394,38.0,456.0,65.0
1395,42.0,504.0,64.2
1396,39.0,468.0,64.5
1397,34.0,408.0,64.6
1398,40.0,480.0,63.0
1399,29.0,348.0,64.0
1400,33.0,396.0,64.4
1401,37.0,444.0,65.0
1402,39.0,468.0,64.4
1403,43.0,516.0,64.2
1404,24.0,288.0,64.6
1405,32.0,384.0,64.4
1406,29.0,348.0,64.6
1407,37.0,444.0,64.5
1408,27.0,324.0,64.8
1409,40.0,480.0,64.6
1410,29.0,348.0,64.9
1411,33.0,396.0,64.2
1412,31.0,372.0,64.4
1413,32.0,384.0,64.6
1414,32.0,384.0,65.5
1415,25.0,300.0,65.2
1416,22.0,264.0,65.1
1417,26.0,312.0,65.0
1418,16.0,192.0,65.0
1419,23.0,276.0,65.1
1420,15.0,180.0,65.0
1421,19.0,228.0,65.0
1422,25.0,300.0,64.4
1423,26.0,312.0,64.1
1424,22.0,264.0,64.6
1425,29.0,348.0,65.1
1426,21.0,252.0,64.8
1427,11.0,132.0,64.9
1428,12.0,144.0,64.9
1429,14.0,168.0,65.0
1430,20.0,240.0,64.9
1431,9.0,108.0,65.0
1432,9.0,108.0,65.0
1433,9.0,108.0,64.9
1434,11.0,132.0,64.9
1435,7.0,84.0,65.1
1436,6.0,72.0,65.1
1437,15.0,180.0,65.1
1438,6.0,72.0,65.1
1439,7.0,84.0,65.0
1440,12.0,144.0,65.0
1441,8.0,96.0,65.0
1442,8.0,96.0,65.0
1443,5.0,60.0,65.1
1444,2.0,24.0,65.1
1445,9.0,108.0,65.1
1446,2.0,24.0,65.0
1447,7.0,84.0,64.9
1448,4.0,48.0,65.1
1449,7.0,84.0,65.2
1450,6.0,72.0,65.1
1451,6.0,72.0,65.1
1452,6.0,72.0,65.1
1453,6.0,72.0,65.0
1454,2.0,24.0,64.6
1455,2.0,24.0,64.9
1456,0.0,0.0,64.9
1457,3.0,36.0,64.9
1458,1.0,12.0,64.8
1459,5.0,60.0,64.9
1460,1.0,12.0,64.8
1461,0.0,0.0,64.8
1462,2.0,24.0,65.0
1463,1.0,12.0,65.0
1464,6.0,72.0,64.9
1465,2.0,24.0,64.9
1466,2.0,24.0,64.9
1467,5.0,60.0,64.7
1468,4.0,48.0,64.9
1469,2.0,24.0,65.1
1470,2.0,24.0,64.9
1471,2.0,24.0,64.9
1472,1.0,12.0,65.2
1473,0.0,0.0,65.2
1474,2.0,24.0,64.9
1475,3.0,36.0,64.9
1476,2.0,24.0,64.8
1477,1.0,12.0,64.9
1478,2.0,24.0,64.9
1479,3.0,36.0,64.9
1480,0.0,0.0,64.9
1481,2.0,24.0,64.8
1482,1.0,12.0,64.8
1483,6.0,72.0,64.8
1484,0.0,0.0,64.8
1485,2.0,24.0,64.8
1486,2.0,24.0,64.8
1487,6.0,72.0,65.0
1488,4.0,48.0,65.1
1489,5.0,60.0,65.2
1490,2.0,24.0,65.1
1491,2.0,24.0,65.1
1492,5.0,60.0,65.1
1493,8.0,96.0,65.1
1494,9.0,108.0,65.0
1495,6.0,72.0,65.0
1496,14.0,168.0,65.0
1497,12.0,144.0,65.1
1498,9.0,108.0,64.9
1499,8.0,96.0,64.8
1500,9.0,108.0,64.8
1501,15.0,180.0,64.8
1502,4.0,48.0,64.9
1503,18.0,216.0,64.8
1504,17.0,204.0,64.8
1505,13.0,156.0,64.9
1506,14.0,168.0,64.9
1507,21.0,252.0,64.9
1508,18.0,216.0,64.9
1509,18.0,216.0,65.0
1510,37.0,444.0,65.3
1511,21.0,252.0,65.2
1512,26.0,312.0,65.5
1513,22.0,264.0,65.5
1514,22.0,264.0,65.4
1515,28.0,336.0,65.5
1516,28.0,336.0,65.1
1517,25.0,300.0,65.5
1518,26.0,312.0,65.5
1519,38.0,456.0,65.0
1520,65.0,780.0,63.5
1521,48.0,576.0,65.1
1522,51.0,612.0,64.4
1523,41.0,492.0,64.9
1524,46.0,552.0,65.2
1525,43.0,516.0,65.4
1526,54.0,648.0,66.3
1527,49.0,588.0,65.4
1528,63.0,756.0,64.6
1529,47.0,564.0,64.5
1530,52.0,624.0,64.3
1531,54.0,648.0,63.7
1532,54.0,648.0,64.8
1533,76.0,912.0,65.3
1534,54.0,648.0,65.5
1535,51.0,612.0,65.3
1536,55.0,660.0,63.8
1537,56.0,672.0,63.3
1538,37.0,444.0,64.6
1539,44.0,528.0,65.2
1540,47.0,564.0,64.2
1541,45.0,540.0,64.8
1542,37.0,444.0,65.1
1543,35.0,420.0,65.7
1544,39.0,468.0,65.0
1545,49.0,588.0,65.1
1546,43.0,516.0,66.3
1547,44.0,528.0,65.5
1548,26.0,312.0,65.7
1549,32.0,384.0,65.8
1550,25.0,300.0,65.7
1551,37.0,444.0,65.0
1552,53.0,636.0,65.6
1553,34.0,408.0,65.4
1554,36.0,432.0,64.1
1555,52.0,624.0,65.2
1556,45.0,540.0,65.7
1557,35.0,420.0,66.2
1558,34.0,408.0,64.8
1559,30.0,360.0,65.2
1560,31.0,372.0,65.3
1561,36.0,432.0,64.0
1562,39.0,468.0,64.5
1563,59.0,708.0,65.3
1564,36.0,432.0,65.2
1565,30.0,360.0,65.4
1566,43.0,516.0,64.8
1567,44.0,528.0,64.6
1568,53.0,636.0,65.2
1569,49.0,588.0,64.7
1570,51.0,612.0,65.0
1571,39.0,468.0,65.0
1572,63.0,756.0,65.7
1573,50.0,600.0,65.5
1574,39.0,468.0,65.2
1575,54.0,648.0,65.1
1576,46.0,552.0,64.7
1577,53.0,636.0,64.4
1578,54.0,648.0,64.9
1579,48.0,576.0,64.8
1580,54.0,648.0,65.1
1581,44.0,528.0,64.1
1582,55.0,660.0,64.9
1583,49.0,588.0,65.4
1584,46.0,552.0,65.6
1585,52.0,624.0,65.5
1586,49.0,588.0,64.1
1587,57.0,684.0,64.1
1588,50.0,600.0,63.2
1589,59.0,708.0,63.6
1590,69.0,828.0,63.2
1591,55.0,660.0,62.9
1592,44.0,528.0,63.9
1593,46.0,552.0,64.6
1594,51.0,612.0,63.7
1595,49.0,588.0,64.3
1596,39.0,468.0,64.1
1597,58.0,696.0,64.2
1598,62.0,744.0,64.2
1599,61.0,732.0,64.6
1600,51.0,612.0,65.3
1601,49.0,588.0,65.9
1602,46.0,552.0,64.1
1603,62.0,744.0,63.9
1604,62.0,744.0,64.6
1605,54.0,648.0,65.0
1606,45.0,540.0,64.5
1607,65.0,780.0,63.5
1608,59.0,708.0,64.2
1609,58.0,696.0,65.4
1610,69.0,828.0,64.2
1611,61.0,732.0,63.5
1612,68.0,816.0,64.0
1613,57.0,684.0,64.5
1614,69.0,828.0,65.6
1615,58.0,696.0,65.0
1616,76.0,912.0,65.3
1617,68.0,816.0,65.1
1618,69.0,828.0,64.8
1619,76.0,912.0,64.0
1620,69.0,828.0,64.8
1621,92.0,1104.0,64.5
1622,82.0,984.0,65.3
1623,86.0,1032.0,65.8
1624,71.0,852.0,65.1
1625,66.0,792.0,63.3
1626,81.0,972.0,64.2
1627,78.0,936.0,64.8
1628,80.0,960.0,64.9
1629,80.0,960.0,64.8
1630,80.0,960.0,64.5
1631,82.0,984.0,63.3
1632,74.0,888.0,60.8
1633,77.0,924.0,60.7
1634,76.0,912.0,59.2
1635,83.0,996.0,57.9
1636,76.0,912.0,57.4
1637,72.0,864.0,57.9
1638,91.0,1092.0,57.1
1639,83.0,996.0,58.3
1640,80.0,960.0,58.3
1641,88.0,1056.0,56.8
1642,103.0,1236.0,56.8
1643,83.0,996.0,58.0
1644,97.0,1164.0,57.3
1645,103.0,1236.0,57.4
1646,86.0,1032.0,57.1
1647,97.0,1164.0,56.8
1648,104.0,1248.0,56.3
1649,82.0,984.0,56.6
1650,88.0,1056.0,56.3
1651,96.0,1152.0,55.7
1652,97.0,1164.0,55.3
1653,92.0,1104.0,55.5
1654,95.0,1140.0,54.6
1655,78.0,936.0,54.0
1656,90.0,1080.0,55.7
1657,88.0,1056.0,58.5
1658,72.0,864.0,60.1
1659,73.0,876.0,63.6
1660,77.0,924.0,62.7
1661,50.0,600.0,63.8
1662,50.0,600.0,64.9
1663,56.0,672.0,64.5
1664,52.0,624.0,65.0
1665,49.0,588.0,64.9
1666,46.0,552.0,65.2
1667,46.0,552.0,66.5
1668,35.0,420.0,66.2
1669,32.0,384.0,64.7
1670,36.0,432.0,64.6
1671,31.0,372.0,65.1
1672,47.0,564.0,64.7
1673,16.0,192.0,65.0
1674,4.0,48.0,65.0
1675,3.0,36.0,65.3
1676,9.0,108.0,65.0
1677,12.0,144.0,65.2
1678,7.0,84.0,65.1
1679,8.0,96.0,65.2
1680,11.0,132.0,65.2
1681,8.0,96.0,65.1
1682,9.0,108.0,65.2
1683,18.0,216.0,65.1
1684,31.0,372.0,65.1
1685,40.0,480.0,65.7
1686,36.0,432.0,64.8
1687,26.0,312.0,64.7
1688,10.0,120.0,65.0
1689,17.0,204.0,65.0
1690,20.0,240.0,65.4
1691,19.0,228.0,65.2
1692,11.0,132.0,65.3
1693,9.0,108.0,65.3
1694,40.0,480.0,64.9
1695,36.0,432.0,65.1
1696,27.0,324.0,64.7
1697,35.0,420.0,64.6
1698,22.0,264.0,64.6
1699,21.0,252.0,64.6
1700,26.0,312.0,64.7
1701,31.0,372.0,64.2
1702,25.0,300.0,64.5
1703,26.0,312.0,64.6
1704,18.0,216.0,64.7
1705,20.0,240.0,64.8
1706,24.0,288.0,64.9
1707,26.0,312.0,65.1
1708,10.0,120.0,65.1
1709,15.0,180.0,65.0
1710,11.0,132.0,65.0
1711,15.0,180.0,65.0
1712,16.0,192.0,65.0
1713,13.0,156.0,65.0
1714,14.0,168.0,65.1
1715,13.0,156.0,65.2
1716,12.0,144.0,65.0
1717,13.0,156.0,65.0
1718,21.0,252.0,65.2
1719,19.0,228.0,65.3
1720,11.0,132.0,65.2
1721,8.0,96.0,65.0
1722,9.0,108.0,64.9
1723,12.0,144.0,65.0
1724,13.0,156.0,65.0
1725,6.0,72.0,64.9
1726,6.0,72.0,65.0
1727,10.0,120.0,65.1
1728,10.0,120.0,65.0
1729,6.0,72.0,64.9
1730,5.0,60.0,65.0
1731,6.0,72.0,65.0
1732,6.0,72.0,65.0
1733,5.0,60.0,65.0
1734,6.0,72.0,65.0
1735,8.0,96.0,65.1
1736,1.0,12.0,65.2
1737,1.0,12.0,66.3
1738,7.0,84.0,65.6
1739,3.0,36.0,65.2
1740,9.0,108.0,65.1
1741,6.0,72.0,65.0
1742,2.0,24.0,64.6
1743,2.0,24.0,64.9
1744,1.0,12.0,64.9
1745,3.0,36.0,64.9
1746,3.0,36.0,64.9
1747,2.0,24.0,64.9
1748,1.0,12.0,64.8
1749,1.0,12.0,64.8
1750,1.0,12.0,64.8
1751,1.0,12.0,64.9
1752,2.0,24.0,65.0
1753,0.0,0.0,65.0
1754,3.0,36.0,64.9
1755,1.0,12.0,64.9
1756,2.0,24.0,65.0
1757,3.0,36.0,65.1
1758,3.0,36.0,64.9
1759,3.0,36.0,65.2
1760,2.0,24.0,65.0
1761,2.0,24.0,65.2
1762,0.0,0.0,65.2
1763,1.0,12.0,65.2
1764,2.0,24.0,65.1
1765,2.0,24.0,65.2
1766,2.0,24.0,65.0
1767,1.0,12.0,64.9
1768,1.0,12.0,64.9
1769,2.0,24.0,64.9
1770,1.0,12.0,64.9
1771,4.0,48.0,64.9
1772,3.0,36.0,65.1
1773,1.0,12.0,65.0
1774,5.0,60.0,65.0
1775,4.0,48.0,65.1
1776,3.0,36.0,65.0
1777,5.0,60.0,65.0
1778,1.0,12.0,64.8
1779,1.0,12.0,64.9
1780,3.0,36.0,65.0
1781,5.0,60.0,65.0
1782,4.0,48.0,65.2
1783,7.0,84.0,65.1
1784,13.0,156.0,65.1
1785,9.0,108.0,65.0
1786,8.0,96.0,64.9
1787,13.0,156.0,64.9
1788,8.0,96.0,64.9
1789,10.0,120.0,64.8
1790,11.0,132.0,65.0
1791,14.0,168.0,64.9
1792,14.0,168.0,64.9
1793,17.0,204.0,64.5
1794,14.0,168.0,64.8
1795,11.0,132.0,64.9
1796,23.0,276.0,64.9
1797,34.0,408.0,64.8
1798,27.0,324.0,64.8
1799,21.0,252.0,64.9
1800,18.0,216.0,65.1
1801,15.0,180.0,64.9
1802,22.0,264.0,65.3
1803,22.0,264.0,65.1
1804,30.0,360.0,64.9
1805,33.0,396.0,65.4
1806,42.0,504.0,64.4
1807,45.0,540.0,65.0
1808,49.0,588.0,64.3
1809,49.0,588.0,63.0
1810,69.0,828.0,61.5
1811,43.0,516.0,62.7
1812,57.0,684.0,64.1
1813,48.0,576.0,64.3
1814,46.0,552.0,65.3
1815,57.0,684.0,65.5
1816,56.0,672.0,65.3
1817,50.0,600.0,65.7
1818,58.0,696.0,65.4
1819,65.0,780.0,65.6
1820,73.0,876.0,64.5
1821,70.0,840.0,63.9
1822,59.0,708.0,64.7
1823,78.0,936.0,64.9
1824,55.0,660.0,64.5
1825,59.0,708.0,63.7
1826,29.0,348.0,64.1
1827,56.0,672.0,65.0
1828,46.0,552.0,66.2
1829,48.0,576.0,66.3
1830,38.0,456.0,65.7
1831,41.0,492.0,65.8
1832,50.0,600.0,65.9
1833,52.0,624.0,66.0
1834,50.0,600.0,65.3
1835,45.0,540.0,67.6
1836,42.0,504.0,67.0
1837,29.0,348.0,66.1
1838,30.0,360.0,66.0
1839,33.0,396.0,65.3
1840,48.0,576.0,64.7
1841,48.0,576.0,65.0
1842,49.0,588.0,64.6
1843,62.0,744.0,65.1
1844,36.0,432.0,64.5
1845,45.0,540.0,61.9
1846,61.0,732.0,61.9
1847,42.0,504.0,62.8
1848,44.0,528.0,62.7
1849,44.0,528.0,62.9
1850,39.0,468.0,63.4
1851,37.0,444.0,64.3
1852,53.0,636.0,65.4
1853,43.0,516.0,65.1
1854,56.0,672.0,64.4
1855,37.0,444.0,64.1
1856,39.0,468.0,64.9
1857,45.0,540.0,64.1
1858,41.0,492.0,64.5
1859,45.0,540.0,64.5
1860,39.0,468.0,65.4
1861,49.0,588.0,65.3
1862,45.0,540.0,65.8
1863,33.0,396.0,65.5
1864,49.0,588.0,65.5
1865,52.0,624.0,65.6
1866,41.0,492.0,65.4
1867,40.0,480.0,65.2
1868,55.0,660.0,64.7
1869,53.0,636.0,65.5
1870,50.0,600.0,64.8
1871,46.0,552.0,65.0
1872,51.0,612.0,65.5
1873,49.0,588.0,63.3
1874,66.0,792.0,65.2
1875,42.0,504.0,65.2
1876,50.0,600.0,63.5
1877,53.0,636.0,64.2
1878,43.0,516.0,64.8
1879,57.0,684.0,65.3
1880,51.0,612.0,65.5
1881,54.0,648.0,65.5
1882,50.0,600.0,64.6
1883,58.0,696.0,64.4
1884,43.0,516.0,64.6
1885,60.0,720.0,66.9
1886,45.0,540.0,65.8
1887,60.0,720.0,65.2
1888,55.0,660.0,65.4
1889,70.0,840.0,66.4
1890,78.0,936.0,64.4
1891,79.0,948.0,64.3
1892,56.0,672.0,64.1
1893,75.0,900.0,64.7
1894,65.0,780.0,65.0
1895,57.0,684.0,65.1
1896,70.0,840.0,65.2
1897,65.0,780.0,65.1
1898,86.0,1032.0,63.8
1899,78.0,936.0,63.1
1900,83.0,996.0,63.5
1901,78.0,936.0,64.6
1902,62.0,744.0,64.9
1903,72.0,864.0,65.1
1904,66.0,792.0,65.2
1905,87.0,1044.0,64.3
1906,88.0,1056.0,63.2
1907,66.0,792.0,63.0
1908,65.0,780.0,59.6
1909,76.0,912.0,56.7
1910,80.0,960.0,57.1
1911,89.0,1068.0,55.8
1912,83.0,996.0,56.2
1913,87.0,1044.0,55.8
1914,87.0,1044.0,55.7
1915,91.0,1092.0,55.2
1916,101.0,1212.0,54.8
1917,84.0,1008.0,54.4
1918,71.0,852.0,53.9
1919,94.0,1128.0,54.3
1920,100.0,1200.0,54.6
1921,96.0,1152.0,54.4
1922,106.0,1272.0,52.6
1923,100.0,1200.0,53.3
1924,116.0,1392.0,53.8
1925,92.0,1104.0,53.5
1926,90.0,1080.0,54.5
1927,74.0,888.0,56.2
1928,92.0,1104.0,56.1
1929,94.0,1128.0,55.6
1930,91.0,1092.0,56.2
1931,85.0,1020.0,56.2
1932,88.0,1056.0,55.7
1933,97.0,1164.0,54.3
1934,95.0,1140.0,54.5
1935,105.0,1260.0,54.7
1936,102.0,1224.0,54.7
1937,101.0,1212.0,53.5
1938,84.0,1008.0,53.3
1939,83.0,996.0,54.5
1940,87.0,1044.0,54.8
1941,99.0,1188.0,54.8
1942,85.0,1020.0,54.6
1943,88.0,1056.0,55.1
1944,93.0,1116.0,58.5
1945,94.0,1128.0,60.6
1946,82.0,984.0,61.5
1947,87.0,1044.0,63.4
1948,66.0,792.0,64.6
1949,63.0,756.0,64.5
1950,65.0,780.0,66.3
1951,64.0,768.0,65.0
1952,52.0,624.0,66.4
1953,61.0,732.0,66.8
1954,57.0,684.0,66.6
1955,41.0,492.0,66.0
1956,46.0,552.0,65.4
1957,52.0,624.0,67.0
1958,55.0,660.0,66.7
1959,58.0,696.0,65.8
1960,55.0,660.0,65.6
1961,42.0,504.0,66.0
1962,50.0,600.0,66.2
1963,47.0,564.0,66.5
1964,40.0,480.0,65.9
1965,43.0,516.0,65.8
1966,51.0,612.0,66.1
1967,47.0,564.0,66.1
1968,36.0,432.0,65.3
1969,39.0,468.0,65.8
1970,45.0,540.0,65.2
1971,38.0,456.0,65.3
1972,38.0,456.0,64.8
1973,45.0,540.0,64.3
1974,48.0,576.0,64.5
1975,41.0,492.0,64.3
1976,33.0,396.0,64.7
1977,33.0,396.0,65.0
1978,46.0,552.0,64.5
1979,37.0,444.0,63.2
1980,33.0,396.0,64.3
1981,42.0,504.0,63.5
1982,31.0,372.0,64.3
1983,41.0,492.0,64.5
1984,41.0,492.0,63.8
1985,39.0,468.0,64.5
1986,28.0,336.0,64.9
1987,34.0,408.0,64.6
1988,33.0,396.0,64.5
1989,31.0,372.0,64.6
1990,38.0,456.0,65.3
1991,36.0,432.0,65.8
1992,24.0,288.0,65.1
1993,26.0,312.0,65.1
1994,26.0,312.0,64.9
1995,30.0,360.0,64.6
1996,20.0,240.0,64.8
1997,20.0,240.0,64.9
1998,17.0,204.0,65.0
1999,35.0,420.0,64.5
2000,20.0,240.0,64.9
2001,18.0,216.0,65.1
2002,13.0,156.0,65.2
2003,12.0,144.0,65.1
2004,13.0,156.0,65.1
2005,18.0,216.0,65.1
2006,16.0,192.0,64.9
2007,11.0,132.0,65.0
2008,13.0,156.0,65.2
2009,9.0,108.0,65.1
2010,9.0,108.0,65.0
2011,9.0,108.0,65.0
2012,12.0,144.0,64.8
2013,8.0,96.0,64.9
2014,13.0,156.0,64.9
2015,6.0,72.0,65.1
2016,9.0,108.0,65.0
2017,5.0,60.0,64.9
2018,4.0,48.0,64.9
2019,5.0,60.0,64.9
2020,6.0,72.0,65.1
2021,3.0,36.0,65.0
2022,9.0,108.0,65.0
2023,1.0,12.0,64.9
2024,3.0,36.0,65.0
2025,4.0,48.0,65.0
2026,6.0,72.0,65.0
2027,3.0,36.0,65.0
2028,1.0,12.0,65.0
2029,6.0,72.0,65.0
2030,7.0,84.0,64.7
2031,7.0,84.0,65.0
2032,6.0,72.0,65.2
2033,6.0,72.0,65.2
2034,2.0,24.0,65.1
2035,4.0,48.0,65.0
2036,5.0,60.0,65.0
2037,7.0,84.0,65.0
2038,5.0,60.0,65.0
2039,1.0,12.0,65.2
2040,3.0,36.0,65.1
2041,3.0,36.0,64.9
2042,4.0,48.0,64.9
2043,3.0,36.0,64.9
2044,7.0,84.0,64.9
2045,3.0,36.0,64.8
2046,3.0,36.0,64.9
2047,5.0,60.0,64.8
2048,3.0,36.0,64.8
2049,3.0,36.0,64.9
2050,1.0,12.0,65.2
2051,5.0,60.0,64.9
2052,1.0,12.0,64.8
2053,1.0,12.0,64.9
2054,1.0,12.0,64.9
2055,1.0,12.0,65.5
2056,2.0,24.0,65.2
2057,2.0,24.0,65.1
2058,2.0,24.0,65.0
2059,2.0,24.0,65.0
2060,6.0,72.0,64.9
2061,1.0,12.0,64.8
2062,4.0,48.0,64.9
2063,4.0,48.0,65.0
2064,1.0,12.0,64.9
2065,4.0,48.0,64.8
2066,3.0,36.0,64.9
2067,3.0,36.0,65.0
2068,5.0,60.0,64.9
2069,9.0,108.0,65.1
2070,14.0,168.0,64.9
2071,6.0,72.0,64.9
2072,18.0,216.0,65.0
2073,6.0,72.0,65.0
2074,20.0,240.0,64.7
2075,9.0,108.0,64.7
2076,8.0,96.0,64.9
2077,20.0,240.0,64.6
2078,10.0,120.0,64.7
2079,17.0,204.0,64.7
2080,21.0,252.0,64.9
2081,16.0,192.0,64.7
2082,18.0,216.0,64.6
2083,25.0,300.0,64.9
2084,24.0,288.0,64.8
2085,21.0,252.0,64.9
2086,21.0,252.0,65.4
2087,26.0,312.0,65.1
2088,24.0,288.0,65.1
2089,27.0,324.0,64.9
2090,17.0,204.0,65.0
2091,29.0,348.0,65.2
2092,32.0,384.0,65.0
2093,40.0,480.0,65.0
2094,32.0,384.0,64.9
2095,44.0,528.0,65.0
2096,61.0,732.0,66.4
2097,42.0,504.0,66.0
2098,68.0,816.0,64.8
2099,46.0,552.0,64.5
2100,34.0,408.0,65.1
2101,54.0,648.0,64.8
2102,42.0,504.0,65.6
2103,53.0,636.0,64.3
2104,51.0,612.0,64.2
2105,50.0,600.0,65.0
2106,62.0,744.0,64.7
2107,56.0,672.0,64.8
2108,64.0,768.0,63.7
2109,56.0,672.0,64.1
2110,75.0,900.0,65.3
2111,60.0,720.0,66.9
2112,51.0,612.0,65.6
2113,53.0,636.0,64.8
2114,64.0,768.0,64.2
2115,48.0,576.0,64.9
2116,48.0,576.0,64.6
2117,34.0,408.0,65.3
2118,54.0,648.0,65.9
2119,50.0,600.0,65.4
2120,62.0,744.0,65.6
2121,55.0,660.0,66.5
2122,47.0,564.0,64.1
2123,47.0,564.0,65.4
2124,36.0,432.0,65.5
2125,39.0,468.0,65.8
2126,31.0,372.0,65.4
2127,61.0,732.0,65.4
2128,37.0,444.0,66.1
2129,34.0,408.0,65.7
2130,56.0,672.0,64.7
2131,39.0,468.0,65.2
2132,46.0,552.0,66.7
2133,52.0,624.0,66.1
2134,54.0,648.0,65.8
2135,57.0,684.0,64.7
2136,45.0,540.0,63.6
2137,61.0,732.0,62.7
2138,52.0,624.0,63.7
2139,51.0,612.0,63.3
2140,49.0,588.0,64.0
2141,57.0,684.0,64.5
2142,64.0,768.0,64.3
2143,59.0,708.0,64.2
2144,54.0,648.0,65.2
2145,60.0,720.0,64.8
2146,50.0,600.0,65.3
2147,69.0,828.0,63.9
2148,53.0,636.0,64.0
2149,62.0,744.0,65.4
2150,79.0,948.0,65.6
2151,66.0,792.0,65.0
2152,68.0,816.0,65.3
2153,66.0,792.0,66.1
2154,67.0,804.0,65.5
2155,70.0,840.0,65.1
2156,54.0,648.0,66.0
2157,71.0,852.0,64.9
2158,72.0,864.0,64.5
2159,55.0,660.0,64.8
2160,60.0,720.0,66.3
2161,69.0,828.0,65.9
2162,74.0,888.0,66.4
2163,74.0,888.0,64.6
2164,83.0,996.0,65.2
2165,63.0,756.0,65.2
2166,71.0,852.0,65.3
2167,72.0,864.0,64.9
2168,56.0,672.0,66.1
2169,85.0,1020.0,67.5
2170,74.0,888.0,66.9
2171,68.0,816.0,66.7
2172,74.0,888.0,66.5
2173,73.0,876.0,65.5
2174,90.0,1080.0,63.0
2175,76.0,912.0,64.2
2176,76.0,912.0,66.5
2177,81.0,972.0,63.9
2178,95.0,1140.0,63.6
2179,59.0,708.0,65.8
2180,86.0,1032.0,65.4
2181,90.0,1080.0,65.2
2182,85.0,1020.0,65.0
2183,86.0,1032.0,64.3
2184,91.0,1092.0,60.0
2185,94.0,1128.0,58.8
2186,88.0,1056.0,58.6
2187,86.0,1032.0,57.5
2188,87.0,1044.0,56.5
2189,96.0,1152.0,56.8
2190,95.0,1140.0,58.0
2191,91.0,1092.0,58.4
2192,92.0,1104.0,57.8
2193,79.0,948.0,56.7
2194,96.0,1152.0,57.2
2195,89.0,1068.0,57.5
2196,84.0,1008.0,57.3
2197,101.0,1212.0,56.5
2198,97.0,1164.0,56.5
2199,87.0,1044.0,56.6
2200,92.0,1104.0,57.4
2201,100.0,1200.0,57.1
2202,98.0,1176.0,57.1
2203,94.0,1128.0,57.6
2204,95.0,1140.0,57.8
2205,93.0,1116.0,57.2
2206,104.0,1248.0,56.4
2207,103.0,1236.0,55.4
2208,93.0,1116.0,55.8
2209,96.0,1152.0,57.0
2210,86.0,1032.0,57.6
2211,80.0,960.0,55.4
2212,108.0,1296.0,55.4
2213,111.0,1332.0,54.8
2214,107.0,1284.0,55.6
2215,93.0,1116.0,57.0
2216,108.0,1296.0,55.3
2217,110.0,1320.0,54.3
2218,99.0,1188.0,54.4
2219,74.0,888.0,55.9
2220,81.0,972.0,57.3
2221,92.0,1104.0,56.3
2222,67.0,804.0,57.3
2223,56.0,672.0,57.0
2224,98.0,1176.0,57.0
2225,101.0,1212.0,56.2
2226,110.0,1320.0,55.9
2227,91.0,1092.0,55.4
2228,93.0,1116.0,55.7
2229,108.0,1296.0,55.4
2230,109.0,1308.0,55.9
2231,106.0,1272.0,55.7
2232,115.0,1380.0,57.8
2233,110.0,1320.0,57.9
2234,95.0,1140.0,59.7
2235,88.0,1056.0,60.3
2236,75.0,900.0,61.9
2237,83.0,996.0,63.1
2238,86.0,1032.0,62.9
2239,84.0,1008.0,63.7
2240,65.0,780.0,64.4
2241,67.0,804.0,65.5
2242,67.0,804.0,65.8
2243,60.0,720.0,67.2
2244,71.0,852.0,66.1
2245,61.0,732.0,65.4
2246,83.0,996.0,64.8
2247,63.0,756.0,64.8
2248,68.0,816.0,65.3
2249,71.0,852.0,62.7
2250,70.0,840.0,64.6
2251,66.0,792.0,64.4
2252,56.0,672.0,65.3
2253,44.0,528.0,66.1
2254,53.0,636.0,65.9
2255,51.0,612.0,66.3
2256,53.0,636.0,63.9
2257,55.0,660.0,63.5
2258,49.0,588.0,64.7
2259,54.0,648.0,65.5
2260,61.0,732.0,65.1
2261,58.0,696.0,64.3
2262,58.0,696.0,64.1
2263,54.0,648.0,63.3
2264,46.0,552.0,63.9
2265,51.0,612.0,65.0
2266,47.0,564.0,65.1
2267,54.0,648.0,65.1
2268,50.0,600.0,64.4
2269,45.0,540.0,63.6
2270,37.0,444.0,63.6
2271,46.0,552.0,64.2
2272,47.0,564.0,64.6
2273,48.0,576.0,65.7
2274,48.0,576.0,64.2
2275,34.0,408.0,65.3
2276,52.0,624.0,64.3
2277,27.0,324.0,64.7
2278,46.0,552.0,64.4
2279,45.0,540.0,64.6
2280,41.0,492.0,64.9
2281,30.0,360.0,64.8
2282,36.0,432.0,65.0
2283,41.0,492.0,65.1
2284,43.0,516.0,64.8
2285,38.0,456.0,64.1
2286,35.0,420.0,64.4
2287,42.0,504.0,64.3
2288,38.0,456.0,64.4
2289,27.0,324.0,65.0
2290,33.0,396.0,64.4
2291,23.0,276.0,64.6
2292,33.0,396.0,65.0
2293,24.0,288.0,65.0
2294,16.0,192.0,65.0
2295,28.0,336.0,64.7
2296,21.0,252.0,64.6
2297,25.0,300.0,64.8
2298,21.0,252.0,65.0
2299,25.0,300.0,65.3
2300,14.0,168.0,65.2
2301,18.0,216.0,65.2
2302,21.0,252.0,65.1
2303,21.0,252.0,65.1
2304,12.0,144.0,65.0
2305,17.0,204.0,65.0
2306,16.0,192.0,65.0
2307,13.0,156.0,65.0
2308,7.0,84.0,65.0
2309,4.0,48.0,65.0
2310,8.0,96.0,65.0
2311,13.0,156.0,65.0
2312,8.0,96.0,65.1
2313,7.0,84.0,65.1
2314,9.0,108.0,65.0
2315,10.0,120.0,64.9
2316,16.0,192.0,64.9
2317,10.0,120.0,65.0
2318,7.0,84.0,64.9
2319,5.0,60.0,65.1
2320,6.0,72.0,65.0
2321,6.0,72.0,65.0
2322,2.0,24.0,65.1
2323,2.0,24.0,65.1
2324,8.0,96.0,65.0
2325,1.0,12.0,65.0
2326,5.0,60.0,65.0
2327,5.0,60.0,65.0
2328,9.0,108.0,64.8
2329,7.0,84.0,64.9
2330,6.0,72.0,64.9
2331,6.0,72.0,65.0
2332,9.0,108.0,65.0
2333,5.0,60.0,65.0
2334,4.0,48.0,65.0
2335,2.0,24.0,64.9
2336,5.0,60.0,65.0
2337,9.0,108.0,65.0
2338,7.0,84.0,65.0
2339,9.0,108.0,65.1
2340,3.0,36.0,65.1
2341,3.0,36.0,64.9
2342,2.0,24.0,64.9
2343,7.0,84.0,65.0
2344,1.0,12.0,64.9
2345,0.0,0.0,64.9
2346,1.0,12.0,64.9
2347,1.0,12.0,64.8
2348,3.0,36.0,64.9
2349,4.0,48.0,64.8
2350,2.0,24.0,64.9
2351,0.0,0.0,64.9
2352,2.0,24.0,65.1
2353,3.0,36.0,65.0
2354,3.0,36.0,64.9
2355,3.0,36.0,64.7
2356,3.0,36.0,64.8
2357,4.0,48.0,64.8
2358,8.0,96.0,64.9
2359,3.0,36.0,65.0
2360,5.0,60.0,64.9
2361,5.0,60.0,65.0
2362,12.0,144.0,65.0
2363,3.0,36.0,64.8
2364,11.0,132.0,64.9
2365,5.0,60.0,64.9
2366,3.0,36.0,64.9
2367,5.0,60.0,64.9
2368,3.0,36.0,64.8
2369,5.0,60.0,64.9
2370,7.0,84.0,64.9
2371,7.0,84.0,65.0
2372,9.0,108.0,65.0
2373,11.0,132.0,64.9
2374,4.0,48.0,64.9
2375,9.0,108.0,65.0
2376,9.0,108.0,65.0
2377,6.0,72.0,64.9
2378,14.0,168.0,64.8
2379,4.0,48.0,65.0
2380,18.0,216.0,64.9
2381,18.0,216.0,65.0
2382,10.0,120.0,65.0
2383,30.0,360.0,65.0
2384,36.0,432.0,64.2
2385,35.0,420.0,64.6
2386,23.0,276.0,64.6
2387,23.0,276.0,64.9
2388,18.0,216.0,65.0
2389,20.0,240.0,64.9
2390,21.0,252.0,64.9
2391,31.0,372.0,65.0
2392,27.0,324.0,65.0
2393,21.0,252.0,65.0
2394,28.0,336.0,64.4
2395,37.0,444.0,64.2
2396,24.0,288.0,64.7
2397,32.0,384.0,64.9
2398,39.0,468.0,65.1
2399,32.0,384.0,64.8
2400,39.0,468.0,64.7
2401,34.0,408.0,64.9
2402,27.0,324.0,64.6
2403,29.0,348.0,64.8
2404,35.0,420.0,64.8
2405,37.0,444.0,64.9
2406,41.0,492.0,65.7
2407,45.0,540.0,66.0
2408,40.0,480.0,65.6
2409,57.0,684.0,66.6
2410,45.0,540.0,66.0
2411,44.0,528.0,65.2
2412,41.0,492.0,65.4
2413,32.0,384.0,64.8
2414,52.0,624.0,64.4
2415,47.0,564.0,64.6
2416,54.0,648.0,64.8
2417,33.0,396.0,64.8
2418,36.0,432.0,64.8
2419,61.0,732.0,65.5
2420,63.0,756.0,65.2
2421,61.0,732.0,64.2
2422,48.0,576.0,64.4
2423,51.0,612.0,64.8
2424,63.0,756.0,63.2
2425,69.0,828.0,62.5
2426,71.0,852.0,64.4
2427,45.0,540.0,64.8
2428,56.0,672.0,65.5
2429,54.0,648.0,65.4
2430,53.0,636.0,65.3
2431,61.0,732.0,64.9
2432,67.0,804.0,65.0
2433,53.0,636.0,64.8
2434,26.0,312.0,64.9
2435,105.0,1260.0,63.5
2436,56.0,672.0,64.4
2437,59.0,708.0,64.2
2438,57.0,684.0,64.6
2439,57.0,684.0,63.9
2440,60.0,720.0,65.2
2441,59.0,708.0,64.9
2442,69.0,828.0,66.1
2443,68.0,816.0,65.8
2444,61.0,732.0,66.4
2445,68.0,816.0,65.0
2446,56.0,672.0,64.3
2447,87.0,1044.0,64.1
2448,67.0,804.0,62.0
2449,52.0,624.0,61.7
2450,62.0,744.0,63.6
2451,58.0,696.0,64.9
2452,75.0,900.0,64.7
2453,61.0,732.0,64.2
2454,75.0,900.0,65.3
2455,63.0,756.0,65.6
2456,88.0,1056.0,64.1
2457,72.0,864.0,62.4
2458,65.0,780.0,63.1
2459,71.0,852.0,64.1
2460,57.0,684.0,63.0
2461,71.0,852.0,64.8
2462,66.0,792.0,64.8
2463,62.0,744.0,64.5
2464,67.0,804.0,63.8
2465,57.0,684.0,64.5
2466,56.0,672.0,64.8
2467,73.0,876.0,64.8
2468,70.0,840.0,63.6
2469,56.0,672.0,65.8
2470,80.0,960.0,64.8
2471,65.0,780.0,63.2
2472,61.0,732.0,63.9
2473,82.0,984.0,63.4
2474,71.0,852.0,63.1
2475,63.0,756.0,63.9
2476,58.0,696.0,63.1
2477,61.0,732.0,63.2
2478,45.0,540.0,64.4
2479,72.0,864.0,64.7
2480,67.0,804.0,65.1
2481,61.0,732.0,64.7
2482,65.0,780.0,65.0
2483,67.0,804.0,65.7
2484,65.0,780.0,65.9
2485,67.0,804.0,65.2
2486,68.0,816.0,65.0
2487,76.0,912.0,64.0
2488,82.0,984.0,64.6
2489,71.0,852.0,64.4
2490,76.0,912.0,63.1
2491,55.0,660.0,63.0
2492,65.0,780.0,62.9
2493,68.0,816.0,61.8
2494,83.0,996.0,62.2
2495,75.0,900.0,63.2
2496,74.0,888.0,62.5
2497,56.0,672.0,63.3
2498,60.0,720.0,63.1
2499,83.0,996.0,62.1
2500,66.0,792.0,63.1
2501,76.0,912.0,62.3
2502,81.0,972.0,63.2
2503,59.0,708.0,62.7
2504,66.0,792.0,62.8
2505,66.0,792.0,61.8
2506,64.0,768.0,63.1
2507,69.0,828.0,63.4
2508,64.0,768.0,63.3
2509,63.0,756.0,63.8
2510,63.0,756.0,64.7
2511,72.0,864.0,63.9
2512,71.0,852.0,63.2
2513,68.0,816.0,62.8
2514,52.0,624.0,63.3
2515,63.0,756.0,63.4
2516,62.0,744.0,64.5
2517,64.0,768.0,64.5
2518,59.0,708.0,64.8
2519,79.0,948.0,65.1
2520,70.0,840.0,65.1
2521,59.0,708.0,64.5
2522,69.0,828.0,64.9
2523,43.0,516.0,64.2
2524,69.0,828.0,63.7
2525,69.0,828.0,63.7
2526,56.0,672.0,63.6
2527,54.0,648.0,63.7
2528,54.0,648.0,64.3
2529,61.0,732.0,65.0
2530,64.0,768.0,64.0
2531,46.0,552.0,64.0
2532,50.0,600.0,64.2
2533,53.0,636.0,64.1
2534,44.0,528.0,64.6
2535,51.0,612.0,64.9
2536,69.0,828.0,65.4
2537,44.0,528.0,64.1
2538,54.0,648.0,64.1
2539,52.0,624.0,64.9
2540,54.0,648.0,64.5
2541,50.0,600.0,64.6
2542,47.0,564.0,64.6
2543,62.0,744.0,64.0
2544,51.0,612.0,63.3
2545,46.0,552.0,63.8
2546,42.0,504.0,64.3
2547,43.0,516.0,64.0
2548,41.0,492.0,64.4
2549,40.0,480.0,64.8
2550,58.0,696.0,63.5
2551,48.0,576.0,64.7
2552,29.0,348.0,64.6
2553,64.0,768.0,57.9
2554,85.0,1020.0,58.0
2555,26.0,312.0,61.2
2556,73.0,876.0,61.1
2557,51.0,612.0,63.2
2558,42.0,504.0,64.4
2559,51.0,612.0,64.6
2560,50.0,600.0,64.5
2561,36.0,432.0,64.8
2562,37.0,444.0,64.9
2563,56.0,672.0,64.4
2564,65.0,780.0,64.4
2565,45.0,540.0,65.1
2566,36.0,432.0,65.3
2567,49.0,588.0,63.4
2568,39.0,468.0,63.3
2569,50.0,600.0,63.7
2570,52.0,624.0,63.6
2571,55.0,660.0,63.7
2572,49.0,588.0,64.3
2573,49.0,588.0,64.3
2574,38.0,456.0,64.6
2575,46.0,552.0,64.5
2576,51.0,612.0,64.5
2577,49.0,588.0,64.2
2578,45.0,540.0,63.6
2579,43.0,516.0,64.6
2580,41.0,492.0,64.8
2581,37.0,444.0,64.6
2582,38.0,456.0,64.7
2583,38.0,456.0,65.3
2584,41.0,492.0,65.0
2585,34.0,408.0,64.9
2586,25.0,300.0,65.5
2587,29.0,348.0,65.2
2588,17.0,204.0,65.0
2589,35.0,420.0,64.7
2590,32.0,384.0,64.9
2591,37.0,444.0,64.7
2592,25.0,300.0,65.0
2593,24.0,288.0,64.7
2594,32.0,384.0,64.3
2595,33.0,396.0,64.6
2596,18.0,216.0,64.8
2597,10.0,120.0,65.0
2598,11.0,132.0,64.9
2599,13.0,156.0,65.0
2600,9.0,108.0,65.0
2601,10.0,120.0,65.0
2602,3.0,36.0,65.0
2603,6.0,72.0,65.1
2604,7.0,84.0,65.0
2605,13.0,156.0,64.8
2606,12.0,144.0,64.9
2607,14.0,168.0,64.9
2608,17.0,204.0,65.0
2609,7.0,84.0,64.7
2610,9.0,108.0,64.7
2611,14.0,168.0,64.9
2612,7.0,84.0,65.0
2613,12.0,144.0,65.0
2614,17.0,204.0,65.1
2615,12.0,144.0,65.3
2616,8.0,96.0,65.2
2617,14.0,168.0,65.0
2618,16.0,192.0,65.2
2619,10.0,120.0,65.0
2620,4.0,48.0,65.0
2621,2.0,24.0,65.0
2622,5.0,60.0,65.1
2623,8.0,96.0,65.1
2624,8.0,96.0,65.1
2625,7.0,84.0,65.1
2626,2.0,24.0,65.0
2627,8.0,96.0,65.0
2628,2.0,24.0,65.0
2629,2.0,24.0,65.0
2630,1.0,12.0,65.0
2631,1.0,12.0,65.0
2632,3.0,36.0,65.1
2633,4.0,48.0,65.1
2634,0.0,0.0,65.1
2635,1.0,12.0,65.1
2636,2.0,24.0,65.1
2637,0.0,0.0,65.1
2638,3.0,36.0,65.1
2639,2.0,24.0,65.0
2640,3.0,36.0,64.9
2641,2.0,24.0,64.9
2642,0.0,0.0,64.9
2643,1.0,12.0,64.8
2644,1.0,12.0,64.9
2645,1.0,12.0,64.8
2646,1.0,12.0,64.8
2647,3.0,36.0,64.8
2648,0.0,0.0,64.8
2649,1.0,12.0,64.9
2650,3.0,36.0,65.0
2651,4.0,48.0,64.9
2652,4.0,48.0,64.9
2653,2.0,24.0,64.8
2654,2.0,24.0,64.8
2655,7.0,84.0,64.9
2656,2.0,24.0,64.9
2657,4.0,48.0,64.8
2658,0.0,0.0,64.8
2659,3.0,36.0,64.8
2660,4.0,48.0,64.9
2661,9.0,108.0,64.9
2662,2.0,24.0,64.9
2663,1.0,12.0,64.9
2664,5.0,60.0,64.9
2665,1.0,12.0,64.9
2666,9.0,108.0,65.1
2667,4.0,48.0,65.3
2668,9.0,108.0,65.1
2669,8.0,96.0,65.1
2670,11.0,132.0,65.1
2671,10.0,120.0,65.0
2672,17.0,204.0,64.9
2673,6.0,72.0,64.8
2674,11.0,132.0,64.8
2675,11.0,132.0,64.9
2676,13.0,156.0,65.0
2677,8.0,96.0,65.1
2678,9.0,108.0,65.1
2679,14.0,168.0,65.0
2680,16.0,192.0,65.0
2681,11.0,132.0,64.9
2682,13.0,156.0,64.7
2683,26.0,312.0,64.8
2684,14.0,168.0,64.9
2685,19.0,228.0,65.0
2686,18.0,216.0,65.1
2687,17.0,204.0,64.5
2688,21.0,252.0,64.8
2689,17.0,204.0,65.0
2690,23.0,276.0,64.9
2691,14.0,168.0,64.8
2692,22.0,264.0,65.1
2693,26.0,312.0,65.1
2694,17.0,204.0,65.0
2695,24.0,288.0,65.2
2696,22.0,264.0,65.3
2697,26.0,312.0,65.1
2698,36.0,432.0,65.3
2699,22.0,264.0,65.1
2700,21.0,252.0,65.1
2701,35.0,420.0,64.0
2702,18.0,216.0,64.5
2703,30.0,360.0,64.2
2704,30.0,360.0,64.8
2705,32.0,384.0,65.4
2706,39.0,468.0,65.3
2707,42.0,504.0,65.7
2708,46.0,552.0,65.1
2709,34.0,408.0,64.2
2710,52.0,624.0,64.2
2711,30.0,360.0,64.2
2712,31.0,372.0,64.7
2713,36.0,432.0,64.9
2714,42.0,504.0,63.6
2715,42.0,504.0,64.9
2716,51.0,612.0,64.8
2717,61.0,732.0,64.9
2718,46.0,552.0,64.7
2719,60.0,720.0,65.5
2720,32.0,384.0,66.1
2721,45.0,540.0,65.5
2722,63.0,756.0,65.1
2723,45.0,540.0,65.2
2724,42.0,504.0,65.5
2725,59.0,708.0,65.7
2726,47.0,564.0,64.6
2727,60.0,720.0,63.9
2728,44.0,528.0,64.7
2729,51.0,612.0,64.4
2730,51.0,612.0,64.4
2731,45.0,540.0,64.5
2732,56.0,672.0,65.1
2733,53.0,636.0,65.8
2734,57.0,684.0,64.2
2735,48.0,576.0,64.6
2736,66.0,792.0,63.5
2737,53.0,636.0,64.4
2738,45.0,540.0,64.1
2739,53.0,636.0,64.8
2740,52.0,624.0,64.0
2741,50.0,600.0,64.0
2742,50.0,600.0,63.4
2743,51.0,612.0,64.3
2744,53.0,636.0,62.6
2745,53.0,636.0,62.8
2746,54.0,648.0,64.2
2747,52.0,624.0,64.2
2748,60.0,720.0,65.3
2749,53.0,636.0,65.5
2750,50.0,600.0,65.8
2751,53.0,636.0,65.7
2752,65.0,780.0,64.3
2753,51.0,612.0,65.7
2754,53.0,636.0,64.8
2755,63.0,756.0,64.3
2756,58.0,696.0,65.2
2757,73.0,876.0,65.0
2758,49.0,588.0,65.6
2759,49.0,588.0,64.3
2760,59.0,708.0,64.2
2761,51.0,612.0,64.7
2762,59.0,708.0,63.2
2763,64.0,768.0,63.8
2764,66.0,792.0,64.1
2765,48.0,576.0,63.4
2766,58.0,696.0,64.7
2767,53.0,636.0,65.4
2768,49.0,588.0,65.2
2769,49.0,588.0,64.1
2770,40.0,480.0,64.7
2771,61.0,732.0,64.8
2772,57.0,684.0,65.5
2773,27.0,324.0,65.2
2774,50.0,600.0,64.3
2775,43.0,516.0,64.7
2776,50.0,600.0,64.2
2777,48.0,576.0,64.1
2778,50.0,600.0,64.0
2779,46.0,552.0,64.6
2780,47.0,564.0,63.5
2781,56.0,672.0,62.5
2782,42.0,504.0,62.7
2783,53.0,636.0,63.4
2784,59.0,708.0,64.3
2785,52.0,624.0,64.1
2786,46.0,552.0,64.1
2787,59.0,708.0,64.8
2788,44.0,528.0,65.1
2789,54.0,648.0,64.8
2790,63.0,756.0,65.1
2791,53.0,636.0,64.3
2792,52.0,624.0,63.4
2793,55.0,660.0,64.4
2794,52.0,624.0,63.0
2795,63.0,756.0,63.6
2796,45.0,540.0,63.7
2797,53.0,636.0,63.3
2798,56.0,672.0,64.1
2799,36.0,432.0,64.6
2800,53.0,636.0,65.1
2801,54.0,648.0,63.5
2802,46.0,552.0,64.2
2803,52.0,624.0,64.5
2804,62.0,744.0,64.4
2805,63.0,756.0,63.7
2806,51.0,612.0,65.4
2807,49.0,588.0,65.0
2808,53.0,636.0,65.1
2809,45.0,540.0,65.5
2810,49.0,588.0,64.3
2811,47.0,564.0,64.8
2812,43.0,516.0,65.0
2813,57.0,684.0,65.4
2814,41.0,492.0,64.5
2815,51.0,612.0,63.9
2816,47.0,564.0,64.5
2817,37.0,444.0,64.8
2818,44.0,528.0,64.7
2819,34.0,408.0,64.4
2820,44.0,528.0,64.1
2821,41.0,492.0,64.0
2822,32.0,384.0,64.3
2823,49.0,588.0,64.5
2824,54.0,648.0,64.9
2825,57.0,684.0,63.5
2826,62.0,744.0,62.1
2827,51.0,612.0,62.5
2828,46.0,552.0,63.1
2829,51.0,612.0,62.9
2830,53.0,636.0,63.3
2831,61.0,732.0,62.9
2832,51.0,612.0,61.2
2833,43.0,516.0,62.0
2834,53.0,636.0,62.3
2835,41.0,492.0,63.8
2836,38.0,456.0,63.5
2837,38.0,456.0,63.5
2838,41.0,492.0,63.9
2839,49.0,588.0,62.9
2840,40.0,480.0,63.3
2841,49.0,588.0,64.1
2842,42.0,504.0,64.8
2843,47.0,564.0,64.7
2844,43.0,516.0,64.5
2845,56.0,672.0,64.2
2846,42.0,504.0,65.0
2847,43.0,516.0,64.5
2848,47.0,564.0,64.5
2849,46.0,552.0,64.9
2850,41.0,492.0,65.9
2851,33.0,396.0,65.5
2852,36.0,432.0,65.2
2853,32.0,384.0,65.2
2854,34.0,408.0,65.6
2855,35.0,420.0,65.3
2856,22.0,264.0,65.2
2857,27.0,324.0,65.0
2858,30.0,360.0,65.3
2859,37.0,444.0,65.6
2860,33.0,396.0,65.4
2861,23.0,276.0,65.5
2862,30.0,360.0,64.9
2863,37.0,444.0,64.8
2864,33.0,396.0,64.9
2865,24.0,288.0,65.0
2866,19.0,228.0,65.0
2867,25.0,300.0,65.1
2868,21.0,252.0,65.0
2869,20.0,240.0,65.0
2870,17.0,204.0,64.9
2871,20.0,240.0,64.9
2872,27.0,324.0,64.9
2873,18.0,216.0,64.7
2874,13.0,156.0,64.9
2875,14.0,168.0,65.0
2876,11.0,132.0,65.0
2877,15.0,180.0,65.0
2878,16.0,192.0,65.1
2879,7.0,84.0,65.2
2880,17.0,204.0,65.0
2881,11.0,132.0,65.1
2882,6.0,72.0,65.0
2883,7.0,84.0,65.0
2884,1.0,12.0,64.9
2885,9.0,108.0,65.0
2886,5.0,60.0,65.0
2887,9.0,108.0,65.0
2888,8.0,96.0,64.9
2889,10.0,120.0,64.9
2890,5.0,60.0,65.1
2891,4.0,48.0,64.9
2892,7.0,84.0,64.9
2893,5.0,60.0,64.9
2894,4.0,48.0,64.9
2895,4.0,48.0,65.1
2896,2.0,24.0,65.2
2897,2.0,24.0,65.2
2898,0.0,0.0,65.2
2899,1.0,12.0,65.0
2900,1.0,12.0,65.0
2901,4.0,48.0,65.0
2902,2.0,24.0,65.1
2903,5.0,60.0,65.0
2904,1.0,12.0,65.0
2905,2.0,24.0,65.0
2906,0.0,0.0,65.0
2907,4.0,48.0,65.1
2908,5.0,60.0,65.0
2909,1.0,12.0,65.1
2910,2.0,24.0,65.1
2911,3.0,36.0,65.3
2912,1.0,12.0,65.2
2913,2.0,24.0,65.1
2914,1.0,12.0,65.0
2915,3.0,36.0,64.9
2916,3.0,36.0,65.1
2917,1.0,12.0,65.0
2918,1.0,12.0,65.0
2919,3.0,36.0,64.9
2920,2.0,24.0,64.9
2921,5.0,60.0,64.8
2922,2.0,24.0,64.9
2923,6.0,72.0,64.9
2924,8.0,96.0,65.0
2925,3.0,36.0,65.0
2926,1.0,12.0,65.3
2927,2.0,24.0,65.1
2928,4.0,48.0,65.1
2929,6.0,72.0,65.0
2930,4.0,48.0,64.9
2931,4.0,48.0,65.0
2932,4.0,48.0,64.8
2933,4.0,48.0,64.9
2934,6.0,72.0,65.0
2935,12.0,144.0,65.0
2936,10.0,120.0,64.9
2937,6.0,72.0,65.0
2938,12.0,144.0,65.0
2939,10.0,120.0,64.9
2940,9.0,108.0,64.8
2941,11.0,132.0,64.9
2942,13.0,156.0,64.9
2943,13.0,156.0,64.8
2944,17.0,204.0,64.5
2945,14.0,168.0,64.6
2946,19.0,228.0,64.8
2947,13.0,156.0,64.9
2948,24.0,288.0,64.7
2949,30.0,360.0,64.4
2950,25.0,300.0,64.4
2951,26.0,312.0,64.0
2952,24.0,288.0,64.5
2953,20.0,240.0,64.5
2954,27.0,324.0,64.3
2955,26.0,312.0,64.5
2956,24.0,288.0,64.6
2957,16.0,192.0,64.5
2958,30.0,360.0,64.2
2959,47.0,564.0,62.3
2960,52.0,624.0,62.7
2961,53.0,636.0,62.5
2962,54.0,648.0,61.4
2963,33.0,396.0,62.0
2964,39.0,468.0,62.3
2965,42.0,504.0,62.4
2966,32.0,384.0,62.5
2967,35.0,420.0,62.9
2968,43.0,516.0,61.4
2969,42.0,504.0,61.7
2970,54.0,648.0,61.2
2971,45.0,540.0,60.4
2972,64.0,768.0,60.0
2973,65.0,780.0,60.1
2974,62.0,744.0,59.3
2975,85.0,1020.0,58.5
2976,65.0,780.0,58.0
2977,56.0,672.0,59.7
2978,57.0,684.0,59.9
2979,48.0,576.0,59.9
2980,62.0,744.0,58.3
2981,48.0,576.0,60.8
2982,43.0,516.0,60.7
2983,46.0,552.0,60.4
2984,45.0,540.0,61.4
2985,36.0,432.0,62.0
2986,50.0,600.0,62.7
2987,37.0,444.0,63.3
2988,38.0,456.0,64.3
2989,48.0,576.0,63.9
2990,38.0,456.0,63.0
2991,45.0,540.0,61.7
2992,43.0,516.0,61.8
2993,35.0,420.0,60.0
2994,38.0,456.0,60.4
2995,43.0,516.0,61.5
2996,28.0,336.0,62.5
2997,44.0,528.0,61.7
2998,38.0,456.0,61.9
2999,49.0,588.0,61.0
3000,42.0,504.0,61.7
3001,41.0,492.0,62.8
3002,35.0,420.0,61.9
3003,48.0,576.0,61.3
3004,35.0,420.0,62.2
3005,41.0,492.0,62.8
3006,39.0,468.0,62.7
3007,47.0,564.0,62.2
3008,37.0,444.0,62.9
3009,34.0,408.0,63.7
3010,51.0,612.0,63.5
3011,41.0,492.0,63.4
3012,47.0,564.0,63.0
3013,49.0,588.0,61.2
3014,45.0,540.0,61.8
3015,51.0,612.0,62.7
3016,43.0,516.0,62.5
3017,57.0,684.0,61.3
3018,50.0,600.0,61.8
3019,44.0,528.0,61.7
3020,45.0,540.0,62.2
3021,48.0,576.0,63.2
3022,46.0,552.0,63.9
3023,42.0,504.0,64.0
3024,43.0,516.0,63.7
3025,45.0,540.0,63.4
3026,35.0,420.0,62.5
3027,39.0,468.0,63.3
3028,48.0,576.0,63.6
3029,53.0,636.0,63.1
3030,50.0,600.0,61.3
3031,48.0,576.0,62.6
3032,47.0,564.0,61.9
3033,47.0,564.0,62.1
3034,51.0,612.0,62.1
3035,57.0,684.0,63.1
3036,59.0,708.0,63.2
3037,59.0,708.0,63.3
3038,41.0,492.0,64.1
3039,69.0,828.0,63.8
3040,54.0,648.0,62.3
3041,45.0,540.0,62.7
3042,59.0,708.0,63.4
3043,41.0,492.0,64.1
3044,56.0,672.0,63.3
3045,53.0,636.0,63.0
3046,56.0,672.0,62.1
3047,61.0,732.0,60.8
3048,61.0,732.0,61.5
3049,64.0,768.0,60.8
3050,73.0,876.0,62.1
3051,56.0,672.0,61.5
3052,52.0,624.0,61.8
3053,54.0,648.0,59.8
3054,59.0,708.0,60.3
3055,61.0,732.0,59.1
3056,53.0,636.0,59.2
3057,71.0,852.0,58.9
3058,78.0,936.0,58.7
3059,76.0,912.0,57.6
3060,81.0,972.0,57.6
3061,78.0,936.0,59.1
3062,79.0,948.0,59.8
3063,66.0,792.0,60.9
3064,90.0,1080.0,58.9
3065,73.0,876.0,58.5
3066,69.0,828.0,59.4
3067,84.0,1008.0,59.1
3068,89.0,1068.0,57.5
3069,84.0,1008.0,58.2
3070,84.0,1008.0,57.2
3071,81.0,972.0,57.7
3072,74.0,888.0,57.2
3073,85.0,1020.0,56.9
3074,68.0,816.0,57.2
3075,84.0,1008.0,56.8
3076,93.0,1116.0,56.7
3077,94.0,1128.0,57.0
3078,83.0,996.0,57.4
3079,85.0,1020.0,57.4
3080,83.0,996.0,56.3
3081,83.0,996.0,57.2
3082,84.0,1008.0,57.5
3083,90.0,1080.0,57.7
3084,74.0,888.0,57.7
3085,83.0,996.0,55.9
3086,99.0,1188.0,54.9
3087,100.0,1200.0,55.1
3088,96.0,1152.0,55.3
3089,90.0,1080.0,55.0
3090,80.0,960.0,56.2
3091,87.0,1044.0,57.3
3092,66.0,792.0,59.0
3093,84.0,1008.0,58.3
3094,73.0,876.0,56.9
3095,110.0,1320.0,56.1
3096,83.0,996.0,56.2
3097,80.0,960.0,57.2
3098,68.0,816.0,58.1
3099,68.0,816.0,59.2
3100,50.0,600.0,61.6
3101,45.0,540.0,61.2
3102,58.0,696.0,62.6
3103,55.0,660.0,61.6
3104,46.0,552.0,63.1
3105,43.0,516.0,63.7
3106,41.0,492.0,63.9
3107,35.0,420.0,63.9
3108,36.0,432.0,63.7
3109,41.0,492.0,63.3
3110,48.0,576.0,63.5
3111,32.0,384.0,64.0
3112,28.0,336.0,64.1
3113,42.0,504.0,63.9
3114,26.0,312.0,64.3
3115,48.0,576.0,63.6
3116,35.0,420.0,63.7
3117,34.0,408.0,63.6
3118,44.0,528.0,63.2
3119,40.0,480.0,63.3
3120,35.0,420.0,64.2
3121,27.0,324.0,64.4
3122,31.0,372.0,64.7
3123,41.0,492.0,64.6
3124,35.0,420.0,64.6
3125,39.0,468.0,64.2
3126,41.0,492.0,65.1
3127,27.0,324.0,64.2
3128,30.0,360.0,64.6
3129,38.0,456.0,64.5
3130,30.0,360.0,65.0
3131,28.0,336.0,65.0
3132,31.0,372.0,65.1
3133,39.0,468.0,65.4
3134,29.0,348.0,64.9
3135,35.0,420.0,65.4
3136,25.0,300.0,65.2
3137,31.0,372.0,64.7
3138,27.0,324.0,64.6
3139,38.0,456.0,64.5
3140,25.0,300.0,64.8
3141,24.0,288.0,64.8
3142,27.0,324.0,64.9
3143,27.0,324.0,65.1
3144,21.0,252.0,65.4
3145,25.0,300.0,64.7
3146,15.0,180.0,64.9
3147,19.0,228.0,64.6
3148,27.0,324.0,64.6
3149,9.0,108.0,64.8
3150,14.0,168.0,64.8
3151,16.0,192.0,65.0
3152,13.0,156.0,65.1
3153,17.0,204.0,65.0
3154,16.0,192.0,65.0
3155,10.0,120.0,65.0
3156,11.0,132.0,65.1
3157,13.0,156.0,64.9
3158,8.0,96.0,65.0
3159,18.0,216.0,65.1
3160,12.0,144.0,65.1
3161,7.0,84.0,65.1
3162,7.0,84.0,65.1
3163,5.0,60.0,65.0
3164,4.0,48.0,64.9
3165,7.0,84.0,65.0
3166,9.0,108.0,64.9
3167,6.0,72.0,65.0
3168,7.0,84.0,65.0
3169,8.0,96.0,65.0
3170,5.0,60.0,65.0
3171,8.0,96.0,65.0
3172,6.0,72.0,65.0
3173,4.0,48.0,65.1
3174,8.0,96.0,65.1
3175,3.0,36.0,65.0
3176,4.0,48.0,65.0
3177,8.0,96.0,65.0
3178,4.0,48.0,65.0
3179,3.0,36.0,64.9
3180,3.0,36.0,64.8
3181,2.0,24.0,64.9
3182,5.0,60.0,65.0
3183,1.0,12.0,65.0
3184,1.0,12.0,65.3
3185,1.0,12.0,65.1
3186,3.0,36.0,65.1
3187,0.0,0.0,65.1
3188,0.0,0.0,65.1
3189,3.0,36.0,65.0
3190,0.0,0.0,65.0
3191,1.0,12.0,65.3
3192,3.0,36.0,65.4
3193,1.0,12.0,65.2
3194,2.0,24.0,65.0
3195,3.0,36.0,64.9
3196,0.0,0.0,64.9
3197,1.0,12.0,64.9
3198,0.0,0.0,64.9
3199,0.0,0.0,64.9
3200,1.0,12.0,65.3
3201,2.0,24.0,65.4
3202,2.0,24.0,65.3
3203,3.0,36.0,65.2
3204,1.0,12.0,65.0
3205,5.0,60.0,65.0
3206,0.0,0.0,65.0
3207,3.0,36.0,65.0
3208,0.0,0.0,65.0
3209,1.0,12.0,65.0
3210,2.0,24.0,65.0
3211,2.0,24.0,65.0
3212,4.0,48.0,65.2
3213,2.0,24.0,65.2
3214,1.0,12.0,65.1
3215,2.0,24.0,65.3
3216,3.0,36.0,65.1
3217,2.0,24.0,65.1
3218,3.0,36.0,64.9
3219,4.0,48.0,65.0
3220,1.0,12.0,65.0
3221,7.0,84.0,65.0
3222,4.0,48.0,65.1
3223,10.0,120.0,65.1
3224,6.0,72.0,65.1
3225,7.0,84.0,64.9
3226,6.0,72.0,64.9
3227,15.0,180.0,64.9
3228,9.0,108.0,64.9
3229,3.0,36.0,65.0
3230,13.0,156.0,65.0
3231,15.0,180.0,65.0
3232,9.0,108.0,65.0
3233,9.0,108.0,65.1
3234,17.0,204.0,65.2
3235,35.0,420.0,57.5
3236,36.0,432.0,59.6
3237,27.0,324.0,62.0
3238,24.0,288.0,63.3
3239,22.0,264.0,64.2
3240,24.0,288.0,36.3
3241,33.0,396.0,19.1
3242,49.0,588.0,11.2
3243,108.0,1296.0,10.9
3244,112.0,1344.0,11.4
3245,111.0,1332.0,11.6
3246,117.0,1404.0,14.7
3247,130.0,1560.0,18.4
3248,112.0,1344.0,18.3
3249,116.0,1392.0,16.3
3250,130.0,1560.0,18.5
3251,126.0,1512.0,18.1
3252,82.0,984.0,12.3
3253,83.0,996.0,11.2
3254,100.0,1200.0,10.8
3255,117.0,1404.0,13.1
3256,125.0,1500.0,15.7
3257,116.0,1392.0,16.6
3258,123.0,1476.0,16.3
3259,122.0,1464.0,19.5
3260,134.0,1608.0,22.2
3261,128.0,1536.0,24.4
3262,142.0,1704.0,27.4
3263,133.0,1596.0,30.2
3264,122.0,1464.0,33.7
3265,131.0,1572.0,36.0
3266,96.0,1152.0,39.2
3267,108.0,1296.0,41.0
3268,102.0,1224.0,41.1
3269,89.0,1068.0,42.0
3270,94.0,1128.0,45.0
3271,103.0,1236.0,44.4
3272,118.0,1416.0,44.4
3273,100.0,1200.0,45.7
3274,116.0,1392.0,45.8
3275,81.0,972.0,47.8
3276,87.0,1044.0,48.8
3277,77.0,924.0,47.6
3278,66.0,792.0,46.8
3279,0.0,0.0,46.8
3280,107.0,1284.0,36.9
3281,124.0,1488.0,37.7
3282,81.0,972.0,43.4
3283,104.0,1248.0,45.3
3284,103.0,1236.0,46.0
3285,101.0,1212.0,45.7
3286,104.0,1248.0,46.3
3287,80.0,960.0,46.4
3288,93.0,1116.0,45.9
3289,82.0,984.0,45.3
3290,81.0,972.0,46.6
3291,89.0,1068.0,46.5
3292,93.0,1116.0,45.6
3293,84.0,1008.0,45.7
3294,84.0,1008.0,47.1
3295,60.0,720.0,50.3
3296,74.0,888.0,50.9
3297,67.0,804.0,52.8
3298,55.0,660.0,54.7
3299,0.0,0.0,54.7
3300,53.0,636.0,41.4
3301,124.0,1488.0,34.3
3302,111.0,1332.0,33.7
3303,86.0,1032.0,42.3
3304,61.0,732.0,51.3
3305,42.0,504.0,58.2
3306,33.0,396.0,61.8
3307,44.0,528.0,62.4
3308,44.0,528.0,62.8
3309,38.0,456.0,63.8
3310,52.0,624.0,64.0
3311,44.0,528.0,64.3
3312,36.0,432.0,64.9
3313,43.0,516.0,64.3
3314,62.0,744.0,64.5
3315,53.0,636.0,62.7
3316,56.0,672.0,61.8
3317,57.0,684.0,64.3
3318,54.0,648.0,64.7
3319,46.0,552.0,64.8
3320,46.0,552.0,65.0
3321,47.0,564.0,65.2
3322,61.0,732.0,63.8
3323,33.0,396.0,64.0
3324,41.0,492.0,65.0
3325,61.0,732.0,65.2
3326,52.0,624.0,65.5
3327,49.0,588.0,65.9
3328,53.0,636.0,65.5
3329,55.0,660.0,64.6
3330,39.0,468.0,65.4
3331,50.0,600.0,65.4
3332,61.0,732.0,65.2
3333,49.0,588.0,64.1
3334,79.0,948.0,64.2
3335,72.0,864.0,63.3
3336,62.0,744.0,64.7
3337,56.0,672.0,65.2
3338,56.0,672.0,66.8
3339,64.0,768.0,67.1
3340,53.0,636.0,66.0
3341,59.0,708.0,65.7
3342,59.0,708.0,66.8
3343,53.0,636.0,65.2
3344,69.0,828.0,64.8
3345,84.0,1008.0,65.3
3346,64.0,768.0,65.4
3347,75.0,900.0,64.8
3348,74.0,888.0,65.6
3349,74.0,888.0,65.0
3350,73.0,876.0,65.7
3351,74.0,888.0,64.9
3352,88.0,1056.0,64.6
3353,89.0,1068.0,63.7
3354,58.0,696.0,64.0
3355,50.0,600.0,63.0
3356,77.0,924.0,62.9
3357,94.0,1128.0,53.2
3358,128.0,1536.0,47.0
3359,109.0,1308.0,49.9
3360,93.0,1116.0,53.5
3361,88.0,1056.0,57.6
3362,77.0,924.0,60.6
3363,86.0,1032.0,63.4
3364,78.0,936.0,63.2
3365,78.0,936.0,63.1
3366,81.0,972.0,62.4
3367,90.0,1080.0,62.4
3368,83.0,996.0,62.4
3369,72.0,864.0,62.3
3370,89.0,1068.0,61.3
3371,78.0,936.0,62.0
3372,86.0,1032.0,62.1
3373,81.0,972.0,62.4
3374,104.0,1248.0,61.7
3375,90.0,1080.0,62.4
3376,85.0,1020.0,62.2
3377,93.0,1116.0,63.0
3378,91.0,1092.0,63.5
3379,88.0,1056.0,65.2
3380,85.0,1020.0,64.0
3381,81.0,972.0,63.5
3382,92.0,1104.0,64.3
3383,84.0,1008.0,64.7
3384,83.0,996.0,62.5
3385,79.0,948.0,61.4
3386,86.0,1032.0,60.9
3387,60.0,720.0,61.9
3388,41.0,492.0,63.1
3389,62.0,744.0,63.8
3390,51.0,612.0,64.7
3391,42.0,504.0,64.4
3392,46.0,552.0,65.4
3393,48.0,576.0,66.0
3394,51.0,612.0,65.3
3395,52.0,624.0,64.3
3396,41.0,492.0,65.1
3397,45.0,540.0,64.8
3398,33.0,396.0,65.5
3399,39.0,468.0,65.7
3400,32.0,384.0,65.3
3401,30.0,360.0,65.1
3402,42.0,504.0,64.7
3403,21.0,252.0,65.0
3404,33.0,396.0,65.1
3405,40.0,480.0,64.9
3406,28.0,336.0,65.2
3407,34.0,408.0,65.7
3408,35.0,420.0,65.6
3409,40.0,480.0,64.7
3410,40.0,480.0,64.4
3411,33.0,396.0,64.1
3412,35.0,420.0,63.7
3413,34.0,408.0,64.8
3414,43.0,516.0,64.6
3415,28.0,336.0,64.8
3416,33.0,396.0,64.4
3417,37.0,444.0,64.5
3418,31.0,372.0,64.5
3419,25.0,300.0,64.7
3420,24.0,288.0,64.3
3421,34.0,408.0,64.6
3422,34.0,408.0,64.5
3423,31.0,372.0,64.7
3424,37.0,444.0,64.9
3425,35.0,420.0,65.3
3426,33.0,396.0,64.8
3427,29.0,348.0,65.0
3428,33.0,396.0,64.9
3429,32.0,384.0,65.0
3430,20.0,240.0,65.0
3431,25.0,300.0,65.1
3432,27.0,324.0,65.5
3433,25.0,300.0,65.5
3434,27.0,324.0,65.3
3435,16.0,192.0,65.2
3436,19.0,228.0,65.2
3437,16.0,192.0,65.2
3438,15.0,180.0,65.3
3439,18.0,216.0,65.2
3440,20.0,240.0,65.1
3441,15.0,180.0,65.2
3442,7.0,84.0,65.1
3443,13.0,156.0,65.1
3444,16.0,192.0,65.0
3445,14.0,168.0,64.8
3446,14.0,168.0,64.9
3447,17.0,204.0,65.0
3448,12.0,144.0,64.7
3449,9.0,108.0,64.8
3450,9.0,108.0,64.8
3451,6.0,72.0,64.9
3452,7.0,84.0,65.0
3453,4.0,48.0,64.9
3454,9.0,108.0,64.8
3455,6.0,72.0,64.7
3456,6.0,72.0,65.0
3457,3.0,36.0,64.9
3458,3.0,36.0,64.9
3459,5.0,60.0,64.9
3460,5.0,60.0,64.9
3461,9.0,108.0,65.1
3462,4.0,48.0,65.1
3463,4.0,48.0,65.1
3464,3.0,36.0,65.0
3465,8.0,96.0,65.0
3466,7.0,84.0,65.0
3467,4.0,48.0,65.0
3468,6.0,72.0,64.9
3469,6.0,72.0,64.9
3470,3.0,36.0,65.0
3471,3.0,36.0,64.7
3472,3.0,36.0,64.7
3473,3.0,36.0,64.8
3474,1.0,12.0,64.8
3475,1.0,12.0,64.9
3476,2.0,24.0,64.9
3477,2.0,24.0,64.9
3478,3.0,36.0,64.9
3479,2.0,24.0,64.9
3480,2.0,24.0,64.9
3481,1.0,12.0,64.9
3482,4.0,48.0,64.9
3483,1.0,12.0,64.8
3484,1.0,12.0,64.9
3485,2.0,24.0,64.9
3486,0.0,0.0,64.9
3487,3.0,36.0,65.1
3488,1.0,12.0,64.9
3489,0.0,0.0,64.9
3490,1.0,12.0,64.9
3491,2.0,24.0,64.9
3492,1.0,12.0,64.8
3493,1.0,12.0,64.9
3494,2.0,24.0,65.2
3495,3.0,36.0,65.2
3496,0.0,0.0,65.2
3497,3.0,36.0,65.1
3498,3.0,36.0,65.1
3499,0.0,0.0,65.1
3500,4.0,48.0,65.1
3501,7.0,84.0,65.1
3502,3.0,36.0,65.1
3503,1.0,12.0,65.1
3504,3.0,36.0,65.1
3505,4.0,48.0,65.1
3506,3.0,36.0,65.1
3507,5.0,60.0,65.1
3508,5.0,60.0,65.0
3509,5.0,60.0,64.9
3510,7.0,84.0,65.0
3511,10.0,120.0,65.0
3512,8.0,96.0,65.1
3513,13.0,156.0,65.1
3514,14.0,168.0,65.1
3515,7.0,84.0,65.1
3516,12.0,144.0,65.0
3517,12.0,144.0,65.1
3518,8.0,96.0,65.0
3519,17.0,204.0,65.2
3520,4.0,48.0,65.1
3521,18.0,216.0,64.9
3522,20.0,240.0,64.6
3523,24.0,288.0,64.8
3524,30.0,360.0,65.1
3525,31.0,372.0,65.0
3526,35.0,420.0,64.7
3527,24.0,288.0,64.9
3528,14.0,168.0,65.1
3529,16.0,192.0,65.0
3530,22.0,264.0,65.3
3531,26.0,312.0,65.5
3532,27.0,324.0,65.2
3533,21.0,252.0,65.2
3534,32.0,384.0,65.4
3535,25.0,300.0,64.8
3536,51.0,612.0,64.8
3537,66.0,792.0,63.2
3538,62.0,744.0,63.5
3539,60.0,720.0,62.7
3540,52.0,624.0,64.2
3541,34.0,408.0,64.8
3542,48.0,576.0,65.3
3543,39.0,468.0,65.1
3544,63.0,756.0,63.9
3545,61.0,732.0,64.8
3546,65.0,780.0,64.5
3547,65.0,780.0,64.5
3548,72.0,864.0,64.5
3549,51.0,612.0,65.1
3550,66.0,792.0,65.3
3551,59.0,708.0,65.6
3552,43.0,516.0,65.5
3553,39.0,468.0,65.0
3554,57.0,684.0,65.1
3555,37.0,444.0,65.0
3556,50.0,600.0,64.3
3557,40.0,480.0,64.8
3558,38.0,456.0,64.5
3559,58.0,696.0,64.2
3560,53.0,636.0,64.4
3561,48.0,576.0,64.7
3562,47.0,564.0,65.0
3563,46.0,552.0,63.8
3564,52.0,624.0,64.3
3565,41.0,492.0,65.3
3566,43.0,516.0,64.1
3567,40.0,480.0,62.7
3568,41.0,492.0,63.4
3569,44.0,528.0,64.0
3570,52.0,624.0,64.4
3571,39.0,468.0,64.2
3572,47.0,564.0,64.6
3573,48.0,576.0,62.8
3574,39.0,468.0,63.1
3575,45.0,540.0,64.1
3576,41.0,492.0,63.9
3577,40.0,480.0,63.3
3578,44.0,528.0,63.8
3579,45.0,540.0,62.3
3580,47.0,564.0,62.5
3581,44.0,528.0,63.2
3582,45.0,540.0,63.7
3583,39.0,468.0,64.2
3584,37.0,444.0,64.7
3585,48.0,576.0,63.4
3586,37.0,444.0,63.8
3587,32.0,384.0,64.0
3588,26.0,312.0,64.5
3589,36.0,432.0,64.6
3590,22.0,264.0,49.2
3591,30.0,360.0,39.8
3592,61.0,732.0,36.8
3593,96.0,1152.0,40.6
3594,55.0,660.0,49.0
3595,50.0,600.0,56.4
3596,60.0,720.0,60.5
3597,35.0,420.0,62.7
3598,35.0,420.0,63.3
3599,44.0,528.0,63.6
3600,40.0,480.0,64.2
3601,49.0,588.0,66.0
3602,50.0,600.0,64.9
3603,49.0,588.0,64.0
3604,61.0,732.0,63.6
3605,54.0,648.0,64.3
3606,57.0,684.0,63.6
3607,42.0,504.0,64.0
3608,43.0,516.0,64.1
3609,62.0,744.0,63.2
3610,49.0,588.0,64.2
3611,68.0,816.0,62.7
3612,56.0,672.0,63.4
3613,47.0,564.0,63.9
3614,65.0,780.0,60.8
3615,47.0,564.0,62.8
3616,44.0,528.0,64.0
3617,49.0,588.0,64.2
3618,55.0,660.0,63.3
3619,57.0,684.0,63.7
3620,48.0,576.0,64.7
3621,57.0,684.0,64.0
3622,55.0,660.0,63.4
3623,59.0,708.0,62.6
3624,59.0,708.0,62.1
3625,53.0,636.0,63.1
3626,69.0,828.0,64.1
3627,77.0,924.0,65.9
3628,68.0,816.0,65.2
3629,74.0,888.0,64.6
3630,54.0,648.0,64.7
3631,73.0,876.0,65.4
3632,68.0,816.0,63.2
3633,84.0,1008.0,64.1
3634,73.0,876.0,64.2
3635,69.0,828.0,62.7
3636,66.0,792.0,62.7
3637,76.0,912.0,64.5
3638,79.0,948.0,64.4
3639,85.0,1020.0,64.2
3640,74.0,888.0,62.7
3641,62.0,744.0,65.0
3642,60.0,720.0,64.7
3643,80.0,960.0,64.9
3644,74.0,888.0,64.2
3645,78.0,936.0,64.9
3646,72.0,864.0,64.1
3647,81.0,972.0,63.2
3648,72.0,864.0,59.3
3649,74.0,888.0,59.0
3650,95.0,1140.0,57.3
3651,85.0,1020.0,56.9
3652,98.0,1176.0,55.8
3653,95.0,1140.0,52.8
3654,86.0,1032.0,46.2
3655,100.0,1200.0,49.8
3656,85.0,1020.0,52.5
3657,103.0,1236.0,54.4
3658,75.0,900.0,54.9
3659,93.0,1116.0,55.8
3660,91.0,1092.0,55.8
3661,96.0,1152.0,55.8
3662,89.0,1068.0,55.7
3663,94.0,1128.0,55.7
3664,97.0,1164.0,57.4
3665,83.0,996.0,55.8
3666,80.0,960.0,55.6
3667,101.0,1212.0,56.1
3668,106.0,1272.0,56.1
3669,83.0,996.0,56.6
3670,99.0,1188.0,56.4
3671,93.0,1116.0,55.9
3672,85.0,1020.0,59.0
3673,85.0,1020.0,59.5
3674,93.0,1116.0,60.9
3675,77.0,924.0,62.1
3676,52.0,624.0,63.8
3677,79.0,948.0,63.8
3678,60.0,720.0,63.5
3679,52.0,624.0,63.5
3680,45.0,540.0,64.1
3681,42.0,504.0,65.6
3682,47.0,564.0,65.4
3683,29.0,348.0,65.4
3684,49.0,588.0,66.3
3685,50.0,600.0,66.3
3686,55.0,660.0,65.1
3687,38.0,456.0,65.3
3688,40.0,480.0,65.8
3689,36.0,432.0,65.4
3690,29.0,348.0,65.5
3691,39.0,468.0,65.2
3692,42.0,504.0,64.7
3693,35.0,420.0,64.5
3694,39.0,468.0,64.2
3695,33.0,396.0,64.3
3696,37.0,444.0,64.2
3697,48.0,576.0,63.0
3698,51.0,612.0,63.4
3699,32.0,384.0,64.5
3700,28.0,336.0,64.7
3701,37.0,444.0,64.5
3702,38.0,456.0,63.9
3703,40.0,480.0,62.8
3704,33.0,396.0,64.0
3705,36.0,432.0,64.4
3706,36.0,432.0,64.0
3707,32.0,384.0,63.8
3708,52.0,624.0,63.3
3709,39.0,468.0,63.7
3710,40.0,480.0,63.7
3711,45.0,540.0,63.9
3712,33.0,396.0,64.4
3713,43.0,516.0,63.7
3714,33.0,396.0,64.3
3715,27.0,324.0,64.3
3716,44.0,528.0,64.6
3717,30.0,360.0,64.4
3718,20.0,240.0,64.5
3719,26.0,312.0,64.6
3720,27.0,324.0,64.9
3721,41.0,492.0,64.6
3722,21.0,252.0,64.5
3723,35.0,420.0,64.5
3724,28.0,336.0,64.9
3725,21.0,252.0,65.0
3726,19.0,228.0,64.9
3727,12.0,144.0,65.0
3728,19.0,228.0,64.9
3729,26.0,312.0,64.9
3730,11.0,132.0,65.0
3731,12.0,144.0,64.9
3732,13.0,156.0,64.9
3733,12.0,144.0,65.0
3734,18.0,216.0,64.9
3735,7.0,84.0,65.0
3736,13.0,156.0,64.9
3737,9.0,108.0,64.8
3738,8.0,96.0,64.8
3739,12.0,144.0,64.9
3740,11.0,132.0,64.9
3741,11.0,132.0,65.0
3742,10.0,120.0,64.9
3743,4.0,48.0,64.8
3744,2.0,24.0,65.0
3745,9.0,108.0,64.8
3746,5.0,60.0,64.9
3747,6.0,72.0,65.1
3748,3.0,36.0,65.0
3749,5.0,60.0,65.0
3750,6.0,72.0,65.0
3751,4.0,48.0,65.0
3752,4.0,48.0,64.9
3753,5.0,60.0,65.0
3754,5.0,60.0,64.9
3755,3.0,36.0,65.1
3756,2.0,24.0,65.1
3757,3.0,36.0,65.1
3758,2.0,24.0,65.0
3759,1.0,12.0,64.9
3760,1.0,12.0,65.0
3761,1.0,12.0,65.3
3762,1.0,12.0,65.1
3763,1.0,12.0,65.4
3764,2.0,24.0,65.1
3765,0.0,0.0,65.1
3766,2.0,24.0,65.0
3767,2.0,24.0,64.9
3768,4.0,48.0,64.9
3769,2.0,24.0,64.9
3770,2.0,24.0,64.8
3771,1.0,12.0,64.8
3772,2.0,24.0,64.8
3773,2.0,24.0,64.8
3774,1.0,12.0,64.9
3775,1.0,12.0,64.8
3776,2.0,24.0,64.8
3777,1.0,12.0,64.8
3778,0.0,0.0,64.8
3779,1.0,12.0,64.8
3780,1.0,12.0,64.9
3781,2.0,24.0,65.0
3782,2.0,24.0,65.1
3783,0.0,0.0,65.1
3784,2.0,24.0,65.1
3785,3.0,36.0,65.1
3786,2.0,24.0,65.0
3787,4.0,48.0,65.1
3788,4.0,48.0,65.2
3789,3.0,36.0,65.1
3790,3.0,36.0,65.1
3791,5.0,60.0,65.1
3792,7.0,84.0,65.0
3793,7.0,84.0,64.9
3794,3.0,36.0,64.8
3795,2.0,24.0,64.8
3796,4.0,48.0,64.8
3797,3.0,36.0,64.9
3798,14.0,168.0,64.8
3799,12.0,144.0,64.7
3800,10.0,120.0,64.9
3801,13.0,156.0,64.9
3802,9.0,108.0,64.9
3803,13.0,156.0,65.0
3804,10.0,120.0,65.0
3805,11.0,132.0,65.0
3806,8.0,96.0,65.0
3807,11.0,132.0,65.0
3808,14.0,168.0,65.0
3809,21.0,252.0,65.0
3810,23.0,276.0,64.8
3811,17.0,204.0,64.8
3812,26.0,312.0,64.7
3813,23.0,276.0,65.2
3814,27.0,324.0,64.9
3815,31.0,372.0,64.9
3816,21.0,252.0,64.9
3817,27.0,324.0,65.1
3818,28.0,336.0,64.8
3819,30.0,360.0,65.1
3820,26.0,312.0,64.9
3821,30.0,360.0,64.9
3822,29.0,348.0,64.8
3823,45.0,540.0,64.3
3824,56.0,672.0,62.7
3825,61.0,732.0,61.9
3826,47.0,564.0,62.2
3827,50.0,600.0,63.0
3828,48.0,576.0,64.8
3829,45.0,540.0,64.2
3830,40.0,480.0,64.1
3831,58.0,696.0,63.1
3832,52.0,624.0,64.3
3833,54.0,648.0,64.5
3834,65.0,780.0,62.8
3835,74.0,888.0,62.5
3836,81.0,972.0,63.0
3837,69.0,828.0,64.1
3838,78.0,936.0,63.2
3839,66.0,792.0,62.3
3840,66.0,792.0,63.8
3841,52.0,624.0,64.1
3842,44.0,528.0,63.9
3843,61.0,732.0,63.2
3844,62.0,744.0,62.9
3845,55.0,660.0,62.2
3846,41.0,492.0,62.2
3847,50.0,600.0,63.4
3848,56.0,672.0,64.4
3849,61.0,732.0,62.5
3850,57.0,684.0,64.0
3851,46.0,552.0,64.4
3852,50.0,600.0,64.3
3853,36.0,432.0,64.2
3854,35.0,420.0,64.5
3855,49.0,588.0,64.7
3856,64.0,768.0,65.3
3857,54.0,648.0,63.9
3858,45.0,540.0,63.9
3859,36.0,432.0,64.8
3860,36.0,432.0,65.0
3861,48.0,576.0,64.2
3862,40.0,480.0,62.9
3863,57.0,684.0,64.5
3864,45.0,540.0,62.2
3865,46.0,552.0,63.0
3866,48.0,576.0,62.2
3867,50.0,600.0,63.1
3868,47.0,564.0,64.1
3869,34.0,408.0,63.8
3870,41.0,492.0,64.5
3871,52.0,624.0,66.1
3872,55.0,660.0,64.8
3873,49.0,588.0,65.7
3874,64.0,768.0,65.4
3875,47.0,564.0,65.2
3876,41.0,492.0,62.1
3877,46.0,552.0,63.3
3878,45.0,540.0,63.9
3879,43.0,516.0,63.4
3880,71.0,852.0,63.5
3881,42.0,504.0,63.7
3882,46.0,552.0,63.6
3883,55.0,660.0,64.1
3884,65.0,780.0,64.2
3885,47.0,564.0,64.5
3886,60.0,720.0,64.3
3887,45.0,540.0,64.1
3888,32.0,384.0,64.1
3889,69.0,828.0,62.5
3890,71.0,852.0,63.5
3891,57.0,684.0,63.1
3892,61.0,732.0,63.8
3893,50.0,600.0,64.7
3894,49.0,588.0,65.0
3895,64.0,768.0,65.5
3896,50.0,600.0,65.6
3897,65.0,780.0,64.5
3898,63.0,756.0,64.1
3899,59.0,708.0,64.5
3900,54.0,648.0,64.5
3901,60.0,720.0,64.4
3902,57.0,684.0,65.6
3903,52.0,624.0,65.0
3904,67.0,804.0,65.7
3905,48.0,576.0,65.6
3906,59.0,708.0,65.8
3907,58.0,696.0,64.8
3908,76.0,912.0,65.1
3909,75.0,900.0,63.7
3910,69.0,828.0,62.1
3911,67.0,804.0,61.6
3912,51.0,612.0,62.9
3913,80.0,960.0,62.5
3914,66.0,792.0,63.1
3915,59.0,708.0,63.2
3916,74.0,888.0,63.8
3917,73.0,876.0,63.9
3918,70.0,840.0,63.5
3919,65.0,780.0,63.1
3920,76.0,912.0,62.3
3921,80.0,960.0,62.9
3922,102.0,1224.0,62.7
3923,87.0,1044.0,63.4
3924,79.0,948.0,60.4
3925,90.0,1080.0,59.5
3926,79.0,948.0,57.3
3927,78.0,936.0,57.4
3928,93.0,1116.0,56.8
3929,71.0,852.0,55.7
3930,81.0,972.0,57.4
3931,82.0,984.0,56.5
3932,92.0,1104.0,55.4
3933,87.0,1044.0,56.2
3934,89.0,1068.0,56.5
3935,100.0,1200.0,54.3
3936,96.0,1152.0,55.6
3937,99.0,1188.0,55.6
3938,95.0,1140.0,55.5
3939,86.0,1032.0,56.9
3940,87.0,1044.0,56.7
3941,85.0,1020.0,56.6
3942,80.0,960.0,56.5
3943,98.0,1176.0,56.4
3944,89.0,1068.0,56.6
3945,105.0,1260.0,55.4
3946,83.0,996.0,55.3
3947,103.0,1236.0,55.0
3948,90.0,1080.0,56.2
3949,90.0,1080.0,56.0
3950,102.0,1224.0,55.6
3951,102.0,1224.0,55.8
3952,89.0,1068.0,56.3
3953,90.0,1080.0,56.4
3954,102.0,1224.0,56.0
3955,106.0,1272.0,54.8
3956,99.0,1188.0,54.2
3957,86.0,1032.0,55.6
3958,78.0,936.0,55.4
3959,88.0,1056.0,56.0
3960,85.0,1020.0,58.8
3961,94.0,1128.0,60.4
3962,92.0,1104.0,60.5
3963,76.0,912.0,61.7
3964,80.0,960.0,63.6
3965,72.0,864.0,64.5
3966,45.0,540.0,64.6
3967,67.0,804.0,65.1
3968,62.0,744.0,65.2
3969,47.0,564.0,64.8
3970,66.0,792.0,65.5
3971,50.0,600.0,65.2
3972,55.0,660.0,67.2
3973,42.0,504.0,66.3
3974,49.0,588.0,65.7
3975,53.0,636.0,66.9
3976,49.0,588.0,65.8
3977,48.0,576.0,64.7
3978,44.0,528.0,65.6
3979,40.0,480.0,65.8
3980,47.0,564.0,64.9
3981,56.0,672.0,64.7
3982,44.0,528.0,65.4
3983,46.0,552.0,65.0
3984,42.0,504.0,64.8
3985,43.0,516.0,65.1
3986,41.0,492.0,64.6
3987,38.0,456.0,64.9
3988,41.0,492.0,64.5
3989,44.0,528.0,64.6
3990,39.0,468.0,64.6
3991,39.0,468.0,64.5
3992,37.0,444.0,64.6
3993,30.0,360.0,64.9
3994,53.0,636.0,64.4
3995,60.0,720.0,63.1
3996,37.0,444.0,64.4
3997,35.0,420.0,64.7
3998,40.0,480.0,65.1
3999,42.0,504.0,64.2
4000,39.0,468.0,64.4
4001,56.0,672.0,63.7
4002,37.0,444.0,64.7
4003,42.0,504.0,64.4
4004,39.0,468.0,64.8
4005,36.0,432.0,65.0
4006,42.0,504.0,64.8
4007,35.0,420.0,65.2
4008,18.0,216.0,65.1
4009,38.0,456.0,64.4
4010,26.0,312.0,64.4
4011,33.0,396.0,63.6
4012,35.0,420.0,64.2
4013,29.0,348.0,64.3
4014,27.0,324.0,64.6
4015,31.0,372.0,64.6
4016,24.0,288.0,64.6
4017,22.0,264.0,64.9
4018,20.0,240.0,65.3
4019,13.0,156.0,65.2
4020,14.0,168.0,65.1
4021,20.0,240.0,65.1
4022,19.0,228.0,64.5
4023,16.0,192.0,64.7
4024,16.0,192.0,64.9
4025,13.0,156.0,64.8
4026,9.0,108.0,64.9
4027,16.0,192.0,65.0
4028,16.0,192.0,65.0
4029,17.0,204.0,65.1
4030,14.0,168.0,65.1
4031,11.0,132.0,65.0
4032,5.0,60.0,65.0
4033,9.0,108.0,65.1
4034,7.0,84.0,65.0
4035,5.0,60.0,65.0
4036,6.0,72.0,65.1
4037,6.0,72.0,64.9
4038,8.0,96.0,65.0
4039,11.0,132.0,65.0
4040,3.0,36.0,65.1
4041,15.0,180.0,65.1
4042,12.0,144.0,65.1
4043,6.0,72.0,65.0
4044,9.0,108.0,64.9
4045,6.0,72.0,65.1
4046,3.0,36.0,65.1
4047,7.0,84.0,64.7
4048,1.0,12.0,64.9
4049,5.0,60.0,65.0
4050,4.0,48.0,64.9
4051,3.0,36.0,65.0
4052,1.0,12.0,65.0
4053,5.0,60.0,64.9
4054,7.0,84.0,64.9
4055,5.0,60.0,65.0
4056,2.0,24.0,64.9
4057,1.0,12.0,64.8
4058,3.0,36.0,64.8
4059,4.0,48.0,64.8
4060,8.0,96.0,64.8
4061,1.0,12.0,65.2
4062,4.0,48.0,65.2
4063,2.0,24.0,65.3
4064,3.0,36.0,65.0
4065,2.0,24.0,65.0
4066,6.0,72.0,65.0
4067,1.0,12.0,65.0
4068,0.0,0.0,65.0
4069,5.0,60.0,65.0
4070,1.0,12.0,65.1
4071,4.0,48.0,65.0
4072,2.0,24.0,65.0
4073,2.0,24.0,65.0
4074,1.0,12.0,65.0
4075,2.0,24.0,65.0
4076,3.0,36.0,65.0
4077,5.0,60.0,65.0
4078,5.0,60.0,64.9
4079,3.0,36.0,64.9
4080,3.0,36.0,64.9
4081,3.0,36.0,64.9
4082,3.0,36.0,64.9
4083,2.0,24.0,64.9
4084,2.0,24.0,64.8
4085,6.0,72.0,64.8
4086,12.0,144.0,64.8
4087,6.0,72.0,64.8
4088,10.0,120.0,64.8
4089,13.0,156.0,64.9
4090,11.0,132.0,64.9
4091,10.0,120.0,65.0
4092,11.0,132.0,64.8
4093,11.0,132.0,64.9
4094,14.0,168.0,65.0
4095,16.0,192.0,65.1
4096,14.0,168.0,65.0
4097,16.0,192.0,65.1
4098,13.0,156.0,65.0
4099,29.0,348.0,65.0
4100,31.0,372.0,64.7
4101,27.0,324.0,64.9
4102,28.0,336.0,64.9
4103,23.0,276.0,64.9
4104,23.0,276.0,65.0
4105,30.0,360.0,65.0
4106,29.0,348.0,65.3
4107,21.0,252.0,65.3
4108,33.0,396.0,64.6
4109,26.0,312.0,65.0
4110,35.0,420.0,65.5
4111,43.0,516.0,64.6
4112,46.0,552.0,63.8
4113,44.0,528.0,64.2
4114,52.0,624.0,64.2
4115,51.0,612.0,64.7
4116,53.0,636.0,63.8
4117,43.0,516.0,64.0
4118,46.0,552.0,62.9
4119,44.0,528.0,62.4
4120,51.0,612.0,63.4
4121,50.0,600.0,65.2
4122,75.0,900.0,64.6
4123,61.0,732.0,64.1
4124,72.0,864.0,63.7
4125,56.0,672.0,63.9
4126,73.0,876.0,64.6
4127,51.0,612.0,65.1
4128,55.0,660.0,65.0
4129,53.0,636.0,64.5
4130,61.0,732.0,63.9
4131,59.0,708.0,64.3
4132,46.0,552.0,64.7
4133,57.0,684.0,63.7
4134,52.0,624.0,63.2
4135,40.0,480.0,65.1
4136,40.0,480.0,64.3
4137,60.0,720.0,64.7
4138,46.0,552.0,65.5
4139,50.0,600.0,64.5
4140,42.0,504.0,65.0
4141,46.0,552.0,64.1
4142,45.0,540.0,63.6
4143,51.0,612.0,62.3
4144,50.0,600.0,63.0
4145,55.0,660.0,63.0
4146,51.0,612.0,62.5
4147,65.0,780.0,63.3
4148,52.0,624.0,64.3
4149,51.0,612.0,64.7
4150,51.0,612.0,63.6
4151,52.0,624.0,61.0
4152,65.0,780.0,61.8
4153,57.0,684.0,62.9
4154,55.0,660.0,62.5
4155,48.0,576.0,64.8
4156,67.0,804.0,65.1
4157,57.0,684.0,63.9
4158,59.0,708.0,63.1
4159,57.0,684.0,63.9
4160,48.0,576.0,64.2
4161,77.0,924.0,63.7
4162,61.0,732.0,64.5
4163,58.0,696.0,63.7
4164,74.0,888.0,63.5
4165,51.0,612.0,64.4
4166,65.0,780.0,63.3
4167,60.0,720.0,63.8
4168,75.0,900.0,63.9
4169,60.0,720.0,64.3
4170,72.0,864.0,64.8
4171,63.0,756.0,64.7
4172,68.0,816.0,63.4
4173,65.0,780.0,64.0
4174,75.0,900.0,64.0
4175,62.0,744.0,62.9
4176,74.0,888.0,62.4
4177,75.0,900.0,63.5
4178,75.0,900.0,63.8
4179,70.0,840.0,62.8
4180,64.0,768.0,62.5
4181,84.0,1008.0,63.7
4182,64.0,768.0,63.8
4183,54.0,648.0,64.9
4184,82.0,984.0,64.1
4185,75.0,900.0,63.7
4186,61.0,732.0,62.2
4187,74.0,888.0,64.0
4188,82.0,984.0,62.1
4189,63.0,756.0,60.2
4190,73.0,876.0,59.3
4191,69.0,828.0,57.6
4192,75.0,900.0,58.6
4193,79.0,948.0,58.4
4194,73.0,876.0,57.7
4195,67.0,804.0,58.5
4196,74.0,888.0,58.0
4197,71.0,852.0,57.3
4198,95.0,1140.0,58.0
4199,85.0,1020.0,58.5
4200,71.0,852.0,58.1
4201,86.0,1032.0,57.0
4202,90.0,1080.0,56.9
4203,87.0,1044.0,57.2
4204,86.0,1032.0,57.1
4205,72.0,864.0,57.4
4206,97.0,1164.0,56.9
4207,90.0,1080.0,56.8
4208,93.0,1116.0,56.5
4209,95.0,1140.0,55.2
4210,111.0,1332.0,49.1
4211,96.0,1152.0,51.1
4212,102.0,1224.0,54.3
4213,79.0,948.0,56.5
4214,93.0,1116.0,55.4
4215,88.0,1056.0,56.0
4216,109.0,1308.0,56.4
4217,96.0,1152.0,56.9
4218,74.0,888.0,57.0
4219,76.0,912.0,58.0
4220,78.0,936.0,57.6
4221,73.0,876.0,57.6
4222,83.0,996.0,56.9
4223,111.0,1332.0,55.0
4224,102.0,1224.0,54.5
4225,103.0,1236.0,53.0
4226,110.0,1320.0,53.0
4227,104.0,1248.0,52.9
4228,94.0,1128.0,52.1
4229,69.0,828.0,55.7
4230,94.0,1128.0,54.9
4231,93.0,1116.0,56.2
4232,96.0,1152.0,55.2
4233,98.0,1176.0,54.7
4234,106.0,1272.0,54.1
4235,116.0,1392.0,53.1
4236,100.0,1200.0,52.8
4237,104.0,1248.0,52.8
4238,115.0,1380.0,52.5
4239,109.0,1308.0,52.3
4240,115.0,1380.0,52.5
4241,99.0,1188.0,54.7
4242,95.0,1140.0,55.3
4243,89.0,1068.0,56.3
4244,90.0,1080.0,56.9
4245,91.0,1092.0,58.5
4246,89.0,1068.0,57.9
4247,93.0,1116.0,56.7
4248,93.0,1116.0,58.8
4249,100.0,1200.0,60.3
4250,94.0,1128.0,61.2
4251,56.0,672.0,64.1
4252,83.0,996.0,64.8
4253,75.0,900.0,64.7
4254,74.0,888.0,65.1
4255,66.0,792.0,66.3
4256,69.0,828.0,64.8
4257,65.0,780.0,64.4
4258,61.0,732.0,65.3
4259,60.0,720.0,65.6
4260,71.0,852.0,65.2
4261,67.0,804.0,66.1
4262,51.0,612.0,65.3
4263,59.0,708.0,66.7
4264,53.0,636.0,66.5
4265,67.0,804.0,65.5
4266,54.0,648.0,65.7
4267,56.0,672.0,66.4
4268,51.0,612.0,64.9
4269,66.0,792.0,63.7
4270,51.0,612.0,64.4
4271,56.0,672.0,65.9
4272,59.0,708.0,65.4
4273,75.0,900.0,63.7
4274,67.0,804.0,63.6
4275,61.0,732.0,63.1
4276,64.0,768.0,64.2
4277,55.0,660.0,64.0
4278,53.0,636.0,63.7
4279,57.0,684.0,63.4
4280,32.0,384.0,63.9
4281,66.0,792.0,63.6
4282,45.0,540.0,63.1
4283,55.0,660.0,63.1
4284,60.0,720.0,63.2
4285,49.0,588.0,64.0
4286,43.0,516.0,64.6
4287,46.0,552.0,64.7
4288,48.0,576.0,64.5
4289,50.0,600.0,64.5
4290,42.0,504.0,64.6
4291,52.0,624.0,63.8
4292,44.0,528.0,64.6
4293,30.0,360.0,63.9
4294,42.0,504.0,64.4
4295,49.0,588.0,66.0
4296,40.0,480.0,64.3
4297,40.0,480.0,65.5
4298,40.0,480.0,65.8
4299,31.0,372.0,65.1
4300,46.0,552.0,64.6
4301,38.0,456.0,64.3
4302,29.0,348.0,64.4
4303,37.0,444.0,63.9
4304,53.0,636.0,63.8
4305,37.0,444.0,64.3
4306,32.0,384.0,64.4
4307,32.0,384.0,64.3
4308,35.0,420.0,64.1
4309,38.0,456.0,64.5
4310,27.0,324.0,64.3
4311,32.0,384.0,64.3
4312,33.0,396.0,64.6
4313,31.0,372.0,64.6
4314,27.0,324.0,64.5
4315,28.0,336.0,64.7
4316,28.0,336.0,64.4
4317,34.0,408.0,64.6
4318,16.0,192.0,64.7
4319,27.0,324.0,65.1
4320,19.0,228.0,65.0
4321,12.0,144.0,65.0
4322,30.0,360.0,64.5
4323,24.0,288.0,64.3
4324,9.0,108.0,64.6
4325,15.0,180.0,64.7
4326,12.0,144.0,64.9
4327,14.0,168.0,64.8
4328,10.0,120.0,64.9
4329,18.0,216.0,64.9
4330,13.0,156.0,64.9
4331,17.0,204.0,64.8
4332,8.0,96.0,64.9
4333,10.0,120.0,64.8
4334,12.0,144.0,64.9
4335,9.0,108.0,64.9
4336,8.0,96.0,64.9
4337,9.0,108.0,65.0
4338,7.0,84.0,64.9
4339,7.0,84.0,64.9
4340,9.0,108.0,65.1
4341,12.0,144.0,65.0
4342,8.0,96.0,64.9
4343,8.0,96.0,65.1
4344,7.0,84.0,65.0
4345,7.0,84.0,64.9
4346,12.0,144.0,64.8
4347,4.0,48.0,64.8
4348,8.0,96.0,64.9
4349,7.0,84.0,64.9
4350,6.0,72.0,64.9
4351,5.0,60.0,65.1
4352,5.0,60.0,65.1
4353,5.0,60.0,65.0
4354,2.0,24.0,65.1
4355,5.0,60.0,65.1
4356,4.0,48.0,65.1
4357,4.0,48.0,65.0
4358,2.0,24.0,65.1
4359,3.0,36.0,65.1
4360,3.0,36.0,65.1
4361,3.0,36.0,65.0
4362,2.0,24.0,64.9
4363,3.0,36.0,65.0
4364,1.0,12.0,65.0
4365,2.0,24.0,64.9
4366,2.0,24.0,64.9
4367,1.0,12.0,65.3
4368,3.0,36.0,65.2
4369,1.0,12.0,65.0
4370,4.0,48.0,65.1
4371,5.0,60.0,65.0
4372,3.0,36.0,65.0
4373,2.0,24.0,64.9
4374,2.0,24.0,65.0
4375,5.0,60.0,64.9
4376,5.0,60.0,65.0
4377,5.0,60.0,65.0
4378,2.0,24.0,65.2
4379,2.0,24.0,65.0
4380,6.0,72.0,64.9
4381,3.0,36.0,64.9
4382,6.0,72.0,64.9
4383,5.0,60.0,65.0
4384,3.0,36.0,65.0
4385,2.0,24.0,65.0
4386,6.0,72.0,65.0
4387,7.0,84.0,65.0
4388,9.0,108.0,65.0
4389,9.0,108.0,65.0
4390,11.0,132.0,64.9
4391,9.0,108.0,65.0
4392,9.0,108.0,65.1
4393,11.0,132.0,65.1
4394,14.0,168.0,65.1
4395,12.0,144.0,65.1
4396,20.0,240.0,64.9
4397,14.0,168.0,64.9
4398,22.0,264.0,64.9
4399,19.0,228.0,65.0
4400,23.0,276.0,64.9
4401,29.0,348.0,64.7
4402,27.0,324.0,65.1
4403,28.0,336.0,65.2
4404,30.0,360.0,65.3
4405,23.0,276.0,64.7
4406,26.0,312.0,64.8
4407,22.0,264.0,64.5
4408,27.0,324.0,64.7
4409,17.0,204.0,64.8
4410,26.0,312.0,65.0
4411,25.0,300.0,64.8
4412,29.0,348.0,64.5
4413,27.0,324.0,65.1
4414,39.0,468.0,64.0
4415,35.0,420.0,64.5
4416,28.0,336.0,63.9
4417,34.0,408.0,64.4
4418,29.0,348.0,64.5
4419,33.0,396.0,65.0
4420,25.0,300.0,64.9
4421,30.0,360.0,65.4
4422,34.0,408.0,64.9
4423,33.0,396.0,64.6
4424,45.0,540.0,63.7
4425,35.0,420.0,64.3
4426,42.0,504.0,63.6
4427,42.0,504.0,63.7
4428,55.0,660.0,65.0
4429,43.0,516.0,64.4
4430,32.0,384.0,63.7
4431,42.0,504.0,64.6
4432,49.0,588.0,64.1
4433,39.0,468.0,65.0
4434,45.0,540.0,64.2
4435,38.0,456.0,64.8
4436,51.0,612.0,65.1
4437,42.0,504.0,65.7
4438,51.0,612.0,65.5
4439,48.0,576.0,65.4
4440,37.0,444.0,64.8
4441,61.0,732.0,65.3
4442,55.0,660.0,65.9
4443,59.0,708.0,63.9
4444,48.0,576.0,65.3
4445,60.0,720.0,65.2
4446,50.0,600.0,65.6
4447,54.0,648.0,66.2
4448,53.0,636.0,66.3
4449,74.0,888.0,64.3
4450,58.0,696.0,64.4
4451,54.0,648.0,65.4
4452,74.0,888.0,66.1
4453,47.0,564.0,65.3
4454,82.0,984.0,64.1
4455,72.0,864.0,62.6
4456,66.0,792.0,63.6
4457,67.0,804.0,64.1
4458,63.0,756.0,63.9
4459,58.0,696.0,64.4
4460,59.0,708.0,65.1
4461,68.0,816.0,64.1
4462,54.0,648.0,64.4
4463,79.0,948.0,64.5
4464,59.0,708.0,65.4
4465,59.0,708.0,64.8
4466,61.0,732.0,64.3
4467,70.0,840.0,64.4
4468,72.0,864.0,63.0
4469,72.0,864.0,63.3
4470,68.0,816.0,64.5
4471,75.0,900.0,63.9
4472,70.0,840.0,62.9
4473,83.0,996.0,63.2
4474,66.0,792.0,64.4
4475,40.0,480.0,64.3
4476,56.0,672.0,64.3
4477,64.0,768.0,64.6
4478,67.0,804.0,64.0
4479,68.0,816.0,64.6
4480,62.0,744.0,63.6
4481,77.0,924.0,63.6
4482,83.0,996.0,65.4
4483,66.0,792.0,64.9
4484,76.0,912.0,63.9
4485,69.0,828.0,64.4
4486,60.0,720.0,65.5
4487,82.0,984.0,63.8
4488,62.0,744.0,63.9
4489,35.0,420.0,64.5
4490,18.0,216.0,64.9
4491,28.0,336.0,65.3
4492,31.0,372.0,65.2
4493,28.0,336.0,65.2
4494,38.0,456.0,65.6
4495,30.0,360.0,65.6
4496,45.0,540.0,65.9
4497,50.0,600.0,66.0
4498,52.0,624.0,65.3
4499,71.0,852.0,64.9
4500,50.0,600.0,66.1
4501,61.0,732.0,66.2
4502,68.0,816.0,65.8
4503,55.0,660.0,64.5
4504,56.0,672.0,64.6
4505,54.0,648.0,64.4
4506,64.0,768.0,64.6
4507,53.0,636.0,64.5
4508,55.0,660.0,63.9
4509,62.0,744.0,64.2
4510,56.0,672.0,63.3
4511,51.0,612.0,63.3
4512,62.0,744.0,62.6
4513,44.0,528.0,64.3
4514,55.0,660.0,64.3
4515,63.0,756.0,64.5
4516,56.0,672.0,64.1
4517,54.0,648.0,64.5
4518,57.0,684.0,65.1
4519,50.0,600.0,65.0
4520,58.0,696.0,64.6
4521,63.0,756.0,64.2
4522,55.0,660.0,65.4
4523,47.0,564.0,65.2
4524,53.0,636.0,64.4
4525,51.0,612.0,64.4
4526,53.0,636.0,64.8
4527,41.0,492.0,64.8
4528,56.0,672.0,64.9
4529,45.0,540.0,64.1
4530,54.0,648.0,64.8
4531,55.0,660.0,66.3
4532,65.0,780.0,65.5
4533,53.0,636.0,65.0
4534,60.0,720.0,64.7
4535,43.0,516.0,64.7
4536,70.0,840.0,63.8
4537,47.0,564.0,63.3
4538,49.0,588.0,64.5
4539,55.0,660.0,64.7
4540,48.0,576.0,64.8
4541,56.0,672.0,64.9
4542,48.0,576.0,64.6
4543,50.0,600.0,65.0
4544,52.0,624.0,65.8
4545,46.0,552.0,65.4
4546,51.0,612.0,65.9
4547,49.0,588.0,66.0
4548,52.0,624.0,65.0
4549,49.0,588.0,66.8
4550,47.0,564.0,65.6
4551,42.0,504.0,65.4
4552,52.0,624.0,65.6
4553,52.0,624.0,65.5
4554,48.0,576.0,65.4
4555,46.0,552.0,63.7
4556,48.0,576.0,64.1
4557,47.0,564.0,63.8
4558,39.0,468.0,64.7
4559,42.0,504.0,64.3
4560,35.0,420.0,65.1
4561,38.0,456.0,65.2
4562,42.0,504.0,64.9
4563,43.0,516.0,64.8
4564,46.0,552.0,65.0
4565,40.0,480.0,64.1
4566,43.0,516.0,64.5
4567,41.0,492.0,64.5
4568,44.0,528.0,63.7
4569,36.0,432.0,64.4
4570,32.0,384.0,64.6
4571,32.0,384.0,64.1
4572,31.0,372.0,65.3
4573,49.0,588.0,65.6
4574,37.0,444.0,65.7
4575,49.0,588.0,63.4
4576,43.0,516.0,63.3
4577,48.0,576.0,64.3
4578,73.0,876.0,62.2
4579,105.0,1260.0,59.5
4580,108.0,1296.0,57.2
4581,79.0,948.0,58.0
4582,41.0,492.0,61.1
4583,44.0,528.0,62.9
4584,52.0,624.0,63.7
4585,50.0,600.0,63.9
4586,35.0,420.0,64.4
4587,50.0,600.0,64.3
4588,53.0,636.0,65.3
4589,64.0,768.0,64.9
4590,57.0,684.0,64.8
4591,51.0,612.0,64.8
4592,51.0,612.0,64.5
4593,42.0,504.0,63.8
4594,46.0,552.0,63.4
4595,37.0,444.0,64.5
4596,40.0,480.0,64.3
4597,49.0,588.0,64.2
4598,48.0,576.0,64.5
4599,36.0,432.0,64.2
4600,42.0,504.0,64.1
4601,39.0,468.0,63.9
4602,35.0,420.0,63.9
4603,44.0,528.0,64.9
4604,38.0,456.0,64.8
4605,40.0,480.0,64.5
4606,51.0,612.0,63.4
4607,23.0,276.0,64.1
4608,29.0,348.0,65.0
4609,21.0,252.0,65.1
4610,28.0,336.0,64.7
4611,28.0,336.0,64.7
4612,27.0,324.0,64.9
4613,22.0,264.0,64.7
4614,21.0,252.0,64.9
4615,15.0,180.0,64.9
4616,17.0,204.0,65.0
4617,12.0,144.0,65.1
4618,21.0,252.0,65.4
4619,7.0,84.0,65.2
4620,13.0,156.0,65.1
4621,29.0,348.0,65.3
4622,21.0,252.0,65.1
4623,13.0,156.0,65.0
4624,18.0,216.0,65.1
4625,12.0,144.0,64.4
4626,18.0,216.0,65.1
4627,19.0,228.0,65.0
4628,8.0,96.0,65.1
4629,24.0,288.0,65.8
4630,19.0,228.0,65.7
4631,9.0,108.0,65.6
4632,13.0,156.0,65.2
4633,13.0,156.0,65.1
4634,8.0,96.0,64.9
4635,10.0,120.0,65.1
4636,8.0,96.0,65.1
4637,4.0,48.0,65.0
4638,7.0,84.0,65.0
4639,5.0,60.0,65.1
4640,5.0,60.0,65.0
4641,5.0,60.0,64.9
4642,4.0,48.0,64.9
4643,4.0,48.0,64.9
4644,2.0,24.0,64.9
4645,1.0,12.0,65.0
4646,0.0,0.0,65.0
4647,0.0,0.0,65.0
4648,3.0,36.0,64.9
4649,3.0,36.0,64.9
4650,1.0,12.0,65.0
4651,2.0,24.0,65.0
4652,1.0,12.0,65.0
4653,1.0,12.0,65.0
4654,2.0,24.0,65.0
4655,0.0,0.0,65.0
4656,2.0,24.0,65.2
4657,3.0,36.0,65.2
4658,2.0,24.0,65.3
4659,3.0,36.0,65.1
4660,1.0,12.0,65.1
4661,0.0,0.0,65.1
4662,1.0,12.0,65.1
4663,2.0,24.0,65.0
4664,3.0,36.0,65.0
4665,0.0,0.0,65.0
4666,2.0,24.0,65.0
4667,3.0,36.0,65.1
4668,3.0,36.0,65.0
4669,1.0,12.0,64.9
4670,4.0,48.0,64.9
4671,5.0,60.0,64.9
4672,6.0,72.0,65.1
4673,4.0,48.0,65.1
4674,2.0,24.0,65.2
4675,5.0,60.0,65.2
4676,3.0,36.0,65.2
4677,8.0,96.0,65.1
4678,5.0,60.0,65.0
4679,7.0,84.0,65.0
4680,5.0,60.0,65.0
4681,5.0,60.0,65.1
4682,4.0,48.0,65.0
4683,7.0,84.0,65.2
4684,3.0,36.0,65.3
4685,16.0,192.0,65.2
4686,10.0,120.0,65.1
4687,10.0,120.0,64.9
4688,8.0,96.0,64.9
4689,16.0,192.0,65.1
4690,15.0,180.0,65.3
4691,15.0,180.0,65.2
4692,12.0,144.0,65.1
4693,19.0,228.0,65.0
4694,12.0,144.0,65.0
4695,6.0,72.0,65.0
4696,20.0,240.0,64.8
4697,14.0,168.0,64.8
4698,13.0,156.0,64.8
4699,20.0,240.0,65.0
4700,19.0,228.0,65.0
4701,14.0,168.0,65.0
4702,17.0,204.0,65.0
4703,19.0,228.0,65.0
4704,20.0,240.0,64.8
4705,11.0,132.0,65.0
4706,8.0,96.0,65.0
4707,28.0,336.0,65.0
4708,25.0,300.0,64.8
4709,19.0,228.0,64.7
4710,22.0,264.0,64.9
4711,28.0,336.0,64.7
4712,24.0,288.0,64.8
4713,27.0,324.0,64.8
4714,36.0,432.0,65.3
4715,26.0,312.0,65.3
4716,26.0,312.0,65.2
4717,23.0,276.0,64.2
4718,23.0,276.0,64.4
4719,24.0,288.0,64.6
4720,31.0,372.0,64.6
4721,30.0,360.0,64.9
4722,44.0,528.0,64.7
4723,37.0,444.0,64.7
4724,44.0,528.0,64.8
4725,36.0,432.0,64.4
4726,42.0,504.0,65.6
4727,58.0,696.0,65.1
4728,41.0,492.0,65.2
4729,37.0,444.0,63.9
4730,44.0,528.0,63.8
4731,52.0,624.0,64.3
4732,45.0,540.0,63.8
4733,54.0,648.0,63.5
4734,40.0,480.0,63.8
4735,51.0,612.0,63.6
4736,70.0,840.0,63.4
4737,59.0,708.0,64.1
4738,61.0,732.0,64.8
4739,51.0,612.0,65.0
4740,43.0,516.0,65.0
4741,56.0,672.0,64.4
4742,42.0,504.0,64.0
4743,46.0,552.0,63.9
4744,52.0,624.0,65.2
4745,58.0,696.0,66.1
4746,50.0,600.0,65.4
4747,62.0,744.0,64.8
4748,40.0,480.0,64.9
4749,47.0,564.0,65.2
4750,52.0,624.0,65.2
4751,37.0,444.0,64.4
4752,55.0,660.0,64.4
4753,53.0,636.0,64.8
4754,46.0,552.0,64.3
4755,58.0,696.0,64.3
4756,64.0,768.0,63.1
4757,72.0,864.0,62.9
4758,59.0,708.0,63.3
4759,58.0,696.0,62.3
4760,48.0,576.0,63.5
4761,78.0,936.0,62.8
4762,57.0,684.0,64.0
4763,64.0,768.0,63.6
4764,43.0,516.0,63.6
4765,62.0,744.0,62.7
4766,68.0,816.0,63.9
4767,63.0,756.0,63.6
4768,60.0,720.0,63.9
4769,59.0,708.0,64.1
4770,57.0,684.0,65.4
4771,70.0,840.0,65.0
4772,68.0,816.0,63.7
4773,74.0,888.0,63.1
4774,62.0,744.0,64.0
4775,46.0,552.0,64.3
4776,64.0,768.0,64.2
4777,52.0,624.0,63.7
4778,67.0,804.0,62.9
4779,62.0,744.0,63.1
4780,63.0,756.0,63.5
4781,58.0,696.0,63.9
4782,65.0,780.0,64.5
4783,57.0,684.0,63.1
4784,74.0,888.0,63.6
4785,53.0,636.0,63.3
4786,68.0,816.0,63.2
4787,55.0,660.0,62.9
4788,51.0,612.0,64.0
4789,50.0,600.0,66.0
4790,62.0,744.0,62.7
4791,63.0,756.0,62.9
4792,59.0,708.0,61.3
4793,51.0,612.0,61.7
4794,52.0,624.0,62.8
4795,51.0,612.0,63.5
4796,46.0,552.0,64.4
4797,54.0,648.0,62.9
4798,63.0,756.0,64.1
4799,41.0,492.0,65.1
4800,42.0,504.0,65.2
4801,50.0,600.0,64.5
4802,62.0,744.0,63.7
4803,57.0,684.0,63.5
4804,55.0,660.0,63.6
4805,59.0,708.0,62.5
4806,54.0,648.0,63.9
4807,61.0,732.0,64.0
4808,44.0,528.0,64.2
4809,62.0,744.0,63.5
4810,50.0,600.0,63.8
4811,59.0,708.0,64.4
4812,58.0,696.0,64.5
4813,51.0,612.0,64.9
4814,56.0,672.0,64.8
4815,40.0,480.0,65.4
4816,58.0,696.0,64.0
4817,51.0,612.0,64.4
4818,46.0,552.0,65.0
4819,35.0,420.0,65.4
4820,58.0,696.0,64.1
4821,50.0,600.0,65.2
4822,53.0,636.0,65.1
4823,41.0,492.0,65.9
4824,42.0,504.0,65.2
4825,52.0,624.0,65.1
4826,54.0,648.0,64.5
4827,56.0,672.0,64.1
4828,47.0,564.0,63.5
4829,54.0,648.0,64.2
4830,51.0,612.0,65.2
4831,52.0,624.0,64.9
4832,56.0,672.0,64.3
4833,49.0,588.0,63.3
4834,49.0,588.0,63.8
4835,37.0,444.0,64.2
4836,44.0,528.0,63.3
4837,44.0,528.0,64.6
4838,53.0,636.0,64.5
4839,42.0,504.0,64.7
4840,47.0,564.0,63.5
4841,51.0,612.0,64.6
4842,52.0,624.0,65.1
4843,45.0,540.0,65.0
4844,54.0,648.0,64.5
4845,46.0,552.0,64.0
4846,46.0,552.0,63.7
4847,64.0,768.0,62.6
4848,66.0,792.0,62.4
4849,70.0,840.0,62.8
4850,48.0,576.0,63.4
4851,47.0,564.0,64.3
4852,45.0,540.0,64.2
4853,46.0,552.0,64.8
4854,56.0,672.0,65.1
4855,64.0,768.0,64.3
4856,47.0,564.0,64.1
4857,43.0,516.0,64.6
4858,49.0,588.0,64.1
4859,52.0,624.0,63.5
4860,42.0,504.0,63.8
4861,34.0,408.0,64.2
4862,59.0,708.0,63.5
4863,42.0,504.0,64.1
4864,61.0,732.0,63.2
4865,45.0,540.0,63.8
4866,36.0,432.0,64.9
4867,40.0,480.0,65.0
4868,32.0,384.0,65.3
4869,41.0,492.0,65.1
4870,39.0,468.0,65.2
4871,36.0,432.0,65.4
4872,33.0,396.0,64.9
4873,43.0,516.0,64.7
4874,40.0,480.0,64.8
4875,24.0,288.0,65.0
4876,40.0,480.0,64.2
4877,30.0,360.0,65.2
4878,24.0,288.0,65.0
4879,32.0,384.0,65.0
4880,25.0,300.0,64.9
4881,31.0,372.0,65.0
4882,27.0,324.0,64.9
4883,22.0,264.0,65.2
4884,13.0,156.0,65.0
4885,23.0,276.0,65.1
4886,28.0,336.0,65.0
4887,27.0,324.0,64.9
4888,10.0,120.0,64.9
4889,20.0,240.0,64.7
4890,11.0,132.0,64.8
4891,10.0,120.0,64.8
4892,17.0,204.0,64.9
4893,10.0,120.0,65.0
4894,13.0,156.0,65.1
4895,9.0,108.0,65.1
4896,14.0,168.0,65.0
4897,10.0,120.0,64.9
4898,11.0,132.0,64.9
4899,11.0,132.0,64.9
4900,8.0,96.0,64.9
4901,5.0,60.0,64.9
4902,10.0,120.0,64.9
4903,9.0,108.0,64.9
4904,4.0,48.0,64.8
4905,9.0,108.0,64.8
4906,4.0,48.0,64.8
4907,7.0,84.0,64.9
4908,4.0,48.0,65.0
4909,5.0,60.0,65.0
4910,6.0,72.0,64.7
4911,5.0,60.0,64.9
4912,2.0,24.0,64.9
4913,7.0,84.0,65.0
4914,1.0,12.0,64.9
4915,3.0,36.0,64.9
4916,3.0,36.0,65.0
4917,1.0,12.0,64.9
4918,5.0,60.0,64.9
4919,3.0,36.0,64.8
4920,2.0,24.0,64.9
4921,2.0,24.0,65.1
4922,1.0,12.0,65.0
4923,1.0,12.0,64.9
4924,0.0,0.0,64.9
4925,1.0,12.0,64.9
4926,1.0,12.0,64.9
4927,1.0,12.0,65.2
4928,2.0,24.0,65.0
4929,3.0,36.0,65.0
4930,1.0,12.0,64.9
4931,2.0,24.0,64.9
4932,2.0,24.0,64.9
4933,0.0,0.0,64.9
4934,0.0,0.0,64.9
4935,0.0,0.0,64.9
4936,2.0,24.0,64.9
4937,1.0,12.0,64.8
4938,1.0,12.0,64.9
4939,4.0,48.0,64.9
4940,4.0,48.0,65.0
4941,4.0,48.0,65.0
4942,3.0,36.0,65.0
4943,3.0,36.0,65.0
4944,5.0,60.0,64.9
4945,2.0,24.0,64.8
4946,4.0,48.0,64.8
4947,8.0,96.0,64.9
4948,3.0,36.0,64.9
4949,6.0,72.0,64.8
4950,5.0,60.0,64.9
4951,8.0,96.0,64.8
4952,5.0,60.0,64.8
4953,13.0,156.0,64.9
4954,10.0,120.0,64.9
4955,7.0,84.0,64.9
4956,9.0,108.0,64.9
4957,14.0,168.0,64.7
4958,11.0,132.0,64.7
4959,10.0,120.0,64.8
4960,15.0,180.0,64.6
4961,20.0,240.0,64.7
4962,13.0,156.0,64.6
4963,19.0,228.0,64.7
4964,30.0,360.0,64.5
4965,21.0,252.0,64.7
4966,25.0,300.0,64.6
4967,28.0,336.0,64.4
4968,23.0,276.0,64.5
4969,27.0,324.0,64.3
4970,19.0,228.0,64.7
4971,28.0,336.0,64.8
4972,27.0,324.0,64.5
4973,33.0,396.0,64.3
4974,32.0,384.0,63.9
4975,26.0,312.0,64.1
4976,55.0,660.0,62.0
4977,57.0,684.0,62.0
4978,62.0,744.0,61.4
4979,40.0,480.0,62.5
4980,43.0,516.0,62.5
4981,37.0,444.0,62.5
4982,26.0,312.0,63.3
4983,49.0,588.0,63.8
4984,52.0,624.0,63.7
4985,54.0,648.0,61.1
4986,57.0,684.0,59.6
4987,48.0,576.0,60.6
4988,68.0,816.0,60.6
4989,68.0,816.0,59.9
4990,73.0,876.0,59.1
4991,58.0,696.0,60.1
4992,55.0,660.0,60.4
4993,46.0,552.0,61.3
4994,63.0,756.0,59.9
4995,53.0,636.0,60.6
4996,52.0,624.0,60.5
4997,42.0,504.0,61.1
4998,41.0,492.0,62.5
4999,42.0,504.0,62.4
5000,35.0,420.0,62.9
5001,47.0,564.0,63.0
5002,52.0,624.0,60.4
5003,44.0,528.0,61.0
5004,40.0,480.0,61.6
5005,38.0,456.0,62.9
5006,29.0,348.0,62.8
5007,36.0,432.0,63.0
5008,32.0,384.0,63.6
5009,50.0,600.0,61.3
5010,44.0,528.0,61.7
5011,51.0,612.0,61.7
5012,40.0,480.0,62.4
5013,46.0,552.0,61.9
5014,50.0,600.0,62.1
5015,40.0,480.0,63.2
5016,36.0,432.0,63.0
5017,50.0,600.0,62.0
5018,44.0,528.0,62.6
5019,37.0,444.0,62.9
5020,22.0,264.0,63.2
5021,87.0,1044.0,51.6
5022,82.0,984.0,50.8
5023,77.0,924.0,54.7
5024,47.0,564.0,58.8
5025,54.0,648.0,61.3
5026,34.0,408.0,62.4
5027,49.0,588.0,62.1
5028,49.0,588.0,62.1
5029,51.0,612.0,62.8
5030,46.0,552.0,61.5
5031,55.0,660.0,62.3
5032,36.0,432.0,63.1
5033,48.0,576.0,61.9
5034,49.0,588.0,62.1
5035,48.0,576.0,62.1
5036,58.0,696.0,61.1
5037,43.0,516.0,62.7
5038,64.0,768.0,62.8
5039,58.0,696.0,62.6
5040,47.0,564.0,63.0
5041,53.0,636.0,61.5
5042,48.0,576.0,62.2
5043,57.0,684.0,63.7
5044,61.0,732.0,62.3
5045,64.0,768.0,62.2
5046,44.0,528.0,62.5
5047,57.0,684.0,63.5
5048,46.0,552.0,61.6
5049,58.0,696.0,61.9
5050,51.0,612.0,62.3
5051,54.0,648.0,62.3
5052,48.0,576.0,63.2
5053,58.0,696.0,61.5
5054,57.0,684.0,61.6
5055,50.0,600.0,62.4
5056,62.0,744.0,60.4
5057,55.0,660.0,60.7
5058,65.0,780.0,61.1
5059,55.0,660.0,61.5
5060,55.0,660.0,62.3
5061,50.0,600.0,63.2
5062,50.0,600.0,62.4
5063,75.0,900.0,61.1
5064,49.0,588.0,61.7
5065,76.0,912.0,59.9
5066,66.0,792.0,60.5
5067,65.0,780.0,60.7
5068,57.0,684.0,60.3
5069,79.0,948.0,58.3
5070,66.0,792.0,58.8
5071,59.0,708.0,59.4
5072,73.0,876.0,59.5
5073,77.0,924.0,60.1
5074,68.0,816.0,60.2
5075,65.0,780.0,59.3
5076,55.0,660.0,57.9
5077,60.0,720.0,59.4
5078,72.0,864.0,59.2
5079,79.0,948.0,58.5
5080,77.0,924.0,59.7
5081,78.0,936.0,58.0
5082,81.0,972.0,58.4
5083,84.0,1008.0,58.7
5084,86.0,1032.0,57.7
5085,63.0,756.0,57.2
5086,71.0,852.0,56.6
5087,87.0,1044.0,56.4
5088,83.0,996.0,57.4
5089,58.0,696.0,59.1
5090,90.0,1080.0,59.2
5091,108.0,1296.0,58.4
5092,97.0,1164.0,57.6
5093,92.0,1104.0,57.2
5094,75.0,900.0,57.6
5095,86.0,1032.0,56.9
5096,70.0,840.0,57.4
5097,79.0,948.0,56.8
5098,68.0,816.0,57.1
5099,87.0,1044.0,57.2
5100,82.0,984.0,56.3
5101,86.0,1032.0,56.8
5102,88.0,1056.0,55.9
5103,81.0,972.0,56.8
5104,87.0,1044.0,56.5
5105,98.0,1176.0,55.9
5106,82.0,984.0,56.3
5107,89.0,1068.0,56.0
5108,100.0,1200.0,56.2
5109,98.0,1176.0,57.4
5110,83.0,996.0,57.8
5111,64.0,768.0,57.3
5112,86.0,1032.0,57.3
5113,59.0,708.0,58.6
5114,51.0,612.0,60.3
5115,70.0,840.0,60.1
5116,60.0,720.0,61.3
5117,60.0,720.0,61.2
5118,51.0,612.0,62.2
5119,42.0,504.0,63.1
5120,42.0,504.0,62.5
5121,51.0,612.0,62.1
5122,42.0,504.0,62.1
5123,42.0,504.0,61.7
5124,37.0,444.0,62.6
5125,43.0,516.0,64.0
5126,38.0,456.0,64.0
5127,24.0,288.0,64.1
5128,38.0,456.0,64.3
5129,39.0,468.0,63.7
5130,41.0,492.0,64.3
5131,31.0,372.0,64.4
5132,37.0,444.0,64.2
5133,41.0,492.0,64.0
5134,39.0,468.0,64.2
5135,32.0,384.0,64.1
5136,29.0,348.0,63.9
5137,31.0,372.0,64.7
5138,18.0,216.0,65.0
5139,31.0,372.0,65.1
5140,27.0,324.0,64.6
5141,29.0,348.0,64.7
5142,24.0,288.0,64.6
5143,40.0,480.0,64.2
5144,29.0,348.0,64.8
5145,39.0,468.0,64.0
5146,40.0,480.0,63.9
5147,25.0,300.0,64.6
5148,35.0,420.0,64.7
5149,31.0,372.0,64.7
5150,36.0,432.0,64.6
5151,34.0,408.0,64.2
5152,32.0,384.0,63.6
5153,36.0,432.0,63.3
5154,40.0,480.0,62.2
5155,31.0,372.0,62.7
5156,21.0,252.0,63.7
5157,32.0,384.0,63.5
5158,23.0,276.0,63.8
5159,21.0,252.0,64.3
5160,24.0,288.0,64.6
5161,25.0,300.0,64.7
5162,19.0,228.0,64.9
5163,25.0,300.0,65.4
5164,22.0,264.0,65.0
5165,20.0,240.0,65.1
5166,14.0,168.0,65.1
5167,17.0,204.0,65.0
5168,16.0,192.0,65.1
5169,10.0,120.0,65.0
5170,10.0,120.0,65.0
5171,11.0,132.0,64.9
5172,17.0,204.0,64.9
5173,11.0,132.0,64.8
5174,13.0,156.0,64.9
5175,7.0,84.0,64.9
5176,9.0,108.0,64.9
5177,7.0,84.0,65.0
5178,4.0,48.0,65.0
5179,6.0,72.0,64.9
5180,8.0,96.0,65.0
5181,13.0,156.0,64.8
5182,6.0,72.0,64.9
5183,10.0,120.0,65.0
5184,3.0,36.0,65.0
5185,6.0,72.0,64.9
5186,4.0,48.0,64.9
5187,6.0,72.0,65.0
5188,4.0,48.0,64.9
5189,6.0,72.0,65.2
5190,5.0,60.0,65.0
5191,6.0,72.0,65.0
5192,5.0,60.0,65.1
5193,5.0,60.0,65.0
5194,2.0,24.0,64.9
5195,3.0,36.0,65.0
5196,3.0,36.0,65.1
5197,4.0,48.0,65.0
5198,1.0,12.0,65.0
5199,3.0,36.0,65.0
5200,0.0,0.0,65.0
5201,4.0,48.0,65.0
5202,0.0,0.0,65.0
5203,3.0,36.0,65.0
5204,0.0,0.0,65.0
5205,2.0,24.0,64.9
5206,1.0,12.0,65.0
5207,4.0,48.0,65.0
5208,1.0,12.0,65.0
5209,0.0,0.0,65.0
5210,2.0,24.0,65.1
5211,1.0,12.0,65.1
5212,2.0,24.0,65.1
5213,3.0,36.0,65.1
5214,1.0,12.0,65.1
5215,0.0,0.0,65.1
5216,1.0,12.0,65.0
5217,0.0,0.0,65.0
5218,2.0,24.0,64.9
5219,1.0,12.0,64.9
5220,2.0,24.0,64.9
5221,0.0,0.0,64.9
5222,1.0,12.0,64.9
5223,0.0,0.0,64.9
5224,1.0,12.0,65.0
5225,2.0,24.0,64.9
5226,3.0,36.0,65.0
5227,3.0,36.0,65.0
5228,7.0,84.0,64.9
5229,2.0,24.0,65.1
5230,4.0,48.0,65.1
5231,6.0,72.0,65.0
5232,6.0,72.0,65.1
5233,4.0,48.0,65.0
5234,7.0,84.0,64.9
5235,4.0,48.0,65.0
5236,3.0,36.0,65.0
5237,7.0,84.0,65.1
5238,3.0,36.0,65.1
5239,7.0,84.0,65.0
5240,14.0,168.0,65.0
5241,13.0,156.0,65.0
5242,10.0,120.0,64.8
5243,10.0,120.0,64.9
5244,8.0,96.0,64.9
5245,8.0,96.0,65.0
5246,8.0,96.0,64.9
5247,11.0,132.0,64.8
5248,13.0,156.0,64.9
5249,17.0,204.0,64.7
5250,14.0,168.0,65.0
5251,12.0,144.0,65.0
5252,30.0,360.0,65.4
5253,18.0,216.0,65.3
5254,25.0,300.0,65.3
5255,25.0,300.0,65.4
5256,15.0,180.0,65.4
5257,23.0,276.0,65.1
5258,28.0,336.0,65.2
5259,23.0,276.0,65.0
5260,24.0,288.0,65.1
5261,30.0,360.0,65.1
5262,35.0,420.0,65.0
5263,36.0,432.0,64.7
5264,43.0,516.0,64.9
5265,58.0,696.0,64.4
5266,52.0,624.0,63.6
5267,48.0,576.0,63.4
5268,31.0,372.0,64.3
5269,43.0,516.0,63.6
5270,56.0,672.0,63.4
5271,68.0,816.0,62.4
5272,73.0,876.0,62.1
5273,57.0,684.0,64.1
5274,55.0,660.0,62.9
5275,47.0,564.0,62.4
5276,60.0,720.0,63.6
5277,59.0,708.0,64.6
5278,73.0,876.0,64.9
5279,63.0,756.0,64.3
5280,37.0,444.0,64.8
5281,40.0,480.0,64.2
5282,40.0,480.0,63.5
5283,58.0,696.0,63.7
5284,36.0,432.0,64.5
5285,35.0,420.0,64.6
5286,39.0,468.0,64.8
5287,44.0,528.0,64.9
5288,36.0,432.0,65.1
5289,57.0,684.0,64.6
5290,53.0,636.0,64.1
5291,53.0,636.0,64.0
5292,51.0,612.0,63.7
5293,40.0,480.0,64.6
5294,50.0,600.0,62.8
5295,40.0,480.0,63.8
5296,25.0,300.0,64.5
5297,42.0,504.0,63.8
5298,46.0,552.0,63.3
5299,48.0,576.0,62.2
5300,40.0,480.0,63.1
5301,59.0,708.0,60.7
5302,52.0,624.0,62.7
5303,51.0,612.0,62.7
5304,31.0,372.0,63.2
5305,54.0,648.0,62.8
5306,47.0,564.0,64.2
5307,35.0,420.0,64.4
5308,44.0,528.0,65.2
5309,40.0,480.0,65.6
5310,36.0,432.0,65.6
5311,50.0,600.0,66.0
5312,40.0,480.0,64.8
5313,48.0,576.0,65.1
5314,44.0,528.0,65.1
5315,44.0,528.0,65.4
5316,36.0,432.0,64.2
5317,49.0,588.0,63.2
5318,44.0,528.0,64.5
5319,46.0,552.0,64.6
5320,32.0,384.0,65.5
5321,38.0,456.0,64.6
5322,39.0,468.0,65.1
5323,57.0,684.0,64.0
5324,56.0,672.0,63.9
5325,40.0,480.0,64.8
5326,57.0,684.0,64.3
5327,45.0,540.0,64.6
5328,53.0,636.0,63.9
5329,50.0,600.0,63.1
5330,54.0,648.0,63.5
5331,35.0,420.0,64.5
5332,57.0,684.0,62.9
5333,40.0,480.0,64.6
5334,47.0,564.0,66.1
5335,51.0,612.0,66.2
5336,53.0,636.0,63.0
5337,37.0,444.0,64.6
5338,54.0,648.0,64.9
5339,37.0,444.0,65.6
5340,45.0,540.0,65.7
5341,41.0,492.0,64.7
5342,58.0,696.0,64.8
5343,45.0,540.0,64.7
5344,40.0,480.0,64.8
5345,52.0,624.0,64.5
5346,59.0,708.0,64.2
5347,55.0,660.0,66.8
5348,44.0,528.0,65.6
5349,67.0,804.0,65.3
5350,59.0,708.0,64.6
5351,82.0,984.0,62.8
5352,84.0,1008.0,62.6
5353,54.0,648.0,63.8
5354,60.0,720.0,64.4
5355,64.0,768.0,64.4
5356,65.0,780.0,63.8
5357,72.0,864.0,63.6
5358,73.0,876.0,63.9
5359,70.0,840.0,62.2
5360,61.0,732.0,62.7
5361,76.0,912.0,62.8
5362,76.0,912.0,61.9
5363,84.0,1008.0,62.4
5364,68.0,816.0,63.9
5365,54.0,648.0,64.8
5366,69.0,828.0,66.9
5367,89.0,1068.0,64.9
5368,60.0,720.0,66.9
5369,62.0,744.0,66.7
5370,77.0,924.0,64.6
5371,73.0,876.0,63.3
5372,99.0,1188.0,62.0
5373,83.0,996.0,61.2
5374,80.0,960.0,61.3
5375,95.0,1140.0,60.1
5376,73.0,876.0,60.5
5377,95.0,1140.0,61.2
5378,79.0,948.0,61.1
5379,85.0,1020.0,60.0
5380,87.0,1044.0,52.2
5381,102.0,1224.0,53.7
5382,77.0,924.0,57.8
5383,92.0,1104.0,60.5
5384,87.0,1044.0,62.5
5385,95.0,1140.0,61.9
5386,92.0,1104.0,62.6
5387,89.0,1068.0,61.7
5388,86.0,1032.0,60.9
5389,98.0,1176.0,60.1
5390,93.0,1116.0,60.3
5391,97.0,1164.0,62.3
5392,95.0,1140.0,61.9
5393,87.0,1044.0,61.2
5394,80.0,960.0,62.7
5395,85.0,1020.0,63.0
5396,76.0,912.0,63.2
5397,109.0,1308.0,62.3
5398,96.0,1152.0,62.6
5399,75.0,900.0,64.9
5400,60.0,720.0,63.3
5401,53.0,636.0,63.2
5402,54.0,648.0,64.0
5403,58.0,696.0,65.3
5404,71.0,852.0,64.0
5405,54.0,648.0,63.9
5406,63.0,756.0,63.8
5407,56.0,672.0,64.6
5408,44.0,528.0,64.7
5409,47.0,564.0,65.6
5410,55.0,660.0,65.2
5411,41.0,492.0,65.1
5412,43.0,516.0,65.7
5413,43.0,516.0,65.4
5414,41.0,492.0,64.6
5415,32.0,384.0,64.9
5416,46.0,552.0,65.7
5417,28.0,336.0,65.0
5418,41.0,492.0,64.2
5419,38.0,456.0,63.5
5420,33.0,396.0,63.6
5421,46.0,552.0,61.8
5422,26.0,312.0,63.4
5423,33.0,396.0,64.2
5424,44.0,528.0,64.5
5425,35.0,420.0,64.7
5426,32.0,384.0,64.9
5427,21.0,252.0,65.0
5428,31.0,372.0,65.0
5429,35.0,420.0,64.1
5430,38.0,456.0,64.0
5431,42.0,504.0,64.4
5432,31.0,372.0,64.4
5433,27.0,324.0,64.5
5434,45.0,540.0,63.7
5435,39.0,468.0,63.9
5436,34.0,408.0,64.9
5437,34.0,408.0,65.0
5438,38.0,456.0,65.1
5439,22.0,264.0,64.9
5440,30.0,360.0,64.8
5441,16.0,192.0,64.8
5442,31.0,372.0,64.9
5443,31.0,372.0,65.0
5444,35.0,420.0,64.6
5445,32.0,384.0,64.7
5446,36.0,432.0,64.7
5447,30.0,360.0,64.7
5448,4.0,48.0,64.9
5449,46.0,552.0,63.4
5450,42.0,504.0,63.1
5451,22.0,264.0,63.2
5452,17.0,204.0,64.0
5453,12.0,144.0,64.6
5454,19.0,228.0,64.7
5455,17.0,204.0,64.5
5456,18.0,216.0,64.8
5457,18.0,216.0,65.2
5458,16.0,192.0,65.2
5459,18.0,216.0,65.0
5460,20.0,240.0,65.0
5461,9.0,108.0,65.0
5462,9.0,108.0,65.0
5463,10.0,120.0,65.0
5464,18.0,216.0,65.0
5465,12.0,144.0,65.1
5466,6.0,72.0,65.0
5467,9.0,108.0,65.1
5468,10.0,120.0,65.0
5469,10.0,120.0,65.1
5470,10.0,120.0,65.0
5471,13.0,156.0,64.8
5472,13.0,156.0,65.0
5473,7.0,84.0,65.0
5474,8.0,96.0,65.1
5475,2.0,24.0,65.1
5476,2.0,24.0,65.0
5477,2.0,24.0,65.2
5478,7.0,84.0,65.0
5479,2.0,24.0,65.0
5480,2.0,24.0,65.0
5481,2.0,24.0,65.0
5482,4.0,48.0,65.0
5483,4.0,48.0,65.0
5484,1.0,12.0,65.0
5485,2.0,24.0,65.0
5486,2.0,24.0,65.0
5487,4.0,48.0,65.0
5488,4.0,48.0,64.7
5489,4.0,48.0,64.8
5490,4.0,48.0,64.8
5491,1.0,12.0,64.9
5492,3.0,36.0,64.9
5493,4.0,48.0,65.0
5494,3.0,36.0,64.9
5495,4.0,48.0,65.1
5496,1.0,12.0,65.2
5497,3.0,36.0,65.0
5498,2.0,24.0,64.9
5499,2.0,24.0,65.0
5500,3.0,36.0,65.1
5501,3.0,36.0,64.9
5502,3.0,36.0,65.0
5503,5.0,60.0,64.9
5504,3.0,36.0,65.0
5505,4.0,48.0,65.1
5506,0.0,0.0,65.1
5507,1.0,12.0,65.4
5508,0.0,0.0,65.4
5509,1.0,12.0,65.1
5510,1.0,12.0,65.2
5511,2.0,24.0,65.0
5512,1.0,12.0,65.3
5513,5.0,60.0,65.1
5514,1.0,12.0,65.0
5515,3.0,36.0,65.0
5516,2.0,24.0,64.9
5517,4.0,48.0,65.0
5518,8.0,96.0,64.9
5519,3.0,36.0,65.0
5520,2.0,24.0,65.1
5521,3.0,36.0,65.1
5522,2.0,24.0,65.1
5523,3.0,36.0,65.2
5524,6.0,72.0,65.0
5525,5.0,60.0,64.9
5526,8.0,96.0,64.8
5527,7.0,84.0,64.9
5528,8.0,96.0,64.9
5529,9.0,108.0,65.0
5530,17.0,204.0,64.9
5531,14.0,168.0,64.9
5532,10.0,120.0,64.9
5533,9.0,108.0,64.9
5534,7.0,84.0,64.9
5535,11.0,132.0,64.8
5536,18.0,216.0,64.8
5537,14.0,168.0,64.7
5538,13.0,156.0,64.8
5539,20.0,240.0,64.8
5540,25.0,300.0,64.8
5541,31.0,372.0,64.6
5542,26.0,312.0,65.1
5543,25.0,300.0,64.9
5544,25.0,300.0,65.0
5545,22.0,264.0,64.8
5546,19.0,228.0,64.9
5547,35.0,420.0,64.9
5548,30.0,360.0,64.9
5549,30.0,360.0,64.3
5550,37.0,444.0,64.7
5551,38.0,456.0,64.6
5552,44.0,528.0,63.3
5553,56.0,672.0,62.7
5554,59.0,708.0,63.9
5555,72.0,864.0,62.5
5556,48.0,576.0,64.0
5557,50.0,600.0,64.8
5558,52.0,624.0,65.9
5559,56.0,672.0,64.8
5560,66.0,792.0,61.8
5561,57.0,684.0,62.8
5562,70.0,840.0,62.4
5563,55.0,660.0,63.7
5564,66.0,792.0,63.7
5565,58.0,696.0,65.2
5566,85.0,1020.0,63.4
5567,48.0,576.0,64.8
5568,51.0,612.0,64.6
5569,50.0,600.0,64.1
5570,58.0,696.0,63.7
5571,61.0,732.0,63.0
5572,48.0,576.0,62.8
5573,58.0,696.0,63.3
5574,56.0,672.0,63.6
5575,40.0,480.0,64.1
5576,52.0,624.0,64.0
5577,54.0,648.0,63.3
5578,54.0,648.0,63.9
5579,44.0,528.0,64.1
5580,39.0,468.0,64.0
5581,36.0,432.0,64.1
5582,35.0,420.0,64.5
5583,34.0,408.0,65.3
5584,39.0,468.0,65.4
5585,37.0,444.0,64.0
5586,44.0,528.0,64.6
5587,46.0,552.0,64.2
5588,40.0,480.0,64.4
5589,45.0,540.0,64.9
5590,36.0,432.0,65.1
5591,54.0,648.0,64.0
5592,36.0,432.0,63.1
5593,49.0,588.0,61.5
5594,32.0,384.0,62.8
5595,49.0,588.0,62.7
5596,33.0,396.0,63.4
5597,40.0,480.0,64.0
5598,44.0,528.0,64.0
5599,38.0,456.0,64.3
5600,46.0,552.0,63.9
5601,38.0,456.0,64.0
5602,49.0,588.0,64.9
5603,52.0,624.0,64.9
5604,45.0,540.0,64.7
5605,37.0,444.0,64.1
5606,43.0,516.0,63.0
5607,49.0,588.0,63.0
5608,41.0,492.0,64.0
5609,36.0,432.0,63.8
5610,61.0,732.0,65.4
5611,45.0,540.0,63.5
5612,50.0,600.0,62.8
5613,47.0,564.0,63.0
5614,61.0,732.0,62.8
5615,48.0,576.0,64.0
5616,39.0,468.0,64.1
5617,43.0,516.0,63.9
5618,47.0,564.0,64.2
5619,46.0,552.0,63.3
5620,63.0,756.0,63.0
5621,60.0,720.0,62.4
5622,58.0,696.0,62.5
5623,47.0,564.0,63.2
5624,69.0,828.0,63.9
5625,52.0,624.0,64.7
5626,67.0,804.0,64.6
5627,69.0,828.0,64.8
5628,46.0,552.0,64.6
5629,53.0,636.0,64.9
5630,56.0,672.0,65.0
5631,50.0,600.0,65.1
5632,42.0,504.0,65.1
5633,58.0,696.0,64.5
5634,42.0,504.0,64.6
5635,56.0,672.0,65.0
5636,76.0,912.0,64.9
5637,50.0,600.0,65.0
5638,56.0,672.0,65.7
5639,63.0,756.0,65.1
5640,50.0,600.0,65.8
5641,68.0,816.0,64.7
5642,64.0,768.0,65.1
5643,64.0,768.0,64.2
5644,66.0,792.0,64.8
5645,71.0,852.0,64.0
5646,72.0,864.0,64.2
5647,51.0,612.0,65.2
5648,80.0,960.0,64.2
5649,93.0,1116.0,62.6
5650,75.0,900.0,63.1
5651,60.0,720.0,63.8
5652,68.0,816.0,64.3
5653,73.0,876.0,66.3
5654,67.0,804.0,65.4
5655,77.0,924.0,63.8
5656,90.0,1080.0,64.1
5657,69.0,828.0,63.4
5658,79.0,948.0,64.7
5659,77.0,924.0,64.8
5660,82.0,984.0,63.3
5661,98.0,1176.0,56.1
5662,100.0,1200.0,52.5
5663,79.0,948.0,55.5
5664,95.0,1140.0,55.8
5665,93.0,1116.0,56.7
5666,104.0,1248.0,54.7
5667,92.0,1104.0,54.1
5668,95.0,1140.0,54.1
5669,86.0,1032.0,54.2
5670,76.0,912.0,55.1
5671,62.0,744.0,57.7
5672,46.0,552.0,58.7
5673,86.0,1032.0,58.1
5674,79.0,948.0,58.2
5675,87.0,1044.0,57.4
5676,87.0,1044.0,57.9
5677,97.0,1164.0,57.2
5678,101.0,1212.0,54.5
5679,109.0,1308.0,50.1
5680,101.0,1212.0,52.7
5681,88.0,1056.0,54.9
5682,97.0,1164.0,55.2
5683,106.0,1272.0,55.5
5684,88.0,1056.0,55.0
5685,87.0,1044.0,56.5
5686,81.0,972.0,56.7
5687,69.0,828.0,58.5
5688,69.0,828.0,60.7
5689,73.0,876.0,60.6
5690,59.0,708.0,62.0
5691,81.0,972.0,62.5
5692,77.0,924.0,62.9
5693,73.0,876.0,62.3
5694,64.0,768.0,63.0
5695,45.0,540.0,63.4
5696,57.0,684.0,64.9
5697,54.0,648.0,65.5
5698,53.0,636.0,65.4
5699,47.0,564.0,66.2
5700,41.0,492.0,64.4
5701,44.0,528.0,64.6
5702,43.0,516.0,64.5
5703,53.0,636.0,64.2
5704,45.0,540.0,63.8
5705,39.0,468.0,63.8
5706,41.0,492.0,64.1
5707,31.0,372.0,64.6
5708,38.0,456.0,64.6
5709,38.0,456.0,64.6
5710,32.0,384.0,64.6
5711,41.0,492.0,64.0
5712,41.0,492.0,63.6
5713,39.0,468.0,63.2
5714,37.0,444.0,64.0
5715,44.0,528.0,64.1
5716,34.0,408.0,63.5
5717,29.0,348.0,64.1
5718,41.0,492.0,63.7
5719,30.0,360.0,64.2
5720,32.0,384.0,63.9
5721,40.0,480.0,63.9
5722,24.0,288.0,64.2
5723,46.0,552.0,64.2
5724,30.0,360.0,63.7
5725,45.0,540.0,64.0
5726,28.0,336.0,63.9
5727,33.0,396.0,64.2
5728,42.0,504.0,63.8
5729,31.0,372.0,64.3
5730,37.0,444.0,64.6
5731,35.0,420.0,63.5
5732,36.0,432.0,64.2
5733,29.0,348.0,64.7
5734,33.0,396.0,64.7
5735,30.0,360.0,64.9
5736,31.0,372.0,64.4
5737,31.0,372.0,64.6
5738,32.0,384.0,64.4
5739,30.0,360.0,64.8
5740,30.0,360.0,64.8
5741,21.0,252.0,65.0
5742,16.0,192.0,65.0
5743,17.0,204.0,64.8
5744,20.0,240.0,64.8
5745,26.0,312.0,64.8
5746,22.0,264.0,64.6
5747,11.0,132.0,64.8
5748,19.0,228.0,64.8
5749,14.0,168.0,64.8
5750,14.0,168.0,64.9
5751,10.0,120.0,64.7
5752,8.0,96.0,64.8
5753,12.0,144.0,64.9
5754,11.0,132.0,64.8
5755,9.0,108.0,64.8
5756,10.0,120.0,64.9
5757,14.0,168.0,64.9
5758,11.0,132.0,64.9
5759,13.0,156.0,64.9
5760,7.0,84.0,65.0
5761,6.0,72.0,65.0
5762,5.0,60.0,64.9
5763,6.0,72.0,65.0
5764,3.0,36.0,64.9
5765,5.0,60.0,65.0
5766,8.0,96.0,65.1
5767,8.0,96.0,65.2
5768,7.0,84.0,65.0
5769,6.0,72.0,64.9
5770,6.0,72.0,64.9
5771,7.0,84.0,65.0
5772,8.0,96.0,64.9
5773,1.0,12.0,64.9
5774,3.0,36.0,65.0
5775,4.0,48.0,65.0
5776,9.0,108.0,64.6
5777,3.0,36.0,64.8
5778,4.0,48.0,64.9
5779,2.0,24.0,64.8
5780,2.0,24.0,65.0
5781,5.0,60.0,65.0
5782,4.0,48.0,64.9
5783,3.0,36.0,65.0
5784,0.0,0.0,65.0
5785,1.0,12.0,64.9
5786,2.0,24.0,64.9
5787,5.0,60.0,65.0
5788,0.0,0.0,65.0
5789,1.0,12.0,64.8
5790,3.0,36.0,65.0
5791,5.0,60.0,65.0
5792,3.0,36.0,65.3
5793,3.0,36.0,65.2
5794,3.0,36.0,65.2
5795,0.0,0.0,65.2
5796,1.0,12.0,65.0
5797,0.0,0.0,65.0
5798,0.0,0.0,65.0
5799,1.0,12.0,64.9
5800,2.0,24.0,64.9
5801,0.0,0.0,64.9
5802,3.0,36.0,65.0
5803,4.0,48.0,65.0
5804,3.0,36.0,64.9
5805,5.0,60.0,65.0
5806,4.0,48.0,65.0
5807,0.0,0.0,65.0
5808,4.0,48.0,64.9
5809,3.0,36.0,65.0
5810,4.0,48.0,65.1
5811,5.0,60.0,65.1
5812,10.0,120.0,65.0
5813,4.0,48.0,64.9
5814,7.0,84.0,64.9
5815,11.0,132.0,65.0
5816,15.0,180.0,65.1
5817,12.0,144.0,65.0
5818,9.0,108.0,65.1
5819,5.0,60.0,65.1
5820,15.0,180.0,64.9
5821,14.0,168.0,64.9
5822,11.0,132.0,64.9
5823,7.0,84.0,64.8
5824,12.0,144.0,64.9
5825,16.0,192.0,64.8
5826,15.0,180.0,64.8
5827,22.0,264.0,65.1
5828,20.0,240.0,65.1
5829,31.0,372.0,65.6
5830,35.0,420.0,65.4
5831,34.0,408.0,64.4
5832,25.0,300.0,64.8
5833,17.0,204.0,65.1
5834,22.0,264.0,64.8
5835,24.0,288.0,64.7
5836,34.0,408.0,64.3
5837,27.0,324.0,64.8
5838,33.0,396.0,65.5
5839,34.0,408.0,65.2
5840,49.0,588.0,64.7
5841,60.0,720.0,62.5
5842,67.0,804.0,62.8
5843,67.0,804.0,62.4
5844,50.0,600.0,63.3
5845,48.0,576.0,64.7
5846,52.0,624.0,63.1
5847,65.0,780.0,63.5
5848,52.0,624.0,62.6
5849,64.0,768.0,63.0
5850,72.0,864.0,62.2
5851,54.0,648.0,61.9
5852,82.0,984.0,61.4
5853,80.0,960.0,61.3
5854,84.0,1008.0,62.4
5855,53.0,636.0,62.8
5856,56.0,672.0,64.4
5857,63.0,756.0,64.3
5858,52.0,624.0,63.5
5859,57.0,684.0,62.8
5860,49.0,588.0,63.8
5861,43.0,516.0,64.0
5862,53.0,636.0,63.4
5863,38.0,456.0,64.5
5864,54.0,648.0,64.9
5865,52.0,624.0,65.2
5866,67.0,804.0,64.0
5867,47.0,564.0,65.7
5868,54.0,648.0,64.0
5869,32.0,384.0,64.5
5870,37.0,444.0,64.5
5871,46.0,552.0,64.4
5872,46.0,552.0,64.1
5873,55.0,660.0,64.4
5874,45.0,540.0,63.8
5875,44.0,528.0,62.2
5876,49.0,588.0,62.7
5877,61.0,732.0,63.6
5878,41.0,492.0,63.0
5879,47.0,564.0,63.2
5880,37.0,444.0,62.8
5881,47.0,564.0,63.5
5882,42.0,504.0,64.9
5883,48.0,576.0,65.2
5884,52.0,624.0,64.4
5885,50.0,600.0,65.0
5886,50.0,600.0,65.0
5887,35.0,420.0,64.9
5888,38.0,456.0,65.3
5889,42.0,504.0,65.7
5890,52.0,624.0,64.9
5891,49.0,588.0,64.0
5892,46.0,552.0,64.5
5893,43.0,516.0,63.5
5894,40.0,480.0,64.4
5895,46.0,552.0,65.0
5896,50.0,600.0,65.8
5897,36.0,432.0,64.3
5898,43.0,516.0,63.6
5899,74.0,888.0,63.4
5900,77.0,924.0,61.6
5901,66.0,792.0,62.2
5902,58.0,696.0,63.1
5903,59.0,708.0,62.5
5904,79.0,948.0,62.8
5905,63.0,756.0,60.8
5906,72.0,864.0,61.9
5907,62.0,744.0,63.0
5908,69.0,828.0,61.6
5909,70.0,840.0,62.0
5910,57.0,684.0,63.5
5911,58.0,696.0,64.7
5912,62.0,744.0,64.6
5913,60.0,720.0,64.0
5914,67.0,804.0,63.3
5915,54.0,648.0,62.3
5916,65.0,780.0,62.9
5917,60.0,720.0,62.7
5918,12.0,144.0,63.6
5919,61.0,732.0,61.7
5920,54.0,648.0,61.7
5921,66.0,792.0,62.0
5922,59.0,708.0,61.1
5923,54.0,648.0,62.5
5924,66.0,792.0,62.7
5925,85.0,1020.0,62.1
5926,64.0,768.0,63.7
5927,69.0,828.0,63.9
5928,65.0,780.0,65.1
5929,80.0,960.0,61.9
5930,72.0,864.0,63.1
5931,66.0,792.0,63.6
5932,79.0,948.0,63.7
5933,72.0,864.0,64.4
5934,67.0,804.0,64.8
5935,67.0,804.0,65.2
5936,100.0,1200.0,64.8
5937,87.0,1044.0,64.4
5938,90.0,1080.0,64.2
5939,70.0,840.0,62.6
5940,80.0,960.0,60.7
5941,76.0,912.0,59.3
5942,80.0,960.0,58.9
5943,77.0,924.0,59.8
5944,74.0,888.0,58.7
5945,85.0,1020.0,57.0
5946,78.0,936.0,57.0
5947,90.0,1080.0,57.0
5948,83.0,996.0,55.9
5949,85.0,1020.0,54.8
5950,106.0,1272.0,55.8
5951,97.0,1164.0,55.6
5952,94.0,1128.0,55.9
5953,99.0,1188.0,56.0
5954,96.0,1152.0,56.3
5955,88.0,1056.0,55.0
5956,106.0,1272.0,54.3
5957,92.0,1104.0,54.0
5958,90.0,1080.0,53.7
5959,77.0,924.0,54.4
5960,99.0,1188.0,54.1
5961,91.0,1092.0,55.0
5962,111.0,1332.0,54.4
5963,87.0,1044.0,54.3
5964,82.0,984.0,56.7
5965,94.0,1128.0,58.0
5966,104.0,1248.0,56.6
5967,95.0,1140.0,56.1
5968,78.0,936.0,57.1
5969,107.0,1284.0,56.9
5970,84.0,1008.0,58.2
5971,88.0,1056.0,58.1
5972,92.0,1104.0,58.0
5973,84.0,1008.0,57.9
5974,93.0,1116.0,57.2
5975,98.0,1176.0,56.7
5976,83.0,996.0,59.0
5977,77.0,924.0,60.9
5978,79.0,948.0,62.5
5979,64.0,768.0,64.3
5980,85.0,1020.0,63.6
5981,56.0,672.0,65.3
5982,59.0,708.0,66.6
5983,60.0,720.0,67.2
5984,45.0,540.0,66.9
5985,57.0,684.0,67.0
5986,49.0,588.0,66.6
5987,65.0,780.0,66.2
5988,43.0,516.0,66.2
5989,52.0,624.0,67.0
5990,39.0,468.0,66.2
5991,42.0,504.0,66.6
5992,61.0,732.0,66.0
5993,49.0,588.0,65.9
5994,49.0,588.0,65.5
5995,32.0,384.0,65.4
5996,45.0,540.0,65.2
5997,42.0,504.0,64.7
5998,48.0,576.0,65.3
5999,39.0,468.0,65.8
6000,25.0,300.0,65.4
6001,33.0,396.0,65.2
6002,50.0,600.0,65.1
6003,35.0,420.0,65.2
6004,48.0,576.0,64.9
6005,45.0,540.0,65.2
6006,44.0,528.0,65.0
6007,36.0,432.0,64.4
6008,46.0,552.0,63.1
6009,33.0,396.0,64.1
6010,31.0,372.0,64.0
6011,31.0,372.0,63.8
6012,34.0,408.0,64.0
6013,40.0,480.0,64.5
6014,38.0,456.0,64.7
6015,43.0,516.0,64.4
6016,37.0,444.0,65.0
6017,43.0,516.0,65.3
6018,33.0,396.0,64.7
6019,40.0,480.0,64.5
6020,37.0,444.0,64.6
6021,33.0,396.0,63.0
6022,38.0,456.0,64.4
6023,58.0,696.0,64.3
6024,35.0,420.0,64.3
6025,29.0,348.0,64.4
6026,30.0,360.0,64.7
6027,29.0,348.0,65.0
6028,27.0,324.0,64.9
6029,27.0,324.0,64.9
6030,11.0,132.0,65.0
6031,18.0,216.0,65.0
6032,31.0,372.0,65.1
6033,22.0,264.0,65.2
6034,21.0,252.0,65.2
6035,17.0,204.0,65.0
6036,9.0,108.0,65.0
6037,18.0,216.0,64.8
6038,9.0,108.0,64.9
6039,18.0,216.0,65.1
6040,15.0,180.0,65.1
6041,12.0,144.0,65.0
6042,9.0,108.0,65.0
6043,11.0,132.0,65.0
6044,14.0,168.0,65.0
6045,9.0,108.0,65.0
6046,13.0,156.0,65.0
6047,9.0,108.0,65.1
6048,9.0,108.0,65.0
6049,11.0,132.0,65.0
6050,15.0,180.0,65.0
6051,5.0,60.0,65.0
6052,6.0,72.0,65.1
6053,5.0,60.0,65.0
6054,10.0,120.0,65.0
6055,7.0,84.0,65.0
6056,4.0,48.0,65.1
6057,6.0,72.0,65.1
6058,6.0,72.0,65.2
6059,8.0,96.0,65.1
6060,1.0,12.0,65.1
6061,6.0,72.0,65.0
6062,4.0,48.0,64.9
6063,4.0,48.0,64.6
6064,7.0,84.0,64.7
6065,2.0,24.0,64.9
6066,6.0,72.0,64.9
6067,4.0,48.0,64.9
6068,4.0,48.0,65.1
6069,1.0,12.0,64.9
6070,5.0,60.0,64.9
6071,2.0,24.0,64.9
6072,4.0,48.0,65.0
6073,2.0,24.0,65.0
6074,4.0,48.0,65.0
6075,3.0,36.0,64.8
6076,1.0,12.0,64.9
6077,5.0,60.0,64.9
6078,2.0,24.0,64.9
6079,1.0,12.0,64.9
6080,3.0,36.0,65.1
6081,2.0,24.0,65.0
6082,4.0,48.0,65.0
6083,1.0,12.0,65.0
6084,6.0,72.0,64.9
6085,3.0,36.0,64.8
6086,1.0,12.0,65.0
6087,1.0,12.0,65.0
6088,5.0,60.0,64.8
6089,2.0,24.0,64.9
6090,8.0,96.0,64.8
6091,4.0,48.0,64.9
6092,2.0,24.0,65.0
6093,5.0,60.0,64.8
6094,5.0,60.0,64.8
6095,4.0,48.0,64.9
6096,2.0,24.0,64.9
6097,2.0,24.0,64.8
6098,4.0,48.0,64.9
6099,5.0,60.0,64.8
6100,10.0,120.0,64.8
6101,8.0,96.0,64.8
6102,11.0,132.0,65.0
6103,8.0,96.0,65.1
6104,14.0,168.0,65.0
6105,14.0,168.0,64.8
6106,11.0,132.0,64.8
6107,13.0,156.0,65.1
6108,7.0,84.0,65.0
6109,6.0,72.0,65.0
6110,15.0,180.0,64.8
6111,15.0,180.0,64.8
6112,15.0,180.0,65.0
6113,24.0,288.0,65.2
6114,12.0,144.0,64.9
6115,18.0,216.0,64.9
6116,24.0,288.0,64.9
6117,30.0,360.0,64.5
6118,20.0,240.0,64.6
6119,36.0,432.0,64.9
6120,16.0,192.0,65.1
6121,22.0,264.0,65.2
6122,27.0,324.0,64.7
6123,28.0,336.0,65.0
6124,20.0,240.0,65.1
6125,29.0,348.0,65.1
6126,29.0,348.0,65.2
6127,32.0,384.0,65.2
6128,69.0,828.0,62.5
6129,50.0,600.0,61.9
6130,52.0,624.0,61.4
6131,41.0,492.0,61.9
6132,38.0,456.0,62.9
6133,38.0,456.0,63.9
6134,53.0,636.0,64.6
6135,29.0,348.0,65.0
6136,56.0,672.0,64.9
6137,53.0,636.0,64.8
6138,61.0,732.0,64.6
6139,57.0,684.0,65.4
6140,53.0,636.0,65.8
6141,60.0,720.0,65.0
6142,74.0,888.0,63.7
6143,71.0,852.0,63.0
6144,46.0,552.0,63.3
6145,51.0,612.0,64.0
6146,60.0,720.0,63.8
6147,60.0,720.0,63.0
6148,40.0,480.0,64.0
6149,58.0,696.0,64.7
6150,51.0,612.0,64.9
6151,55.0,660.0,63.5
6152,44.0,528.0,63.2
6153,55.0,660.0,62.6
6154,55.0,660.0,62.2
6155,46.0,552.0,62.6
6156,43.0,516.0,62.8
6157,49.0,588.0,63.6
6158,45.0,540.0,63.8
6159,44.0,528.0,64.0
6160,49.0,588.0,63.3
6161,55.0,660.0,62.3
6162,38.0,456.0,63.0
6163,52.0,624.0,63.9
6164,52.0,624.0,63.2
6165,44.0,528.0,63.5
6166,65.0,780.0,64.3
6167,47.0,564.0,64.2
6168,63.0,756.0,65.4
6169,54.0,648.0,65.1
6170,56.0,672.0,65.3
6171,48.0,576.0,65.0
6172,55.0,660.0,64.9
6173,68.0,816.0,64.0
6174,59.0,708.0,63.8
6175,48.0,576.0,64.0
6176,80.0,960.0,62.5
6177,64.0,768.0,61.9
6178,76.0,912.0,62.2
6179,56.0,672.0,62.9
6180,69.0,828.0,63.8
6181,72.0,864.0,64.5
6182,60.0,720.0,64.7
6183,68.0,816.0,65.0
6184,68.0,816.0,64.6
6185,72.0,864.0,63.6
6186,67.0,804.0,64.1
6187,73.0,876.0,64.4
6188,60.0,720.0,63.8
6189,67.0,804.0,64.7
6190,66.0,792.0,63.8
6191,78.0,936.0,62.5
6192,71.0,852.0,61.4
6193,78.0,936.0,60.6
6194,95.0,1140.0,61.1
6195,65.0,780.0,64.0
6196,99.0,1188.0,62.2
6197,88.0,1056.0,61.4
6198,73.0,876.0,62.1
6199,72.0,864.0,63.1
6200,74.0,888.0,63.2
6201,69.0,828.0,63.7
6202,63.0,756.0,64.8
6203,61.0,732.0,63.8
6204,75.0,900.0,61.9
6205,69.0,828.0,61.4
6206,70.0,840.0,60.2
6207,76.0,912.0,58.9
6208,80.0,960.0,58.3
6209,78.0,936.0,57.7
6210,79.0,948.0,57.3
6211,105.0,1260.0,56.0
6212,95.0,1140.0,54.7
6213,98.0,1176.0,55.6
6214,88.0,1056.0,57.3
6215,83.0,996.0,54.0
6216,103.0,1236.0,50.0
6217,110.0,1320.0,51.9
6218,93.0,1116.0,53.6
6219,95.0,1140.0,55.3
6220,94.0,1128.0,56.4
6221,93.0,1116.0,51.9
6222,116.0,1392.0,49.0
6223,114.0,1368.0,43.1
6224,111.0,1332.0,42.4
6225,111.0,1332.0,44.0
6226,97.0,1164.0,49.6
6227,96.0,1152.0,52.1
6228,89.0,1068.0,53.8
6229,100.0,1200.0,54.6
6230,100.0,1200.0,54.7
6231,101.0,1212.0,54.8
6232,106.0,1272.0,56.0
6233,96.0,1152.0,56.0
6234,95.0,1140.0,55.8
6235,91.0,1092.0,55.6
6236,104.0,1248.0,54.6
6237,96.0,1152.0,54.4
6238,103.0,1236.0,55.1
6239,97.0,1164.0,55.2
6240,98.0,1176.0,54.5
6241,108.0,1296.0,54.0
6242,98.0,1176.0,53.8
6243,87.0,1044.0,54.7
6244,98.0,1176.0,53.5
6245,92.0,1104.0,53.4
6246,95.0,1140.0,55.2
6247,94.0,1128.0,54.3
6248,90.0,1080.0,54.9
6249,106.0,1272.0,55.0
6250,91.0,1092.0,54.9
6251,95.0,1140.0,54.4
6252,93.0,1116.0,54.8
6253,100.0,1200.0,54.3
6254,95.0,1140.0,54.8
6255,90.0,1080.0,56.2
6256,94.0,1128.0,55.3
6257,97.0,1164.0,55.0
6258,95.0,1140.0,56.3
6259,93.0,1116.0,57.0
6260,109.0,1308.0,56.1
6261,100.0,1200.0,56.4
6262,76.0,912.0,57.5
6263,77.0,924.0,59.0
6264,57.0,684.0,61.0
6265,70.0,840.0,63.0
6266,70.0,840.0,64.3
6267,67.0,804.0,65.6
6268,71.0,852.0,65.0
6269,88.0,1056.0,64.0
6270,66.0,792.0,64.9
6271,79.0,948.0,65.7
6272,60.0,720.0,65.5
6273,79.0,948.0,65.0
6274,67.0,804.0,66.3
6275,68.0,816.0,65.1
6276,62.0,744.0,65.5
6277,52.0,624.0,66.5
6278,74.0,888.0,66.6
6279,73.0,876.0,66.1
6280,52.0,624.0,66.1
6281,65.0,780.0,66.4
6282,70.0,840.0,66.6
6283,59.0,708.0,65.6
6284,67.0,804.0,66.0
6285,49.0,588.0,66.0
6286,66.0,792.0,65.4
6287,59.0,708.0,65.0
6288,59.0,708.0,64.9
6289,53.0,636.0,65.7
6290,65.0,780.0,64.9
6291,57.0,684.0,64.8
6292,54.0,648.0,63.6
6293,63.0,756.0,63.3
6294,62.0,744.0,63.9
6295,53.0,636.0,64.3
6296,63.0,756.0,63.5
6297,51.0,612.0,63.5
6298,60.0,720.0,63.0
6299,67.0,804.0,65.8
6300,48.0,576.0,65.1
6301,68.0,816.0,64.0
6302,57.0,684.0,63.9
6303,44.0,528.0,64.1
6304,57.0,684.0,63.8
6305,57.0,684.0,63.2
6306,53.0,636.0,63.4
6307,56.0,672.0,63.8
6308,37.0,444.0,64.7
6309,43.0,516.0,64.6
6310,62.0,744.0,63.4
6311,61.0,732.0,63.2
6312,60.0,720.0,63.7
6313,51.0,612.0,64.7
6314,37.0,444.0,64.8
6315,61.0,732.0,65.0
6316,39.0,468.0,64.6
6317,38.0,456.0,65.4
6318,46.0,552.0,64.7
6319,48.0,576.0,62.6
6320,58.0,696.0,62.2
6321,36.0,432.0,63.1
6322,40.0,480.0,63.6
6323,24.0,288.0,64.1
6324,23.0,276.0,64.3
6325,35.0,420.0,64.0
6326,22.0,264.0,64.3
6327,35.0,420.0,63.9
6328,34.0,408.0,64.4
6329,22.0,264.0,64.4
6330,24.0,288.0,64.5
6331,35.0,420.0,63.6
6332,27.0,324.0,64.3
6333,15.0,180.0,64.6
6334,25.0,300.0,64.6
6335,29.0,348.0,64.4
6336,20.0,240.0,65.0
6337,27.0,324.0,64.9
6338,16.0,192.0,64.9
6339,14.0,168.0,64.8
6340,12.0,144.0,64.9
6341,22.0,264.0,64.8
6342,15.0,180.0,64.8
6343,14.0,168.0,64.7
6344,15.0,180.0,64.6
6345,10.0,120.0,64.7
6346,18.0,216.0,64.8
6347,19.0,228.0,65.0
6348,14.0,168.0,64.9
6349,16.0,192.0,64.9
6350,17.0,204.0,64.9
6351,13.0,156.0,65.0
6352,11.0,132.0,64.9
6353,4.0,48.0,64.9
6354,15.0,180.0,65.0
6355,7.0,84.0,64.9
6356,13.0,156.0,65.0
6357,11.0,132.0,65.0
6358,8.0,96.0,65.1
6359,12.0,144.0,65.0
6360,10.0,120.0,65.1
6361,8.0,96.0,64.9
6362,10.0,120.0,64.9
6363,3.0,36.0,64.9
6364,6.0,72.0,65.0
6365,13.0,156.0,64.9
6366,7.0,84.0,64.9
6367,3.0,36.0,64.9
6368,4.0,48.0,64.9
6369,5.0,60.0,65.0
6370,4.0,48.0,65.1
6371,5.0,60.0,65.1
6372,7.0,84.0,65.0
6373,2.0,24.0,65.1
6374,4.0,48.0,64.9
6375,2.0,24.0,64.8
6376,2.0,24.0,64.9
6377,2.0,24.0,64.9
6378,1.0,12.0,65.0
6379,2.0,24.0,64.9
6380,4.0,48.0,64.9
6381,6.0,72.0,65.0
6382,4.0,48.0,65.1
6383,4.0,48.0,65.0
6384,3.0,36.0,65.1
6385,1.0,12.0,65.0
6386,4.0,48.0,65.3
6387,5.0,60.0,65.1
6388,2.0,24.0,65.1
6389,2.0,24.0,65.2
6390,3.0,36.0,65.3
6391,8.0,96.0,65.3
6392,4.0,48.0,65.1
6393,11.0,132.0,65.3
6394,3.0,36.0,65.2
6395,8.0,96.0,65.0
6396,5.0,60.0,65.0
6397,6.0,72.0,64.9
6398,4.0,48.0,65.0
6399,5.0,60.0,65.0
6400,8.0,96.0,65.1
6401,4.0,48.0,65.0
6402,7.0,84.0,64.9
6403,18.0,216.0,65.0
6404,8.0,96.0,65.0
6405,8.0,96.0,65.0
6406,13.0,156.0,65.1
6407,14.0,168.0,65.0
6408,8.0,96.0,64.9
6409,17.0,204.0,65.0
6410,14.0,168.0,64.9
6411,16.0,192.0,65.0
6412,18.0,216.0,64.9
6413,30.0,360.0,64.6
6414,16.0,192.0,64.9
6415,18.0,216.0,64.9
6416,23.0,276.0,64.8
6417,25.0,300.0,64.7
6418,32.0,384.0,64.7
6419,22.0,264.0,64.8
6420,22.0,264.0,65.2
6421,29.0,348.0,64.6
6422,33.0,396.0,65.2
6423,28.0,336.0,64.8
6424,38.0,456.0,61.1
6425,33.0,396.0,62.5
6426,23.0,276.0,63.6
6427,29.0,348.0,64.7
6428,32.0,384.0,64.5
6429,27.0,324.0,64.6
6430,45.0,540.0,64.6
6431,39.0,468.0,64.1
6432,37.0,444.0,63.4
6433,30.0,360.0,64.6
6434,30.0,360.0,64.8
6435,41.0,492.0,64.4
6436,39.0,468.0,63.8
6437,49.0,588.0,65.0
6438,52.0,624.0,64.5
6439,46.0,552.0,63.8
6440,46.0,552.0,63.3
6441,49.0,588.0,63.4
6442,55.0,660.0,63.5
6443,49.0,588.0,64.0
6444,49.0,588.0,65.2
6445,47.0,564.0,64.5
6446,41.0,492.0,64.9
6447,39.0,468.0,64.6
6448,41.0,492.0,64.6
6449,36.0,432.0,64.4
6450,59.0,708.0,62.1
6451,51.0,612.0,63.6
6452,58.0,696.0,65.1
6453,59.0,708.0,64.4
6454,54.0,648.0,63.9
6455,55.0,660.0,62.4
6456,47.0,564.0,62.2
6457,69.0,828.0,62.6
6458,45.0,540.0,63.9
6459,68.0,816.0,63.9
6460,48.0,576.0,64.2
6461,53.0,636.0,64.4
6462,53.0,636.0,64.1
6463,64.0,768.0,63.7
6464,62.0,744.0,64.5
6465,74.0,888.0,63.2
6466,71.0,852.0,63.1
6467,58.0,696.0,63.8
6468,69.0,828.0,64.1
6469,63.0,756.0,64.5
6470,61.0,732.0,64.0
6471,64.0,768.0,65.6
6472,86.0,1032.0,64.9
6473,54.0,648.0,64.1
6474,58.0,696.0,64.9
6475,67.0,804.0,65.0
6476,78.0,936.0,64.8
6477,60.0,720.0,64.6
6478,70.0,840.0,63.3
6479,62.0,744.0,63.3
6480,59.0,708.0,63.4
6481,69.0,828.0,63.5
6482,72.0,864.0,62.3
6483,57.0,684.0,63.6
6484,73.0,876.0,61.7
6485,86.0,1032.0,61.2
6486,66.0,792.0,63.0
6487,77.0,924.0,62.8
6488,70.0,840.0,63.6
6489,68.0,816.0,64.6
6490,82.0,984.0,64.7
6491,56.0,672.0,65.0
6492,76.0,912.0,64.5
6493,63.0,756.0,65.3
6494,72.0,864.0,64.4
6495,71.0,852.0,64.5
6496,68.0,816.0,63.3
6497,64.0,768.0,62.4
6498,67.0,804.0,64.3
6499,70.0,840.0,63.4
6500,73.0,876.0,63.3
6501,70.0,840.0,62.9
6502,58.0,696.0,63.2
6503,100.0,1200.0,61.9
6504,80.0,960.0,62.3
6505,64.0,768.0,63.1
6506,67.0,804.0,63.4
6507,58.0,696.0,63.5
6508,75.0,900.0,63.4
6509,76.0,912.0,62.7
6510,78.0,936.0,62.4
6511,74.0,888.0,62.9
6512,73.0,876.0,63.5
6513,68.0,816.0,64.2
6514,75.0,900.0,64.3
6515,61.0,732.0,64.7
6516,83.0,996.0,64.3
6517,82.0,984.0,64.5
6518,83.0,996.0,62.3
6519,88.0,1056.0,63.6
6520,78.0,936.0,63.4
6521,85.0,1020.0,64.1
6522,74.0,888.0,64.7
6523,77.0,924.0,64.7
6524,68.0,816.0,63.2
6525,60.0,720.0,63.5
6526,75.0,900.0,64.8
6527,82.0,984.0,63.0
6528,49.0,588.0,62.7
6529,59.0,708.0,63.4
6530,67.0,804.0,62.8
6531,51.0,612.0,62.7
6532,66.0,792.0,62.7
6533,80.0,960.0,63.0
6534,72.0,864.0,64.1
6535,76.0,912.0,63.7
6536,81.0,972.0,64.1
6537,79.0,948.0,63.5
6538,66.0,792.0,65.0
6539,81.0,972.0,64.8
6540,87.0,1044.0,64.0
6541,46.0,552.0,64.3
6542,79.0,948.0,63.9
6543,76.0,912.0,63.9
6544,54.0,648.0,64.5
6545,67.0,804.0,64.4
6546,69.0,828.0,65.4
6547,92.0,1104.0,65.1
6548,69.0,828.0,64.8
6549,76.0,912.0,65.7
6550,72.0,864.0,65.3
6551,59.0,708.0,65.1
6552,81.0,972.0,64.4
6553,75.0,900.0,63.8
6554,70.0,840.0,63.0
6555,75.0,900.0,64.2
6556,63.0,756.0,64.6
6557,60.0,720.0,64.8
6558,69.0,828.0,66.6
6559,57.0,684.0,65.6
6560,57.0,684.0,64.4
6561,71.0,852.0,63.1
6562,68.0,816.0,63.3
6563,59.0,708.0,63.9
6564,50.0,600.0,64.4
6565,54.0,648.0,63.8
6566,70.0,840.0,64.5
6567,59.0,708.0,64.7
6568,61.0,732.0,64.4
6569,52.0,624.0,65.0
6570,53.0,636.0,64.1
6571,58.0,696.0,64.6
6572,61.0,732.0,64.8
6573,59.0,708.0,64.2
6574,63.0,756.0,65.1
6575,47.0,564.0,63.4
6576,58.0,696.0,62.4
6577,31.0,372.0,63.9
6578,77.0,924.0,62.5
6579,54.0,648.0,62.3
6580,66.0,792.0,62.9
6581,47.0,564.0,62.8
6582,60.0,720.0,63.3
6583,64.0,768.0,62.5
6584,60.0,720.0,63.0
6585,48.0,576.0,61.3
6586,48.0,576.0,61.1
6587,53.0,636.0,62.5
6588,48.0,576.0,62.6
6589,62.0,744.0,63.1
6590,57.0,684.0,63.6
6591,52.0,624.0,63.9
6592,57.0,684.0,64.4
6593,55.0,660.0,63.5
6594,51.0,612.0,64.1
6595,60.0,720.0,63.3
6596,57.0,684.0,62.8
6597,53.0,636.0,63.6
6598,42.0,504.0,64.1
6599,48.0,576.0,63.4
6600,57.0,684.0,62.2
6601,55.0,660.0,63.4
6602,57.0,684.0,63.1
6603,45.0,540.0,63.1
6604,42.0,504.0,63.2
6605,60.0,720.0,63.5
6606,54.0,648.0,63.2
6607,49.0,588.0,63.1
6608,39.0,468.0,63.4
6609,32.0,384.0,63.8
6610,46.0,552.0,64.2
6611,44.0,528.0,63.9
6612,30.0,360.0,64.4
6613,43.0,516.0,63.2
6614,52.0,624.0,63.2
6615,31.0,372.0,63.6
6616,37.0,444.0,64.8
6617,35.0,420.0,64.6
6618,26.0,312.0,64.8
6619,32.0,384.0,65.2
6620,30.0,360.0,65.1
6621,33.0,396.0,64.8
6622,25.0,300.0,65.2
6623,39.0,468.0,65.5
6624,30.0,360.0,65.0
6625,32.0,384.0,65.0
6626,23.0,276.0,64.8
6627,27.0,324.0,64.8
6628,27.0,324.0,64.9
6629,26.0,312.0,65.0
6630,25.0,300.0,64.6
6631,24.0,288.0,64.7
6632,24.0,288.0,64.8
6633,14.0,168.0,64.8
6634,12.0,144.0,64.8
6635,29.0,348.0,64.5
6636,17.0,204.0,64.8
6637,16.0,192.0,64.7
6638,18.0,216.0,64.6
6639,11.0,132.0,64.8
6640,12.0,144.0,64.9
6641,10.0,120.0,64.9
6642,16.0,192.0,64.8
6643,14.0,168.0,64.9
6644,14.0,168.0,64.9
6645,19.0,228.0,65.1
6646,13.0,156.0,65.1
6647,8.0,96.0,65.1
6648,11.0,132.0,65.2
6649,13.0,156.0,65.1
6650,10.0,120.0,65.0
6651,6.0,72.0,65.0
6652,7.0,84.0,64.9
6653,6.0,72.0,64.8
6654,4.0,48.0,64.9
6655,7.0,84.0,64.9
6656,7.0,84.0,64.9
6657,3.0,36.0,64.9
6658,3.0,36.0,64.8
6659,9.0,108.0,64.9
6660,8.0,96.0,65.0
6661,6.0,72.0,65.1
6662,5.0,60.0,65.0
6663,3.0,36.0,65.0
6664,9.0,108.0,65.1
6665,4.0,48.0,65.1
6666,2.0,24.0,64.9
6667,3.0,36.0,64.9
6668,3.0,36.0,64.9
6669,0.0,0.0,64.9
6670,2.0,24.0,64.8
6671,2.0,24.0,64.9
6672,0.0,0.0,64.9
6673,1.0,12.0,64.9
6674,2.0,24.0,64.8
6675,1.0,12.0,65.0
6676,0.0,0.0,65.0
6677,3.0,36.0,64.9
6678,3.0,36.0,65.0
6679,6.0,72.0,65.0
6680,2.0,24.0,65.0
6681,3.0,36.0,65.3
6682,3.0,36.0,65.0
6683,3.0,36.0,65.0
6684,4.0,48.0,64.8
6685,0.0,0.0,64.8
6686,0.0,0.0,64.8
6687,3.0,36.0,64.8
6688,3.0,36.0,64.9
6689,5.0,60.0,65.0
6690,3.0,36.0,64.9
6691,5.0,60.0,64.8
6692,9.0,108.0,64.9
6693,3.0,36.0,64.9
6694,4.0,48.0,64.9
6695,3.0,36.0,65.1
6696,3.0,36.0,65.1
6697,7.0,84.0,65.1
6698,3.0,36.0,65.1
6699,3.0,36.0,65.1
6700,3.0,36.0,65.1
6701,3.0,36.0,65.0
6702,7.0,84.0,64.9
6703,8.0,96.0,65.1
6704,10.0,120.0,65.0
6705,19.0,228.0,65.2
6706,7.0,84.0,64.9
6707,12.0,144.0,64.8
6708,9.0,108.0,64.8
6709,8.0,96.0,64.7
6710,9.0,108.0,65.0
6711,11.0,132.0,65.0
6712,12.0,144.0,65.0
6713,6.0,72.0,65.1
6714,11.0,132.0,65.1
6715,8.0,96.0,65.0
6716,12.0,144.0,65.1
6717,16.0,192.0,65.1
6718,14.0,168.0,65.2
6719,24.0,288.0,64.7
6720,12.0,144.0,64.9
6721,15.0,180.0,64.9
6722,16.0,192.0,65.0
6723,19.0,228.0,65.0
6724,15.0,180.0,65.0
6725,28.0,336.0,65.0
6726,27.0,324.0,65.0
6727,26.0,312.0,65.0
6728,22.0,264.0,64.7
6729,21.0,252.0,65.1
6730,26.0,312.0,65.2
6731,20.0,240.0,65.1
6732,25.0,300.0,64.7
6733,18.0,216.0,64.5
6734,20.0,240.0,64.8
6735,29.0,348.0,64.8
6736,22.0,264.0,64.9
6737,23.0,276.0,65.1
6738,32.0,384.0,65.1
6739,45.0,540.0,64.6
6740,34.0,408.0,64.0
6741,31.0,372.0,64.6
6742,35.0,420.0,64.3
6743,38.0,456.0,64.3
6744,38.0,456.0,65.0
6745,33.0,396.0,64.5
6746,44.0,528.0,64.9
6747,31.0,372.0,65.0
6748,33.0,396.0,65.3
6749,34.0,408.0,65.5
6750,34.0,408.0,65.0
6751,34.0,408.0,65.3
6752,41.0,492.0,64.8
6753,50.0,600.0,65.4
6754,38.0,456.0,65.4
6755,51.0,612.0,65.4
6756,41.0,492.0,64.9
6757,49.0,588.0,65.4
6758,48.0,576.0,64.5
6759,35.0,420.0,65.3
6760,46.0,552.0,65.1
6761,59.0,708.0,64.3
6762,56.0,672.0,64.5
6763,65.0,780.0,64.0
6764,43.0,516.0,64.5
6765,56.0,672.0,61.2
6766,63.0,756.0,61.9
6767,61.0,732.0,63.0
6768,65.0,780.0,62.8
6769,56.0,672.0,63.3
6770,60.0,720.0,63.3
6771,55.0,660.0,62.5
6772,58.0,696.0,62.3
6773,59.0,708.0,63.6
6774,44.0,528.0,61.9
6775,57.0,684.0,62.4
6776,54.0,648.0,62.6
6777,54.0,648.0,62.9
6778,49.0,588.0,63.1
6779,61.0,732.0,62.5
6780,52.0,624.0,63.4
6781,54.0,648.0,63.3
6782,58.0,696.0,63.7
6783,55.0,660.0,64.7
6784,63.0,756.0,64.1
6785,61.0,732.0,64.3
6786,59.0,708.0,64.7
6787,51.0,612.0,63.8
6788,74.0,888.0,64.1
6789,51.0,612.0,64.4
6790,56.0,672.0,63.6
6791,52.0,624.0,63.4
6792,58.0,696.0,62.9
6793,64.0,768.0,59.8
6794,70.0,840.0,61.5
6795,67.0,804.0,62.1
6796,54.0,648.0,63.4
6797,39.0,468.0,63.8
6798,53.0,636.0,64.1
6799,56.0,672.0,63.0
6800,75.0,900.0,62.4
6801,50.0,600.0,63.2
6802,56.0,672.0,63.4
6803,41.0,492.0,64.2
6804,45.0,540.0,65.0
6805,67.0,804.0,65.3
6806,51.0,612.0,65.6
6807,65.0,780.0,65.5
6808,63.0,756.0,64.8
6809,50.0,600.0,63.8
6810,48.0,576.0,64.2
6811,64.0,768.0,64.2
6812,51.0,612.0,63.8
6813,44.0,528.0,64.0
6814,55.0,660.0,64.6
6815,59.0,708.0,64.4
6816,63.0,756.0,64.8
6817,56.0,672.0,64.0
6818,52.0,624.0,64.4
6819,73.0,876.0,63.1
6820,66.0,792.0,63.1
6821,40.0,480.0,63.1
6822,52.0,624.0,63.4
6823,61.0,732.0,64.1
6824,45.0,540.0,64.6
6825,51.0,612.0,63.3
6826,50.0,600.0,64.0
6827,43.0,516.0,64.7
6828,50.0,600.0,63.4
6829,55.0,660.0,63.8
6830,54.0,648.0,62.9
6831,58.0,696.0,64.0
6832,52.0,624.0,63.7
6833,56.0,672.0,63.6
6834,50.0,600.0,64.5
6835,52.0,624.0,64.4
6836,45.0,540.0,65.0
6837,53.0,636.0,64.5
6838,58.0,696.0,65.4
6839,58.0,696.0,65.0
6840,51.0,612.0,65.3
6841,52.0,624.0,64.4
6842,42.0,504.0,64.4
6843,42.0,504.0,64.6
6844,61.0,732.0,64.2
6845,66.0,792.0,62.9
6846,53.0,636.0,63.2
6847,44.0,528.0,63.1
6848,40.0,480.0,63.2
6849,58.0,696.0,63.1
6850,49.0,588.0,64.6
6851,40.0,480.0,64.1
6852,58.0,696.0,63.7
6853,55.0,660.0,63.0
6854,59.0,708.0,62.6
6855,44.0,528.0,63.6
6856,50.0,600.0,62.8
6857,54.0,648.0,61.3
6858,58.0,696.0,61.9
6859,63.0,756.0,61.5
6860,51.0,612.0,61.7
6861,61.0,732.0,63.0
6862,60.0,720.0,63.1
6863,56.0,672.0,63.3
6864,57.0,684.0,63.4
6865,59.0,708.0,63.4
6866,60.0,720.0,63.9
6867,53.0,636.0,63.1
6868,55.0,660.0,62.7
6869,43.0,516.0,62.6
6870,52.0,624.0,62.7
6871,56.0,672.0,63.2
6872,47.0,564.0,64.5
6873,60.0,720.0,63.7
6874,52.0,624.0,63.7
6875,51.0,612.0,64.6
6876,44.0,528.0,64.5
6877,52.0,624.0,63.9
6878,56.0,672.0,63.3
6879,50.0,600.0,62.6
6880,53.0,636.0,64.6
6881,50.0,600.0,64.2
6882,53.0,636.0,64.8
6883,48.0,576.0,65.2
6884,38.0,456.0,65.0
6885,40.0,480.0,65.2
6886,37.0,444.0,64.8
6887,37.0,444.0,64.8
6888,35.0,420.0,64.5
6889,37.0,444.0,64.7
6890,35.0,420.0,64.8
6891,36.0,432.0,65.1
6892,53.0,636.0,65.1
6893,34.0,408.0,64.9
6894,30.0,360.0,65.0
6895,24.0,288.0,65.0
6896,30.0,360.0,65.0
6897,28.0,336.0,65.0
6898,25.0,300.0,64.9
6899,24.0,288.0,65.1
6900,23.0,276.0,65.0
6901,18.0,216.0,64.9
6902,24.0,288.0,64.7
6903,24.0,288.0,64.9
6904,21.0,252.0,64.9
6905,19.0,228.0,64.7
6906,15.0,180.0,64.9
6907,13.0,156.0,64.8
6908,14.0,168.0,65.0
6909,12.0,144.0,65.0
6910,15.0,180.0,65.1
6911,20.0,240.0,65.0
6912,14.0,168.0,65.0
6913,13.0,156.0,64.9
6914,14.0,168.0,65.1
6915,12.0,144.0,65.0
6916,9.0,108.0,65.0
6917,7.0,84.0,65.0
6918,8.0,96.0,65.0
6919,17.0,204.0,64.9
6920,10.0,120.0,65.0
6921,7.0,84.0,65.1
6922,6.0,72.0,65.0
6923,8.0,96.0,65.0
6924,4.0,48.0,64.9
6925,4.0,48.0,64.9
6926,4.0,48.0,64.9
6927,6.0,72.0,64.9
6928,4.0,48.0,64.9
6929,6.0,72.0,65.0
6930,4.0,48.0,65.0
6931,3.0,36.0,65.2
6932,4.0,48.0,65.0
6933,1.0,12.0,65.0
6934,0.0,0.0,65.0
6935,2.0,24.0,65.1
6936,1.0,12.0,65.0
6937,5.0,60.0,64.9
6938,4.0,48.0,64.9
6939,3.0,36.0,64.9
6940,1.0,12.0,64.8
6941,2.0,24.0,64.9
6942,4.0,48.0,65.0
6943,3.0,36.0,64.9
6944,0.0,0.0,64.9
6945,2.0,24.0,64.9
6946,0.0,0.0,64.9
6947,2.0,24.0,64.9
6948,1.0,12.0,64.8
6949,0.0,0.0,64.8
6950,4.0,48.0,64.9
6951,4.0,48.0,64.9
6952,1.0,12.0,64.8
6953,3.0,36.0,64.8
6954,4.0,48.0,65.0
6955,3.0,36.0,64.9
6956,4.0,48.0,64.8
6957,7.0,84.0,65.0
6958,4.0,48.0,65.1
6959,4.0,48.0,65.0
6960,0.0,0.0,65.0
6961,5.0,60.0,64.9
6962,2.0,24.0,64.8
6963,1.0,12.0,64.7
6964,6.0,72.0,64.9
6965,5.0,60.0,64.7
6966,9.0,108.0,64.8
6967,7.0,84.0,64.8
6968,9.0,108.0,64.9
6969,12.0,144.0,64.9
6970,10.0,120.0,64.9
6971,10.0,120.0,64.8
6972,9.0,108.0,64.7
6973,6.0,72.0,64.7
6974,10.0,120.0,64.8
6975,16.0,192.0,64.8
6976,13.0,156.0,64.8
6977,17.0,204.0,64.7
6978,22.0,264.0,64.1
6979,20.0,240.0,64.5
6980,28.0,336.0,64.4
6981,28.0,336.0,64.0
6982,26.0,312.0,64.4
6983,33.0,396.0,63.5
6984,13.0,156.0,64.1
6985,25.0,300.0,64.4
6986,13.0,156.0,64.5
6987,33.0,396.0,64.6
6988,23.0,276.0,64.7
6989,22.0,264.0,64.8
6990,30.0,360.0,64.7
6991,44.0,528.0,63.7
6992,55.0,660.0,63.0
6993,50.0,600.0,62.3
6994,69.0,828.0,61.3
6995,54.0,648.0,60.4
6996,45.0,540.0,62.0
6997,46.0,552.0,61.3
6998,61.0,732.0,60.1
6999,60.0,720.0,59.3
7000,65.0,780.0,59.2
7001,54.0,648.0,58.9
7002,65.0,780.0,59.2
7003,44.0,528.0,59.6
7004,61.0,732.0,57.4
7005,54.0,648.0,58.3
7006,86.0,1032.0,59.0
7007,74.0,888.0,58.5
7008,74.0,888.0,56.9
7009,52.0,624.0,58.3
7010,63.0,756.0,59.6
7011,44.0,528.0,60.6
7012,49.0,588.0,60.6
7013,43.0,516.0,60.6
7014,43.0,516.0,61.5
7015,43.0,516.0,61.1
7016,59.0,708.0,60.1
7017,44.0,528.0,61.6
7018,59.0,708.0,60.3
7019,45.0,540.0,62.6
7020,50.0,600.0,62.2
7021,41.0,492.0,62.5
7022,41.0,492.0,63.6
7023,39.0,468.0,63.4
7024,31.0,372.0,63.5
7025,42.0,504.0,62.2
7026,46.0,552.0,61.9
7027,47.0,564.0,62.0
7028,43.0,516.0,60.9
7029,52.0,624.0,59.5
7030,51.0,612.0,60.1
7031,39.0,468.0,61.9
7032,57.0,684.0,60.7
7033,54.0,648.0,60.2
7034,58.0,696.0,60.4
7035,38.0,456.0,61.8
7036,42.0,504.0,62.5
7037,51.0,612.0,62.7
7038,49.0,588.0,62.3
7039,51.0,612.0,61.3
7040,54.0,648.0,61.0
7041,45.0,540.0,61.8
7042,39.0,468.0,63.4
7043,42.0,504.0,62.9
7044,42.0,504.0,63.5
7045,41.0,492.0,63.6
7046,47.0,564.0,62.8
7047,51.0,612.0,62.3
7048,53.0,636.0,61.2
7049,56.0,672.0,61.3
7050,52.0,624.0,61.6
7051,45.0,540.0,62.4
7052,58.0,696.0,50.0
7053,96.0,1152.0,43.4
7054,87.0,1044.0,43.2
7055,56.0,672.0,49.7
7056,66.0,792.0,54.1
7057,67.0,804.0,53.8
7058,52.0,624.0,57.9
7059,63.0,756.0,58.4
7060,47.0,564.0,58.1
7061,56.0,672.0,58.2
7062,63.0,756.0,59.9
7063,69.0,828.0,59.7
7064,59.0,708.0,60.1
7065,44.0,528.0,60.4
7066,67.0,804.0,61.0
7067,58.0,696.0,60.6
7068,53.0,636.0,61.5
7069,52.0,624.0,61.2
7070,50.0,600.0,59.6
7071,58.0,696.0,60.6
7072,57.0,684.0,61.9
7073,54.0,648.0,61.5
7074,56.0,672.0,61.5
7075,55.0,660.0,62.3
7076,68.0,816.0,60.5
7077,84.0,1008.0,60.9
7078,63.0,756.0,61.4
7079,71.0,852.0,61.3
7080,64.0,768.0,60.9
7081,62.0,744.0,60.3
7082,72.0,864.0,59.6
7083,75.0,900.0,58.5
7084,78.0,936.0,56.3
7085,80.0,960.0,57.8
7086,47.0,564.0,58.8
7087,72.0,864.0,58.9
7088,61.0,732.0,59.4
7089,82.0,984.0,58.8
7090,72.0,864.0,58.0
7091,96.0,1152.0,58.0
7092,99.0,1188.0,59.0
7093,63.0,756.0,59.1
7094,92.0,1104.0,56.9
7095,81.0,972.0,56.8
7096,78.0,936.0,57.1
7097,62.0,744.0,58.4
7098,66.0,792.0,58.6
7099,74.0,888.0,57.4
7100,78.0,936.0,56.8
7101,92.0,1104.0,57.1
7102,87.0,1044.0,56.9
7103,86.0,1032.0,56.7
7104,96.0,1152.0,55.8
7105,92.0,1104.0,55.2
7106,84.0,1008.0,57.5
7107,69.0,828.0,57.6
7108,77.0,924.0,56.1
7109,83.0,996.0,55.6
7110,87.0,1044.0,56.1
7111,92.0,1104.0,56.4
7112,100.0,1200.0,57.1
7113,93.0,1116.0,56.5
7114,78.0,936.0,55.9
7115,79.0,948.0,56.7
7116,93.0,1116.0,56.1
7117,84.0,1008.0,56.3
7118,81.0,972.0,56.7
7119,89.0,1068.0,56.3
7120,81.0,972.0,57.7
7121,76.0,912.0,58.8
7122,80.0,960.0,58.2
7123,72.0,864.0,57.5
7124,84.0,1008.0,58.4
7125,71.0,852.0,57.6
7126,82.0,984.0,56.9
7127,75.0,900.0,58.2
7128,81.0,972.0,57.9
7129,86.0,1032.0,57.9
7130,80.0,960.0,56.7
7131,80.0,960.0,57.3
7132,89.0,1068.0,57.0
7133,70.0,840.0,57.3
7134,54.0,648.0,58.8
7135,31.0,372.0,61.2
7136,55.0,660.0,59.9
7137,35.0,420.0,61.6
7138,30.0,360.0,62.7
7139,36.0,432.0,64.0
7140,45.0,540.0,63.5
7141,40.0,480.0,63.0
7142,41.0,492.0,63.6
7143,38.0,456.0,63.4
7144,33.0,396.0,63.9
7145,38.0,456.0,64.0
7146,30.0,360.0,64.5
7147,38.0,456.0,64.5
7148,34.0,408.0,64.4
7149,40.0,480.0,64.7
7150,42.0,504.0,64.2
7151,34.0,408.0,64.3
7152,42.0,504.0,62.9
7153,40.0,480.0,63.8
7154,34.0,408.0,64.2
7155,31.0,372.0,64.1
7156,33.0,396.0,63.4
7157,30.0,360.0,63.8
7158,34.0,408.0,64.5
7159,32.0,384.0,64.2
7160,41.0,492.0,64.4
7161,30.0,360.0,65.0
7162,28.0,336.0,64.7
7163,28.0,336.0,64.9
7164,26.0,312.0,64.6
7165,33.0,396.0,64.6
7166,28.0,336.0,64.9
7167,35.0,420.0,64.9
7168,30.0,360.0,64.5
7169,21.0,252.0,64.9
7170,39.0,468.0,64.8
7171,29.0,348.0,64.4
7172,34.0,408.0,63.9
7173,26.0,312.0,64.5
7174,27.0,324.0,64.4
7175,26.0,312.0,64.5
7176,23.0,276.0,64.7
7177,21.0,252.0,64.5
7178,22.0,264.0,64.6
7179,16.0,192.0,64.8
7180,20.0,240.0,64.9
7181,31.0,372.0,65.0
7182,27.0,324.0,64.8
7183,14.0,168.0,64.9
7184,18.0,216.0,65.0
7185,23.0,276.0,65.4
7186,19.0,228.0,65.4
7187,19.0,228.0,65.3
7188,16.0,192.0,65.1
7189,13.0,156.0,64.8
7190,10.0,120.0,64.9
7191,0.0,0.0,64.9
7192,0.0,0.0,64.9
7193,11.0,132.0,64.9
7194,8.0,96.0,65.0
7195,5.0,60.0,64.9
7196,10.0,120.0,64.9
7197,15.0,180.0,64.9
7198,7.0,84.0,65.0
7199,6.0,72.0,65.1
7200,1.0,12.0,65.0
7201,7.0,84.0,64.9
7202,10.0,120.0,64.9
7203,4.0,48.0,64.8
7204,5.0,60.0,65.0
7205,2.0,24.0,65.1
7206,7.0,84.0,65.0
7207,8.0,96.0,64.9
7208,7.0,84.0,64.9
7209,7.0,84.0,65.0
7210,3.0,36.0,64.9
7211,2.0,24.0,65.0
7212,1.0,12.0,65.0
7213,6.0,72.0,64.9
7214,1.0,12.0,65.0
7215,2.0,24.0,65.1
7216,2.0,24.0,65.1
7217,2.0,24.0,65.1
7218,1.0,12.0,65.0
7219,2.0,24.0,65.0
7220,0.0,0.0,65.0
7221,3.0,36.0,65.0
7222,7.0,84.0,65.0
7223,4.0,48.0,64.9
7224,0.0,0.0,64.9
7225,1.0,12.0,65.0
7226,0.0,0.0,65.0
7227,3.0,36.0,64.9
7228,3.0,36.0,65.0
7229,0.0,0.0,65.0
7230,0.0,0.0,65.0
7231,1.0,12.0,64.9
7232,2.0,24.0,65.0
7233,1.0,12.0,65.3
7234,3.0,36.0,65.2
7235,3.0,36.0,65.1
7236,2.0,24.0,65.0
7237,2.0,24.0,64.9
7238,2.0,24.0,64.9
7239,0.0,0.0,64.9
7240,0.0,0.0,64.9
7241,0.0,0.0,64.9
7242,2.0,24.0,64.9
7243,1.0,12.0,64.9
7244,3.0,36.0,65.1
7245,3.0,36.0,65.2
7246,5.0,60.0,65.1
7247,4.0,48.0,64.9
7248,5.0,60.0,64.8
7249,0.0,0.0,64.8
7250,3.0,36.0,64.9
7251,1.0,12.0,64.9
7252,10.0,120.0,65.0
7253,5.0,60.0,65.0
7254,6.0,72.0,64.9
7255,5.0,60.0,65.1
7256,17.0,204.0,65.1
7257,9.0,108.0,65.1
7258,14.0,168.0,65.1
7259,15.0,180.0,65.1
7260,5.0,60.0,65.1
7261,13.0,156.0,65.1
7262,9.0,108.0,65.0
7263,13.0,156.0,64.8
7264,13.0,156.0,64.9
7265,16.0,192.0,64.8
7266,15.0,180.0,64.9
7267,26.0,312.0,65.1
7268,25.0,300.0,64.7
7269,37.0,444.0,64.0
7270,26.0,312.0,64.3
7271,22.0,264.0,64.7
7272,24.0,288.0,65.2
7273,22.0,264.0,65.0
7274,21.0,252.0,64.8
7275,28.0,336.0,64.5
7276,25.0,300.0,64.8
7277,28.0,336.0,64.9
7278,17.0,204.0,64.8
7279,35.0,420.0,64.8
7280,53.0,636.0,63.6
7281,72.0,864.0,62.3
7282,61.0,732.0,61.7
7283,48.0,576.0,62.9
7284,55.0,660.0,64.9
7285,36.0,432.0,64.5
7286,47.0,564.0,65.2
7287,47.0,564.0,64.5
7288,52.0,624.0,64.3
7289,55.0,660.0,63.3
7290,48.0,576.0,63.2
7291,60.0,720.0,63.8
7292,58.0,696.0,63.3
7293,61.0,732.0,64.1
7294,65.0,780.0,62.9
7295,70.0,840.0,63.4
7296,54.0,648.0,63.1
7297,47.0,564.0,62.9
7298,54.0,648.0,62.1
7299,45.0,540.0,62.9
7300,52.0,624.0,62.5
7301,56.0,672.0,62.5
7302,52.0,624.0,62.8
7303,45.0,540.0,62.9
7304,41.0,492.0,64.2
7305,48.0,576.0,63.9
7306,59.0,708.0,64.7
7307,42.0,504.0,63.9
7308,48.0,576.0,63.4
7309,49.0,588.0,63.2
7310,37.0,444.0,63.2
7311,37.0,444.0,63.4
7312,41.0,492.0,62.9
7313,47.0,564.0,62.3
7314,42.0,504.0,62.9
7315,36.0,432.0,63.6
7316,38.0,456.0,63.8
7317,45.0,540.0,62.3
7318,51.0,612.0,62.8
7319,41.0,492.0,58.7
7320,48.0,576.0,61.5
7321,27.0,324.0,63.4
7322,36.0,432.0,65.1
7323,31.0,372.0,64.4
7324,42.0,504.0,65.0
7325,40.0,480.0,65.6
7326,47.0,564.0,64.3
7327,37.0,444.0,65.0
7328,40.0,480.0,64.5
7329,43.0,516.0,65.3
7330,50.0,600.0,64.0
7331,38.0,456.0,65.0
7332,48.0,576.0,64.5
7333,32.0,384.0,64.7
7334,43.0,516.0,65.6
7335,39.0,468.0,65.1
7336,60.0,720.0,65.1
7337,57.0,684.0,63.7
7338,54.0,648.0,64.9
7339,41.0,492.0,65.2
7340,46.0,552.0,63.9
7341,59.0,708.0,63.9
7342,58.0,696.0,64.4
7343,48.0,576.0,65.1
7344,37.0,444.0,65.1
7345,49.0,588.0,65.1
7346,61.0,732.0,65.4
7347,49.0,588.0,65.8
7348,46.0,552.0,64.9
7349,40.0,480.0,63.9
7350,49.0,588.0,65.0
7351,49.0,588.0,64.2
7352,43.0,516.0,64.1
7353,46.0,552.0,63.9
7354,51.0,612.0,64.9
7355,51.0,612.0,64.2
7356,54.0,648.0,54.2
7357,90.0,1080.0,40.6
7358,100.0,1200.0,37.0
7359,111.0,1332.0,30.8
7360,103.0,1236.0,27.7
7361,110.0,1320.0,24.5
7362,106.0,1272.0,20.7
7363,112.0,1344.0,21.1
7364,107.0,1284.0,18.5
7365,112.0,1344.0,24.8
7366,109.0,1308.0,29.0
7367,107.0,1284.0,33.3
7368,108.0,1296.0,34.6
7369,110.0,1320.0,31.5
7370,123.0,1476.0,33.5
7371,121.0,1452.0,36.6
7372,31.0,372.0,44.0
7373,9.0,108.0,25.4
7374,104.0,1248.0,21.9
7375,117.0,1404.0,24.1
7376,113.0,1356.0,32.2
7377,108.0,1296.0,39.4
7378,108.0,1296.0,41.6
7379,95.0,1140.0,48.0
7380,69.0,828.0,54.3
7381,83.0,996.0,57.5
7382,84.0,1008.0,59.4
7383,79.0,948.0,60.7
7384,87.0,1044.0,60.8
7385,71.0,852.0,62.1
7386,72.0,864.0,62.0
7387,64.0,768.0,63.5
7388,90.0,1080.0,62.0
7389,97.0,1164.0,61.3
7390,81.0,972.0,60.4
7391,100.0,1200.0,59.5
7392,89.0,1068.0,57.2
7393,76.0,912.0,57.1
7394,89.0,1068.0,57.4
7395,83.0,996.0,57.8
7396,77.0,924.0,58.0
7397,78.0,936.0,55.9
7398,55.0,660.0,57.7
7399,54.0,648.0,58.5
7400,53.0,636.0,59.0
7401,63.0,756.0,59.3
7402,110.0,1320.0,55.2
7403,107.0,1284.0,52.3
7404,90.0,1080.0,56.4
7405,90.0,1080.0,57.6
7406,88.0,1056.0,59.1
7407,85.0,1020.0,60.0
7408,86.0,1032.0,60.5
7409,100.0,1200.0,61.7
7410,93.0,1116.0,62.6
7411,84.0,1008.0,63.3
7412,78.0,936.0,64.1
7413,91.0,1092.0,63.1
7414,80.0,960.0,63.7
7415,85.0,1020.0,63.0
7416,94.0,1128.0,62.6
7417,82.0,984.0,63.3
7418,60.0,720.0,65.4
7419,56.0,672.0,65.1
7420,62.0,744.0,64.3
7421,70.0,840.0,66.0
7422,54.0,648.0,66.5
7423,37.0,444.0,65.1
7424,42.0,504.0,65.2
7425,61.0,732.0,65.6
7426,47.0,564.0,66.1
7427,52.0,624.0,65.2
7428,44.0,528.0,64.4
7429,42.0,504.0,64.9
7430,39.0,468.0,65.7
7431,42.0,504.0,65.4
7432,61.0,732.0,65.6
7433,40.0,480.0,65.5
7434,39.0,468.0,65.7
7435,44.0,528.0,65.6
7436,32.0,384.0,65.6
7437,34.0,408.0,65.2
7438,38.0,456.0,65.6
7439,33.0,396.0,65.6
7440,39.0,468.0,65.6
7441,31.0,372.0,64.6
7442,26.0,312.0,64.2
7443,34.0,408.0,64.0
7444,41.0,492.0,63.9
7445,48.0,576.0,63.3
7446,32.0,384.0,62.3
7447,36.0,432.0,63.5
7448,44.0,528.0,63.4
7449,22.0,264.0,64.3
7450,37.0,444.0,64.2
7451,37.0,444.0,63.4
7452,34.0,408.0,64.3
7453,30.0,360.0,64.3
7454,32.0,384.0,64.5
7455,39.0,468.0,64.6
7456,29.0,348.0,64.4
7457,35.0,420.0,64.5
7458,30.0,360.0,64.4
7459,26.0,312.0,64.8
7460,21.0,252.0,64.8
7461,26.0,312.0,61.9
7462,52.0,624.0,61.0
7463,24.0,288.0,63.0
7464,13.0,156.0,63.9
7465,25.0,300.0,64.4
7466,22.0,264.0,64.5
7467,37.0,444.0,64.3
7468,26.0,312.0,64.4
7469,17.0,204.0,64.5
7470,24.0,288.0,64.5
7471,19.0,228.0,64.7
7472,17.0,204.0,64.5
7473,20.0,240.0,64.5
7474,15.0,180.0,64.8
7475,24.0,288.0,65.0
7476,15.0,180.0,64.9
7477,13.0,156.0,64.8
7478,14.0,168.0,65.0
7479,15.0,180.0,65.2
7480,11.0,132.0,65.1
7481,13.0,156.0,65.2
7482,10.0,120.0,65.1
7483,10.0,120.0,65.0
7484,7.0,84.0,65.0
7485,7.0,84.0,65.0
7486,7.0,84.0,64.9
7487,6.0,72.0,65.0
7488,9.0,108.0,65.0
7489,4.0,48.0,65.0
7490,10.0,120.0,65.0
7491,7.0,84.0,65.0
7492,5.0,60.0,65.1
7493,5.0,60.0,65.0
7494,4.0,48.0,64.9
7495,3.0,36.0,65.0
7496,4.0,48.0,65.0
7497,3.0,36.0,65.0
7498,4.0,48.0,65.0
7499,1.0,12.0,64.8
7500,4.0,48.0,64.9
7501,4.0,48.0,64.8
7502,3.0,36.0,64.9
7503,5.0,60.0,64.6
7504,1.0,12.0,64.7
7505,4.0,48.0,64.8
7506,3.0,36.0,64.9
7507,2.0,24.0,65.0
7508,2.0,24.0,65.0
7509,1.0,12.0,65.0
7510,3.0,36.0,64.9
7511,3.0,36.0,65.0
7512,2.0,24.0,64.9
7513,3.0,36.0,65.0
7514,2.0,24.0,64.9
7515,1.0,12.0,64.9
7516,5.0,60.0,64.9
7517,2.0,24.0,64.8
7518,4.0,48.0,64.7
7519,4.0,48.0,64.8
7520,2.0,24.0,65.0
7521,0.0,0.0,65.0
7522,3.0,36.0,65.0
7523,3.0,36.0,65.0
7524,3.0,36.0,65.1
7525,0.0,0.0,65.1
7526,5.0,60.0,65.1
7527,1.0,12.0,65.1
7528,1.0,12.0,65.0
7529,3.0,36.0,65.0
7530,3.0,36.0,65.0
7531,2.0,24.0,65.1
7532,2.0,24.0,65.1
7533,5.0,60.0,65.2
7534,7.0,84.0,65.3
7535,5.0,60.0,65.2
7536,5.0,60.0,65.1
7537,2.0,24.0,64.9
7538,2.0,24.0,64.8
7539,7.0,84.0,64.7
7540,6.0,72.0,64.8
7541,11.0,132.0,64.9
7542,11.0,132.0,64.8
7543,11.0,132.0,64.8
7544,12.0,144.0,65.0
7545,14.0,168.0,65.0
7546,11.0,132.0,64.9
7547,10.0,120.0,65.0
7548,9.0,108.0,65.1
7549,8.0,96.0,65.0
7550,8.0,96.0,65.1
7551,16.0,192.0,65.1
7552,9.0,108.0,65.1
7553,15.0,180.0,65.0
7554,23.0,276.0,64.8
7555,19.0,228.0,65.1
7556,23.0,276.0,65.1
7557,29.0,348.0,65.1
7558,23.0,276.0,65.4
7559,30.0,360.0,65.0
7560,16.0,192.0,65.0
7561,31.0,372.0,65.2
7562,26.0,312.0,65.1
7563,26.0,312.0,65.3
7564,24.0,288.0,65.1
7565,33.0,396.0,64.4
7566,41.0,492.0,63.6
7567,37.0,444.0,63.1
7568,46.0,552.0,63.1
7569,61.0,732.0,62.9
7570,67.0,804.0,62.3
7571,48.0,576.0,64.2
7572,56.0,672.0,64.6
7573,56.0,672.0,64.9
7574,66.0,792.0,64.1
7575,55.0,660.0,64.7
7576,53.0,636.0,65.4
7577,58.0,696.0,63.9
7578,68.0,816.0,63.1
7579,50.0,600.0,64.8
7580,56.0,672.0,64.6
7581,63.0,756.0,65.0
7582,80.0,960.0,65.5
7583,44.0,528.0,65.5
7584,69.0,828.0,64.5
7585,53.0,636.0,64.8
7586,64.0,768.0,63.3
7587,46.0,552.0,64.5
7588,49.0,588.0,64.9
7589,47.0,564.0,65.7
7590,76.0,912.0,63.7
7591,40.0,480.0,63.8
7592,41.0,492.0,64.9
7593,58.0,696.0,65.5
7594,54.0,648.0,64.8
7595,49.0,588.0,64.6
7596,54.0,648.0,64.6
7597,49.0,588.0,63.6
7598,41.0,492.0,64.0
7599,51.0,612.0,63.4
7600,47.0,564.0,64.0
7601,40.0,480.0,64.3
7602,44.0,528.0,63.7
7603,43.0,516.0,64.4
7604,47.0,564.0,63.9
7605,57.0,684.0,62.6
7606,43.0,516.0,63.8
7607,42.0,504.0,63.7
7608,40.0,480.0,63.3
7609,65.0,780.0,62.8
7610,65.0,780.0,62.4
7611,49.0,588.0,63.0
7612,34.0,408.0,64.0
7613,40.0,480.0,64.1
7614,41.0,492.0,64.6
7615,62.0,744.0,63.7
7616,50.0,600.0,63.7
7617,44.0,528.0,64.4
7618,54.0,648.0,64.5
7619,42.0,504.0,64.8
7620,53.0,636.0,65.0
7621,44.0,528.0,63.9
7622,52.0,624.0,64.6
7623,52.0,624.0,64.0
7624,55.0,660.0,64.5
7625,52.0,624.0,64.8
7626,48.0,576.0,64.4
7627,62.0,744.0,65.1
7628,49.0,588.0,64.8
7629,41.0,492.0,65.1
7630,41.0,492.0,65.7
7631,44.0,528.0,65.9
7632,41.0,492.0,65.5
7633,29.0,348.0,65.5
7634,44.0,528.0,65.9
7635,45.0,540.0,65.8
7636,47.0,564.0,65.4
7637,59.0,708.0,64.0
7638,56.0,672.0,65.0
7639,57.0,684.0,65.6
7640,48.0,576.0,66.0
7641,66.0,792.0,64.5
7642,58.0,696.0,63.8
7643,53.0,636.0,64.2
7644,45.0,540.0,65.0
7645,62.0,744.0,64.9
7646,59.0,708.0,64.6
7647,59.0,708.0,65.2
7648,55.0,660.0,64.6
7649,55.0,660.0,65.2
7650,66.0,792.0,65.6
7651,46.0,552.0,64.8
7652,65.0,780.0,64.7
7653,73.0,876.0,66.8
7654,68.0,816.0,66.4
7655,54.0,648.0,66.7
7656,56.0,672.0,65.9
7657,76.0,912.0,65.5
7658,64.0,768.0,65.4
7659,57.0,684.0,65.2
7660,53.0,636.0,63.5
7661,60.0,720.0,63.5
7662,65.0,780.0,64.5
7663,56.0,672.0,64.9
7664,55.0,660.0,65.1
7665,62.0,744.0,64.2
7666,85.0,1020.0,63.6
7667,77.0,924.0,64.6
7668,70.0,840.0,61.0
7669,83.0,996.0,60.5
7670,68.0,816.0,59.0
7671,79.0,948.0,58.7
7672,90.0,1080.0,58.0
7673,89.0,1068.0,56.8
7674,102.0,1224.0,56.7
7675,81.0,972.0,56.6
7676,79.0,948.0,57.1
7677,95.0,1140.0,56.3
7678,95.0,1140.0,55.9
7679,83.0,996.0,55.8
7680,79.0,948.0,57.1
7681,90.0,1080.0,57.1
7682,80.0,960.0,57.0
7683,77.0,924.0,57.1
7684,86.0,1032.0,55.3
7685,81.0,972.0,55.7
7686,95.0,1140.0,55.7
7687,90.0,1080.0,56.2
7688,88.0,1056.0,57.0
7689,97.0,1164.0,56.2
7690,79.0,948.0,56.3
7691,95.0,1140.0,56.3
7692,81.0,972.0,56.7
7693,74.0,888.0,58.0
7694,71.0,852.0,57.8
7695,104.0,1248.0,57.8
7696,91.0,1092.0,58.0
7697,93.0,1116.0,57.5
7698,93.0,1116.0,56.8
7699,97.0,1164.0,56.9
7700,96.0,1152.0,55.6
7701,91.0,1092.0,56.2
7702,99.0,1188.0,57.0
7703,99.0,1188.0,56.3
7704,87.0,1044.0,59.7
7705,79.0,948.0,59.6
7706,62.0,744.0,63.3
7707,68.0,816.0,64.0
7708,54.0,648.0,64.9
7709,58.0,696.0,65.5
7710,60.0,720.0,65.1
7711,57.0,684.0,65.6
7712,54.0,648.0,66.2
7713,50.0,600.0,65.9
7714,47.0,564.0,66.3
7715,60.0,720.0,65.7
7716,53.0,636.0,63.5
7717,44.0,528.0,63.8
7718,41.0,492.0,63.3
7719,47.0,564.0,63.3
7720,45.0,540.0,64.5
7721,44.0,528.0,64.9
7722,46.0,552.0,64.5
7723,37.0,444.0,64.9
7724,41.0,492.0,65.2
7725,40.0,480.0,65.4
7726,37.0,444.0,64.8
7727,43.0,516.0,63.8
7728,40.0,480.0,64.1
7729,36.0,432.0,64.1
7730,40.0,480.0,64.0
7731,32.0,384.0,64.4
7732,36.0,432.0,63.7
7733,37.0,444.0,64.4
7734,30.0,360.0,64.4
7735,44.0,528.0,62.9
7736,33.0,396.0,63.6
7737,41.0,492.0,64.5
7738,27.0,324.0,64.4
7739,39.0,468.0,64.2
7740,45.0,540.0,63.7
7741,30.0,360.0,64.1
7742,36.0,432.0,64.3
7743,50.0,600.0,64.3
7744,32.0,384.0,64.4
7745,40.0,480.0,64.0
7746,34.0,408.0,64.9
7747,44.0,528.0,64.3
7748,36.0,432.0,64.0
7749,30.0,360.0,64.6
7750,29.0,348.0,65.0
7751,36.0,432.0,64.5
7752,23.0,276.0,64.5
7753,31.0,372.0,63.7
7754,30.0,360.0,64.3
7755,19.0,228.0,64.7
7756,32.0,384.0,65.0
7757,37.0,444.0,65.1
7758,29.0,348.0,65.2
7759,21.0,252.0,65.1
7760,27.0,324.0,65.2
7761,20.0,240.0,64.9
7762,20.0,240.0,65.0
7763,17.0,204.0,65.1
7764,12.0,144.0,65.1
7765,13.0,156.0,65.0
7766,16.0,192.0,64.9
7767,12.0,144.0,65.0
7768,11.0,132.0,64.9
7769,12.0,144.0,64.9
7770,10.0,120.0,64.9
7771,10.0,120.0,65.0
7772,14.0,168.0,65.1
7773,13.0,156.0,65.1
7774,20.0,240.0,64.9
7775,12.0,144.0,64.8
7776,10.0,120.0,65.0
7777,18.0,216.0,65.0
7778,4.0,48.0,65.0
7779,5.0,60.0,65.0
7780,3.0,36.0,65.0
7781,3.0,36.0,65.0
7782,9.0,108.0,64.9
7783,11.0,132.0,64.9
7784,5.0,60.0,65.0
7785,5.0,60.0,65.0
7786,5.0,60.0,65.0
7787,6.0,72.0,65.0
7788,7.0,84.0,65.0
7789,3.0,36.0,64.9
7790,3.0,36.0,64.6
7791,5.0,60.0,64.8
7792,3.0,36.0,64.9
7793,3.0,36.0,65.0
7794,0.0,0.0,65.0
7795,6.0,72.0,64.9
7796,1.0,12.0,65.1
7797,3.0,36.0,65.0
7798,2.0,24.0,64.9
7799,2.0,24.0,64.8
7800,4.0,48.0,64.8
7801,4.0,48.0,64.8
7802,1.0,12.0,64.9
7803,2.0,24.0,64.8
7804,2.0,24.0,64.8
7805,4.0,48.0,64.8
7806,0.0,0.0,64.8
7807,4.0,48.0,64.9
7808,3.0,36.0,64.9
7809,0.0,0.0,64.9
7810,1.0,12.0,64.9
7811,0.0,0.0,64.9
7812,3.0,36.0,64.9
7813,2.0,24.0,64.8
7814,2.0,24.0,65.2
7815,5.0,60.0,65.1
7816,1.0,12.0,65.0
7817,0.0,0.0,65.0
7818,5.0,60.0,65.0
7819,2.0,24.0,65.1
7820,6.0,72.0,65.0
7821,8.0,96.0,65.1
7822,2.0,24.0,65.2
7823,8.0,96.0,65.0
7824,2.0,24.0,64.9
7825,5.0,60.0,64.9
7826,3.0,36.0,64.9
7827,6.0,72.0,64.9
7828,7.0,84.0,64.9
7829,9.0,108.0,65.1
7830,7.0,84.0,65.1
7831,13.0,156.0,64.9
7832,11.0,132.0,64.9
7833,11.0,132.0,64.9
7834,9.0,108.0,64.9
7835,12.0,144.0,64.9
7836,9.0,108.0,64.9
7837,6.0,72.0,64.8
7838,17.0,204.0,64.6
7839,13.0,156.0,64.6
7840,17.0,204.0,64.8
7841,8.0,96.0,64.9
7842,17.0,204.0,64.8
7843,10.0,120.0,64.9
7844,23.0,276.0,65.0
7845,34.0,408.0,64.9
7846,27.0,324.0,65.2
7847,26.0,312.0,65.3
7848,22.0,264.0,65.5
7849,23.0,276.0,65.5
7850,22.0,264.0,65.2
7851,23.0,276.0,65.3
7852,22.0,264.0,65.3
7853,38.0,456.0,65.3
7854,36.0,432.0,64.8
7855,37.0,444.0,64.4
7856,46.0,552.0,63.8
7857,52.0,624.0,64.7
7858,52.0,624.0,64.6
7859,64.0,768.0,65.1
7860,41.0,492.0,64.2
7861,37.0,444.0,64.8
7862,56.0,672.0,63.8
7863,69.0,828.0,62.5
7864,65.0,780.0,61.4
7865,58.0,696.0,61.7
7866,55.0,660.0,63.0
7867,71.0,852.0,61.7
7868,65.0,780.0,62.3
7869,64.0,768.0,64.5
7870,62.0,744.0,64.0
7871,66.0,792.0,65.1
7872,68.0,816.0,64.5
7873,56.0,672.0,64.7
7874,52.0,624.0,64.5
7875,61.0,732.0,63.1
7876,50.0,600.0,63.8
7877,50.0,600.0,63.7
7878,54.0,648.0,63.7
7879,46.0,552.0,63.9
7880,61.0,732.0,63.3
7881,45.0,540.0,63.3
7882,65.0,780.0,62.7
7883,46.0,552.0,64.2
7884,60.0,720.0,64.7
7885,53.0,636.0,65.2
7886,37.0,444.0,64.5
7887,44.0,528.0,64.4
7888,44.0,528.0,64.2
7889,59.0,708.0,63.6
7890,48.0,576.0,64.4
7891,44.0,528.0,63.6
7892,63.0,756.0,63.8
7893,47.0,564.0,63.7
7894,39.0,468.0,65.0
7895,54.0,648.0,64.5
7896,46.0,552.0,64.2
7897,62.0,744.0,65.5
7898,46.0,552.0,66.7
7899,52.0,624.0,66.1
7900,57.0,684.0,66.0
7901,50.0,600.0,65.0
7902,48.0,576.0,65.0
7903,52.0,624.0,64.9
7904,52.0,624.0,64.0
7905,60.0,720.0,64.9
7906,49.0,588.0,65.8
7907,46.0,552.0,65.6
7908,47.0,564.0,63.9
7909,54.0,648.0,56.3
7910,64.0,768.0,47.1
7911,84.0,1008.0,38.5
7912,91.0,1092.0,39.7
7913,82.0,984.0,48.7
7914,48.0,576.0,56.7
7915,53.0,636.0,60.3
7916,54.0,648.0,62.1
7917,49.0,588.0,63.4
7918,43.0,516.0,65.2
7919,37.0,444.0,64.7
7920,63.0,756.0,62.9
7921,52.0,624.0,62.9
7922,62.0,744.0,63.3
7923,68.0,816.0,64.9
7924,56.0,672.0,64.2
7925,59.0,708.0,63.4
7926,71.0,852.0,63.6
7927,68.0,816.0,63.0
7928,65.0,780.0,61.2
7929,77.0,924.0,60.8
7930,67.0,804.0,61.3
7931,58.0,696.0,62.9
7932,65.0,780.0,63.0
7933,61.0,732.0,63.5
7934,52.0,624.0,64.1
7935,63.0,756.0,62.9
7936,67.0,804.0,63.6
7937,73.0,876.0,63.2
7938,78.0,936.0,62.9
7939,56.0,672.0,63.3
7940,72.0,864.0,63.9
7941,76.0,912.0,64.0
7942,73.0,876.0,62.7
7943,82.0,984.0,62.4
7944,78.0,936.0,60.9
7945,70.0,840.0,59.9
7946,87.0,1044.0,59.4
7947,79.0,948.0,58.8
7948,77.0,924.0,58.8
7949,52.0,624.0,58.9
7950,83.0,996.0,58.7
7951,74.0,888.0,58.9
7952,73.0,876.0,57.5
7953,78.0,936.0,57.4
7954,94.0,1128.0,56.7
7955,73.0,876.0,58.1
7956,83.0,996.0,57.6
7957,95.0,1140.0,57.5
7958,75.0,900.0,57.4
7959,90.0,1080.0,58.0
7960,83.0,996.0,58.6
7961,94.0,1128.0,57.6
7962,76.0,912.0,57.7
7963,80.0,960.0,56.9
7964,101.0,1212.0,55.7
7965,101.0,1212.0,56.5
7966,75.0,900.0,57.2
7967,110.0,1320.0,56.8
7968,90.0,1080.0,56.8
7969,87.0,1044.0,57.8
7970,91.0,1092.0,56.2
7971,94.0,1128.0,55.7
7972,77.0,924.0,54.9
7973,88.0,1056.0,55.6
7974,92.0,1104.0,55.8
7975,87.0,1044.0,56.4
7976,92.0,1104.0,55.4
7977,99.0,1188.0,54.6
7978,87.0,1044.0,54.8
7979,97.0,1164.0,53.5
7980,82.0,984.0,54.5
7981,99.0,1188.0,55.2
7982,108.0,1296.0,55.2
7983,95.0,1140.0,54.9
7984,98.0,1176.0,53.9
7985,95.0,1140.0,54.6
7986,90.0,1080.0,55.5
7987,80.0,960.0,55.6
7988,92.0,1104.0,55.9
7989,77.0,924.0,56.5
7990,95.0,1140.0,56.6
7991,95.0,1140.0,55.4
7992,106.0,1272.0,56.5
7993,85.0,1020.0,58.8
7994,82.0,984.0,59.9
7995,81.0,972.0,62.0
7996,64.0,768.0,63.8
7997,64.0,768.0,64.5
7998,58.0,696.0,64.8
7999,81.0,972.0,64.5
8000,75.0,900.0,65.1
8001,59.0,708.0,65.0
8002,49.0,588.0,65.8
8003,58.0,696.0,64.1
8004,44.0,528.0,63.7
8005,49.0,588.0,63.6
8006,60.0,720.0,64.3
8007,51.0,612.0,63.8
8008,55.0,660.0,64.6
8009,44.0,528.0,63.8
8010,47.0,564.0,65.4
8011,49.0,588.0,65.1
8012,51.0,612.0,65.2
8013,41.0,492.0,64.6
8014,41.0,492.0,65.4
8015,53.0,636.0,66.1
8016,60.0,720.0,66.9
8017,44.0,528.0,66.4
8018,57.0,684.0,64.0
8019,52.0,624.0,64.1
8020,34.0,408.0,64.8
8021,43.0,516.0,64.5
8022,42.0,504.0,64.2
8023,46.0,552.0,65.1
8024,43.0,516.0,64.8
8025,44.0,528.0,64.7
8026,38.0,456.0,63.7
8027,43.0,516.0,64.0
8028,38.0,456.0,64.0
8029,39.0,468.0,64.6
8030,43.0,516.0,64.4
8031,48.0,576.0,64.3
8032,38.0,456.0,65.4
8033,46.0,552.0,65.2
8034,45.0,540.0,65.2
8035,51.0,612.0,65.9
8036,45.0,540.0,64.1
8037,35.0,420.0,64.6
8038,42.0,504.0,65.8
8039,27.0,324.0,65.7
8040,39.0,468.0,64.8
8041,19.0,228.0,64.9
8042,40.0,480.0,64.5
8043,23.0,276.0,64.6
8044,23.0,276.0,64.9
8045,28.0,336.0,64.9
8046,21.0,252.0,64.6
8047,17.0,204.0,64.8
8048,25.0,300.0,64.7
8049,19.0,228.0,64.8
8050,15.0,180.0,64.9
8051,20.0,240.0,65.1
8052,19.0,228.0,65.0
8053,19.0,228.0,64.9
8054,18.0,216.0,64.9
8055,14.0,168.0,64.6
8056,18.0,216.0,64.9
8057,14.0,168.0,64.8
8058,8.0,96.0,64.9
8059,13.0,156.0,65.0
8060,13.0,156.0,64.9
8061,7.0,84.0,64.9
8062,4.0,48.0,64.9
8063,10.0,120.0,64.9
8064,9.0,108.0,65.0
8065,9.0,108.0,65.0
8066,10.0,120.0,65.0
8067,7.0,84.0,65.0
8068,8.0,96.0,65.0
8069,7.0,84.0,65.0
8070,8.0,96.0,64.9
8071,6.0,72.0,64.9
8072,8.0,96.0,65.1
8073,4.0,48.0,65.0
8074,5.0,60.0,64.9
8075,6.0,72.0,64.9
8076,5.0,60.0,64.9
8077,3.0,36.0,64.9
8078,9.0,108.0,64.9
8079,2.0,24.0,65.0
8080,4.0,48.0,64.9
8081,4.0,48.0,64.9
8082,4.0,48.0,64.5
8083,7.0,84.0,64.7
8084,3.0,36.0,65.0
8085,1.0,12.0,65.0
8086,1.0,12.0,65.1
8087,3.0,36.0,65.1
8088,1.0,12.0,65.0
8089,3.0,36.0,65.0
8090,2.0,24.0,65.1
8091,2.0,24.0,65.0
8092,1.0,12.0,64.9
8093,1.0,12.0,65.0
8094,1.0,12.0,65.0
8095,3.0,36.0,64.9
8096,3.0,36.0,65.0
8097,0.0,0.0,65.0
8098,2.0,24.0,64.9
8099,3.0,36.0,64.9
8100,0.0,0.0,64.9
8101,1.0,12.0,64.9
8102,1.0,12.0,64.9
8103,4.0,48.0,64.9
8104,4.0,48.0,64.9
8105,3.0,36.0,65.0
8106,3.0,36.0,64.9
8107,2.0,24.0,65.0
8108,3.0,36.0,65.1
8109,5.0,60.0,65.0
8110,2.0,24.0,65.1
8111,3.0,36.0,65.1
8112,0.0,0.0,65.1
8113,6.0,72.0,65.0
8114,4.0,48.0,65.1
8115,4.0,48.0,65.0
8116,1.0,12.0,65.0
8117,5.0,60.0,64.9
8118,7.0,84.0,64.9
8119,5.0,60.0,64.9
8120,7.0,84.0,65.0
8121,12.0,144.0,65.1
8122,12.0,144.0,65.1
8123,8.0,96.0,65.2
8124,11.0,132.0,65.1
8125,9.0,108.0,65.3
8126,12.0,144.0,65.1
8127,9.0,108.0,65.0
8128,14.0,168.0,65.0
8129,6.0,72.0,64.9
8130,15.0,180.0,65.0
8131,22.0,264.0,65.1
8132,44.0,528.0,65.0
8133,24.0,288.0,65.2
8134,33.0,396.0,65.0
8135,33.0,396.0,65.4
8136,19.0,228.0,65.2
8137,25.0,300.0,65.3
8138,22.0,264.0,64.9
8139,29.0,348.0,64.7
8140,29.0,348.0,65.0
8141,30.0,360.0,64.8
8142,28.0,336.0,64.9
8143,44.0,528.0,64.1
8144,48.0,576.0,63.5
8145,63.0,756.0,62.6
8146,52.0,624.0,63.9
8147,57.0,684.0,63.8
8148,51.0,612.0,64.7
8149,56.0,672.0,65.2
8150,42.0,504.0,65.5
8151,45.0,540.0,65.1
8152,56.0,672.0,64.7
8153,55.0,660.0,65.1
8154,59.0,708.0,63.8
8155,65.0,780.0,63.1
8156,79.0,948.0,63.5
8157,74.0,888.0,63.0
8158,66.0,792.0,62.7
8159,87.0,1044.0,62.1
8160,60.0,720.0,61.4
8161,52.0,624.0,62.5
8162,52.0,624.0,63.4
8163,54.0,648.0,63.7
8164,68.0,816.0,63.3
8165,46.0,552.0,65.0
8166,55.0,660.0,64.6
8167,60.0,720.0,65.1
8168,58.0,696.0,65.5
8169,56.0,672.0,64.7
8170,38.0,456.0,64.8
8171,43.0,516.0,65.4
8172,45.0,540.0,65.8
8173,43.0,516.0,66.3
8174,43.0,516.0,64.9
8175,50.0,600.0,64.2
8176,44.0,528.0,64.4
8177,40.0,480.0,64.9
8178,46.0,552.0,64.9
8179,57.0,684.0,62.8
8180,55.0,660.0,63.9
8181,49.0,588.0,64.4
8182,50.0,600.0,64.7
8183,59.0,708.0,62.4
8184,56.0,672.0,63.9
8185,45.0,540.0,63.9
8186,51.0,612.0,65.0
8187,42.0,504.0,65.8
8188,36.0,432.0,64.9
8189,47.0,564.0,65.4
8190,58.0,696.0,65.4
8191,60.0,720.0,65.6
8192,69.0,828.0,65.0
8193,65.0,780.0,65.5
8194,68.0,816.0,65.0
8195,57.0,684.0,65.7
8196,71.0,852.0,64.5
8197,62.0,744.0,63.9
8198,68.0,816.0,64.4
8199,59.0,708.0,64.3
8200,55.0,660.0,64.5
8201,72.0,864.0,64.8
8202,67.0,804.0,63.5
8203,66.0,792.0,64.0
8204,75.0,900.0,62.6
8205,73.0,876.0,63.4
8206,59.0,708.0,63.2
8207,74.0,888.0,63.1
8208,63.0,756.0,65.4
8209,70.0,840.0,64.0
8210,78.0,936.0,63.6
8211,77.0,924.0,62.6
8212,76.0,912.0,63.0
8213,52.0,624.0,61.3
8214,103.0,1236.0,58.1
8215,121.0,1452.0,54.7
8216,109.0,1308.0,54.6
8217,116.0,1392.0,55.5
8218,108.0,1296.0,55.4
8219,112.0,1344.0,56.4
8220,82.0,984.0,55.3
8221,83.0,996.0,56.7
8222,82.0,984.0,56.9
8223,71.0,852.0,56.9
8224,67.0,804.0,56.7
8225,88.0,1056.0,57.8
8226,82.0,984.0,59.9
8227,70.0,840.0,60.3
8228,83.0,996.0,59.3
8229,93.0,1116.0,57.6
8230,93.0,1116.0,58.1
8231,84.0,1008.0,57.7
8232,74.0,888.0,57.5
8233,81.0,972.0,57.6
8234,89.0,1068.0,56.1
8235,95.0,1140.0,53.3
8236,88.0,1056.0,54.3
8237,99.0,1188.0,56.4
8238,104.0,1248.0,56.5
8239,88.0,1056.0,56.7
8240,104.0,1248.0,56.6
8241,110.0,1320.0,55.7
8242,108.0,1296.0,53.1
8243,136.0,1632.0,46.0
8244,126.0,1512.0,41.8
8245,108.0,1296.0,41.7
8246,120.0,1440.0,44.2
8247,109.0,1308.0,49.4
8248,100.0,1200.0,51.0
8249,99.0,1188.0,54.1
8250,107.0,1284.0,54.5
8251,93.0,1116.0,55.7
8252,106.0,1272.0,55.4
8253,114.0,1368.0,52.5
8254,99.0,1188.0,53.6
8255,111.0,1332.0,54.2
8256,93.0,1116.0,52.3
8257,117.0,1404.0,52.5
8258,107.0,1284.0,53.3
8259,109.0,1308.0,54.6
8260,90.0,1080.0,55.9
8261,103.0,1236.0,55.0
8262,103.0,1236.0,55.1
8263,106.0,1272.0,55.3
8264,98.0,1176.0,55.8
8265,81.0,972.0,56.6
8266,109.0,1308.0,57.4
8267,92.0,1104.0,56.9
8268,89.0,1068.0,59.0
8269,100.0,1200.0,59.1
8270,99.0,1188.0,56.7
8271,79.0,948.0,57.5
8272,99.0,1188.0,56.9
8273,86.0,1032.0,56.8
8274,100.0,1200.0,56.5
8275,101.0,1212.0,56.7
8276,103.0,1236.0,56.4
8277,101.0,1212.0,56.5
8278,88.0,1056.0,58.9
8279,84.0,1008.0,59.9
8280,93.0,1116.0,62.5
8281,72.0,864.0,63.6
8282,88.0,1056.0,63.7
8283,71.0,852.0,64.8
8284,72.0,864.0,65.1
8285,78.0,936.0,66.2
8286,89.0,1068.0,65.4
8287,68.0,816.0,66.4
8288,69.0,828.0,66.8
8289,70.0,840.0,66.8
8290,56.0,672.0,66.4
8291,50.0,600.0,65.9
8292,61.0,732.0,65.8
8293,73.0,876.0,65.9
8294,74.0,888.0,65.6
8295,74.0,888.0,64.5
8296,62.0,744.0,64.6
8297,69.0,828.0,66.5
8298,68.0,816.0,65.9
8299,72.0,864.0,67.6
8300,71.0,852.0,66.5
8301,69.0,828.0,65.2
8302,72.0,864.0,65.3
8303,66.0,792.0,66.2
8304,69.0,828.0,64.7
8305,49.0,588.0,65.0
8306,64.0,768.0,64.5
8307,60.0,720.0,64.1
8308,55.0,660.0,63.9
8309,71.0,852.0,65.1
8310,63.0,756.0,64.5
8311,46.0,552.0,65.2
8312,43.0,516.0,64.0
8313,53.0,636.0,64.3
8314,74.0,888.0,64.1
8315,57.0,684.0,63.8
8316,57.0,684.0,63.1
8317,41.0,492.0,64.4
8318,61.0,732.0,64.5
8319,50.0,600.0,66.0
8320,45.0,540.0,64.7
8321,49.0,588.0,64.6
8322,46.0,552.0,64.6
8323,48.0,576.0,65.5
8324,49.0,588.0,64.4
8325,43.0,516.0,64.5
8326,47.0,564.0,63.8
8327,38.0,456.0,65.5
8328,41.0,492.0,65.6
8329,45.0,540.0,64.1
8330,40.0,480.0,64.6
8331,45.0,540.0,64.5
8332,42.0,504.0,64.6
8333,40.0,480.0,64.1
8334,46.0,552.0,64.8
8335,44.0,528.0,65.5
8336,43.0,516.0,65.1
8337,33.0,396.0,65.5
8338,35.0,420.0,65.3
8339,38.0,456.0,65.0
8340,32.0,384.0,64.7
8341,40.0,480.0,64.3
8342,29.0,348.0,64.2
8343,31.0,372.0,64.2
8344,41.0,492.0,64.2
8345,28.0,336.0,64.5
8346,29.0,348.0,65.0
8347,18.0,216.0,65.0
8348,21.0,252.0,64.8
8349,21.0,252.0,65.0
8350,29.0,348.0,65.1
8351,22.0,264.0,65.0
8352,19.0,228.0,65.0
8353,13.0,156.0,65.1
8354,11.0,132.0,64.9
8355,12.0,144.0,64.9
8356,5.0,60.0,64.9
8357,21.0,252.0,65.0
8358,9.0,108.0,65.0
8359,11.0,132.0,64.9
8360,6.0,72.0,64.9
8361,13.0,156.0,64.9
8362,16.0,192.0,64.9
8363,12.0,144.0,64.8
8364,10.0,120.0,64.8
8365,8.0,96.0,64.9
8366,6.0,72.0,65.0
8367,12.0,144.0,65.0
8368,7.0,84.0,64.9
8369,7.0,84.0,65.1
8370,7.0,84.0,65.1
8371,6.0,72.0,65.2
8372,8.0,96.0,65.2
8373,11.0,132.0,65.1
8374,6.0,72.0,65.0
8375,11.0,132.0,65.1
8376,6.0,72.0,65.0
8377,8.0,96.0,65.1
8378,8.0,96.0,65.0
8379,11.0,132.0,64.8
8380,6.0,72.0,64.8
8381,4.0,48.0,65.0
8382,4.0,48.0,65.0
8383,7.0,84.0,65.1
8384,2.0,24.0,64.9
8385,5.0,60.0,65.1
8386,7.0,84.0,65.1
8387,1.0,12.0,65.1
8388,1.0,12.0,65.1
8389,1.0,12.0,65.1
8390,2.0,24.0,64.9
8391,4.0,48.0,64.9
8392,4.0,48.0,65.0
8393,3.0,36.0,65.0
8394,2.0,24.0,64.9
8395,0.0,0.0,64.9
8396,2.0,24.0,65.0
8397,5.0,60.0,65.0
8398,3.0,36.0,64.9
8399,2.0,24.0,64.9
8400,1.0,12.0,64.9
8401,9.0,108.0,65.1
8402,1.0,12.0,65.1
8403,2.0,24.0,65.1
8404,2.0,24.0,65.0
8405,2.0,24.0,65.1
8406,1.0,12.0,65.0
8407,6.0,72.0,65.1
8408,6.0,72.0,65.0
8409,5.0,60.0,65.0
8410,4.0,48.0,65.2
8411,1.0,12.0,65.0
8412,4.0,48.0,65.1
8413,4.0,48.0,64.9
8414,4.0,48.0,64.9
8415,9.0,108.0,65.1
8416,10.0,120.0,65.2
8417,6.0,72.0,65.1
8418,6.0,72.0,65.0
8419,12.0,144.0,64.9
8420,14.0,168.0,65.0
8421,11.0,132.0,65.0
8422,9.0,108.0,65.0
8423,11.0,132.0,64.9
8424,10.0,120.0,65.0
8425,20.0,240.0,65.0
8426,9.0,108.0,65.1
8427,9.0,108.0,65.0
8428,14.0,168.0,64.9
8429,18.0,216.0,65.0
8430,15.0,180.0,64.9
8431,10.0,120.0,65.0
8432,21.0,252.0,65.0
8433,14.0,168.0,64.9
8434,24.0,288.0,65.0
8435,23.0,276.0,65.0
8436,16.0,192.0,65.1
8437,29.0,348.0,65.0
8438,16.0,192.0,64.9
8439,23.0,276.0,65.0
8440,30.0,360.0,64.7
8441,19.0,228.0,64.7
8442,27.0,324.0,64.8
8443,27.0,324.0,64.5
8444,32.0,384.0,65.7
8445,35.0,420.0,64.8
8446,27.0,324.0,65.2
8447,32.0,384.0,65.1
8448,41.0,492.0,64.6
8449,18.0,216.0,64.8
8450,27.0,324.0,64.9
8451,44.0,528.0,64.7
8452,36.0,432.0,65.0
8453,34.0,408.0,64.5
8454,25.0,300.0,65.1
8455,52.0,624.0,65.4
8456,43.0,516.0,65.0
8457,51.0,612.0,64.6
8458,47.0,564.0,63.4
8459,32.0,384.0,64.4
8460,39.0,468.0,65.1
8461,44.0,528.0,65.3
8462,48.0,576.0,65.4
8463,50.0,600.0,65.2
8464,34.0,408.0,64.9
8465,53.0,636.0,65.0
8466,62.0,744.0,64.9
8467,51.0,612.0,65.1
8468,69.0,828.0,64.2
8469,51.0,612.0,63.9
8470,63.0,756.0,64.7
8471,36.0,432.0,65.1
8472,49.0,588.0,65.6
8473,48.0,576.0,65.3
8474,53.0,636.0,65.2
8475,48.0,576.0,65.5
8476,55.0,660.0,65.2
8477,58.0,696.0,66.3
8478,67.0,804.0,66.1
8479,58.0,696.0,65.3
8480,66.0,792.0,64.9
8481,56.0,672.0,66.0
8482,64.0,768.0,67.3
8483,56.0,672.0,67.0
8484,62.0,744.0,66.1
8485,58.0,696.0,65.9
8486,63.0,756.0,66.0
8487,61.0,732.0,66.5
8488,70.0,840.0,65.3
8489,83.0,996.0,66.0
8490,74.0,888.0,65.8
8491,76.0,912.0,65.3
8492,93.0,1116.0,65.4
8493,67.0,804.0,63.6
8494,72.0,864.0,64.9
8495,39.0,468.0,64.7
8496,60.0,720.0,64.8
8497,96.0,1152.0,62.0
8498,95.0,1140.0,62.6
8499,75.0,900.0,63.2
8500,79.0,948.0,63.0
8501,86.0,1032.0,62.3
8502,62.0,744.0,62.1
8503,76.0,912.0,63.2
8504,79.0,948.0,64.7
8505,77.0,924.0,62.7
8506,50.0,600.0,63.0
8507,77.0,924.0,64.2
8508,71.0,852.0,64.2
8509,74.0,888.0,62.5
8510,95.0,1140.0,63.4
8511,100.0,1200.0,64.1
8512,94.0,1128.0,65.8
8513,82.0,984.0,65.7
8514,84.0,1008.0,65.1
8515,72.0,864.0,65.3
8516,86.0,1032.0,65.1
8517,95.0,1140.0,66.0
8518,83.0,996.0,66.6
8519,89.0,1068.0,66.1
8520,81.0,972.0,65.3
8521,81.0,972.0,64.4
8522,80.0,960.0,64.9
8523,72.0,864.0,65.7
8524,91.0,1092.0,65.7
8525,77.0,924.0,63.9
8526,77.0,924.0,63.5
8527,67.0,804.0,64.0
8528,79.0,948.0,64.7
8529,80.0,960.0,65.1
8530,95.0,1140.0,64.7
8531,81.0,972.0,65.2
8532,93.0,1116.0,66.5
8533,94.0,1128.0,65.6
8534,85.0,1020.0,65.7
8535,81.0,972.0,64.9
8536,93.0,1116.0,65.6
8537,87.0,1044.0,63.8
8538,100.0,1200.0,62.8
8539,73.0,876.0,62.7
8540,77.0,924.0,63.1
8541,72.0,864.0,63.9
8542,66.0,792.0,63.9
8543,83.0,996.0,63.3
8544,84.0,1008.0,63.7
8545,79.0,948.0,64.2
8546,85.0,1020.0,62.1
8547,69.0,828.0,63.4
8548,70.0,840.0,62.4
8549,59.0,708.0,62.8
8550,66.0,792.0,63.0
8551,71.0,852.0,64.7
8552,73.0,876.0,64.4
8553,76.0,912.0,64.1
8554,68.0,816.0,64.0
8555,71.0,852.0,64.3
8556,60.0,720.0,63.3
8557,76.0,912.0,62.9
8558,60.0,720.0,63.7
8559,80.0,960.0,64.0
8560,78.0,936.0,63.3
8561,57.0,684.0,63.4
8562,73.0,876.0,63.5
8563,85.0,1020.0,62.4
8564,59.0,708.0,63.7
8565,69.0,828.0,63.8
8566,59.0,708.0,63.9
8567,74.0,888.0,62.9
8568,74.0,888.0,63.2
8569,82.0,984.0,63.4
8570,70.0,840.0,64.3
8571,76.0,912.0,63.5
8572,72.0,864.0,63.2
8573,82.0,984.0,64.0
8574,77.0,924.0,63.8
8575,70.0,840.0,63.6
8576,65.0,780.0,64.0
8577,61.0,732.0,64.0
8578,65.0,780.0,64.4
8579,57.0,684.0,64.4
8580,66.0,792.0,63.1
8581,68.0,816.0,62.8
8582,56.0,672.0,62.1
8583,65.0,780.0,61.9
8584,61.0,732.0,63.1
8585,61.0,732.0,64.2
8586,62.0,744.0,64.1
8587,69.0,828.0,64.5
8588,45.0,540.0,65.1
8589,51.0,612.0,64.8
8590,65.0,780.0,64.1
8591,50.0,600.0,62.7
8592,49.0,588.0,63.1
8593,60.0,720.0,64.4
8594,55.0,660.0,65.1
8595,40.0,480.0,64.0
8596,56.0,672.0,64.4
8597,46.0,552.0,64.3
8598,47.0,564.0,64.0
8599,39.0,468.0,63.0
8600,45.0,540.0,64.0
8601,55.0,660.0,62.7
8602,55.0,660.0,63.5
8603,53.0,636.0,63.9
8604,33.0,396.0,64.4
8605,43.0,516.0,64.5
8606,42.0,504.0,63.9
8607,70.0,840.0,64.3
8608,44.0,528.0,64.2
8609,45.0,540.0,64.6
8610,55.0,660.0,64.6
8611,51.0,612.0,63.8
8612,55.0,660.0,63.4
8613,51.0,612.0,64.0
8614,55.0,660.0,63.2
8615,51.0,612.0,63.4
8616,56.0,672.0,63.2
8617,57.0,684.0,64.1
8618,41.0,492.0,64.4
8619,60.0,720.0,64.7
8620,60.0,720.0,64.8
8621,52.0,624.0,65.2
8622,57.0,684.0,64.2
8623,47.0,564.0,65.1
8624,57.0,684.0,65.4
8625,49.0,588.0,64.9
8626,53.0,636.0,65.1
8627,35.0,420.0,65.0
8628,51.0,612.0,63.7
8629,34.0,408.0,64.5
8630,41.0,492.0,63.3
8631,46.0,552.0,63.9
8632,41.0,492.0,64.3
8633,36.0,432.0,64.6
8634,36.0,432.0,64.9
8635,37.0,444.0,65.3
8636,35.0,420.0,65.6
8637,33.0,396.0,65.3
8638,33.0,396.0,64.9
8639,36.0,432.0,65.8
8640,28.0,336.0,65.0
8641,28.0,336.0,64.7
8642,12.0,144.0,64.9
8643,32.0,384.0,65.1
8644,25.0,300.0,64.7
8645,18.0,216.0,64.7
8646,9.0,108.0,64.8
8647,13.0,156.0,65.1
8648,23.0,276.0,65.1
8649,14.0,168.0,65.0
8650,22.0,264.0,65.0
8651,16.0,192.0,65.2
8652,9.0,108.0,65.2
8653,21.0,252.0,64.9
8654,22.0,264.0,64.7
8655,14.0,168.0,64.4
8656,14.0,168.0,64.7
8657,15.0,180.0,64.7
8658,8.0,96.0,64.7
8659,7.0,84.0,64.8
8660,10.0,120.0,64.9
8661,11.0,132.0,64.9
8662,12.0,144.0,64.8
8663,12.0,144.0,65.0
8664,8.0,96.0,65.0
8665,10.0,120.0,65.0
8666,8.0,96.0,65.0
8667,7.0,84.0,65.0
8668,8.0,96.0,65.0
8669,2.0,24.0,65.0
8670,6.0,72.0,65.0
8671,6.0,72.0,65.0
8672,3.0,36.0,65.1
8673,3.0,36.0,65.0
8674,1.0,12.0,65.0
8675,3.0,36.0,65.0
8676,2.0,24.0,64.9
8677,1.0,12.0,65.0
8678,2.0,24.0,64.9
8679,7.0,84.0,65.0
8680,2.0,24.0,64.9
8681,4.0,48.0,65.0
8682,1.0,12.0,64.9
8683,2.0,24.0,65.0
8684,2.0,24.0,65.0
8685,2.0,24.0,65.0
8686,3.0,36.0,65.0
8687,0.0,0.0,65.0
8688,0.0,0.0,65.0
8689,0.0,0.0,65.0
8690,4.0,48.0,64.9
8691,1.0,12.0,64.9
8692,4.0,48.0,65.0
8693,0.0,0.0,65.0
8694,7.0,84.0,64.9
8695,4.0,48.0,65.0
8696,4.0,48.0,65.0
8697,3.0,36.0,65.1
8698,4.0,48.0,65.0
8699,3.0,36.0,65.0
8700,0.0,0.0,65.0
8701,0.0,0.0,65.0
8702,2.0,24.0,64.9
8703,4.0,48.0,64.8
8704,4.0,48.0,64.8
8705,1.0,12.0,64.8
8706,6.0,72.0,64.9
8707,3.0,36.0,64.9
8708,6.0,72.0,65.0
8709,5.0,60.0,65.2
8710,3.0,36.0,65.2
8711,2.0,24.0,65.0
8712,12.0,144.0,65.1
8713,8.0,96.0,65.1
8714,2.0,24.0,65.0
8715,5.0,60.0,65.1
8716,9.0,108.0,65.0
8717,9.0,108.0,65.0
8718,14.0,168.0,65.1
8719,11.0,132.0,65.0
8720,15.0,180.0,65.1
8721,10.0,120.0,65.0
8722,5.0,60.0,65.0
8723,9.0,108.0,64.8
8724,10.0,120.0,64.9
8725,9.0,108.0,65.1
8726,16.0,192.0,65.0
8727,14.0,168.0,65.0
8728,8.0,96.0,65.0
8729,14.0,168.0,64.8
8730,10.0,120.0,64.8
8731,17.0,204.0,65.1
8732,15.0,180.0,65.0
8733,20.0,240.0,64.8
8734,18.0,216.0,65.0
8735,17.0,204.0,64.6
8736,23.0,276.0,64.6
8737,13.0,156.0,64.7
8738,20.0,240.0,64.8
8739,18.0,216.0,65.2
8740,26.0,312.0,65.5
8741,28.0,336.0,65.1
8742,24.0,288.0,65.1
8743,28.0,336.0,64.6
8744,34.0,408.0,64.6
8745,32.0,384.0,64.2
8746,29.0,348.0,63.8
8747,21.0,252.0,64.5
8748,27.0,324.0,64.7
8749,32.0,384.0,64.7
8750,33.0,396.0,64.7
8751,46.0,552.0,64.1
8752,27.0,324.0,64.2
8753,29.0,348.0,64.7
8754,37.0,444.0,65.0
8755,32.0,384.0,65.4
8756,43.0,516.0,63.9
8757,40.0,480.0,63.8
8758,49.0,588.0,64.5
8759,35.0,420.0,65.0
8760,42.0,504.0,63.1
8761,33.0,396.0,63.0
8762,42.0,504.0,64.0
8763,48.0,576.0,64.3
8764,47.0,564.0,64.7
8765,45.0,540.0,64.1
8766,57.0,684.0,64.5
8767,46.0,552.0,62.9
8768,59.0,708.0,63.5
8769,59.0,708.0,64.3
8770,66.0,792.0,63.9
8771,51.0,612.0,64.5
8772,55.0,660.0,65.4
8773,58.0,696.0,65.0
8774,52.0,624.0,63.8
8775,55.0,660.0,65.1
8776,60.0,720.0,63.0
8777,50.0,600.0,63.1
8778,36.0,432.0,63.8
8779,38.0,456.0,64.7
8780,58.0,696.0,66.8
8781,52.0,624.0,64.6
8782,57.0,684.0,65.2
8783,64.0,768.0,64.5
8784,54.0,648.0,64.4
8785,60.0,720.0,64.2
8786,58.0,696.0,64.8
8787,73.0,876.0,63.8
8788,69.0,828.0,62.2
8789,75.0,900.0,63.5
8790,62.0,744.0,63.7
8791,59.0,708.0,64.6
8792,59.0,708.0,64.2
8793,56.0,672.0,63.2
8794,72.0,864.0,64.1
8795,61.0,732.0,63.8
8796,59.0,708.0,63.5
8797,51.0,612.0,63.4
8798,68.0,816.0,64.3
8799,84.0,1008.0,63.7
8800,69.0,828.0,64.4
8801,46.0,552.0,63.8
8802,56.0,672.0,64.3
8803,69.0,828.0,64.2
8804,60.0,720.0,65.2
8805,79.0,948.0,64.3
8806,66.0,792.0,65.1
8807,56.0,672.0,64.5
8808,63.0,756.0,64.5
8809,58.0,696.0,65.1
8810,89.0,1068.0,64.3
8811,74.0,888.0,63.7
8812,81.0,972.0,62.9
8813,65.0,780.0,62.8
8814,77.0,924.0,63.1
8815,59.0,708.0,64.1
8816,70.0,840.0,64.0
8817,70.0,840.0,63.7
8818,71.0,852.0,63.1
8819,66.0,792.0,63.0
8820,68.0,816.0,64.1
8821,67.0,804.0,63.9
8822,69.0,828.0,63.3
8823,69.0,828.0,62.0
8824,76.0,912.0,63.0
8825,68.0,816.0,63.9
8826,50.0,600.0,64.5
8827,42.0,504.0,62.2
8828,68.0,816.0,62.5
8829,60.0,720.0,63.5
8830,52.0,624.0,63.5
8831,47.0,564.0,63.6
8832,57.0,684.0,64.1
8833,53.0,636.0,63.3
8834,73.0,876.0,62.8
8835,43.0,516.0,63.4
8836,51.0,612.0,64.5
8837,65.0,780.0,63.9
8838,55.0,660.0,64.1
8839,48.0,576.0,64.5
8840,51.0,612.0,64.7
8841,57.0,684.0,61.4
8842,56.0,672.0,63.1
8843,62.0,744.0,63.5
8844,45.0,540.0,64.0
8845,49.0,588.0,64.1
8846,52.0,624.0,64.2
8847,42.0,504.0,63.3
8848,57.0,684.0,63.9
8849,65.0,780.0,61.5
8850,60.0,720.0,63.0
8851,67.0,804.0,63.8
8852,61.0,732.0,63.6
8853,76.0,912.0,63.9
8854,59.0,708.0,62.6
8855,58.0,696.0,62.1
8856,47.0,564.0,63.1
8857,49.0,588.0,62.7
8858,54.0,648.0,63.4
8859,44.0,528.0,63.5
8860,50.0,600.0,64.6
8861,54.0,648.0,65.6
8862,48.0,576.0,65.0
8863,57.0,684.0,66.0
8864,54.0,648.0,63.9
8865,56.0,672.0,63.9
8866,45.0,540.0,63.8
8867,61.0,732.0,64.5
8868,55.0,660.0,65.4
8869,59.0,708.0,64.8
8870,52.0,624.0,65.3
8871,56.0,672.0,65.4
8872,52.0,624.0,64.9
8873,47.0,564.0,65.2
8874,52.0,624.0,65.1
8875,56.0,672.0,64.9
8876,44.0,528.0,65.2
8877,56.0,672.0,65.6
8878,57.0,684.0,65.1
8879,43.0,516.0,63.8
8880,51.0,612.0,63.3
8881,45.0,540.0,64.8
8882,47.0,564.0,65.6
8883,47.0,564.0,65.6
8884,41.0,492.0,65.2
8885,40.0,480.0,65.2
8886,43.0,516.0,64.6
8887,44.0,528.0,65.0
8888,39.0,468.0,64.6
8889,48.0,576.0,63.5
8890,46.0,552.0,63.9
8891,47.0,564.0,64.9
8892,47.0,564.0,63.4
8893,76.0,912.0,62.2
8894,63.0,756.0,63.0
8895,41.0,492.0,64.3
8896,32.0,384.0,64.4
8897,50.0,600.0,64.7
8898,48.0,576.0,65.4
8899,46.0,552.0,64.8
8900,37.0,444.0,64.9
8901,34.0,408.0,65.0
8902,30.0,360.0,65.1
8903,40.0,480.0,64.6
8904,33.0,396.0,64.1
8905,43.0,516.0,64.9
8906,29.0,348.0,64.7
8907,31.0,372.0,64.6
8908,38.0,456.0,64.7
8909,32.0,384.0,65.2
8910,23.0,276.0,65.1
8911,13.0,156.0,65.1
8912,23.0,276.0,65.1
8913,28.0,336.0,64.7
8914,26.0,312.0,65.2
8915,16.0,192.0,65.2
8916,17.0,204.0,65.0
8917,20.0,240.0,65.0
8918,21.0,252.0,64.8
8919,27.0,324.0,65.1
8920,23.0,276.0,65.2
8921,16.0,192.0,65.0
8922,18.0,216.0,65.0
8923,14.0,168.0,65.0
8924,17.0,204.0,65.0
8925,18.0,216.0,64.9
8926,11.0,132.0,64.9
8927,7.0,84.0,65.0
8928,6.0,72.0,65.0
8929,7.0,84.0,65.0
8930,4.0,48.0,65.0
8931,6.0,72.0,65.0
8932,10.0,120.0,65.0
8933,6.0,72.0,65.0
8934,2.0,24.0,65.1
8935,9.0,108.0,65.1
8936,8.0,96.0,65.0
8937,8.0,96.0,64.9
8938,6.0,72.0,64.9
8939,7.0,84.0,65.0
8940,3.0,36.0,65.1
8941,3.0,36.0,65.0
8942,6.0,72.0,64.9
8943,5.0,60.0,64.9
8944,2.0,24.0,64.9
8945,3.0,36.0,65.0
8946,6.0,72.0,65.1
8947,7.0,84.0,64.9
8948,6.0,72.0,64.9
8949,4.0,48.0,65.0
8950,2.0,24.0,65.2
8951,4.0,48.0,65.1
8952,4.0,48.0,65.1
8953,4.0,48.0,65.0
8954,4.0,48.0,64.9
8955,4.0,48.0,64.9
8956,5.0,60.0,64.8
8957,1.0,12.0,65.2
8958,4.0,48.0,65.0
8959,1.0,12.0,65.1
8960,3.0,36.0,65.0
8961,1.0,12.0,65.3
8962,5.0,60.0,65.1
8963,1.0,12.0,64.9
8964,0.0,0.0,64.9
8965,1.0,12.0,64.8
8966,3.0,36.0,64.9
8967,2.0,24.0,64.8
8968,1.0,12.0,64.9
8969,1.0,12.0,64.9
8970,6.0,72.0,64.8
8971,2.0,24.0,64.9
8972,8.0,96.0,65.0
8973,2.0,24.0,65.0
8974,2.0,24.0,65.1
8975,3.0,36.0,65.0
8976,2.0,24.0,65.0
8977,3.0,36.0,64.9
8978,5.0,60.0,64.9
8979,1.0,12.0,65.0
8980,3.0,36.0,64.8
8981,7.0,84.0,64.8
8982,6.0,72.0,64.8
8983,12.0,144.0,64.8
8984,10.0,120.0,64.9
8985,16.0,192.0,65.0
8986,5.0,60.0,65.0
8987,18.0,216.0,65.0
8988,11.0,132.0,65.0
8989,7.0,84.0,65.0
8990,12.0,144.0,65.0
8991,10.0,120.0,65.0
8992,15.0,180.0,65.2
8993,20.0,240.0,65.1
8994,15.0,180.0,64.7
8995,23.0,276.0,64.5
8996,28.0,336.0,64.8
8997,27.0,324.0,64.7
8998,29.0,348.0,64.7
8999,34.0,408.0,64.6
9000,16.0,192.0,64.9
9001,19.0,228.0,65.0
9002,23.0,276.0,65.3
9003,19.0,228.0,65.3
9004,31.0,372.0,65.5
9005,18.0,216.0,65.2
9006,39.0,468.0,64.6
9007,49.0,588.0,63.6
9008,53.0,636.0,63.4
9009,65.0,780.0,63.1
9010,66.0,792.0,63.9
9011,65.0,780.0,64.5
9012,55.0,660.0,64.5
9013,54.0,648.0,64.4
9014,50.0,600.0,64.6
9015,52.0,624.0,63.9
9016,65.0,780.0,63.5
9017,53.0,636.0,64.2
9018,70.0,840.0,64.0
9019,72.0,864.0,63.2
9020,85.0,1020.0,63.6
9021,74.0,888.0,64.2
9022,76.0,912.0,63.9
9023,88.0,1056.0,64.2
9024,63.0,756.0,65.5
9025,51.0,612.0,64.6
9026,57.0,684.0,64.6
9027,73.0,876.0,64.4
9028,55.0,660.0,64.7
9029,58.0,696.0,66.1
9030,49.0,588.0,66.4
9031,49.0,588.0,66.2
9032,48.0,576.0,65.6
9033,61.0,732.0,64.2
9034,53.0,636.0,65.0
9035,47.0,564.0,63.9
9036,47.0,564.0,65.2
9037,38.0,456.0,65.1
9038,33.0,396.0,65.0
9039,37.0,444.0,65.5
9040,34.0,408.0,65.5
9041,42.0,504.0,65.1
9042,44.0,528.0,64.2
9043,53.0,636.0,64.6
9044,39.0,468.0,64.1
9045,42.0,504.0,63.9
9046,37.0,444.0,65.0
9047,46.0,552.0,65.2
9048,39.0,468.0,65.7
9049,49.0,588.0,64.1
9050,35.0,420.0,64.5
9051,42.0,504.0,64.5
9052,70.0,840.0,64.7
9053,59.0,708.0,65.0
9054,51.0,612.0,64.2
9055,56.0,672.0,64.1
9056,56.0,672.0,64.6
9057,46.0,552.0,64.5
9058,64.0,768.0,64.3
9059,58.0,696.0,64.1
9060,56.0,672.0,64.2
9061,61.0,732.0,63.1
9062,57.0,684.0,64.7
9063,53.0,636.0,64.6
9064,46.0,552.0,64.8
9065,47.0,564.0,64.8
9066,44.0,528.0,64.7
9067,54.0,648.0,64.9
9068,41.0,492.0,64.3
9069,51.0,612.0,64.0
9070,65.0,780.0,66.0
9071,51.0,612.0,65.8
9072,37.0,444.0,65.6
9073,53.0,636.0,63.8
9074,55.0,660.0,64.9
9075,49.0,588.0,65.8
9076,56.0,672.0,65.3
9077,45.0,540.0,63.3
9078,59.0,708.0,64.1
9079,59.0,708.0,64.2
9080,72.0,864.0,63.1
9081,62.0,744.0,63.2
9082,70.0,840.0,63.3
9083,62.0,744.0,63.7
9084,58.0,696.0,64.2
9085,70.0,840.0,63.9
9086,61.0,732.0,64.1
9087,72.0,864.0,64.9
9088,52.0,624.0,63.8
9089,61.0,732.0,64.8
9090,58.0,696.0,64.5
9091,48.0,576.0,65.4
9092,55.0,660.0,65.0
9093,58.0,696.0,64.3
9094,69.0,828.0,65.3
9095,58.0,696.0,64.9
9096,50.0,600.0,65.7
9097,73.0,876.0,66.7
9098,64.0,768.0,65.8
9099,56.0,672.0,65.5
9100,77.0,924.0,65.5
9101,55.0,660.0,65.9
9102,70.0,840.0,64.5
9103,54.0,648.0,64.8
9104,61.0,732.0,65.4
9105,76.0,912.0,64.8
9106,65.0,780.0,63.2
9107,59.0,708.0,63.5
9108,82.0,984.0,59.2
9109,84.0,1008.0,58.8
9110,83.0,996.0,57.7
9111,102.0,1224.0,56.9
9112,86.0,1032.0,57.2
9113,79.0,948.0,56.9
9114,86.0,1032.0,56.5
9115,66.0,792.0,56.2
9116,93.0,1116.0,56.3
9117,98.0,1176.0,56.7
9118,78.0,936.0,56.1
9119,55.0,660.0,57.2
9120,99.0,1188.0,56.8
9121,85.0,1020.0,57.3
9122,82.0,984.0,57.6
9123,89.0,1068.0,57.2
9124,77.0,924.0,58.6
9125,75.0,900.0,58.2
9126,81.0,972.0,57.8
9127,76.0,912.0,57.7
9128,86.0,1032.0,57.8
9129,77.0,924.0,57.5
9130,70.0,840.0,57.7
9131,72.0,864.0,59.5
9132,73.0,876.0,59.0
9133,73.0,876.0,58.1
9134,89.0,1068.0,58.8
9135,82.0,984.0,57.6
9136,91.0,1092.0,58.2
9137,70.0,840.0,56.8
9138,92.0,1104.0,56.6
9139,87.0,1044.0,57.2
9140,76.0,912.0,58.2
9141,81.0,972.0,58.2
9142,67.0,804.0,59.9
9143,60.0,720.0,58.4
9144,62.0,744.0,61.4
9145,54.0,648.0,62.5
9146,60.0,720.0,63.6
9147,49.0,588.0,63.8
9148,61.0,732.0,65.1
9149,55.0,660.0,65.1
9150,47.0,564.0,64.7
9151,59.0,708.0,65.3
9152,41.0,492.0,66.4
9153,59.0,708.0,65.0
9154,56.0,672.0,66.0
9155,45.0,540.0,65.4
9156,40.0,480.0,64.2
9157,49.0,588.0,63.5
9158,48.0,576.0,64.2
9159,41.0,492.0,64.9
9160,41.0,492.0,64.7
9161,46.0,552.0,63.8
9162,39.0,468.0,65.0
9163,42.0,504.0,64.9
9164,47.0,564.0,66.1
9165,32.0,384.0,65.5
9166,41.0,492.0,64.7
9167,35.0,420.0,65.1
9168,33.0,396.0,65.0
9169,37.0,444.0,63.4
9170,33.0,396.0,63.6
9171,34.0,408.0,64.4
9172,30.0,360.0,64.1
9173,31.0,372.0,63.9
9174,36.0,432.0,63.8
9175,31.0,372.0,63.9
9176,39.0,468.0,64.3
9177,35.0,420.0,65.0
9178,28.0,336.0,64.9
9179,34.0,408.0,64.9
9180,22.0,264.0,65.0
9181,26.0,312.0,64.1
9182,30.0,360.0,64.5
9183,27.0,324.0,64.7
9184,32.0,384.0,65.3
9185,29.0,348.0,65.6
9186,25.0,300.0,65.6
9187,25.0,300.0,65.5
9188,32.0,384.0,65.1
9189,25.0,300.0,65.4
9190,31.0,372.0,65.5
9191,14.0,168.0,65.4
9192,20.0,240.0,65.4
9193,25.0,300.0,65.4
9194,22.0,264.0,65.3
9195,24.0,288.0,65.3
9196,23.0,276.0,65.2
9197,18.0,216.0,65.2
9198,11.0,132.0,65.0
9199,22.0,264.0,64.7
9200,16.0,192.0,64.7
9201,8.0,96.0,64.8
9202,7.0,84.0,64.9
9203,9.0,108.0,65.0
9204,11.0,132.0,65.0
9205,10.0,120.0,64.8
9206,13.0,156.0,64.9
9207,11.0,132.0,64.8
9208,10.0,120.0,65.0
9209,11.0,132.0,64.9
9210,10.0,120.0,65.0
9211,9.0,108.0,65.0
9212,6.0,72.0,65.0
9213,9.0,108.0,65.0
9214,10.0,120.0,65.0
9215,9.0,108.0,65.0
9216,8.0,96.0,65.0
9217,4.0,48.0,64.9
9218,8.0,96.0,64.9
9219,9.0,108.0,64.9
9220,8.0,96.0,64.9
9221,1.0,12.0,64.9
9222,6.0,72.0,64.9
9223,5.0,60.0,64.8
9224,9.0,108.0,65.1
9225,4.0,48.0,65.1
9226,3.0,36.0,65.0
9227,1.0,12.0,65.3
9228,6.0,72.0,65.2
9229,8.0,96.0,65.1
9230,1.0,12.0,65.0
9231,2.0,24.0,65.1
9232,3.0,36.0,64.7
9233,1.0,12.0,64.8
9234,0.0,0.0,64.8
9235,5.0,60.0,64.9
9236,0.0,0.0,64.9
9237,5.0,60.0,65.0
9238,2.0,24.0,64.9
9239,2.0,24.0,64.9
9240,1.0,12.0,64.9
9241,3.0,36.0,64.9
9242,0.0,0.0,64.9
9243,1.0,12.0,64.9
9244,3.0,36.0,64.9
9245,1.0,12.0,65.0
9246,0.0,0.0,65.0
9247,2.0,24.0,64.9
9248,2.0,24.0,64.9
9249,2.0,24.0,64.8
9250,1.0,12.0,65.0
9251,0.0,0.0,65.0
9252,2.0,24.0,64.9
9253,1.0,12.0,64.8
9254,1.0,12.0,64.8
9255,1.0,12.0,64.8
9256,1.0,12.0,64.9
9257,1.0,12.0,65.0
9258,3.0,36.0,64.8
9259,2.0,24.0,64.9
9260,5.0,60.0,65.0
9261,4.0,48.0,65.0
9262,3.0,36.0,65.2
9263,7.0,84.0,65.1
9264,2.0,24.0,65.0
9265,3.0,36.0,65.0
9266,2.0,24.0,65.0
9267,7.0,84.0,64.8
9268,7.0,84.0,64.9
9269,3.0,36.0,64.8
9270,4.0,48.0,64.8
9271,8.0,96.0,64.9
9272,12.0,144.0,65.0
9273,12.0,144.0,65.1
9274,16.0,192.0,65.0
9275,17.0,204.0,64.8
9276,10.0,120.0,64.8
9277,6.0,72.0,64.9
9278,9.0,108.0,64.9
9279,9.0,108.0,64.8
9280,16.0,192.0,65.0
9281,15.0,180.0,64.9
9282,15.0,180.0,64.6
9283,28.0,336.0,64.7
9284,26.0,312.0,64.8
9285,33.0,396.0,64.4
9286,28.0,336.0,64.5
9287,29.0,348.0,64.2
9288,26.0,312.0,64.4
9289,19.0,228.0,64.7
9290,24.0,288.0,64.6
9291,24.0,288.0,65.3
9292,30.0,360.0,65.3
9293,30.0,360.0,65.2
9294,27.0,324.0,65.2
9295,43.0,516.0,65.3
9296,44.0,528.0,64.8
9297,72.0,864.0,61.8
9298,80.0,960.0,62.5
9299,67.0,804.0,62.3
9300,58.0,696.0,62.3
9301,58.0,696.0,63.0
9302,52.0,624.0,62.4
9303,58.0,696.0,62.4
9304,72.0,864.0,62.7
9305,68.0,816.0,62.8
9306,51.0,612.0,64.9
9307,70.0,840.0,63.7
9308,72.0,864.0,64.7
9309,94.0,1128.0,62.2
9310,89.0,1068.0,57.7
9311,74.0,888.0,57.8
9312,93.0,1116.0,59.6
9313,73.0,876.0,58.6
9314,75.0,900.0,60.2
9315,57.0,684.0,62.8
9316,77.0,924.0,64.4
9317,48.0,576.0,65.5
9318,46.0,552.0,65.2
9319,59.0,708.0,65.4
9320,60.0,720.0,65.5
9321,58.0,696.0,63.6
9322,54.0,648.0,65.2
9323,40.0,480.0,65.3
9324,46.0,552.0,66.6
9325,46.0,552.0,65.7
9326,31.0,372.0,65.3
9327,37.0,444.0,65.7
9328,53.0,636.0,64.5
9329,43.0,516.0,64.4
9330,40.0,480.0,65.8
9331,41.0,492.0,66.1
9332,35.0,420.0,65.7
9333,41.0,492.0,63.9
9334,35.0,420.0,64.9
9335,42.0,504.0,65.0
9336,37.0,444.0,64.0
9337,56.0,672.0,62.9
9338,51.0,612.0,62.5
9339,25.0,300.0,63.7
9340,41.0,492.0,63.6
9341,63.0,756.0,63.8
9342,41.0,492.0,64.6
9343,54.0,648.0,64.4
9344,59.0,708.0,64.6
9345,54.0,648.0,64.9
9346,48.0,576.0,64.3
9347,46.0,552.0,65.2
9348,47.0,564.0,65.8
9349,42.0,504.0,64.5
9350,37.0,444.0,65.4
9351,50.0,600.0,65.7
9352,45.0,540.0,65.5
9353,61.0,732.0,65.6
9354,49.0,588.0,65.1
9355,39.0,468.0,64.7
9356,53.0,636.0,64.8
9357,47.0,564.0,65.4
9358,51.0,612.0,65.4
9359,55.0,660.0,64.2
9360,69.0,828.0,63.3
9361,34.0,408.0,64.3
9362,53.0,636.0,65.5
9363,60.0,720.0,65.1
9364,71.0,852.0,63.7
9365,82.0,984.0,63.8
9366,58.0,696.0,64.4
9367,49.0,588.0,64.5
9368,36.0,432.0,64.5
9369,47.0,564.0,65.0
9370,58.0,696.0,65.8
9371,53.0,636.0,66.5
9372,35.0,420.0,66.3
9373,50.0,600.0,64.4
9374,69.0,828.0,65.4
9375,60.0,720.0,65.1
9376,50.0,600.0,65.7
9377,53.0,636.0,65.8
9378,64.0,768.0,65.1
9379,67.0,804.0,65.9
9380,64.0,768.0,66.3
9381,57.0,684.0,66.7
9382,63.0,756.0,64.9
9383,71.0,852.0,65.3
9384,61.0,732.0,65.3
9385,64.0,768.0,64.6
9386,69.0,828.0,64.4
9387,61.0,732.0,64.2
9388,59.0,708.0,64.2
9389,73.0,876.0,63.9
9390,65.0,780.0,65.5
9391,69.0,828.0,65.0
9392,82.0,984.0,64.6
9393,65.0,780.0,64.0
9394,85.0,1020.0,65.2
9395,82.0,984.0,64.3
9396,73.0,876.0,61.0
9397,80.0,960.0,60.0
9398,61.0,732.0,58.6
9399,82.0,984.0,58.8
9400,68.0,816.0,56.6
9401,95.0,1140.0,56.6
9402,67.0,804.0,57.3
9403,92.0,1104.0,56.7
9404,72.0,864.0,58.0
9405,66.0,792.0,57.0
9406,89.0,1068.0,55.7
9407,79.0,948.0,55.6
9408,44.0,528.0,58.5
9409,59.0,708.0,60.6
9410,59.0,708.0,59.8
9411,69.0,828.0,60.2
9412,76.0,912.0,59.4
9413,52.0,624.0,58.2
9414,25.0,300.0,61.1
9415,16.0,192.0,63.0
9416,25.0,300.0,64.2
9417,26.0,312.0,64.7
9418,56.0,672.0,62.4
9419,81.0,972.0,60.0
9420,81.0,972.0,62.0
9421,88.0,1056.0,60.9
9422,99.0,1188.0,59.6
9423,110.0,1320.0,59.4
9424,109.0,1308.0,59.4
9425,93.0,1116.0,59.1
9426,110.0,1320.0,58.2
9427,97.0,1164.0,58.1
9428,89.0,1068.0,58.6
9429,85.0,1020.0,60.6
9430,83.0,996.0,60.3
9431,88.0,1056.0,60.4
9432,69.0,828.0,61.0
9433,62.0,744.0,61.7
9434,65.0,780.0,63.2
9435,63.0,756.0,62.7
9436,75.0,900.0,63.2
9437,72.0,864.0,63.9
9438,70.0,840.0,63.7
9439,69.0,828.0,64.1
9440,75.0,900.0,62.6
9441,69.0,828.0,62.1
9442,84.0,1008.0,61.5
9443,73.0,876.0,61.7
9444,67.0,804.0,63.4
9445,45.0,540.0,63.1
9446,52.0,624.0,63.5
9447,46.0,552.0,64.9
9448,39.0,468.0,65.6
9449,37.0,444.0,65.3
9450,45.0,540.0,64.6
9451,50.0,600.0,64.4
9452,35.0,420.0,64.6
9453,39.0,468.0,64.7
9454,41.0,492.0,65.3
9455,41.0,492.0,64.9
9456,40.0,480.0,65.3
9457,39.0,468.0,65.2
9458,35.0,420.0,64.7
9459,32.0,384.0,64.8
9460,40.0,480.0,64.8
9461,29.0,348.0,64.5
9462,30.0,360.0,64.4
9463,31.0,372.0,64.0
9464,50.0,600.0,64.3
9465,23.0,276.0,64.5
9466,43.0,516.0,64.6
9467,33.0,396.0,64.9
9468,30.0,360.0,64.5
9469,28.0,336.0,65.2
9470,26.0,312.0,65.1
9471,32.0,384.0,65.2
9472,43.0,516.0,65.0
9473,33.0,396.0,65.5
9474,31.0,372.0,65.3
9475,36.0,432.0,66.3
9476,21.0,252.0,65.9
9477,23.0,276.0,65.5
9478,29.0,348.0,65.4
9479,21.0,252.0,65.2
9480,22.0,264.0,64.8
9481,16.0,192.0,65.0
9482,18.0,216.0,64.9
9483,18.0,216.0,64.9
9484,22.0,264.0,64.7
9485,14.0,168.0,64.6
9486,14.0,168.0,64.8
9487,16.0,192.0,64.9
9488,17.0,204.0,64.8
9489,15.0,180.0,64.9
9490,8.0,96.0,65.0
9491,11.0,132.0,65.0
9492,15.0,180.0,65.2
9493,12.0,144.0,65.1
9494,16.0,192.0,65.0
9495,12.0,144.0,65.1
9496,13.0,156.0,65.0
9497,8.0,96.0,65.0
9498,6.0,72.0,65.0
9499,5.0,60.0,65.1
9500,13.0,156.0,65.2
9501,14.0,168.0,65.1
9502,8.0,96.0,65.0
9503,4.0,48.0,65.0
9504,5.0,60.0,65.0
9505,3.0,36.0,65.0
9506,8.0,96.0,65.0
9507,8.0,96.0,64.9
9508,4.0,48.0,65.0
9509,2.0,24.0,65.0
9510,4.0,48.0,64.9
9511,6.0,72.0,65.0
9512,2.0,24.0,65.0
9513,3.0,36.0,65.0
9514,1.0,12.0,65.0
9515,2.0,24.0,64.9
9516,3.0,36.0,65.0
9517,4.0,48.0,65.0
9518,2.0,24.0,64.6
9519,1.0,12.0,64.8
9520,2.0,24.0,65.0
9521,1.0,12.0,64.9
9522,1.0,12.0,64.9
9523,3.0,36.0,65.0
9524,2.0,24.0,65.0
9525,3.0,36.0,65.0
9526,2.0,24.0,65.0
9527,0.0,0.0,65.0
9528,0.0,0.0,65.0
9529,1.0,12.0,65.0
9530,2.0,24.0,65.0
9531,1.0,12.0,64.9
9532,2.0,24.0,64.8
9533,1.0,12.0,65.0
9534,1.0,12.0,65.3
9535,1.0,12.0,65.1
9536,2.0,24.0,65.3
9537,0.0,0.0,65.3
9538,1.0,12.0,65.2
9539,2.0,24.0,65.0
9540,2.0,24.0,64.9
9541,6.0,72.0,65.1
9542,2.0,24.0,65.1
9543,1.0,12.0,65.0
9544,1.0,12.0,65.0
9545,2.0,24.0,65.1
9546,2.0,24.0,65.2
9547,4.0,48.0,65.2
9548,3.0,36.0,65.1
9549,2.0,24.0,65.0
9550,8.0,96.0,65.2
9551,1.0,12.0,65.2
9552,0.0,0.0,65.2
9553,4.0,48.0,65.1
9554,6.0,72.0,65.0
9555,2.0,24.0,65.0
9556,3.0,36.0,65.0
9557,9.0,108.0,65.0
9558,7.0,84.0,65.0
9559,12.0,144.0,64.9
9560,9.0,108.0,65.0
9561,7.0,84.0,64.9
9562,17.0,204.0,64.8
9563,9.0,108.0,64.7
9564,12.0,144.0,64.9
9565,15.0,180.0,65.3
9566,15.0,180.0,65.2
9567,15.0,180.0,65.0
9568,16.0,192.0,64.9
9569,12.0,144.0,64.9
9570,20.0,240.0,64.5
9571,14.0,168.0,64.6
9572,26.0,312.0,64.6
9573,25.0,300.0,64.8
9574,24.0,288.0,64.9
9575,28.0,336.0,65.3
9576,14.0,168.0,65.2
9577,17.0,204.0,65.1
9578,27.0,324.0,65.4
9579,39.0,468.0,65.7
9580,38.0,456.0,66.3
9581,32.0,384.0,66.0
9582,29.0,348.0,65.4
9583,45.0,540.0,64.4
9584,66.0,792.0,60.5
9585,62.0,744.0,61.7
9586,67.0,804.0,63.1
9587,57.0,684.0,63.2
9588,47.0,564.0,63.4
9589,65.0,780.0,63.6
9590,68.0,816.0,63.1
9591,69.0,828.0,62.1
9592,85.0,1020.0,63.0
9593,67.0,804.0,63.0
9594,74.0,888.0,63.8
9595,71.0,852.0,63.4
9596,73.0,876.0,62.1
9597,62.0,744.0,62.8
9598,83.0,996.0,62.7
9599,61.0,732.0,64.3
9600,65.0,780.0,65.0
9601,56.0,672.0,65.2
9602,72.0,864.0,63.7
9603,65.0,780.0,62.8
9604,56.0,672.0,64.1
9605,57.0,684.0,65.5
9606,37.0,444.0,65.5
9607,47.0,564.0,65.1
9608,39.0,468.0,65.0
9609,44.0,528.0,64.5
9610,45.0,540.0,65.4
9611,52.0,624.0,64.2
9612,39.0,468.0,64.4
9613,41.0,492.0,65.4
9614,31.0,372.0,65.4
9615,35.0,420.0,65.2
9616,61.0,732.0,64.0
9617,29.0,348.0,63.8
9618,37.0,444.0,64.2
9619,46.0,552.0,65.9
9620,43.0,516.0,65.7
9621,43.0,516.0,65.4
9622,42.0,504.0,65.7
9623,52.0,624.0,64.2
9624,49.0,588.0,63.2
9625,46.0,552.0,63.9
9626,49.0,588.0,64.4
9627,49.0,588.0,64.1
9628,49.0,588.0,64.5
9629,37.0,444.0,64.8
9630,42.0,504.0,65.9
9631,37.0,444.0,66.2
9632,48.0,576.0,65.5
9633,40.0,480.0,64.9
9634,42.0,504.0,65.1
9635,46.0,552.0,65.8
9636,37.0,444.0,65.2
9637,48.0,576.0,65.2
9638,40.0,480.0,64.4
9639,51.0,612.0,64.6
9640,55.0,660.0,64.4
9641,41.0,492.0,64.8
9642,54.0,648.0,64.8
9643,49.0,588.0,65.9
9644,52.0,624.0,64.3
9645,46.0,552.0,63.6
9646,57.0,684.0,62.4
9647,46.0,552.0,63.3
9648,45.0,540.0,63.8
9649,47.0,564.0,64.4
9650,51.0,612.0,64.5
9651,58.0,696.0,62.8
9652,45.0,540.0,63.5
9653,42.0,504.0,63.1
9654,68.0,816.0,64.5
9655,48.0,576.0,65.1
9656,66.0,792.0,64.7
9657,53.0,636.0,64.6
9658,44.0,528.0,64.5
9659,45.0,540.0,64.6
9660,65.0,780.0,65.6
9661,56.0,672.0,65.8
9662,48.0,576.0,64.5
9663,60.0,720.0,64.3
9664,55.0,660.0,64.4
9665,55.0,660.0,65.0
9666,50.0,600.0,65.0
9667,50.0,600.0,65.2
9668,72.0,864.0,64.8
9669,73.0,876.0,64.8
9670,56.0,672.0,63.4
9671,57.0,684.0,63.6
9672,76.0,912.0,64.7
9673,84.0,1008.0,64.0
9674,71.0,852.0,65.6
9675,73.0,876.0,65.3
9676,60.0,720.0,65.0
9677,68.0,816.0,64.4
9678,66.0,792.0,65.8
9679,55.0,660.0,65.5
9680,56.0,672.0,64.0
9681,94.0,1128.0,62.3
9682,77.0,924.0,62.8
9683,71.0,852.0,63.1
9684,82.0,984.0,60.5
9685,87.0,1044.0,60.4
9686,90.0,1080.0,58.7
9687,77.0,924.0,58.2
9688,80.0,960.0,57.3
9689,59.0,708.0,57.8
9690,91.0,1092.0,57.4
9691,75.0,900.0,56.3
9692,57.0,684.0,58.5
9693,75.0,900.0,57.4
9694,71.0,852.0,57.5
9695,61.0,732.0,56.2
9696,84.0,1008.0,58.1
9697,75.0,900.0,58.6
9698,76.0,912.0,57.8
9699,87.0,1044.0,56.5
9700,99.0,1188.0,56.7
9701,94.0,1128.0,55.3
9702,72.0,864.0,55.6
9703,87.0,1044.0,57.2
9704,91.0,1092.0,57.3
9705,61.0,732.0,58.1
9706,88.0,1056.0,57.3
9707,89.0,1068.0,55.0
9708,98.0,1176.0,54.8
9709,99.0,1188.0,55.2
9710,100.0,1200.0,55.1
9711,84.0,1008.0,55.4
9712,88.0,1056.0,55.6
9713,84.0,1008.0,55.8
9714,90.0,1080.0,56.0
9715,97.0,1164.0,56.8
9716,82.0,984.0,56.7
9717,92.0,1104.0,56.3
9718,83.0,996.0,56.5
9719,87.0,1044.0,56.4
9720,91.0,1092.0,58.0
9721,85.0,1020.0,59.5
9722,56.0,672.0,62.3
9723,56.0,672.0,62.4
9724,77.0,924.0,63.3
9725,75.0,900.0,64.6
9726,75.0,900.0,65.3
9727,54.0,648.0,66.5
9728,50.0,600.0,67.0
9729,55.0,660.0,68.1
9730,53.0,636.0,68.0
9731,43.0,516.0,68.4
9732,39.0,468.0,67.9
9733,30.0,360.0,67.2
9734,42.0,504.0,65.9
9735,47.0,564.0,65.9
9736,50.0,600.0,66.1
9737,51.0,612.0,65.4
9738,49.0,588.0,65.0
9739,45.0,540.0,65.8
9740,47.0,564.0,66.0
9741,38.0,456.0,66.1
9742,35.0,420.0,66.0
9743,39.0,468.0,65.5
9744,39.0,468.0,64.8
9745,33.0,396.0,65.0
9746,49.0,588.0,64.5
9747,40.0,480.0,64.3
9748,37.0,444.0,64.7
9749,36.0,432.0,65.0
9750,50.0,600.0,63.9
9751,29.0,348.0,64.4
9752,39.0,468.0,64.1
9753,45.0,540.0,64.3
9754,38.0,456.0,64.1
9755,34.0,408.0,64.2
9756,54.0,648.0,63.7
9757,31.0,372.0,64.4
9758,38.0,456.0,64.7
9759,37.0,444.0,64.8
9760,38.0,456.0,65.3
9761,37.0,444.0,65.1
9762,34.0,408.0,65.2
9763,38.0,456.0,65.4
9764,29.0,348.0,64.7
9765,15.0,180.0,64.9
9766,28.0,336.0,65.2
9767,29.0,348.0,65.3
9768,18.0,216.0,65.1
9769,26.0,312.0,64.8
9770,26.0,312.0,64.9
9771,23.0,276.0,64.7
9772,27.0,324.0,64.7
9773,16.0,192.0,64.9
9774,12.0,144.0,65.1
9775,22.0,264.0,65.2
9776,22.0,264.0,65.2
9777,17.0,204.0,65.2
9778,23.0,276.0,65.3
9779,19.0,228.0,65.2
9780,11.0,132.0,65.0
9781,12.0,144.0,65.0
9782,11.0,132.0,65.0
9783,13.0,156.0,65.2
9784,16.0,192.0,65.2
9785,9.0,108.0,65.2
9786,7.0,84.0,65.0
9787,9.0,108.0,65.0
9788,13.0,156.0,65.1
9789,9.0,108.0,65.1
9790,5.0,60.0,65.2
9791,4.0,48.0,65.0
9792,9.0,108.0,65.0
9793,3.0,36.0,65.0
9794,7.0,84.0,65.0
9795,3.0,36.0,65.1
9796,2.0,24.0,65.2
9797,11.0,132.0,65.1
9798,9.0,108.0,65.0
9799,3.0,36.0,65.0
9800,4.0,48.0,65.0
9801,3.0,36.0,65.0
9802,6.0,72.0,65.1
9803,6.0,72.0,65.2
9804,3.0,36.0,65.1
9805,3.0,36.0,64.9
9806,5.0,60.0,64.9
9807,2.0,24.0,64.9
9808,2.0,24.0,65.0
9809,6.0,72.0,64.8
9810,2.0,24.0,65.1
9811,4.0,48.0,65.1
9812,2.0,24.0,65.0
9813,0.0,0.0,65.0
9814,2.0,24.0,64.9
9815,3.0,36.0,64.8
9816,4.0,48.0,64.8
9817,1.0,12.0,65.0
9818,0.0,0.0,65.0
9819,3.0,36.0,65.0
9820,4.0,48.0,64.8
9821,2.0,24.0,64.8
9822,2.0,24.0,64.8
9823,3.0,36.0,65.0
9824,6.0,72.0,65.0
9825,1.0,12.0,65.0
9826,1.0,12.0,64.9
9827,2.0,24.0,65.0
9828,3.0,36.0,64.9
9829,2.0,24.0,64.8
9830,4.0,48.0,65.2
9831,3.0,36.0,65.0
9832,1.0,12.0,64.9
9833,0.0,0.0,64.9
9834,3.0,36.0,64.9
9835,4.0,48.0,64.9
9836,3.0,36.0,65.0
9837,4.0,48.0,64.9
9838,6.0,72.0,64.9
9839,5.0,60.0,64.9
9840,5.0,60.0,64.9
9841,6.0,72.0,65.1
9842,6.0,72.0,65.0
9843,1.0,12.0,65.6
9844,6.0,72.0,65.1
9845,9.0,108.0,65.0
9846,9.0,108.0,65.0
9847,8.0,96.0,64.9
9848,8.0,96.0,64.9
9849,12.0,144.0,65.1
9850,11.0,132.0,65.2
9851,10.0,120.0,65.2
9852,6.0,72.0,64.9
9853,7.0,84.0,65.0
9854,16.0,192.0,65.0
9855,12.0,144.0,64.8
9856,10.0,120.0,65.0
9857,10.0,120.0,64.9
9858,20.0,240.0,64.7
9859,20.0,240.0,64.7
9860,24.0,288.0,65.0
9861,28.0,336.0,64.7
9862,29.0,348.0,64.9
9863,27.0,324.0,64.7
9864,22.0,264.0,65.0
9865,19.0,228.0,65.1
9866,31.0,372.0,65.6
9867,21.0,252.0,65.4
9868,38.0,456.0,65.6
9869,30.0,360.0,65.2
9870,39.0,468.0,65.1
9871,44.0,528.0,66.3
9872,57.0,684.0,65.4
9873,60.0,720.0,65.0
9874,69.0,828.0,63.9
9875,61.0,732.0,63.9
9876,65.0,780.0,64.7
9877,57.0,684.0,65.1
9878,66.0,792.0,64.5
9879,69.0,828.0,64.9
9880,73.0,876.0,65.1
9881,56.0,672.0,66.0
9882,80.0,960.0,63.6
9883,70.0,840.0,64.9
9884,72.0,864.0,65.1
9885,75.0,900.0,63.7
9886,63.0,756.0,64.1
9887,67.0,804.0,65.5
9888,57.0,684.0,64.9
9889,67.0,804.0,64.2
9890,66.0,792.0,63.6
9891,55.0,660.0,64.3
9892,60.0,720.0,63.1
9893,57.0,684.0,64.3
9894,50.0,600.0,64.8
9895,57.0,684.0,64.5
9896,45.0,540.0,64.3
9897,50.0,600.0,65.0
9898,59.0,708.0,65.4
9899,47.0,564.0,66.3
9900,52.0,624.0,65.5
9901,47.0,564.0,66.5
9902,36.0,432.0,65.7
9903,49.0,588.0,64.3
9904,55.0,660.0,64.4
9905,44.0,528.0,63.2
9906,33.0,396.0,64.4
9907,47.0,564.0,64.6
9908,51.0,612.0,63.8
9909,27.0,324.0,64.1
9910,60.0,720.0,64.7
9911,51.0,612.0,65.2
9912,49.0,588.0,64.3
9913,47.0,564.0,65.0
9914,40.0,480.0,65.8
9915,32.0,384.0,66.1
9916,43.0,516.0,65.6
9917,39.0,468.0,65.9
9918,42.0,504.0,65.4
9919,51.0,612.0,64.8
9920,47.0,564.0,65.2
9921,59.0,708.0,64.8
9922,51.0,612.0,66.0
9923,45.0,540.0,66.7
9924,56.0,672.0,66.1
9925,51.0,612.0,65.2
9926,42.0,504.0,65.9
9927,53.0,636.0,65.2
9928,40.0,480.0,66.6
9929,53.0,636.0,66.5
9930,59.0,708.0,65.9
9931,51.0,612.0,67.2
9932,54.0,648.0,65.7
9933,50.0,600.0,64.9
9934,51.0,612.0,64.2
9935,53.0,636.0,64.7
9936,52.0,624.0,66.0
9937,66.0,792.0,65.6
9938,62.0,744.0,66.4
9939,40.0,480.0,65.9
9940,65.0,780.0,63.7
9941,52.0,624.0,64.1
9942,60.0,720.0,65.1
9943,53.0,636.0,66.5
9944,59.0,708.0,66.0
9945,64.0,768.0,66.1
9946,62.0,744.0,65.2
9947,50.0,600.0,65.1
9948,51.0,612.0,66.0
9949,60.0,720.0,64.6
9950,58.0,696.0,65.3
9951,72.0,864.0,65.4
9952,52.0,624.0,65.6
9953,61.0,732.0,64.3
9954,52.0,624.0,65.2
9955,83.0,996.0,64.5
9956,78.0,936.0,66.1
9957,54.0,648.0,66.5
9958,62.0,744.0,65.0
9959,53.0,636.0,65.3
9960,65.0,780.0,63.0
9961,65.0,780.0,62.4
9962,82.0,984.0,60.9
9963,65.0,780.0,59.5
9964,72.0,864.0,59.7
9965,87.0,1044.0,60.0
9966,75.0,900.0,59.7
9967,85.0,1020.0,58.9
9968,72.0,864.0,59.1
9969,85.0,1020.0,59.4
9970,91.0,1092.0,59.0
9971,100.0,1200.0,58.2
9972,92.0,1104.0,57.8
9973,79.0,948.0,58.0
9974,95.0,1140.0,57.7
9975,83.0,996.0,58.3
9976,97.0,1164.0,58.7
9977,88.0,1056.0,58.7
9978,87.0,1044.0,57.2
9979,88.0,1056.0,57.2
9980,73.0,876.0,58.1
9981,84.0,1008.0,57.4
9982,91.0,1092.0,58.0
9983,95.0,1140.0,58.3
9984,81.0,972.0,58.1
9985,93.0,1116.0,58.5
9986,80.0,960.0,57.3
9987,84.0,1008.0,59.1
9988,93.0,1116.0,58.4
9989,92.0,1104.0,58.5
9990,78.0,936.0,58.1
9991,58.0,696.0,60.1
9992,88.0,1056.0,58.4
9993,81.0,972.0,58.9
9994,96.0,1152.0,58.5
9995,92.0,1104.0,57.8
9996,88.0,1056.0,58.3
9997,104.0,1248.0,57.0
9998,90.0,1080.0,58.0
9999,96.0,1152.0,57.1
10000,90.0,1080.0,58.8
10001,84.0,1008.0,59.1
10002,84.0,1008.0,58.2
10003,95.0,1140.0,58.0
10004,91.0,1092.0,58.8
10005,97.0,1164.0,59.9
10006,79.0,948.0,58.5
10007,92.0,1104.0,57.6
10008,82.0,984.0,59.1
10009,72.0,864.0,61.1
10010,89.0,1068.0,63.3
10011,66.0,792.0,64.8
10012,53.0,636.0,65.3
10013,74.0,888.0,64.7
10014,50.0,600.0,64.4
10015,45.0,540.0,65.4
10016,51.0,612.0,66.6
10017,54.0,648.0,65.3
10018,64.0,768.0,65.4
10019,45.0,540.0,66.1
10020,50.0,600.0,67.0
10021,50.0,600.0,66.8
10022,53.0,636.0,66.5
10023,51.0,612.0,65.9
10024,40.0,480.0,66.1
10025,53.0,636.0,64.4
10026,57.0,684.0,64.8
10027,42.0,504.0,65.2
10028,46.0,552.0,65.4
10029,25.0,300.0,65.1
10030,43.0,516.0,65.8
10031,47.0,564.0,65.8
10032,39.0,468.0,65.2
10033,38.0,456.0,64.1
10034,37.0,444.0,65.0
10035,40.0,480.0,65.0
10036,37.0,444.0,64.6
10037,38.0,456.0,64.9
10038,41.0,492.0,64.9
10039,34.0,408.0,65.3
10040,40.0,480.0,64.6
10041,36.0,432.0,64.5
10042,46.0,552.0,64.1
10043,39.0,468.0,64.6
10044,46.0,552.0,63.9
10045,38.0,456.0,64.2
10046,32.0,384.0,64.9
10047,41.0,492.0,64.2
10048,37.0,444.0,64.9
10049,36.0,432.0,65.1
10050,28.0,336.0,64.9
10051,36.0,432.0,64.9
10052,32.0,384.0,64.7
10053,34.0,408.0,64.2
10054,31.0,372.0,64.4
10055,25.0,300.0,64.7
10056,22.0,264.0,64.9
10057,28.0,336.0,65.0
10058,25.0,300.0,65.0
10059,23.0,276.0,65.1
10060,20.0,240.0,65.1
10061,14.0,168.0,65.2
10062,12.0,144.0,65.0
10063,23.0,276.0,65.1
10064,31.0,372.0,65.0
10065,12.0,144.0,65.1
10066,10.0,120.0,65.0
10067,11.0,132.0,65.0
10068,13.0,156.0,65.1
10069,13.0,156.0,65.2
10070,13.0,156.0,65.0
10071,16.0,192.0,65.0
10072,8.0,96.0,65.0
10073,23.0,276.0,65.3
10074,20.0,240.0,65.0
10075,9.0,108.0,65.1
10076,10.0,120.0,65.1
10077,13.0,156.0,65.2
10078,10.0,120.0,65.1
10079,10.0,120.0,65.1
10080,9.0,108.0,65.0
10081,5.0,60.0,65.0
10082,8.0,96.0,64.9
10083,12.0,144.0,65.0
10084,9.0,108.0,65.2
10085,7.0,84.0,65.1
10086,3.0,36.0,65.1
10087,3.0,36.0,65.1
10088,2.0,24.0,65.0
10089,6.0,72.0,64.9
10090,3.0,36.0,64.9
10091,4.0,48.0,64.8
10092,2.0,24.0,65.0
10093,4.0,48.0,64.9
10094,3.0,36.0,64.5
10095,3.0,36.0,64.6
10096,7.0,84.0,64.8
10097,8.0,96.0,65.1
10098,1.0,12.0,65.4
10099,3.0,36.0,65.2
10100,2.0,24.0,65.2
10101,3.0,36.0,65.1
10102,2.0,24.0,65.2
10103,2.0,24.0,65.1
10104,5.0,60.0,65.1
10105,3.0,36.0,65.1
10106,2.0,24.0,65.2
10107,4.0,48.0,65.0
10108,4.0,48.0,65.1
10109,2.0,24.0,64.9
10110,4.0,48.0,65.0
10111,1.0,12.0,65.1
10112,2.0,24.0,65.1
10113,1.0,12.0,65.0
10114,0.0,0.0,65.0
10115,1.0,12.0,65.0
10116,1.0,12.0,64.9
10117,1.0,12.0,64.8
10118,2.0,24.0,65.0
10119,2.0,24.0,64.9
10120,8.0,96.0,64.9
10121,0.0,0.0,64.9
10122,4.0,48.0,65.2
10123,4.0,48.0,65.1
10124,4.0,48.0,65.0
10125,3.0,36.0,65.0
10126,5.0,60.0,65.0
10127,1.0,12.0,64.9
10128,5.0,60.0,65.0
10129,3.0,36.0,65.1
10130,1.0,12.0,65.0
10131,8.0,96.0,64.8
10132,5.0,60.0,64.9
10133,4.0,48.0,64.9
10134,10.0,120.0,65.0
10135,10.0,120.0,65.0
10136,9.0,108.0,65.1
10137,13.0,156.0,64.9
10138,6.0,72.0,65.1
10139,7.0,84.0,64.9
10140,9.0,108.0,64.9
10141,14.0,168.0,65.0
10142,7.0,84.0,65.0
10143,11.0,132.0,64.9
10144,23.0,276.0,64.9
10145,11.0,132.0,64.8
10146,19.0,228.0,64.9
10147,26.0,312.0,64.8
10148,33.0,396.0,64.5
10149,25.0,300.0,64.6
10150,34.0,408.0,64.5
10151,22.0,264.0,65.0
10152,26.0,312.0,65.6
10153,23.0,276.0,65.3
10154,28.0,336.0,64.7
10155,25.0,300.0,64.7
10156,34.0,408.0,64.9
10157,26.0,312.0,65.0
10158,36.0,432.0,65.0
10159,39.0,468.0,64.9
10160,49.0,588.0,64.6
10161,49.0,588.0,64.1
10162,76.0,912.0,62.8
10163,54.0,648.0,63.2
10164,55.0,660.0,64.9
10165,53.0,636.0,65.2
10166,59.0,708.0,66.3
10167,54.0,648.0,66.1
10168,71.0,852.0,65.0
10169,64.0,768.0,65.5
10170,64.0,768.0,64.8
10171,73.0,876.0,64.1
10172,80.0,960.0,63.3
10173,67.0,804.0,64.1
10174,92.0,1104.0,63.2
10175,84.0,1008.0,63.4
10176,58.0,696.0,63.9
10177,58.0,696.0,64.8
10178,61.0,732.0,63.9
10179,43.0,516.0,65.5
10180,50.0,600.0,65.3
10181,57.0,684.0,66.7
10182,41.0,492.0,66.6
10183,57.0,684.0,64.2
10184,56.0,672.0,64.6
10185,48.0,576.0,64.9
10186,48.0,576.0,64.1
10187,44.0,528.0,65.2
10188,47.0,564.0,65.9
10189,51.0,612.0,66.2
10190,46.0,552.0,65.1
10191,51.0,612.0,66.5
10192,42.0,504.0,65.2
10193,57.0,684.0,64.2
10194,45.0,540.0,64.4
10195,47.0,564.0,63.3
10196,61.0,732.0,65.1
10197,42.0,504.0,64.8
10198,54.0,648.0,64.5
10199,62.0,744.0,62.1
10200,53.0,636.0,63.5
10201,66.0,792.0,64.4
10202,52.0,624.0,66.0
10203,60.0,720.0,64.1
10204,40.0,480.0,65.3
10205,67.0,804.0,64.7
10206,63.0,756.0,64.4
10207,56.0,672.0,63.9
10208,61.0,732.0,63.6
10209,59.0,708.0,63.9
10210,54.0,648.0,65.7
10211,61.0,732.0,66.7
10212,70.0,840.0,65.8
10213,60.0,720.0,66.6
10214,59.0,708.0,65.9
10215,58.0,696.0,65.6
10216,50.0,600.0,66.1
10217,76.0,912.0,63.5
10218,82.0,984.0,64.4
10219,77.0,924.0,65.2
10220,78.0,936.0,65.7
10221,68.0,816.0,66.6
10222,82.0,984.0,65.4
10223,93.0,1116.0,66.5
10224,79.0,948.0,66.1
10225,70.0,840.0,65.9
10226,63.0,756.0,66.5
10227,72.0,864.0,67.0
10228,85.0,1020.0,66.8
10229,68.0,816.0,64.9
10230,76.0,912.0,64.0
10231,67.0,804.0,64.8
10232,49.0,588.0,67.1
10233,74.0,888.0,66.6
10234,71.0,852.0,65.7
10235,90.0,1080.0,64.7
10236,66.0,792.0,62.4
10237,69.0,828.0,60.7
10238,78.0,936.0,59.6
10239,75.0,900.0,59.9
10240,65.0,780.0,59.4
10241,64.0,768.0,57.5
10242,76.0,912.0,57.5
10243,78.0,936.0,57.8
10244,62.0,744.0,58.3
10245,79.0,948.0,58.8
10246,79.0,948.0,59.2
10247,73.0,876.0,60.1
10248,88.0,1056.0,58.6
10249,92.0,1104.0,57.9
10250,97.0,1164.0,56.7
10251,94.0,1128.0,56.5
10252,93.0,1116.0,56.0
10253,83.0,996.0,57.4
10254,79.0,948.0,57.3
10255,92.0,1104.0,56.8
10256,70.0,840.0,57.3
10257,95.0,1140.0,57.4
10258,87.0,1044.0,58.1
10259,88.0,1056.0,57.5
10260,108.0,1296.0,56.1
10261,81.0,972.0,57.3
10262,89.0,1068.0,56.4
10263,79.0,948.0,56.8
10264,94.0,1128.0,56.0
10265,79.0,948.0,56.9
10266,94.0,1128.0,57.0
10267,79.0,948.0,57.4
10268,99.0,1188.0,54.5
10269,100.0,1200.0,55.2
10270,105.0,1260.0,56.3
10271,89.0,1068.0,56.4
10272,108.0,1296.0,55.0
10273,106.0,1272.0,55.6
10274,104.0,1248.0,55.2
10275,92.0,1104.0,54.4
10276,101.0,1212.0,52.1
10277,107.0,1284.0,52.4
10278,97.0,1164.0,53.1
10279,111.0,1332.0,54.1
10280,99.0,1188.0,53.6
10281,96.0,1152.0,55.7
10282,100.0,1200.0,55.6
10283,90.0,1080.0,56.0
10284,91.0,1092.0,56.2
10285,112.0,1344.0,54.7
10286,114.0,1368.0,52.9
10287,105.0,1260.0,54.0
10288,96.0,1152.0,55.1
10289,98.0,1176.0,56.1
10290,102.0,1224.0,55.8
10291,99.0,1188.0,56.8
10292,98.0,1176.0,56.1
10293,104.0,1248.0,55.0
10294,110.0,1320.0,55.2
10295,77.0,924.0,56.6
10296,76.0,912.0,61.9
10297,76.0,912.0,64.2
10298,60.0,720.0,65.5
10299,77.0,924.0,65.9
10300,72.0,864.0,65.2
10301,58.0,696.0,64.7
10302,67.0,804.0,65.9
10303,79.0,948.0,65.4
10304,69.0,828.0,64.9
10305,77.0,924.0,64.9
10306,59.0,708.0,64.9
10307,66.0,792.0,64.8
10308,63.0,756.0,65.0
10309,57.0,684.0,65.2
10310,66.0,792.0,65.5
10311,68.0,816.0,66.4
10312,59.0,708.0,63.7
10313,60.0,720.0,63.4
10314,57.0,684.0,64.6
10315,76.0,912.0,64.0
10316,65.0,780.0,65.5
10317,65.0,780.0,64.5
10318,55.0,660.0,65.3
10319,56.0,672.0,65.2
10320,66.0,792.0,63.8
10321,52.0,624.0,64.3
10322,65.0,780.0,64.5
10323,46.0,552.0,63.2
10324,47.0,564.0,64.0
10325,53.0,636.0,64.2
10326,55.0,660.0,65.1
10327,69.0,828.0,64.9
10328,61.0,732.0,65.5
10329,74.0,888.0,64.9
10330,59.0,708.0,64.7
10331,47.0,564.0,64.9
10332,54.0,648.0,64.8
10333,74.0,888.0,64.1
10334,57.0,684.0,64.8
10335,55.0,660.0,64.4
10336,54.0,648.0,64.8
10337,41.0,492.0,64.6
10338,45.0,540.0,65.1
10339,62.0,744.0,65.0
10340,58.0,696.0,64.0
10341,45.0,540.0,65.2
10342,57.0,684.0,65.4
10343,44.0,528.0,64.7
10344,47.0,564.0,65.6
10345,43.0,516.0,65.8
10346,35.0,420.0,65.7
10347,34.0,408.0,64.8
10348,31.0,372.0,65.1
10349,46.0,552.0,65.3
10350,35.0,420.0,65.1
10351,32.0,384.0,65.1
10352,28.0,336.0,65.1
10353,29.0,348.0,65.1
10354,40.0,480.0,65.1
10355,28.0,336.0,65.4
10356,22.0,264.0,65.3
10357,27.0,324.0,65.3
10358,28.0,336.0,65.2
10359,30.0,360.0,65.0
10360,27.0,324.0,64.8
10361,18.0,216.0,65.0
10362,30.0,360.0,65.0
10363,21.0,252.0,65.0
10364,21.0,252.0,65.0
10365,20.0,240.0,65.2
10366,25.0,300.0,65.1
10367,19.0,228.0,64.8
10368,16.0,192.0,65.0
10369,21.0,252.0,65.1
10370,9.0,108.0,65.0
10371,5.0,60.0,65.1
10372,13.0,156.0,65.0
10373,11.0,132.0,65.1
10374,11.0,132.0,65.0
10375,14.0,168.0,65.1
10376,12.0,144.0,65.1
10377,13.0,156.0,64.9
10378,10.0,120.0,64.9
10379,16.0,192.0,65.0
10380,5.0,60.0,65.0
10381,14.0,168.0,65.1
10382,5.0,60.0,65.1
10383,11.0,132.0,64.9
10384,4.0,48.0,65.0
10385,8.0,96.0,65.0
10386,8.0,96.0,64.9
10387,5.0,60.0,65.0
10388,3.0,36.0,65.0
10389,7.0,84.0,65.0
10390,15.0,180.0,65.1
10391,10.0,120.0,65.2
10392,10.0,120.0,64.7
10393,5.0,60.0,65.0
10394,7.0,84.0,65.1
10395,9.0,108.0,65.0
10396,5.0,60.0,65.0
10397,5.0,60.0,65.0
10398,5.0,60.0,65.1
10399,2.0,24.0,65.0
10400,6.0,72.0,65.1
10401,4.0,48.0,65.1
10402,1.0,12.0,65.4
10403,4.0,48.0,65.1
10404,5.0,60.0,65.1
10405,3.0,36.0,64.9
10406,2.0,24.0,64.9
10407,1.0,12.0,65.1
10408,2.0,24.0,65.1
10409,0.0,0.0,65.1
10410,1.0,12.0,65.4
10411,5.0,60.0,65.2
10412,3.0,36.0,65.2
10413,3.0,36.0,65.1
10414,4.0,48.0,65.0
10415,1.0,12.0,64.9
10416,2.0,24.0,64.8
10417,2.0,24.0,64.8
10418,2.0,24.0,64.9
10419,4.0,48.0,65.0
10420,1.0,12.0,65.1
10421,0.0,0.0,65.1
10422,7.0,84.0,65.0
10423,4.0,48.0,65.0
10424,9.0,108.0,65.1
10425,8.0,96.0,65.1
10426,2.0,24.0,65.1
10427,2.0,24.0,65.0
10428,3.0,36.0,65.1
10429,3.0,36.0,65.0
10430,9.0,108.0,65.1
10431,3.0,36.0,65.1
10432,5.0,60.0,65.0
10433,3.0,36.0,65.0
10434,9.0,108.0,65.0
10435,10.0,120.0,65.0
10436,8.0,96.0,65.0
10437,9.0,108.0,65.0
10438,10.0,120.0,65.0
10439,12.0,144.0,64.7
10440,11.0,132.0,64.8
10441,9.0,108.0,64.8
10442,11.0,132.0,65.0
10443,10.0,120.0,65.0
10444,11.0,132.0,65.1
10445,21.0,252.0,64.9
10446,14.0,168.0,64.8
10447,13.0,156.0,65.0
10448,27.0,324.0,65.1
10449,26.0,312.0,65.1
10450,25.0,300.0,65.2
10451,19.0,228.0,64.9
10452,19.0,228.0,65.1
10453,24.0,288.0,64.9
10454,21.0,252.0,65.0
10455,28.0,336.0,65.1
10456,39.0,468.0,64.9
10457,29.0,348.0,65.1
10458,24.0,288.0,65.2
10459,27.0,324.0,65.6
10460,30.0,360.0,64.9
10461,30.0,360.0,65.4
10462,32.0,384.0,65.5
10463,39.0,468.0,65.5
10464,24.0,288.0,65.3
10465,25.0,300.0,65.4
10466,35.0,420.0,65.4
10467,27.0,324.0,65.1
10468,37.0,444.0,64.9
10469,31.0,372.0,65.0
10470,45.0,540.0,65.4
10471,40.0,480.0,64.3
10472,53.0,636.0,64.6
10473,61.0,732.0,64.4
10474,33.0,396.0,63.7
10475,43.0,516.0,63.1
10476,40.0,480.0,63.3
10477,55.0,660.0,63.8
10478,46.0,552.0,65.0
10479,59.0,708.0,62.7
10480,57.0,684.0,63.9
10481,58.0,696.0,63.6
10482,55.0,660.0,62.2
10483,69.0,828.0,62.6
10484,55.0,660.0,62.0
10485,66.0,792.0,60.2
10486,54.0,648.0,61.7
10487,64.0,768.0,61.7
10488,57.0,684.0,61.7
10489,59.0,708.0,62.4
10490,56.0,672.0,63.9
10491,58.0,696.0,62.9
10492,69.0,828.0,62.2
10493,59.0,708.0,62.4
10494,73.0,876.0,61.3
10495,75.0,900.0,62.2
10496,79.0,948.0,61.9
10497,58.0,696.0,63.1
10498,70.0,840.0,64.1
10499,66.0,792.0,64.0
10500,70.0,840.0,63.4
10501,75.0,900.0,62.0
10502,75.0,900.0,62.8
10503,61.0,732.0,63.7
10504,75.0,900.0,63.0
10505,81.0,972.0,62.7
10506,85.0,1020.0,63.4
10507,78.0,936.0,62.6
10508,82.0,984.0,64.4
10509,73.0,876.0,64.3
10510,70.0,840.0,63.5
10511,61.0,732.0,64.1
10512,72.0,864.0,64.8
10513,63.0,756.0,64.3
10514,68.0,816.0,64.5
10515,86.0,1032.0,64.6
10516,80.0,960.0,63.9
10517,62.0,744.0,64.1
10518,68.0,816.0,64.1
10519,61.0,732.0,64.5
10520,69.0,828.0,65.5
10521,68.0,816.0,64.5
10522,68.0,816.0,65.2
10523,67.0,804.0,65.2
10524,76.0,912.0,64.9
10525,69.0,828.0,65.0
10526,70.0,840.0,64.9
10527,70.0,840.0,65.4
10528,59.0,708.0,65.8
10529,77.0,924.0,65.0
10530,75.0,900.0,64.4
10531,61.0,732.0,63.9
10532,71.0,852.0,64.7
10533,68.0,816.0,63.8
10534,70.0,840.0,65.2
10535,72.0,864.0,65.1
10536,61.0,732.0,64.8
10537,75.0,900.0,65.5
10538,69.0,828.0,64.8
10539,60.0,720.0,65.1
10540,69.0,828.0,64.8
10541,75.0,900.0,64.1
10542,58.0,696.0,64.4
10543,65.0,780.0,64.8
10544,55.0,660.0,65.4
10545,74.0,888.0,64.6
10546,67.0,804.0,63.5
10547,69.0,828.0,62.5
10548,74.0,888.0,63.0
10549,76.0,912.0,65.5
10550,70.0,840.0,63.8
10551,55.0,660.0,64.3
10552,62.0,744.0,64.7
10553,52.0,624.0,65.3
10554,68.0,816.0,65.2
10555,48.0,576.0,65.6
10556,49.0,588.0,64.2
10557,61.0,732.0,63.5
10558,67.0,804.0,63.8
10559,54.0,648.0,64.7
10560,65.0,780.0,64.1
10561,73.0,876.0,66.1
10562,77.0,924.0,64.6
10563,50.0,600.0,64.9
10564,67.0,804.0,64.5
10565,56.0,672.0,64.3
10566,74.0,888.0,64.5
10567,68.0,816.0,64.2
10568,66.0,792.0,64.8
10569,69.0,828.0,64.9
10570,60.0,720.0,63.9
10571,69.0,828.0,64.0
10572,58.0,696.0,65.5
10573,71.0,852.0,66.0
10574,67.0,804.0,65.1
10575,67.0,804.0,64.3
10576,65.0,780.0,64.4
10577,48.0,576.0,65.0
10578,63.0,756.0,65.8
10579,58.0,696.0,65.2
10580,67.0,804.0,64.6
10581,71.0,852.0,65.3
10582,59.0,708.0,65.4
10583,63.0,756.0,65.7
10584,60.0,720.0,64.9
10585,51.0,612.0,65.1
10586,59.0,708.0,65.0
10587,55.0,660.0,65.2
10588,64.0,768.0,65.0
10589,61.0,732.0,64.8
10590,66.0,792.0,64.0
10591,55.0,660.0,64.6
10592,57.0,684.0,64.9
10593,58.0,696.0,64.9
10594,50.0,600.0,65.1
10595,77.0,924.0,63.6
10596,49.0,588.0,64.8
10597,59.0,708.0,65.8
10598,59.0,708.0,64.4
10599,46.0,552.0,65.0
10600,49.0,588.0,64.2
10601,73.0,876.0,64.5
10602,61.0,732.0,64.8
10603,51.0,612.0,64.1
10604,54.0,648.0,64.2
10605,59.0,708.0,64.0
10606,48.0,576.0,64.3
10607,57.0,684.0,65.0
10608,74.0,888.0,64.3
10609,51.0,612.0,63.6
10610,44.0,528.0,64.8
10611,49.0,588.0,64.3
10612,68.0,816.0,63.9
10613,51.0,612.0,63.7
10614,45.0,540.0,64.3
10615,42.0,504.0,64.3
10616,61.0,732.0,64.0
10617,49.0,588.0,62.9
10618,62.0,744.0,63.6
10619,60.0,720.0,63.9
10620,43.0,516.0,64.2
10621,59.0,708.0,64.8
10622,61.0,732.0,64.5
10623,53.0,636.0,64.0
10624,59.0,708.0,63.6
10625,58.0,696.0,63.4
10626,57.0,684.0,64.0
10627,55.0,660.0,64.1
10628,64.0,768.0,64.3
10629,55.0,660.0,62.2
10630,50.0,600.0,64.9
10631,49.0,588.0,63.4
10632,54.0,648.0,63.3
10633,53.0,636.0,63.8
10634,44.0,528.0,65.0
10635,52.0,624.0,64.5
10636,41.0,492.0,65.0
10637,38.0,456.0,65.5
10638,43.0,516.0,64.6
10639,47.0,564.0,64.7
10640,46.0,552.0,65.4
10641,44.0,528.0,65.0
10642,43.0,516.0,64.4
10643,38.0,456.0,65.1
10644,46.0,552.0,64.5
10645,25.0,300.0,64.8
10646,42.0,504.0,65.1
10647,34.0,408.0,64.9
10648,38.0,456.0,65.1
10649,26.0,312.0,64.9
10650,38.0,456.0,64.8
10651,27.0,324.0,65.0
10652,36.0,432.0,64.9
10653,28.0,336.0,65.4
10654,34.0,408.0,65.4
10655,39.0,468.0,65.7
10656,20.0,240.0,65.0
10657,23.0,276.0,64.9
10658,22.0,264.0,64.9
10659,25.0,300.0,64.8
10660,11.0,132.0,64.9
10661,18.0,216.0,64.9
10662,15.0,180.0,65.1
10663,18.0,216.0,65.1
10664,14.0,168.0,65.0
10665,19.0,228.0,64.8
10666,28.0,336.0,64.6
10667,10.0,120.0,64.9
10668,18.0,216.0,64.9
10669,11.0,132.0,65.0
10670,16.0,192.0,64.6
10671,12.0,144.0,64.7
10672,9.0,108.0,64.8
10673,13.0,156.0,64.8
10674,7.0,84.0,64.9
10675,9.0,108.0,65.0
10676,8.0,96.0,65.0
10677,10.0,120.0,65.0
10678,13.0,156.0,65.0
10679,8.0,96.0,65.0
10680,11.0,132.0,65.1
10681,8.0,96.0,65.1
10682,5.0,60.0,65.0
10683,10.0,120.0,65.1
10684,7.0,84.0,65.1
10685,11.0,132.0,65.0
10686,2.0,24.0,65.1
10687,2.0,24.0,65.1
10688,3.0,36.0,65.1
10689,5.0,60.0,65.1
10690,4.0,48.0,65.0
10691,1.0,12.0,65.3
10692,2.0,24.0,65.2
10693,2.0,24.0,65.0
10694,2.0,24.0,65.0
10695,2.0,24.0,64.9
10696,3.0,36.0,65.0
10697,3.0,36.0,64.9
10698,2.0,24.0,64.9
10699,1.0,12.0,65.0
10700,1.0,12.0,64.9
10701,1.0,12.0,65.1
10702,1.0,12.0,65.1
10703,0.0,0.0,65.1
10704,1.0,12.0,65.2
10705,0.0,0.0,65.2
10706,2.0,24.0,65.2
10707,2.0,24.0,65.0
10708,0.0,0.0,65.0
10709,3.0,36.0,65.0
10710,2.0,24.0,64.9
10711,3.0,36.0,64.9
10712,3.0,36.0,65.0
10713,1.0,12.0,65.1
10714,0.0,0.0,65.1
10715,5.0,60.0,64.9
10716,4.0,48.0,65.0
10717,0.0,0.0,65.0
10718,2.0,24.0,65.0
10719,4.0,48.0,64.9
10720,1.0,12.0,64.9
10721,1.0,12.0,65.1
10722,7.0,84.0,65.1
10723,4.0,48.0,65.1
10724,9.0,108.0,65.0
10725,9.0,108.0,64.9
10726,7.0,84.0,65.0
10727,3.0,36.0,64.9
10728,3.0,36.0,64.8
10729,4.0,48.0,65.0
10730,4.0,48.0,65.0
10731,8.0,96.0,64.9
10732,6.0,72.0,65.0
10733,21.0,252.0,64.9
10734,13.0,156.0,64.7
10735,11.0,132.0,64.8
10736,7.0,84.0,64.9
10737,12.0,144.0,65.0
10738,23.0,276.0,64.7
10739,11.0,132.0,64.7
10740,9.0,108.0,64.8
10741,7.0,84.0,65.0
10742,13.0,156.0,64.9
10743,16.0,192.0,65.1
10744,12.0,144.0,65.0
10745,9.0,108.0,65.0
10746,15.0,180.0,65.0
10747,18.0,216.0,65.0
10748,29.0,348.0,64.8
10749,21.0,252.0,64.7
10750,26.0,312.0,64.7
10751,23.0,276.0,65.2
10752,10.0,120.0,64.7
10753,15.0,180.0,65.1
10754,26.0,312.0,64.8
10755,31.0,372.0,64.9
10756,29.0,348.0,65.3
10757,26.0,312.0,65.1
10758,29.0,348.0,64.9
10759,30.0,360.0,65.2
10760,38.0,456.0,64.7
10761,38.0,456.0,64.0
10762,23.0,276.0,64.3
10763,32.0,384.0,64.8
10764,27.0,324.0,64.4
10765,25.0,300.0,64.6
10766,21.0,252.0,64.6
10767,36.0,432.0,65.5
10768,42.0,504.0,67.2
10769,41.0,492.0,65.4
10770,37.0,444.0,65.2
10771,34.0,408.0,65.0
10772,39.0,468.0,65.2
10773,35.0,420.0,64.6
10774,42.0,504.0,64.7
10775,43.0,516.0,64.7
10776,45.0,540.0,63.8
10777,62.0,744.0,64.2
10778,51.0,612.0,64.9
10779,44.0,528.0,64.2
10780,45.0,540.0,64.1
10781,53.0,636.0,63.8
10782,62.0,744.0,63.5
10783,59.0,708.0,63.1
10784,54.0,648.0,62.7
10785,64.0,768.0,63.3
10786,58.0,696.0,63.0
10787,58.0,696.0,64.1
10788,56.0,672.0,64.7
10789,58.0,696.0,64.8
10790,62.0,744.0,65.7
10791,50.0,600.0,65.8
10792,60.0,720.0,65.4
10793,67.0,804.0,65.6
10794,48.0,576.0,65.6
10795,40.0,480.0,65.6
10796,50.0,600.0,65.6
10797,55.0,660.0,64.7
10798,70.0,840.0,63.9
10799,53.0,636.0,62.2
10800,60.0,720.0,64.4
10801,53.0,636.0,64.5
10802,60.0,720.0,63.6
10803,75.0,900.0,64.0
10804,56.0,672.0,63.1
10805,61.0,732.0,64.4
10806,66.0,792.0,64.2
10807,72.0,864.0,63.3
10808,56.0,672.0,64.1
10809,51.0,612.0,63.4
10810,55.0,660.0,65.2
10811,62.0,744.0,65.3
10812,48.0,576.0,65.6
10813,54.0,648.0,65.2
10814,58.0,696.0,65.1
10815,60.0,720.0,64.9
10816,65.0,780.0,64.4
10817,65.0,780.0,65.8
10818,71.0,852.0,65.1
10819,58.0,696.0,65.0
10820,66.0,792.0,65.2
10821,57.0,684.0,66.1
10822,57.0,684.0,65.8
10823,49.0,588.0,65.9
10824,58.0,696.0,65.2
10825,59.0,708.0,65.9
10826,60.0,720.0,65.5
10827,56.0,672.0,66.0
10828,59.0,708.0,66.4
10829,66.0,792.0,65.7
10830,55.0,660.0,65.7
10831,69.0,828.0,66.1
10832,52.0,624.0,65.5
10833,69.0,828.0,65.5
10834,75.0,900.0,64.9
10835,57.0,684.0,66.3
10836,56.0,672.0,66.0
10837,75.0,900.0,65.7
10838,61.0,732.0,63.9
10839,69.0,828.0,64.0
10840,48.0,576.0,64.4
10841,73.0,876.0,63.9
10842,53.0,636.0,63.9
10843,67.0,804.0,64.6
10844,71.0,852.0,64.6
10845,57.0,684.0,63.9
10846,62.0,744.0,63.6
10847,63.0,756.0,63.9
10848,58.0,696.0,64.2
10849,49.0,588.0,65.2
10850,68.0,816.0,64.3
10851,72.0,864.0,62.8
10852,57.0,684.0,63.3
10853,59.0,708.0,61.8
10854,47.0,564.0,64.4
10855,61.0,732.0,64.3
10856,46.0,552.0,64.9
10857,62.0,744.0,64.7
10858,75.0,900.0,65.2
10859,66.0,792.0,65.9
10860,59.0,708.0,65.1
10861,58.0,696.0,64.5
10862,47.0,564.0,65.0
10863,47.0,564.0,64.4
10864,59.0,708.0,63.8
10865,58.0,696.0,63.8
10866,66.0,792.0,65.3
10867,49.0,588.0,65.1
10868,51.0,612.0,64.2
10869,57.0,684.0,64.0
10870,72.0,864.0,64.1
10871,59.0,708.0,63.3
10872,62.0,744.0,64.1
10873,67.0,804.0,64.7
10874,68.0,816.0,64.3
10875,66.0,792.0,64.1
10876,51.0,612.0,64.3
10877,69.0,828.0,63.9
10878,54.0,648.0,64.7
10879,52.0,624.0,65.1
10880,57.0,684.0,65.9
10881,67.0,804.0,64.8
10882,47.0,564.0,63.9
10883,59.0,708.0,64.4
10884,55.0,660.0,65.7
10885,47.0,564.0,65.6
10886,64.0,768.0,65.9
10887,51.0,612.0,64.9
10888,55.0,660.0,65.4
10889,60.0,720.0,65.0
10890,55.0,660.0,64.5
10891,54.0,648.0,65.1
10892,64.0,768.0,65.8
10893,52.0,624.0,65.3
10894,55.0,660.0,65.1
10895,54.0,648.0,63.3
10896,58.0,696.0,65.6
10897,42.0,504.0,65.9
10898,53.0,636.0,65.3
10899,62.0,744.0,64.7
10900,36.0,432.0,65.1
10901,46.0,552.0,64.6
10902,47.0,564.0,65.1
10903,48.0,576.0,65.7
10904,37.0,444.0,65.1
10905,60.0,720.0,64.8
10906,34.0,408.0,64.7
10907,43.0,516.0,64.5
10908,51.0,612.0,63.3
10909,38.0,456.0,64.3
10910,43.0,516.0,65.0
10911,10.0,120.0,65.1
10912,47.0,564.0,64.4
10913,48.0,576.0,64.5
10914,45.0,540.0,65.2
10915,43.0,516.0,65.1
10916,36.0,432.0,65.2
10917,34.0,408.0,65.1
10918,34.0,408.0,65.2
10919,36.0,432.0,65.3
10920,33.0,396.0,64.9
10921,43.0,516.0,64.9
10922,30.0,360.0,64.8
10923,31.0,372.0,65.0
10924,39.0,468.0,64.9
10925,31.0,372.0,65.2
10926,27.0,324.0,65.0
10927,28.0,336.0,65.0
10928,25.0,300.0,64.9
10929,28.0,336.0,65.0
10930,26.0,312.0,65.0
10931,22.0,264.0,65.2
10932,17.0,204.0,65.0
10933,20.0,240.0,65.0
10934,23.0,276.0,64.9
10935,27.0,324.0,64.9
10936,23.0,276.0,64.9
10937,18.0,216.0,64.7
10938,13.0,156.0,64.9
10939,14.0,168.0,65.0
10940,17.0,204.0,65.0
10941,15.0,180.0,65.0
10942,13.0,156.0,65.1
10943,8.0,96.0,65.1
10944,14.0,168.0,65.0
10945,11.0,132.0,65.0
10946,9.0,108.0,65.0
10947,7.0,84.0,65.0
10948,8.0,96.0,64.9
10949,6.0,72.0,65.0
10950,5.0,60.0,65.0
10951,9.0,108.0,65.0
10952,8.0,96.0,65.0
10953,9.0,108.0,64.9
10954,6.0,72.0,65.0
10955,7.0,84.0,65.0
10956,4.0,48.0,65.0
10957,5.0,60.0,65.0
10958,5.0,60.0,64.9
10959,1.0,12.0,65.0
10960,2.0,24.0,64.9
10961,2.0,24.0,64.9
10962,4.0,48.0,64.9
10963,3.0,36.0,65.1
10964,2.0,24.0,65.1
10965,3.0,36.0,65.0
10966,4.0,48.0,65.1
10967,2.0,24.0,65.0
10968,1.0,12.0,64.9
10969,2.0,24.0,64.8
10970,2.0,24.0,64.8
10971,3.0,36.0,64.8
10972,0.0,0.0,64.8
10973,2.0,24.0,64.9
10974,1.0,12.0,65.2
10975,4.0,48.0,65.2
10976,2.0,24.0,65.0
10977,2.0,24.0,64.9
10978,1.0,12.0,64.8
10979,1.0,12.0,64.8
10980,1.0,12.0,64.9
10981,1.0,12.0,64.9
10982,2.0,24.0,65.2
10983,3.0,36.0,65.0
10984,4.0,48.0,65.1
10985,2.0,24.0,64.9
10986,6.0,72.0,65.0
10987,2.0,24.0,65.0
10988,7.0,84.0,65.0
10989,4.0,48.0,65.2
10990,3.0,36.0,65.0
10991,5.0,60.0,65.0
10992,1.0,12.0,65.1
10993,4.0,48.0,65.1
10994,3.0,36.0,65.1
10995,3.0,36.0,65.1
10996,5.0,60.0,65.0
10997,7.0,84.0,65.0
10998,8.0,96.0,64.9
10999,9.0,108.0,64.9
11000,12.0,144.0,64.9
11001,13.0,156.0,65.1
11002,12.0,144.0,65.1
11003,10.0,120.0,65.0
11004,11.0,132.0,65.0
11005,12.0,144.0,65.0
11006,14.0,168.0,64.8
11007,7.0,84.0,64.9
11008,11.0,132.0,64.9
11009,9.0,108.0,65.0
11010,21.0,252.0,65.2
11011,25.0,300.0,64.6
11012,25.0,300.0,64.8
11013,27.0,324.0,64.7
11014,32.0,384.0,65.0
11015,26.0,312.0,65.2
11016,21.0,252.0,65.2
11017,18.0,216.0,65.2
11018,21.0,252.0,65.3
11019,28.0,336.0,65.7
11020,27.0,324.0,65.6
11021,28.0,336.0,65.8
11022,33.0,396.0,65.8
11023,51.0,612.0,64.7
11024,48.0,576.0,64.5
11025,59.0,708.0,64.7
11026,65.0,780.0,63.8
11027,48.0,576.0,64.1
11028,50.0,600.0,65.4
11029,55.0,660.0,65.9
11030,43.0,516.0,64.9
11031,61.0,732.0,64.1
11032,66.0,792.0,62.7
11033,67.0,804.0,62.6
11034,73.0,876.0,64.3
11035,46.0,552.0,62.7
11036,75.0,900.0,62.8
11037,87.0,1044.0,59.1
11038,73.0,876.0,59.0
11039,79.0,948.0,60.7
11040,78.0,936.0,61.7
11041,64.0,768.0,64.3
11042,51.0,612.0,64.8
11043,47.0,564.0,64.3
11044,52.0,624.0,64.7
11045,46.0,552.0,65.5
11046,44.0,528.0,66.4
11047,40.0,480.0,65.8
11048,43.0,516.0,66.7
11049,59.0,708.0,67.1
11050,39.0,468.0,66.4
11051,44.0,528.0,67.3
11052,45.0,540.0,65.8
11053,44.0,528.0,60.3
11054,28.0,336.0,63.0
11055,26.0,312.0,64.2
11056,34.0,408.0,65.0
11057,36.0,432.0,65.3
11058,38.0,456.0,65.4
11059,41.0,492.0,65.4
11060,31.0,372.0,65.2
11061,41.0,492.0,63.9
11062,47.0,564.0,65.2
11063,40.0,480.0,65.5
11064,49.0,588.0,64.7
11065,53.0,636.0,63.9
11066,41.0,492.0,64.5
11067,40.0,480.0,65.7
11068,36.0,432.0,65.1
11069,60.0,720.0,65.6
11070,41.0,492.0,65.7
11071,42.0,504.0,65.9
11072,49.0,588.0,65.9
11073,50.0,600.0,65.5
11074,53.0,636.0,65.6
11075,40.0,480.0,65.3
11076,36.0,432.0,65.5
11077,49.0,588.0,64.8
11078,37.0,444.0,65.1
11079,59.0,708.0,65.3
11080,54.0,648.0,63.4
11081,47.0,564.0,64.4
11082,46.0,552.0,64.4
11083,50.0,600.0,64.3
11084,63.0,756.0,64.8
11085,51.0,612.0,66.1
11086,47.0,564.0,65.1
11087,64.0,768.0,66.1
11088,38.0,456.0,66.0
11089,56.0,672.0,63.9
11090,47.0,564.0,64.7
11091,50.0,600.0,64.2
11092,68.0,816.0,65.4
11093,60.0,720.0,64.3
11094,50.0,600.0,64.8
11095,58.0,696.0,64.4
11096,70.0,840.0,63.8
11097,56.0,672.0,63.4
11098,62.0,744.0,64.6
11099,70.0,840.0,66.0
11100,68.0,816.0,66.1
11101,40.0,480.0,66.3
11102,54.0,648.0,62.9
11103,68.0,816.0,65.2
11104,46.0,552.0,66.0
11105,56.0,672.0,65.5
11106,49.0,588.0,64.4
11107,55.0,660.0,65.3
11108,52.0,624.0,65.7
11109,67.0,804.0,65.5
11110,67.0,804.0,65.7
11111,62.0,744.0,64.6
11112,62.0,744.0,64.4
11113,56.0,672.0,67.0
11114,94.0,1128.0,65.4
11115,72.0,864.0,64.2
11116,80.0,960.0,64.7
11117,59.0,708.0,63.8
11118,61.0,732.0,64.8
11119,78.0,936.0,64.1
11120,75.0,900.0,65.1
11121,81.0,972.0,64.0
11122,93.0,1116.0,62.9
11123,72.0,864.0,64.1
11124,86.0,1032.0,59.5
11125,95.0,1140.0,58.2
11126,88.0,1056.0,59.0
11127,87.0,1044.0,58.3
11128,72.0,864.0,58.2
11129,81.0,972.0,58.4
11130,62.0,744.0,59.0
11131,93.0,1116.0,58.3
11132,92.0,1104.0,58.8
11133,78.0,936.0,57.8
11134,94.0,1128.0,56.9
11135,81.0,972.0,57.6
11136,84.0,1008.0,57.8
11137,94.0,1128.0,57.5
11138,78.0,936.0,56.9
11139,99.0,1188.0,54.8
11140,70.0,840.0,56.3
11141,74.0,888.0,56.6
11142,64.0,768.0,57.3
11143,79.0,948.0,57.3
11144,82.0,984.0,56.8
11145,83.0,996.0,56.8
11146,89.0,1068.0,56.4
11147,71.0,852.0,57.6
11148,89.0,1068.0,56.8
11149,80.0,960.0,58.4
11150,90.0,1080.0,57.1
11151,87.0,1044.0,58.0
11152,77.0,924.0,57.8
11153,93.0,1116.0,57.5
11154,87.0,1044.0,58.8
11155,67.0,804.0,58.8
11156,99.0,1188.0,58.2
11157,82.0,984.0,57.8
11158,83.0,996.0,57.8
11159,62.0,744.0,59.6
11160,72.0,864.0,62.4
11161,57.0,684.0,63.4
11162,52.0,624.0,63.8
11163,53.0,636.0,65.1
11164,53.0,636.0,65.5
11165,38.0,456.0,66.1
11166,55.0,660.0,66.1
11167,65.0,780.0,66.4
11168,61.0,732.0,66.3
11169,50.0,600.0,67.4
11170,44.0,528.0,66.5
11171,29.0,348.0,65.9
11172,39.0,468.0,65.4
11173,37.0,444.0,65.7
11174,40.0,480.0,64.6
11175,43.0,516.0,64.1
11176,39.0,468.0,64.5
11177,28.0,336.0,64.6
11178,31.0,372.0,64.8
11179,42.0,504.0,65.1
11180,43.0,516.0,65.3
11181,27.0,324.0,65.1
11182,28.0,336.0,65.4
11183,25.0,300.0,65.4
11184,39.0,468.0,64.8
11185,36.0,432.0,64.1
11186,48.0,576.0,63.4
11187,24.0,288.0,63.6
11188,45.0,540.0,62.5
11189,40.0,480.0,63.7
11190,29.0,348.0,63.7
11191,28.0,336.0,63.8
11192,30.0,360.0,64.0
11193,36.0,432.0,64.4
11194,33.0,396.0,64.9
11195,28.0,336.0,64.6
11196,26.0,312.0,64.9
11197,20.0,240.0,64.8
11198,28.0,336.0,65.0
11199,27.0,324.0,65.1
11200,25.0,300.0,64.7
11201,26.0,312.0,64.7
11202,15.0,180.0,64.7
11203,29.0,348.0,65.0
11204,20.0,240.0,64.7
11205,26.0,312.0,64.8
11206,23.0,276.0,64.8
11207,17.0,204.0,64.9
11208,22.0,264.0,65.1
11209,25.0,300.0,64.7
11210,21.0,252.0,64.9
11211,22.0,264.0,65.1
11212,23.0,276.0,65.0
11213,19.0,228.0,65.1
11214,14.0,168.0,64.9
11215,17.0,204.0,65.0
11216,16.0,192.0,65.1
11217,14.0,168.0,65.0
11218,13.0,156.0,65.0
11219,11.0,132.0,65.0
11220,14.0,168.0,65.1
11221,11.0,132.0,64.8
11222,12.0,144.0,64.9
11223,9.0,108.0,64.9
11224,10.0,120.0,65.0
11225,9.0,108.0,65.0
11226,7.0,84.0,65.0
11227,6.0,72.0,65.0
11228,7.0,84.0,65.0
11229,11.0,132.0,65.0
11230,8.0,96.0,65.0
11231,8.0,96.0,65.0
11232,5.0,60.0,65.0
11233,7.0,84.0,64.9
11234,7.0,84.0,64.9
11235,7.0,84.0,65.0
11236,6.0,72.0,65.0
11237,3.0,36.0,65.1
11238,7.0,84.0,65.0
11239,6.0,72.0,65.0
11240,6.0,72.0,65.1
11241,6.0,72.0,65.0
11242,3.0,36.0,65.0
11243,3.0,36.0,65.0
11244,1.0,12.0,65.0
11245,2.0,24.0,65.0
11246,1.0,12.0,64.9
11247,3.0,36.0,64.6
11248,0.0,0.0,64.6
11249,2.0,24.0,64.7
11250,2.0,24.0,64.8
11251,2.0,24.0,65.1
11252,3.0,36.0,65.1
11253,3.0,36.0,65.1
11254,3.0,36.0,65.0
11255,2.0,24.0,65.0
11256,2.0,24.0,64.9
11257,0.0,0.0,64.9
11258,0.0,0.0,64.9
11259,0.0,0.0,64.9
11260,0.0,0.0,64.9
11261,1.0,12.0,65.2
11262,2.0,24.0,65.1
11263,2.0,24.0,64.9
11264,1.0,12.0,64.8
11265,1.0,12.0,65.2
11266,1.0,12.0,65.0
11267,1.0,12.0,65.3
11268,1.0,12.0,65.3
11269,4.0,48.0,65.2
11270,0.0,0.0,65.2
11271,4.0,48.0,65.0
11272,2.0,24.0,64.9
11273,1.0,12.0,64.8
11274,2.0,24.0,64.9
11275,3.0,36.0,64.9
11276,3.0,36.0,65.0
11277,5.0,60.0,65.0
11278,3.0,36.0,64.9
11279,7.0,84.0,64.9
11280,3.0,36.0,65.0
11281,4.0,48.0,64.9
11282,3.0,36.0,64.9
11283,3.0,36.0,64.9
11284,3.0,36.0,64.8
11285,8.0,96.0,64.9
11286,5.0,60.0,64.9
11287,4.0,48.0,64.9
11288,13.0,156.0,64.9
11289,16.0,192.0,65.0
11290,6.0,72.0,65.1
11291,9.0,108.0,65.0
11292,8.0,96.0,64.9
11293,10.0,120.0,64.9
11294,12.0,144.0,64.9
11295,10.0,120.0,65.0
11296,13.0,156.0,65.0
11297,7.0,84.0,65.0
11298,13.0,156.0,64.9
11299,11.0,132.0,64.9
11300,25.0,300.0,65.0
11301,22.0,264.0,65.0
11302,32.0,384.0,64.7
11303,22.0,264.0,65.0
11304,26.0,312.0,65.1
11305,26.0,312.0,65.2
11306,27.0,324.0,65.3
11307,31.0,372.0,65.4
11308,35.0,420.0,65.7
11309,32.0,384.0,65.4
11310,32.0,384.0,65.5
11311,53.0,636.0,64.3
11312,60.0,720.0,64.6
11313,62.0,744.0,63.8
11314,60.0,720.0,64.9
11315,53.0,636.0,64.5
11316,58.0,696.0,65.8
11317,51.0,612.0,64.9
11318,68.0,816.0,64.8
11319,50.0,600.0,64.3
11320,89.0,1068.0,63.7
11321,66.0,792.0,64.6
11322,64.0,768.0,64.3
11323,75.0,900.0,62.3
11324,67.0,804.0,62.9
11325,90.0,1080.0,62.6
11326,83.0,996.0,63.3
11327,83.0,996.0,63.9
11328,67.0,804.0,62.9
11329,61.0,732.0,63.7
11330,45.0,540.0,64.5
11331,45.0,540.0,65.1
11332,57.0,684.0,64.9
11333,43.0,516.0,65.0
11334,49.0,588.0,64.4
11335,51.0,612.0,65.0
11336,49.0,588.0,64.8
11337,49.0,588.0,64.7
11338,46.0,552.0,64.6
11339,41.0,492.0,65.3
11340,35.0,420.0,65.7
11341,25.0,300.0,65.0
11342,36.0,432.0,64.5
11343,44.0,528.0,64.3
11344,27.0,324.0,65.3
11345,29.0,348.0,65.2
11346,45.0,540.0,65.7
11347,47.0,564.0,65.2
11348,54.0,648.0,65.2
11349,46.0,552.0,65.7
11350,35.0,420.0,65.0
11351,49.0,588.0,65.7
11352,44.0,528.0,65.4
11353,43.0,516.0,63.9
11354,35.0,420.0,64.7
11355,35.0,420.0,65.3
11356,35.0,420.0,64.7
11357,39.0,468.0,65.2
11358,37.0,444.0,66.1
11359,40.0,480.0,66.2
11360,38.0,456.0,66.3
11361,53.0,636.0,66.0
11362,48.0,576.0,66.4
11363,44.0,528.0,65.7
11364,45.0,540.0,65.5
11365,55.0,660.0,63.8
11366,52.0,624.0,65.3
11367,47.0,564.0,65.9
11368,37.0,444.0,65.6
11369,38.0,456.0,65.8
11370,42.0,504.0,65.4
11371,42.0,504.0,65.4
11372,47.0,564.0,66.4
11373,51.0,612.0,66.4
11374,51.0,612.0,66.1
11375,57.0,684.0,66.6
11376,56.0,672.0,64.8
11377,47.0,564.0,64.8
11378,52.0,624.0,64.4
11379,41.0,492.0,65.0
11380,47.0,564.0,63.7
11381,67.0,804.0,65.3
11382,61.0,732.0,65.5
11383,47.0,564.0,65.4
11384,51.0,612.0,64.7
11385,47.0,564.0,65.0
11386,52.0,624.0,64.9
11387,49.0,588.0,65.1
11388,50.0,600.0,64.8
11389,45.0,540.0,64.9
11390,49.0,588.0,64.8
11391,35.0,420.0,63.4
11392,57.0,684.0,64.4
11393,50.0,600.0,65.0
11394,52.0,624.0,66.5
11395,45.0,540.0,65.8
11396,48.0,576.0,65.8
11397,61.0,732.0,65.5
11398,61.0,732.0,64.9
11399,49.0,588.0,63.8
11400,58.0,696.0,64.4
11401,58.0,696.0,64.6
11402,54.0,648.0,66.0
11403,57.0,684.0,64.6
11404,63.0,756.0,65.5
11405,63.0,756.0,65.5
11406,69.0,828.0,65.7
11407,70.0,840.0,64.7
11408,99.0,1188.0,63.6
11409,71.0,852.0,63.8
11410,85.0,1020.0,62.7
11411,84.0,1008.0,62.0
11412,97.0,1164.0,61.4
11413,89.0,1068.0,61.7
11414,75.0,900.0,61.5
11415,88.0,1056.0,61.5
11416,98.0,1176.0,61.6
11417,77.0,924.0,62.3
11418,89.0,1068.0,61.8
11419,90.0,1080.0,58.0
11420,100.0,1200.0,55.7
11421,97.0,1164.0,52.0
11422,105.0,1260.0,50.9
11423,111.0,1332.0,50.5
11424,106.0,1272.0,51.1
11425,94.0,1128.0,54.1
11426,68.0,816.0,55.5
11427,74.0,888.0,55.4
11428,81.0,972.0,56.2
11429,91.0,1092.0,53.5
11430,83.0,996.0,54.3
11431,89.0,1068.0,55.9
11432,76.0,912.0,57.2
11433,87.0,1044.0,57.0
11434,87.0,1044.0,56.5
11435,74.0,888.0,57.6
11436,70.0,840.0,59.8
11437,99.0,1188.0,60.4
11438,99.0,1188.0,60.6
11439,105.0,1260.0,60.1
11440,77.0,924.0,60.9
11441,102.0,1224.0,60.4
11442,92.0,1104.0,60.4
11443,99.0,1188.0,59.9
11444,106.0,1272.0,60.9
11445,77.0,924.0,62.6
11446,90.0,1080.0,63.0
11447,82.0,984.0,63.1
11448,84.0,1008.0,63.5
11449,87.0,1044.0,62.3
11450,64.0,768.0,63.2
11451,61.0,732.0,64.7
11452,51.0,612.0,65.3
11453,70.0,840.0,66.1
11454,50.0,600.0,66.2
11455,54.0,648.0,65.5
11456,44.0,528.0,65.9
11457,48.0,576.0,66.7
11458,44.0,528.0,65.5
11459,49.0,588.0,65.5
11460,36.0,432.0,65.8
11461,41.0,492.0,65.9
11462,37.0,444.0,65.8
11463,35.0,420.0,65.8
11464,40.0,480.0,65.8
11465,45.0,540.0,65.3
11466,31.0,372.0,65.6
11467,36.0,432.0,65.6
11468,44.0,528.0,65.3
11469,40.0,480.0,65.5
11470,39.0,468.0,65.5
11471,33.0,396.0,65.3
11472,40.0,480.0,64.7
11473,40.0,480.0,64.9
11474,40.0,480.0,64.0
11475,28.0,336.0,64.2
11476,34.0,408.0,64.4
11477,45.0,540.0,63.2
11478,36.0,432.0,64.2
11479,47.0,564.0,62.3
11480,23.0,276.0,63.3
11481,46.0,552.0,64.5
11482,27.0,324.0,64.5
11483,26.0,312.0,64.9
11484,33.0,396.0,64.7
11485,29.0,348.0,64.4
11486,30.0,360.0,64.5
11487,27.0,324.0,64.7
11488,24.0,288.0,64.9
11489,31.0,372.0,64.8
11490,32.0,384.0,64.7
11491,24.0,288.0,64.9
11492,21.0,252.0,65.1
11493,32.0,384.0,64.4
11494,32.0,384.0,65.0
11495,16.0,192.0,65.1
11496,25.0,300.0,65.1
11497,14.0,168.0,65.1
11498,27.0,324.0,64.7
11499,22.0,264.0,64.9
11500,21.0,252.0,65.1
11501,20.0,240.0,65.1
11502,17.0,204.0,65.1
11503,28.0,336.0,65.4
11504,16.0,192.0,65.3
11505,13.0,156.0,65.2
11506,20.0,240.0,65.4
11507,22.0,264.0,65.2
11508,13.0,156.0,65.1
11509,6.0,72.0,65.0
11510,4.0,48.0,64.9
11511,13.0,156.0,64.8
11512,12.0,144.0,65.1
11513,10.0,120.0,65.1
11514,7.0,84.0,65.1
11515,8.0,96.0,65.0
11516,11.0,132.0,64.9
11517,10.0,120.0,65.0
11518,9.0,108.0,64.9
11519,9.0,108.0,65.0
11520,8.0,96.0,65.0
11521,5.0,60.0,65.1
11522,4.0,48.0,65.1
11523,5.0,60.0,65.0
11524,0.0,0.0,65.0
11525,3.0,36.0,65.1
11526,3.0,36.0,65.0
11527,6.0,72.0,64.9
11528,2.0,24.0,65.0
11529,3.0,36.0,64.9
11530,1.0,12.0,65.0
11531,4.0,48.0,65.0
11532,3.0,36.0,65.1
11533,1.0,12.0,65.0
11534,1.0,12.0,65.0
11535,5.0,60.0,64.8
11536,4.0,48.0,64.9
11537,1.0,12.0,64.9
11538,3.0,36.0,65.1
11539,2.0,24.0,65.0
11540,4.0,48.0,64.9
11541,3.0,36.0,65.0
11542,2.0,24.0,64.9
11543,1.0,12.0,65.0
11544,4.0,48.0,64.9
11545,1.0,12.0,65.0
11546,2.0,24.0,64.9
11547,2.0,24.0,64.8
11548,1.0,12.0,64.8
11549,6.0,72.0,64.9
11550,3.0,36.0,65.2
11551,2.0,24.0,65.0
11552,0.0,0.0,65.0
11553,1.0,12.0,65.3
11554,0.0,0.0,65.3
11555,2.0,24.0,65.2
11556,2.0,24.0,65.0
11557,1.0,12.0,65.0
11558,1.0,12.0,65.3
11559,2.0,24.0,65.0
11560,2.0,24.0,65.1
11561,2.0,24.0,65.0
11562,1.0,12.0,64.9
11563,6.0,72.0,65.0
11564,1.0,12.0,64.9
11565,6.0,72.0,65.0
11566,4.0,48.0,65.0
11567,4.0,48.0,65.0
11568,4.0,48.0,65.0
11569,2.0,24.0,64.9
11570,5.0,60.0,64.9
11571,3.0,36.0,64.8
11572,2.0,24.0,64.9
11573,4.0,48.0,64.9
11574,9.0,108.0,65.0
11575,6.0,72.0,65.0
11576,12.0,144.0,65.0
11577,15.0,180.0,65.0
11578,17.0,204.0,64.9
11579,10.0,120.0,64.9
11580,10.0,120.0,65.0
11581,8.0,96.0,65.1
11582,12.0,144.0,64.9
11583,11.0,132.0,65.0
11584,13.0,156.0,64.8
11585,8.0,96.0,65.0
11586,18.0,216.0,64.8
11587,13.0,156.0,64.9
11588,16.0,192.0,65.0
11589,30.0,360.0,65.0
11590,31.0,372.0,65.1
11591,21.0,252.0,65.3
11592,9.0,108.0,65.2
11593,25.0,300.0,65.8
11594,15.0,180.0,65.7
11595,23.0,276.0,65.4
11596,30.0,360.0,65.5
11597,23.0,276.0,65.4
11598,25.0,300.0,65.4
11599,46.0,552.0,65.2
11600,48.0,576.0,64.5
11601,60.0,720.0,64.3
11602,90.0,1080.0,65.3
11603,50.0,600.0,65.2
11604,72.0,864.0,63.5
11605,56.0,672.0,62.9
11606,57.0,684.0,63.9
11607,81.0,972.0,63.8
11608,75.0,900.0,64.2
11609,70.0,840.0,62.4
11610,71.0,852.0,61.4
11611,83.0,996.0,58.1
11612,84.0,1008.0,56.0
11613,112.0,1344.0,55.2
11614,77.0,924.0,59.3
11615,92.0,1104.0,60.6
11616,61.0,732.0,61.0
11617,61.0,732.0,63.9
11618,56.0,672.0,64.6
11619,56.0,672.0,65.1
11620,52.0,624.0,64.3
11621,51.0,612.0,64.2
11622,47.0,564.0,64.3
11623,55.0,660.0,64.8
11624,37.0,444.0,65.0
11625,54.0,648.0,64.9
11626,47.0,564.0,65.3
11627,56.0,672.0,63.7
11628,35.0,420.0,65.3
11629,24.0,288.0,65.2
11630,35.0,420.0,65.4
11631,31.0,372.0,65.6
11632,29.0,348.0,65.4
11633,34.0,408.0,65.8
11634,45.0,540.0,64.0
11635,52.0,624.0,65.5
11636,52.0,624.0,65.5
11637,46.0,552.0,65.5
11638,41.0,492.0,65.5
11639,34.0,408.0,66.2
11640,28.0,336.0,65.3
11641,38.0,456.0,63.2
11642,50.0,600.0,63.2
11643,40.0,480.0,63.7
11644,42.0,504.0,64.1
11645,41.0,492.0,63.0
11646,33.0,396.0,64.0
11647,41.0,492.0,64.0
11648,41.0,492.0,64.7
11649,44.0,528.0,65.2
11650,50.0,600.0,64.8
11651,50.0,600.0,62.9
11652,39.0,468.0,62.5
11653,52.0,624.0,63.6
11654,56.0,672.0,64.0
11655,50.0,600.0,64.4
11656,36.0,432.0,64.4
11657,56.0,672.0,63.8
11658,50.0,600.0,65.4
11659,46.0,552.0,66.5
11660,60.0,720.0,63.4
11661,52.0,624.0,64.0
11662,64.0,768.0,63.7
11663,38.0,456.0,64.6
11664,34.0,408.0,64.5
11665,50.0,600.0,64.0
11666,46.0,552.0,63.3
11667,60.0,720.0,63.6
11668,63.0,756.0,62.2
11669,58.0,696.0,62.9
11670,61.0,732.0,64.2
11671,42.0,504.0,64.6
11672,50.0,600.0,64.7
11673,70.0,840.0,62.9
11674,47.0,564.0,63.6
11675,56.0,672.0,64.2
11676,51.0,612.0,65.4
11677,55.0,660.0,66.0
11678,48.0,576.0,65.1
11679,49.0,588.0,65.5
11680,52.0,624.0,65.0
11681,57.0,684.0,64.8
11682,51.0,612.0,66.0
11683,55.0,660.0,65.3
11684,53.0,636.0,65.3
11685,54.0,648.0,65.7
11686,43.0,516.0,63.7
11687,68.0,816.0,64.1
11688,59.0,708.0,65.4
11689,65.0,780.0,65.7
11690,47.0,564.0,64.7
11691,65.0,780.0,65.2
11692,63.0,756.0,65.9
11693,76.0,912.0,65.1
11694,65.0,780.0,66.5
11695,56.0,672.0,66.0
11696,76.0,912.0,64.8
11697,78.0,936.0,64.7
11698,69.0,828.0,65.2
11699,80.0,960.0,64.4
11700,63.0,756.0,61.3
11701,59.0,708.0,60.7
11702,77.0,924.0,60.0
11703,68.0,816.0,59.5
11704,58.0,696.0,60.9
11705,85.0,1020.0,59.1
11706,63.0,756.0,59.3
11707,73.0,876.0,59.1
11708,84.0,1008.0,57.2
11709,87.0,1044.0,57.5
11710,98.0,1176.0,55.6
11711,93.0,1116.0,54.9
11712,84.0,1008.0,55.1
11713,84.0,1008.0,55.8
11714,94.0,1128.0,55.1
11715,94.0,1128.0,54.8
11716,70.0,840.0,56.0
11717,88.0,1056.0,54.9
11718,85.0,1020.0,55.2
11719,95.0,1140.0,55.2
11720,98.0,1176.0,54.7
11721,99.0,1188.0,54.1
11722,87.0,1044.0,54.0
11723,83.0,996.0,55.1
11724,81.0,972.0,55.2
11725,78.0,936.0,55.0
11726,102.0,1224.0,55.4
11727,96.0,1152.0,55.4
11728,98.0,1176.0,54.9
11729,77.0,924.0,55.0
11730,105.0,1260.0,55.3
11731,107.0,1284.0,55.0
11732,104.0,1248.0,54.0
11733,90.0,1080.0,55.1
11734,95.0,1140.0,55.8
11735,90.0,1080.0,56.2
11736,75.0,900.0,58.2
11737,73.0,876.0,60.8
11738,55.0,660.0,64.2
11739,62.0,744.0,64.7
11740,74.0,888.0,65.0
11741,72.0,864.0,65.8
11742,56.0,672.0,66.6
11743,58.0,696.0,66.6
11744,69.0,828.0,67.0
11745,51.0,612.0,66.1
11746,51.0,612.0,67.1
11747,47.0,564.0,67.3
11748,47.0,564.0,66.0
11749,38.0,456.0,66.1
11750,43.0,516.0,65.5
11751,56.0,672.0,65.8
11752,51.0,612.0,65.7
11753,35.0,420.0,65.6
11754,45.0,540.0,65.7
11755,40.0,480.0,65.2
11756,39.0,468.0,65.4
11757,46.0,552.0,65.0
11758,38.0,456.0,65.2
11759,28.0,336.0,65.2
11760,32.0,384.0,65.0
11761,34.0,408.0,64.3
11762,26.0,312.0,64.5
11763,26.0,312.0,64.8
11764,49.0,588.0,63.9
11765,44.0,528.0,65.1
11766,29.0,348.0,65.0
11767,35.0,420.0,64.9
11768,26.0,312.0,65.0
11769,31.0,372.0,65.1
11770,25.0,300.0,65.2
11771,28.0,336.0,65.4
11772,38.0,456.0,65.8
11773,36.0,432.0,65.2
11774,33.0,396.0,65.0
11775,23.0,276.0,65.0
11776,31.0,372.0,64.8
11777,30.0,360.0,65.1
11778,22.0,264.0,64.9
11779,34.0,408.0,64.6
11780,31.0,372.0,64.3
11781,28.0,336.0,64.9
11782,30.0,360.0,64.9
11783,27.0,324.0,65.3
11784,17.0,204.0,65.1
11785,20.0,240.0,65.1
11786,22.0,264.0,65.1
11787,20.0,240.0,65.1
11788,17.0,204.0,65.0
11789,13.0,156.0,65.0
11790,10.0,120.0,65.0
11791,26.0,312.0,65.3
11792,23.0,276.0,65.3
11793,16.0,192.0,65.2
11794,19.0,228.0,65.3
11795,8.0,96.0,65.2
11796,11.0,132.0,65.1
11797,7.0,84.0,65.2
11798,13.0,156.0,65.1
11799,11.0,132.0,65.0
11800,8.0,96.0,65.0
11801,7.0,84.0,65.0
11802,11.0,132.0,65.2
11803,14.0,168.0,65.0
11804,4.0,48.0,65.0
11805,3.0,36.0,65.2
11806,10.0,120.0,65.0
11807,6.0,72.0,65.1
11808,10.0,120.0,65.0
11809,9.0,108.0,64.9
11810,3.0,36.0,64.9
11811,6.0,72.0,64.9
11812,4.0,48.0,65.0
11813,4.0,48.0,65.0
11814,4.0,48.0,65.2
11815,4.0,48.0,65.3
11816,4.0,48.0,65.2
11817,6.0,72.0,65.1
11818,6.0,72.0,65.0
11819,4.0,48.0,65.1
11820,2.0,24.0,64.9
11821,1.0,12.0,64.8
11822,2.0,24.0,64.9
11823,5.0,60.0,64.6
11824,1.0,12.0,64.8
11825,2.0,24.0,64.9
11826,2.0,24.0,64.9
11827,5.0,60.0,65.0
11828,2.0,24.0,64.9
11829,1.0,12.0,65.1
11830,0.0,0.0,65.1
11831,3.0,36.0,65.0
11832,4.0,48.0,65.0
11833,3.0,36.0,64.9
11834,8.0,96.0,64.5
11835,1.0,12.0,64.7
11836,3.0,36.0,64.9
11837,1.0,12.0,64.9
11838,2.0,24.0,64.9
11839,1.0,12.0,64.9
11840,3.0,36.0,65.0
11841,0.0,0.0,65.0
11842,1.0,12.0,64.9
11843,0.0,0.0,64.9
11844,2.0,24.0,65.1
11845,2.0,24.0,65.0
11846,3.0,36.0,64.9
11847,2.0,24.0,64.8
11848,3.0,36.0,64.8
11849,1.0,12.0,64.8
11850,1.0,12.0,64.8
11851,3.0,36.0,64.8
11852,2.0,24.0,64.9
11853,4.0,48.0,64.9
11854,4.0,48.0,64.9
11855,4.0,48.0,64.8
11856,3.0,36.0,64.9
11857,4.0,48.0,65.0
11858,6.0,72.0,65.1
11859,4.0,48.0,65.0
11860,5.0,60.0,65.0
11861,4.0,48.0,64.9
11862,4.0,48.0,64.9
11863,12.0,144.0,64.8
11864,10.0,120.0,64.9
11865,9.0,108.0,64.9
11866,9.0,108.0,64.9
11867,9.0,108.0,64.8
11868,7.0,84.0,64.8
11869,10.0,120.0,64.8
11870,9.0,108.0,64.8
11871,13.0,156.0,65.0
11872,17.0,204.0,65.1
11873,9.0,108.0,65.1
11874,12.0,144.0,65.0
11875,21.0,252.0,65.1
11876,30.0,360.0,64.8
11877,30.0,360.0,64.8
11878,27.0,324.0,64.8
11879,28.0,336.0,65.1
11880,19.0,228.0,65.2
11881,22.0,264.0,65.2
11882,19.0,228.0,65.2
11883,25.0,300.0,65.3
11884,42.0,504.0,65.4
11885,38.0,456.0,65.0
11886,39.0,468.0,64.9
11887,53.0,636.0,65.3
11888,48.0,576.0,63.9
11889,66.0,792.0,63.8
11890,67.0,804.0,63.8
11891,52.0,624.0,64.1
11892,62.0,744.0,64.6
11893,62.0,744.0,65.3
11894,54.0,648.0,64.5
11895,64.0,768.0,65.4
11896,72.0,864.0,63.1
11897,73.0,876.0,64.1
11898,61.0,732.0,63.5
11899,71.0,852.0,62.4
11900,83.0,996.0,61.7
11901,90.0,1080.0,59.4
11902,99.0,1188.0,58.5
11903,78.0,936.0,59.5
11904,76.0,912.0,60.3
11905,61.0,732.0,62.5
11906,68.0,816.0,63.7
11907,47.0,564.0,64.5
11908,64.0,768.0,65.5
11909,38.0,456.0,65.9
11910,43.0,516.0,65.2
11911,55.0,660.0,65.8
11912,50.0,600.0,66.7
11913,49.0,588.0,64.8
11914,56.0,672.0,65.4
11915,59.0,708.0,64.2
11916,46.0,552.0,65.6
11917,44.0,528.0,65.8
11918,37.0,444.0,65.3
11919,40.0,480.0,64.4
11920,29.0,348.0,65.1
11921,40.0,480.0,64.5
11922,40.0,480.0,65.0
11923,46.0,552.0,65.2
11924,45.0,540.0,65.9
11925,39.0,468.0,66.3
11926,52.0,624.0,65.1
11927,41.0,492.0,64.5
11928,46.0,552.0,64.6
11929,36.0,432.0,64.9
11930,50.0,600.0,65.0
11931,43.0,516.0,65.4
11932,55.0,660.0,65.5
11933,48.0,576.0,65.2
11934,45.0,540.0,65.8
11935,41.0,492.0,65.8
11936,50.0,600.0,65.7
11937,39.0,468.0,65.2
11938,49.0,588.0,66.3
11939,51.0,612.0,65.9
11940,50.0,600.0,64.5
11941,51.0,612.0,65.1
11942,48.0,576.0,65.5
11943,51.0,612.0,66.6
11944,74.0,888.0,63.9
11945,56.0,672.0,64.8
11946,52.0,624.0,66.1
11947,45.0,540.0,64.7
11948,48.0,576.0,65.1
11949,42.0,504.0,66.0
11950,62.0,744.0,66.2
11951,44.0,528.0,66.4
11952,51.0,612.0,65.7
11953,34.0,408.0,65.2
11954,54.0,648.0,64.9
11955,51.0,612.0,64.4
11956,51.0,612.0,65.4
11957,54.0,648.0,64.1
11958,58.0,696.0,65.3
11959,53.0,636.0,66.0
11960,42.0,504.0,64.2
11961,64.0,768.0,64.3
11962,49.0,588.0,64.3
11963,43.0,516.0,64.6
11964,50.0,600.0,66.4
11965,56.0,672.0,65.8
11966,37.0,444.0,66.0
11967,55.0,660.0,65.8
11968,68.0,816.0,66.3
11969,49.0,588.0,66.1
11970,65.0,780.0,66.8
11971,67.0,804.0,67.5
11972,73.0,876.0,65.9
11973,55.0,660.0,65.4
11974,54.0,648.0,64.0
11975,78.0,936.0,64.2
11976,58.0,696.0,59.9
11977,58.0,696.0,59.1
11978,67.0,804.0,59.7
11979,69.0,828.0,60.0
11980,60.0,720.0,60.0
11981,73.0,876.0,59.3
11982,73.0,876.0,60.1
11983,68.0,816.0,60.5
11984,70.0,840.0,60.4
11985,79.0,948.0,59.4
11986,68.0,816.0,60.4
11987,66.0,792.0,59.6
11988,68.0,816.0,60.3
11989,69.0,828.0,60.3
11990,86.0,1032.0,60.3
11991,84.0,1008.0,59.3
11992,87.0,1044.0,58.9
11993,92.0,1104.0,59.8
11994,57.0,684.0,61.0
11995,80.0,960.0,60.0
11996,82.0,984.0,57.4
11997,91.0,1092.0,57.9
11998,85.0,1020.0,57.6
11999,83.0,996.0,57.4
12000,103.0,1236.0,57.0
12001,88.0,1056.0,57.0
12002,95.0,1140.0,56.2
12003,96.0,1152.0,56.4
12004,92.0,1104.0,57.4
12005,85.0,1020.0,56.6
12006,69.0,828.0,56.8
12007,113.0,1356.0,57.5
12008,90.0,1080.0,57.8
12009,97.0,1164.0,59.3
12010,89.0,1068.0,57.1
12011,88.0,1056.0,58.5
12012,105.0,1260.0,56.8
12013,92.0,1104.0,55.9
12014,112.0,1344.0,55.7
12015,117.0,1404.0,56.6
12016,100.0,1200.0,56.3
12017,115.0,1380.0,56.7
12018,108.0,1296.0,56.7
12019,102.0,1224.0,57.1
12020,89.0,1068.0,57.9
12021,98.0,1176.0,57.2
12022,99.0,1188.0,57.1
12023,87.0,1044.0,56.8
12024,104.0,1248.0,51.7
12025,97.0,1164.0,48.8
12026,95.0,1140.0,52.1
12027,82.0,984.0,58.0
12028,85.0,1020.0,60.4
12029,79.0,948.0,63.7
12030,56.0,672.0,65.1
12031,74.0,888.0,64.6
12032,61.0,732.0,64.9
12033,56.0,672.0,66.3
12034,71.0,852.0,64.8
12035,63.0,756.0,65.2
12036,43.0,516.0,65.4
12037,57.0,684.0,64.9
12038,48.0,576.0,64.1
12039,55.0,660.0,65.4
12040,63.0,756.0,65.0
12041,61.0,732.0,65.2
12042,65.0,780.0,65.7
12043,49.0,588.0,64.9
12044,52.0,624.0,64.3
12045,51.0,612.0,65.6
12046,42.0,504.0,66.3
12047,42.0,504.0,65.2
12048,45.0,540.0,64.9
12049,52.0,624.0,66.8
12050,44.0,528.0,64.8
12051,45.0,540.0,64.4
12052,45.0,540.0,64.4
12053,48.0,576.0,64.0
12054,35.0,420.0,64.3
12055,64.0,768.0,62.9
12056,46.0,552.0,63.9
12057,55.0,660.0,63.8
12058,47.0,564.0,65.4
12059,28.0,336.0,65.6
12060,34.0,408.0,65.3
12061,41.0,492.0,65.1
12062,42.0,504.0,65.5
12063,36.0,432.0,65.2
12064,46.0,552.0,65.7
12065,38.0,456.0,65.4
12066,38.0,456.0,65.0
12067,35.0,420.0,66.1
12068,38.0,456.0,65.6
12069,32.0,384.0,65.9
12070,38.0,456.0,66.0
12071,42.0,504.0,66.0
12072,18.0,216.0,65.4
12073,33.0,396.0,65.4
12074,27.0,324.0,65.2
12075,15.0,180.0,65.2
12076,13.0,156.0,65.2
12077,27.0,324.0,65.0
12078,15.0,180.0,65.0
12079,16.0,192.0,65.1
12080,20.0,240.0,65.0
12081,12.0,144.0,65.1
12082,15.0,180.0,65.0
12083,20.0,240.0,64.9
12084,13.0,156.0,64.9
12085,13.0,156.0,65.0
12086,18.0,216.0,64.8
12087,11.0,132.0,64.9
12088,14.0,168.0,65.0
12089,19.0,228.0,64.9
12090,14.0,168.0,64.8
12091,8.0,96.0,64.9
12092,10.0,120.0,64.9
12093,6.0,72.0,64.9
12094,9.0,108.0,64.9
12095,11.0,132.0,64.9
12096,1.0,12.0,65.0
12097,18.0,216.0,64.8
12098,6.0,72.0,64.9
12099,5.0,60.0,65.0
12100,4.0,48.0,65.1
12101,5.0,60.0,65.1
12102,3.0,36.0,65.1
12103,2.0,24.0,65.0
12104,5.0,60.0,65.0
12105,8.0,96.0,65.0
12106,7.0,84.0,65.0
12107,8.0,96.0,65.0
12108,10.0,120.0,65.0
12109,1.0,12.0,65.0
12110,3.0,36.0,65.0
12111,4.0,48.0,64.7
12112,2.0,24.0,65.0
12113,2.0,24.0,65.0
12114,4.0,48.0,65.0
12115,4.0,48.0,65.0
12116,4.0,48.0,65.0
12117,4.0,48.0,65.0
12118,3.0,36.0,65.1
12119,5.0,60.0,65.0
12120,3.0,36.0,64.9
12121,0.0,0.0,64.9
12122,2.0,24.0,65.0
12123,3.0,36.0,64.9
12124,2.0,24.0,65.0
12125,2.0,24.0,65.2
12126,3.0,36.0,65.2
12127,3.0,36.0,65.1
12128,4.0,48.0,65.1
12129,1.0,12.0,65.1
12130,3.0,36.0,65.2
12131,0.0,0.0,65.2
12132,1.0,12.0,65.0
12133,1.0,12.0,64.9
12134,1.0,12.0,65.3
12135,2.0,24.0,65.0
12136,0.0,0.0,65.0
12137,1.0,12.0,65.1
12138,5.0,60.0,65.0
12139,5.0,60.0,65.0
12140,3.0,36.0,65.1
12141,8.0,96.0,65.0
12142,7.0,84.0,65.2
12143,4.0,48.0,65.2
12144,2.0,24.0,65.0
12145,3.0,36.0,64.9
12146,4.0,48.0,65.0
12147,5.0,60.0,65.0
12148,6.0,72.0,65.0
12149,5.0,60.0,65.1
12150,4.0,48.0,65.1
12151,8.0,96.0,65.0
12152,12.0,144.0,64.9
12153,10.0,120.0,64.9
12154,12.0,144.0,65.2
12155,14.0,168.0,65.3
12156,8.0,96.0,65.0
12157,10.0,120.0,64.8
12158,17.0,204.0,64.9
12159,11.0,132.0,65.1
12160,17.0,204.0,65.2
12161,18.0,216.0,65.0
12162,17.0,204.0,64.8
12163,22.0,264.0,64.7
12164,24.0,288.0,64.6
12165,17.0,204.0,64.6
12166,30.0,360.0,65.0
12167,16.0,192.0,64.8
12168,27.0,324.0,65.0
12169,36.0,432.0,65.3
12170,32.0,384.0,65.0
12171,22.0,264.0,65.2
12172,43.0,516.0,65.4
12173,32.0,384.0,65.5
12174,34.0,408.0,65.9
12175,29.0,348.0,65.8
12176,60.0,720.0,65.6
12177,72.0,864.0,65.3
12178,44.0,528.0,66.0
12179,56.0,672.0,65.3
12180,63.0,756.0,65.4
12181,55.0,660.0,65.2
12182,49.0,588.0,64.9
12183,59.0,708.0,64.8
12184,62.0,744.0,63.9
12185,48.0,576.0,63.2
12186,72.0,864.0,63.7
12187,56.0,672.0,63.0
12188,78.0,936.0,62.9
12189,103.0,1236.0,58.9
12190,79.0,948.0,58.5
12191,76.0,912.0,61.2
12192,55.0,660.0,62.8
12193,48.0,576.0,63.6
12194,56.0,672.0,64.4
12195,49.0,588.0,64.9
12196,59.0,708.0,64.9
12197,57.0,684.0,67.2
12198,37.0,444.0,66.6
12199,52.0,624.0,65.4
12200,47.0,564.0,65.5
12201,55.0,660.0,65.8
12202,48.0,576.0,65.3
12203,54.0,648.0,64.3
12204,48.0,576.0,63.9
12205,46.0,552.0,65.5
12206,55.0,660.0,64.3
12207,51.0,612.0,64.9
12208,49.0,588.0,65.6
12209,49.0,588.0,65.4
12210,42.0,504.0,65.1
12211,52.0,624.0,65.2
12212,63.0,756.0,65.3
12213,63.0,756.0,64.0
12214,55.0,660.0,64.8
12215,61.0,732.0,65.3
12216,68.0,816.0,64.5
12217,66.0,792.0,64.0
12218,46.0,552.0,63.8
12219,50.0,600.0,63.5
12220,58.0,696.0,63.5
12221,62.0,744.0,64.3
12222,60.0,720.0,64.6
12223,58.0,696.0,63.8
12224,71.0,852.0,63.6
12225,67.0,804.0,63.3
12226,73.0,876.0,64.0
12227,69.0,828.0,63.9
12228,56.0,672.0,63.6
12229,65.0,780.0,63.2
12230,61.0,732.0,63.1
12231,64.0,768.0,63.7
12232,80.0,960.0,64.0
12233,57.0,684.0,64.5
12234,71.0,852.0,65.6
12235,73.0,876.0,64.6
12236,61.0,732.0,65.7
12237,72.0,864.0,65.0
12238,84.0,1008.0,64.7
12239,61.0,732.0,64.7
12240,62.0,744.0,64.4
12241,70.0,840.0,64.8
12242,73.0,876.0,65.4
12243,73.0,876.0,65.5
12244,72.0,864.0,65.0
12245,72.0,864.0,63.7
12246,72.0,864.0,64.6
12247,70.0,840.0,66.2
12248,73.0,876.0,65.9
12249,64.0,768.0,65.5
12250,73.0,876.0,65.7
12251,74.0,888.0,65.5
12252,84.0,1008.0,64.6
12253,71.0,852.0,64.8
12254,75.0,900.0,63.8
12255,89.0,1068.0,64.4
12256,80.0,960.0,64.6
12257,70.0,840.0,65.3
12258,74.0,888.0,64.8
12259,65.0,780.0,65.1
12260,83.0,996.0,64.6
12261,84.0,1008.0,65.5
12262,85.0,1020.0,64.4
12263,78.0,936.0,64.5
12264,73.0,876.0,61.2
12265,86.0,1032.0,59.7
12266,74.0,888.0,58.6
12267,99.0,1188.0,57.8
12268,95.0,1140.0,58.4
12269,77.0,924.0,58.0
12270,99.0,1188.0,57.1
12271,107.0,1284.0,54.5
12272,105.0,1260.0,54.1
12273,94.0,1128.0,54.1
12274,93.0,1116.0,55.6
12275,99.0,1188.0,55.7
12276,110.0,1320.0,54.0
12277,91.0,1092.0,54.7
12278,105.0,1260.0,54.9
12279,119.0,1428.0,55.1
12280,96.0,1152.0,55.1
12281,111.0,1332.0,52.2
12282,111.0,1332.0,49.7
12283,102.0,1224.0,53.1
12284,108.0,1296.0,54.6
12285,106.0,1272.0,54.3
12286,111.0,1332.0,53.9
12287,116.0,1392.0,53.4
12288,66.0,792.0,56.2
12289,86.0,1032.0,57.7
12290,101.0,1212.0,55.6
12291,106.0,1272.0,54.2
12292,101.0,1212.0,54.1
12293,89.0,1068.0,56.2
12294,95.0,1140.0,55.5
12295,117.0,1404.0,54.4
12296,95.0,1140.0,54.0
12297,103.0,1236.0,54.1
12298,105.0,1260.0,54.3
12299,103.0,1236.0,53.6
12300,103.0,1236.0,54.9
12301,97.0,1164.0,55.9
12302,110.0,1320.0,55.6
12303,98.0,1176.0,54.9
12304,103.0,1236.0,53.6
12305,106.0,1272.0,55.2
12306,96.0,1152.0,57.0
12307,96.0,1152.0,56.3
12308,105.0,1260.0,56.2
12309,100.0,1200.0,56.4
12310,99.0,1188.0,57.5
12311,108.0,1296.0,56.6
12312,92.0,1104.0,59.3
12313,71.0,852.0,61.8
12314,75.0,900.0,63.3
12315,69.0,828.0,63.4
12316,80.0,960.0,65.0
12317,64.0,768.0,66.1
12318,72.0,864.0,65.2
12319,76.0,912.0,63.6
12320,77.0,924.0,63.7
12321,73.0,876.0,63.7
12322,77.0,924.0,63.7
12323,66.0,792.0,63.7
12324,59.0,708.0,64.2
12325,65.0,780.0,63.6
12326,66.0,792.0,63.7
12327,59.0,708.0,63.4
12328,64.0,768.0,62.9
12329,77.0,924.0,64.0
12330,66.0,792.0,64.5
12331,61.0,732.0,64.1
12332,66.0,792.0,64.5
12333,66.0,792.0,63.4
12334,73.0,876.0,63.6
12335,72.0,864.0,63.4
12336,48.0,576.0,64.1
12337,59.0,708.0,63.9
12338,75.0,900.0,64.1
12339,69.0,828.0,63.4
12340,70.0,840.0,62.4
12341,62.0,744.0,63.0
12342,65.0,780.0,62.8
12343,50.0,600.0,63.1
12344,48.0,576.0,62.6
12345,41.0,492.0,64.0
12346,47.0,564.0,64.5
12347,48.0,576.0,65.8
12348,50.0,600.0,65.4
12349,44.0,528.0,64.4
12350,50.0,600.0,65.4
12351,54.0,648.0,64.3
12352,38.0,456.0,64.6
12353,47.0,564.0,65.1
12354,50.0,600.0,64.9
12355,47.0,564.0,65.5
12356,42.0,504.0,65.9
12357,49.0,588.0,66.4
12358,34.0,408.0,66.3
12359,20.0,240.0,65.8
12360,22.0,264.0,65.2
12361,48.0,576.0,64.4
12362,52.0,624.0,63.4
12363,50.0,600.0,63.8
12364,30.0,360.0,64.2
12365,42.0,504.0,64.3
12366,41.0,492.0,65.0
12367,25.0,300.0,64.6
12368,34.0,408.0,64.8
12369,30.0,360.0,64.7
12370,33.0,396.0,65.0
12371,20.0,240.0,65.2
12372,31.0,372.0,65.1
12373,29.0,348.0,65.2
12374,24.0,288.0,65.3
12375,26.0,312.0,65.2
12376,23.0,276.0,65.1
12377,33.0,396.0,65.1
12378,10.0,120.0,65.0
12379,21.0,252.0,65.0
12380,24.0,288.0,65.1
12381,10.0,120.0,65.1
12382,25.0,300.0,64.9
12383,18.0,216.0,65.2
12384,11.0,132.0,65.0
12385,16.0,192.0,65.0
12386,21.0,252.0,65.2
12387,9.0,108.0,65.1
12388,20.0,240.0,65.3
12389,13.0,156.0,65.0
12390,9.0,108.0,64.9
12391,14.0,168.0,65.0
12392,12.0,144.0,65.0
12393,8.0,96.0,64.9
12394,11.0,132.0,65.0
12395,6.0,72.0,65.0
12396,2.0,24.0,65.0
12397,9.0,108.0,65.0
12398,3.0,36.0,65.1
12399,9.0,108.0,64.8
12400,6.0,72.0,64.8
12401,4.0,48.0,64.9
12402,8.0,96.0,64.8
12403,5.0,60.0,64.9
12404,5.0,60.0,65.0
12405,5.0,60.0,64.9
12406,14.0,168.0,64.9
12407,6.0,72.0,64.9
12408,6.0,72.0,65.0
12409,4.0,48.0,64.9
12410,11.0,132.0,64.9
12411,7.0,84.0,64.9
12412,6.0,72.0,65.0
12413,5.0,60.0,64.9
12414,5.0,60.0,65.2
12415,1.0,12.0,65.1
12416,3.0,36.0,65.0
12417,3.0,36.0,65.0
12418,2.0,24.0,65.0
12419,6.0,72.0,64.9
12420,1.0,12.0,65.0
12421,2.0,24.0,64.9
12422,2.0,24.0,65.0
12423,4.0,48.0,65.0
12424,2.0,24.0,64.9
12425,3.0,36.0,65.0
12426,3.0,36.0,65.0
12427,1.0,12.0,65.3
12428,2.0,24.0,65.1
12429,2.0,24.0,65.1
12430,4.0,48.0,65.0
12431,0.0,0.0,65.0
12432,1.0,12.0,64.9
12433,1.0,12.0,65.0
12434,3.0,36.0,65.0
12435,3.0,36.0,65.1
12436,2.0,24.0,64.9
12437,2.0,24.0,65.0
12438,4.0,48.0,65.0
12439,3.0,36.0,64.9
12440,1.0,12.0,65.0
12441,9.0,108.0,64.8
12442,8.0,96.0,64.9
12443,3.0,36.0,64.8
12444,5.0,60.0,65.0
12445,5.0,60.0,65.0
12446,5.0,60.0,65.1
12447,3.0,36.0,65.1
12448,2.0,24.0,65.1
12449,5.0,60.0,65.0
12450,8.0,96.0,64.9
12451,11.0,132.0,64.9
12452,9.0,108.0,64.9
12453,8.0,96.0,64.9
12454,9.0,108.0,64.8
12455,10.0,120.0,64.9
12456,10.0,120.0,65.0
12457,8.0,96.0,65.0
12458,10.0,120.0,65.1
12459,14.0,168.0,65.1
12460,18.0,216.0,64.9
12461,8.0,96.0,64.9
12462,13.0,156.0,65.1
12463,17.0,204.0,65.1
12464,32.0,384.0,64.9
12465,23.0,276.0,64.8
12466,15.0,180.0,64.9
12467,21.0,252.0,65.0
12468,26.0,312.0,65.4
12469,24.0,288.0,65.3
12470,21.0,252.0,65.1
12471,13.0,156.0,65.1
12472,28.0,336.0,65.5
12473,20.0,240.0,65.3
12474,22.0,264.0,65.0
12475,26.0,312.0,65.0
12476,27.0,324.0,64.9
12477,32.0,384.0,64.9
12478,30.0,360.0,64.9
12479,24.0,288.0,65.1
12480,24.0,288.0,64.7
12481,25.0,300.0,64.7
12482,23.0,276.0,65.1
12483,28.0,336.0,65.1
12484,37.0,444.0,64.4
12485,41.0,492.0,64.1
12486,31.0,372.0,64.8
12487,40.0,480.0,64.9
12488,36.0,432.0,65.1
12489,43.0,516.0,64.2
12490,41.0,492.0,65.3
12491,49.0,588.0,64.8
12492,47.0,564.0,65.0
12493,36.0,432.0,65.1
12494,42.0,504.0,63.0
12495,40.0,480.0,63.6
12496,43.0,516.0,64.1
12497,52.0,624.0,63.6
12498,44.0,528.0,63.6
12499,46.0,552.0,63.8
12500,52.0,624.0,63.9
12501,57.0,684.0,64.0
12502,50.0,600.0,65.1
12503,51.0,612.0,63.9
12504,54.0,648.0,64.0
12505,45.0,540.0,64.3
12506,64.0,768.0,64.7
12507,34.0,408.0,65.2
12508,53.0,636.0,64.4
12509,49.0,588.0,64.5
12510,59.0,708.0,64.0
12511,64.0,768.0,63.6
12512,49.0,588.0,63.2
12513,63.0,756.0,62.5
12514,56.0,672.0,63.4
12515,54.0,648.0,63.0
12516,64.0,768.0,63.7
12517,62.0,744.0,64.8
12518,63.0,756.0,64.5
12519,56.0,672.0,64.4
12520,58.0,696.0,64.2
12521,67.0,804.0,64.3
12522,70.0,840.0,64.5
12523,62.0,744.0,64.3
12524,45.0,540.0,64.6
12525,64.0,768.0,64.5
12526,60.0,720.0,63.7
12527,60.0,720.0,65.0
12528,52.0,624.0,65.0
12529,67.0,804.0,65.1
12530,77.0,924.0,63.9
12531,69.0,828.0,63.2
12532,52.0,624.0,63.3
12533,71.0,852.0,62.5
12534,70.0,840.0,63.6
12535,73.0,876.0,64.6
12536,68.0,816.0,64.5
12537,62.0,744.0,65.3
12538,75.0,900.0,64.8
12539,55.0,660.0,65.0
12540,59.0,708.0,64.3
12541,61.0,732.0,64.4
12542,57.0,684.0,65.2
12543,58.0,696.0,64.3
12544,87.0,1044.0,63.6
12545,80.0,960.0,65.5
12546,64.0,768.0,66.1
12547,78.0,936.0,64.4
12548,68.0,816.0,64.0
12549,59.0,708.0,64.8
12550,61.0,732.0,65.9
12551,76.0,912.0,65.2
12552,65.0,780.0,65.8
12553,62.0,744.0,65.4
12554,72.0,864.0,64.2
12555,56.0,672.0,64.7
12556,70.0,840.0,64.0
12557,83.0,996.0,64.1
12558,68.0,816.0,64.1
12559,61.0,732.0,64.6
12560,93.0,1116.0,64.7
12561,81.0,972.0,63.5
12562,77.0,924.0,64.3
12563,73.0,876.0,63.2
12564,69.0,828.0,64.4
12565,69.0,828.0,64.2
12566,71.0,852.0,63.5
12567,57.0,684.0,63.2
12568,70.0,840.0,63.8
12569,59.0,708.0,63.8
12570,79.0,948.0,63.7
12571,67.0,804.0,63.5
12572,70.0,840.0,63.8
12573,74.0,888.0,64.2
12574,67.0,804.0,63.5
12575,57.0,684.0,64.5
12576,73.0,876.0,63.6
12577,71.0,852.0,63.7
12578,83.0,996.0,62.1
12579,71.0,852.0,63.5
12580,72.0,864.0,63.7
12581,65.0,780.0,63.7
12582,71.0,852.0,63.3
12583,86.0,1032.0,64.2
12584,75.0,900.0,64.9
12585,79.0,948.0,65.5
12586,79.0,948.0,65.4
12587,69.0,828.0,64.4
12588,69.0,828.0,63.8
12589,68.0,816.0,64.0
12590,71.0,852.0,63.4
12591,82.0,984.0,64.3
12592,65.0,780.0,64.5
12593,87.0,1044.0,64.4
12594,88.0,1056.0,63.2
12595,64.0,768.0,64.8
12596,66.0,792.0,64.4
12597,69.0,828.0,63.4
12598,67.0,804.0,64.0
12599,53.0,636.0,64.0
12600,56.0,672.0,64.6
12601,58.0,696.0,65.0
12602,62.0,744.0,65.0
12603,60.0,720.0,64.2
12604,63.0,756.0,63.1
12605,67.0,804.0,63.2
12606,61.0,732.0,64.4
12607,61.0,732.0,64.6
12608,63.0,756.0,63.8
12609,53.0,636.0,64.0
12610,58.0,696.0,64.7
12611,54.0,648.0,64.6
12612,59.0,708.0,64.2
12613,60.0,720.0,64.7
12614,67.0,804.0,65.3
12615,56.0,672.0,64.9
12616,59.0,708.0,64.5
12617,66.0,792.0,64.2
12618,39.0,468.0,64.1
12619,55.0,660.0,63.9
12620,50.0,600.0,64.5
12621,59.0,708.0,64.4
12622,54.0,648.0,65.0
12623,59.0,708.0,64.4
12624,68.0,816.0,64.0
12625,52.0,624.0,64.6
12626,44.0,528.0,65.2
12627,44.0,528.0,64.9
12628,50.0,600.0,65.1
12629,51.0,612.0,65.1
12630,48.0,576.0,64.3
12631,58.0,696.0,63.7
12632,54.0,648.0,63.2
12633,56.0,672.0,63.4
12634,60.0,720.0,64.7
12635,43.0,516.0,65.9
12636,47.0,564.0,65.1
12637,38.0,456.0,64.9
12638,53.0,636.0,64.1
12639,50.0,600.0,64.0
12640,44.0,528.0,65.3
12641,50.0,600.0,65.5
12642,58.0,696.0,65.4
12643,34.0,408.0,65.1
12644,38.0,456.0,64.7
12645,52.0,624.0,64.0
12646,40.0,480.0,64.3
12647,54.0,648.0,65.3
12648,35.0,420.0,65.2
12649,58.0,696.0,59.0
12650,62.0,744.0,63.3
12651,48.0,576.0,63.8
12652,50.0,600.0,64.1
12653,56.0,672.0,64.3
12654,41.0,492.0,65.4
12655,40.0,480.0,64.8
12656,32.0,384.0,65.0
12657,52.0,624.0,65.7
12658,52.0,624.0,66.4
12659,39.0,468.0,66.1
12660,35.0,420.0,65.1
12661,29.0,348.0,65.3
12662,35.0,420.0,64.9
12663,40.0,480.0,65.3
12664,32.0,384.0,64.6
12665,37.0,444.0,65.0
12666,34.0,408.0,64.9
12667,33.0,396.0,64.6
12668,27.0,324.0,64.8
12669,31.0,372.0,64.8
12670,31.0,372.0,65.0
12671,27.0,324.0,65.3
12672,28.0,336.0,65.0
12673,20.0,240.0,65.0
12674,23.0,276.0,65.0
12675,24.0,288.0,64.9
12676,29.0,348.0,64.9
12677,27.0,324.0,64.4
12678,17.0,204.0,64.6
12679,18.0,216.0,64.7
12680,20.0,240.0,64.8
12681,17.0,204.0,64.8
12682,18.0,216.0,64.9
12683,13.0,156.0,65.0
12684,7.0,84.0,64.9
12685,20.0,240.0,64.9
12686,9.0,108.0,65.0
12687,15.0,180.0,64.7
12688,11.0,132.0,64.8
12689,14.0,168.0,64.9
12690,13.0,156.0,65.0
12691,6.0,72.0,65.1
12692,10.0,120.0,65.1
12693,10.0,120.0,65.1
12694,8.0,96.0,65.0
12695,16.0,192.0,65.0
12696,10.0,120.0,65.1
12697,8.0,96.0,65.0
12698,9.0,108.0,65.0
12699,10.0,120.0,65.1
12700,13.0,156.0,65.0
12701,7.0,84.0,65.1
12702,9.0,108.0,65.1
12703,5.0,60.0,65.0
12704,9.0,108.0,65.0
12705,3.0,36.0,65.0
12706,9.0,108.0,65.0
12707,3.0,36.0,65.0
12708,1.0,12.0,64.8
12709,3.0,36.0,64.9
12710,1.0,12.0,65.0
12711,6.0,72.0,65.1
12712,1.0,12.0,65.0
12713,3.0,36.0,65.0
12714,2.0,24.0,65.0
12715,6.0,72.0,65.0
12716,3.0,36.0,64.9
12717,2.0,24.0,65.0
12718,4.0,48.0,65.1
12719,1.0,12.0,65.1
12720,4.0,48.0,65.0
12721,1.0,12.0,64.9
12722,2.0,24.0,65.0
12723,2.0,24.0,65.0
12724,1.0,12.0,65.0
12725,4.0,48.0,65.0
12726,0.0,0.0,65.0
12727,4.0,48.0,65.1
12728,2.0,24.0,65.0
12729,3.0,36.0,65.3
12730,4.0,48.0,65.1
12731,1.0,12.0,65.1
12732,1.0,12.0,65.0
12733,2.0,24.0,64.9
12734,4.0,48.0,64.9
12735,2.0,24.0,65.0
12736,3.0,36.0,65.0
12737,4.0,48.0,65.0
12738,7.0,84.0,65.2
12739,5.0,60.0,65.1
12740,2.0,24.0,65.1
12741,5.0,60.0,65.1
12742,8.0,96.0,65.0
12743,2.0,24.0,64.9
12744,3.0,36.0,65.0
12745,6.0,72.0,65.1
12746,5.0,60.0,65.1
12747,10.0,120.0,65.1
12748,7.0,84.0,65.0
12749,9.0,108.0,64.9
12750,13.0,156.0,65.0
12751,12.0,144.0,64.9
12752,4.0,48.0,64.9
12753,9.0,108.0,64.9
12754,8.0,96.0,65.0
12755,11.0,132.0,64.8
12756,9.0,108.0,64.8
12757,10.0,120.0,64.9
12758,17.0,204.0,64.8
12759,12.0,144.0,64.9
12760,12.0,144.0,65.1
12761,12.0,144.0,65.0
12762,12.0,144.0,64.9
12763,9.0,108.0,65.0
12764,20.0,240.0,64.8
12765,20.0,240.0,64.9
12766,17.0,204.0,64.9
12767,19.0,228.0,64.7
12768,25.0,300.0,65.1
12769,19.0,228.0,64.9
12770,19.0,228.0,65.1
12771,7.0,84.0,65.0
12772,28.0,336.0,64.8
12773,23.0,276.0,65.0
12774,22.0,264.0,64.9
12775,25.0,300.0,64.9
12776,25.0,300.0,64.9
12777,26.0,312.0,64.6
12778,34.0,408.0,64.1
12779,32.0,384.0,63.8
12780,28.0,336.0,64.6
12781,27.0,324.0,64.6
12782,35.0,420.0,65.3
12783,27.0,324.0,65.3
12784,28.0,336.0,65.2
12785,37.0,444.0,65.0
12786,39.0,468.0,65.5
12787,42.0,504.0,65.7
12788,37.0,444.0,65.2
12789,43.0,516.0,64.6
12790,37.0,444.0,64.0
12791,38.0,456.0,64.6
12792,44.0,528.0,64.7
12793,29.0,348.0,64.6
12794,34.0,408.0,64.0
12795,52.0,624.0,64.1
12796,52.0,624.0,65.0
12797,43.0,516.0,65.5
12798,43.0,516.0,65.2
12799,45.0,540.0,63.8
12800,40.0,480.0,64.4
12801,46.0,552.0,64.7
12802,47.0,564.0,64.8
12803,50.0,600.0,66.1
12804,40.0,480.0,65.8
12805,44.0,528.0,66.2
12806,34.0,408.0,66.0
12807,47.0,564.0,65.9
12808,49.0,588.0,66.2
12809,43.0,516.0,65.9
12810,63.0,756.0,64.7
12811,47.0,564.0,65.6
12812,49.0,588.0,65.8
12813,53.0,636.0,64.8
12814,56.0,672.0,65.8
12815,52.0,624.0,66.4
12816,58.0,696.0,65.7
12817,59.0,708.0,64.6
12818,57.0,684.0,62.7
12819,49.0,588.0,63.9
12820,56.0,672.0,63.0
12821,63.0,756.0,63.9
12822,55.0,660.0,64.5
12823,62.0,744.0,64.9
12824,60.0,720.0,64.7
12825,51.0,612.0,63.9
12826,53.0,636.0,65.2
12827,60.0,720.0,65.8
12828,53.0,636.0,66.6
12829,80.0,960.0,65.8
12830,73.0,876.0,64.1
12831,55.0,660.0,65.3
12832,55.0,660.0,63.8
12833,52.0,624.0,66.0
12834,62.0,744.0,65.8
12835,72.0,864.0,64.8
12836,65.0,780.0,64.6
12837,50.0,600.0,63.6
12838,61.0,732.0,63.0
12839,64.0,768.0,63.7
12840,54.0,648.0,64.2
12841,55.0,660.0,63.4
12842,51.0,612.0,63.6
12843,44.0,528.0,64.6
12844,41.0,492.0,64.7
12845,64.0,768.0,64.3
12846,65.0,780.0,65.7
12847,64.0,768.0,65.7
12848,59.0,708.0,65.2
12849,73.0,876.0,64.4
12850,54.0,648.0,64.3
12851,66.0,792.0,64.1
12852,49.0,588.0,64.0
12853,61.0,732.0,63.0
12854,69.0,828.0,63.5
12855,59.0,708.0,65.1
12856,56.0,672.0,65.6
12857,52.0,624.0,64.6
12858,59.0,708.0,64.8
12859,51.0,612.0,63.3
12860,66.0,792.0,64.0
12861,58.0,696.0,63.3
12862,54.0,648.0,63.9
12863,54.0,648.0,64.6
12864,37.0,444.0,65.2
12865,59.0,708.0,65.4
12866,55.0,660.0,65.2
12867,66.0,792.0,65.8
12868,56.0,672.0,64.8
12869,61.0,732.0,65.6
12870,66.0,792.0,65.6
12871,66.0,792.0,65.9
12872,54.0,648.0,66.0
12873,59.0,708.0,65.6
12874,64.0,768.0,66.4
12875,53.0,636.0,66.3
12876,43.0,516.0,65.6
12877,73.0,876.0,65.2
12878,69.0,828.0,65.1
12879,57.0,684.0,64.9
12880,48.0,576.0,65.6
12881,73.0,876.0,64.8
12882,51.0,612.0,63.9
12883,54.0,648.0,64.8
12884,62.0,744.0,64.8
12885,62.0,744.0,64.3
12886,65.0,780.0,65.0
12887,61.0,732.0,65.5
12888,78.0,936.0,65.4
12889,65.0,780.0,65.1
12890,62.0,744.0,65.1
12891,53.0,636.0,65.2
12892,68.0,816.0,63.7
12893,69.0,828.0,63.6
12894,63.0,756.0,64.4
12895,50.0,600.0,63.0
12896,56.0,672.0,64.8
12897,63.0,756.0,64.8
12898,55.0,660.0,64.8
12899,64.0,768.0,65.7
12900,45.0,540.0,64.3
12901,50.0,600.0,64.6
12902,50.0,600.0,65.2
12903,57.0,684.0,65.8
12904,58.0,696.0,64.8
12905,67.0,804.0,64.4
12906,59.0,708.0,64.4
12907,61.0,732.0,65.1
12908,59.0,708.0,64.2
12909,49.0,588.0,64.0
12910,61.0,732.0,63.1
12911,61.0,732.0,63.3
12912,49.0,588.0,63.4
12913,43.0,516.0,64.0
12914,48.0,576.0,64.2
12915,52.0,624.0,63.1
12916,55.0,660.0,63.2
12917,65.0,780.0,62.5
12918,75.0,900.0,61.1
12919,75.0,900.0,62.5
12920,40.0,480.0,64.2
12921,52.0,624.0,63.9
12922,45.0,540.0,63.7
12923,57.0,684.0,63.8
12924,49.0,588.0,64.4
12925,50.0,600.0,63.9
12926,45.0,540.0,64.5
12927,46.0,552.0,64.6
12928,27.0,324.0,64.6
12929,43.0,516.0,63.7
12930,40.0,480.0,64.4
12931,32.0,384.0,64.6
12932,35.0,420.0,64.8
12933,39.0,468.0,64.4
12934,35.0,420.0,65.0
12935,26.0,312.0,65.1
12936,36.0,432.0,65.7
12937,29.0,348.0,65.3
12938,37.0,444.0,65.8
12939,31.0,372.0,65.7
12940,25.0,300.0,65.4
12941,28.0,336.0,65.3
12942,30.0,360.0,65.3
12943,21.0,252.0,65.2
12944,28.0,336.0,65.2
12945,16.0,192.0,65.1
12946,20.0,240.0,65.2
12947,16.0,192.0,65.1
12948,23.0,276.0,65.1
12949,21.0,252.0,65.0
12950,23.0,276.0,65.2
12951,15.0,180.0,65.1
12952,14.0,168.0,65.2
12953,11.0,132.0,65.2
12954,12.0,144.0,65.2
12955,12.0,144.0,65.1
12956,11.0,132.0,65.0
12957,10.0,120.0,65.1
12958,11.0,132.0,65.0
12959,12.0,144.0,65.1
12960,13.0,156.0,65.0
12961,5.0,60.0,65.0
12962,11.0,132.0,65.0
12963,8.0,96.0,65.0
12964,5.0,60.0,65.1
12965,6.0,72.0,65.1
12966,8.0,96.0,65.0
12967,7.0,84.0,65.0
12968,4.0,48.0,64.9
12969,8.0,96.0,64.9
12970,6.0,72.0,64.9
12971,3.0,36.0,64.8
12972,1.0,12.0,64.9
12973,5.0,60.0,65.0
12974,5.0,60.0,64.8
12975,4.0,48.0,64.7
12976,2.0,24.0,64.8
12977,1.0,12.0,64.8
12978,1.0,12.0,64.8
12979,1.0,12.0,64.8
12980,5.0,60.0,65.0
12981,2.0,24.0,65.0
12982,3.0,36.0,65.1
12983,4.0,48.0,65.0
12984,2.0,24.0,65.0
12985,1.0,12.0,64.9
12986,3.0,36.0,65.0
12987,5.0,60.0,64.9
12988,1.0,12.0,65.0
12989,3.0,36.0,64.9
12990,4.0,48.0,65.2
12991,3.0,36.0,65.1
12992,3.0,36.0,65.0
12993,6.0,72.0,65.0
12994,2.0,24.0,65.2
12995,1.0,12.0,64.9
12996,4.0,48.0,65.0
12997,0.0,0.0,65.0
12998,2.0,24.0,64.9
12999,3.0,36.0,64.8
13000,2.0,24.0,64.9
13001,4.0,48.0,64.9
13002,3.0,36.0,65.0
13003,5.0,60.0,65.0
13004,7.0,84.0,65.0
13005,5.0,60.0,65.3
13006,5.0,60.0,65.2
13007,3.0,36.0,65.1
13008,2.0,24.0,65.1
13009,2.0,24.0,65.1
13010,2.0,24.0,65.0
13011,2.0,24.0,64.9
13012,9.0,108.0,64.8
13013,10.0,120.0,64.9
13014,6.0,72.0,65.0
13015,15.0,180.0,65.0
13016,13.0,156.0,65.2
13017,15.0,180.0,65.0
13018,13.0,156.0,65.2
13019,9.0,108.0,65.1
13020,15.0,180.0,65.1
13021,14.0,168.0,65.0
13022,13.0,156.0,65.0
13023,15.0,180.0,64.9
13024,16.0,192.0,65.0
13025,11.0,132.0,65.0
13026,10.0,120.0,65.1
13027,22.0,264.0,65.1
13028,24.0,288.0,65.0
13029,22.0,264.0,65.0
13030,20.0,240.0,65.2
13031,33.0,396.0,65.1
13032,18.0,216.0,65.2
13033,19.0,228.0,65.0
13034,21.0,252.0,65.0
13035,22.0,264.0,65.0
13036,35.0,420.0,65.2
13037,24.0,288.0,65.2
13038,37.0,444.0,65.4
13039,42.0,504.0,65.9
13040,44.0,528.0,65.2
13041,50.0,600.0,64.1
13042,62.0,744.0,63.6
13043,58.0,696.0,63.9
13044,57.0,684.0,64.0
13045,43.0,516.0,65.1
13046,61.0,732.0,64.2
13047,59.0,708.0,63.6
13048,68.0,816.0,64.3
13049,71.0,852.0,63.7
13050,77.0,924.0,61.5
13051,63.0,756.0,62.9
13052,70.0,840.0,62.2
13053,75.0,900.0,62.2
13054,83.0,996.0,62.5
13055,72.0,864.0,61.0
13056,73.0,876.0,62.6
13057,62.0,744.0,64.4
13058,44.0,528.0,65.6
13059,43.0,516.0,63.7
13060,45.0,540.0,64.3
13061,53.0,636.0,64.9
13062,38.0,456.0,65.1
13063,49.0,588.0,65.0
13064,47.0,564.0,65.2
13065,48.0,576.0,66.4
13066,54.0,648.0,65.4
13067,51.0,612.0,65.7
13068,45.0,540.0,65.3
13069,48.0,576.0,65.3
13070,37.0,444.0,65.7
13071,39.0,468.0,65.4
13072,52.0,624.0,65.7
13073,37.0,444.0,65.2
13074,36.0,432.0,65.2
13075,44.0,528.0,65.6
13076,38.0,456.0,65.1
13077,38.0,456.0,64.3
13078,38.0,456.0,65.1
13079,48.0,576.0,64.6
13080,40.0,480.0,64.4
13081,31.0,372.0,64.6
13082,36.0,432.0,63.1
13083,39.0,468.0,64.5
13084,29.0,348.0,64.8
13085,59.0,708.0,64.0
13086,44.0,528.0,64.3
13087,47.0,564.0,63.9
13088,59.0,708.0,63.3
13089,43.0,516.0,63.4
13090,52.0,624.0,65.2
13091,43.0,516.0,65.1
13092,41.0,492.0,65.8
13093,48.0,576.0,65.2
13094,25.0,300.0,65.1
13095,50.0,600.0,64.1
13096,50.0,600.0,64.6
13097,55.0,660.0,65.2
13098,42.0,504.0,63.6
13099,51.0,612.0,63.8
13100,51.0,612.0,62.7
13101,46.0,552.0,64.3
13102,44.0,528.0,64.9
13103,51.0,612.0,65.6
13104,38.0,456.0,64.0
13105,51.0,612.0,62.7
13106,44.0,528.0,64.3
13107,58.0,696.0,64.7
13108,48.0,576.0,63.8
13109,43.0,516.0,64.7
13110,57.0,684.0,65.1
13111,56.0,672.0,65.2
13112,63.0,756.0,64.3
13113,52.0,624.0,63.2
13114,56.0,672.0,64.6
13115,51.0,612.0,64.0
13116,51.0,612.0,65.5
13117,51.0,612.0,64.2
13118,52.0,624.0,65.5
13119,44.0,528.0,65.5
13120,50.0,600.0,65.7
13121,47.0,564.0,64.4
13122,49.0,588.0,63.4
13123,52.0,624.0,64.1
13124,49.0,588.0,64.2
13125,56.0,672.0,66.3
13126,76.0,912.0,65.4
13127,54.0,648.0,64.8
13128,59.0,708.0,66.4
13129,66.0,792.0,65.1
13130,57.0,684.0,65.6
13131,72.0,864.0,64.8
13132,66.0,792.0,66.5
13133,67.0,804.0,65.1
13134,45.0,540.0,64.9
13135,78.0,936.0,64.5
13136,69.0,828.0,63.6
13137,79.0,948.0,63.3
13138,63.0,756.0,65.8
13139,54.0,648.0,66.2
13140,60.0,720.0,63.4
13141,69.0,828.0,61.1
13142,59.0,708.0,59.9
13143,59.0,708.0,61.0
13144,74.0,888.0,60.7
13145,61.0,732.0,60.1
13146,86.0,1032.0,56.7
13147,89.0,1068.0,57.1
13148,78.0,936.0,55.9
13149,73.0,876.0,56.2
13150,69.0,828.0,56.6
13151,73.0,876.0,56.6
13152,68.0,816.0,54.8
13153,81.0,972.0,55.5
13154,81.0,972.0,55.7
13155,86.0,1032.0,54.3
13156,84.0,1008.0,55.7
13157,95.0,1140.0,55.8
13158,100.0,1200.0,56.1
13159,94.0,1128.0,54.7
13160,100.0,1200.0,54.3
13161,88.0,1056.0,53.6
13162,79.0,948.0,55.2
13163,80.0,960.0,54.9
13164,94.0,1128.0,55.4
13165,83.0,996.0,55.7
13166,96.0,1152.0,54.9
13167,88.0,1056.0,55.0
13168,109.0,1308.0,55.7
13169,95.0,1140.0,55.8
13170,92.0,1104.0,56.3
13171,82.0,984.0,57.1
13172,94.0,1128.0,56.3
13173,82.0,984.0,57.6
13174,60.0,720.0,57.8
13175,76.0,912.0,56.7
13176,98.0,1176.0,58.8
13177,69.0,828.0,59.1
13178,78.0,936.0,60.3
13179,60.0,720.0,61.6
13180,54.0,648.0,62.0
13181,50.0,600.0,64.2
13182,40.0,480.0,65.0
13183,42.0,504.0,65.3
13184,40.0,480.0,64.9
13185,43.0,516.0,65.0
13186,43.0,516.0,65.6
13187,42.0,504.0,64.4
13188,39.0,468.0,64.7
13189,34.0,408.0,65.1
13190,41.0,492.0,63.9
13191,34.0,408.0,64.4
13192,26.0,312.0,64.9
13193,45.0,540.0,64.8
13194,23.0,276.0,64.9
13195,32.0,384.0,65.1
13196,41.0,492.0,64.3
13197,25.0,300.0,64.8
13198,39.0,468.0,64.8
13199,28.0,336.0,64.6
13200,27.0,324.0,64.4
13201,23.0,276.0,64.6
13202,21.0,252.0,64.3
13203,33.0,396.0,64.2
13204,42.0,504.0,62.6
13205,31.0,372.0,63.2
13206,22.0,264.0,64.0
13207,36.0,432.0,64.7
13208,29.0,348.0,64.2
13209,18.0,216.0,64.4
13210,26.0,312.0,64.6
13211,30.0,360.0,64.4
13212,36.0,432.0,64.8
13213,25.0,300.0,64.8
13214,32.0,384.0,64.1
13215,31.0,372.0,64.2
13216,22.0,264.0,64.7
13217,30.0,360.0,64.9
13218,24.0,288.0,64.9
13219,22.0,264.0,64.9
13220,24.0,288.0,65.1
13221,24.0,288.0,64.5
13222,19.0,228.0,64.5
13223,22.0,264.0,64.5
13224,12.0,144.0,64.7
13225,17.0,204.0,64.7
13226,50.0,600.0,58.3
13227,26.0,312.0,61.3
13228,17.0,204.0,63.2
13229,21.0,252.0,64.2
13230,26.0,312.0,64.6
13231,14.0,168.0,64.9
13232,14.0,168.0,65.0
13233,12.0,144.0,65.0
13234,12.0,144.0,65.0
13235,11.0,132.0,65.1
13236,16.0,192.0,65.1
13237,10.0,120.0,65.0
13238,15.0,180.0,64.9
13239,9.0,108.0,65.1
13240,7.0,84.0,65.1
13241,16.0,192.0,65.2
13242,6.0,72.0,65.0
13243,9.0,108.0,65.0
13244,10.0,120.0,65.1
13245,7.0,84.0,65.0
13246,10.0,120.0,65.1
13247,10.0,120.0,65.2
13248,6.0,72.0,65.0
13249,5.0,60.0,64.9
13250,9.0,108.0,64.9
13251,6.0,72.0,64.9
13252,3.0,36.0,65.0
13253,3.0,36.0,64.9
13254,4.0,48.0,64.9
13255,4.0,48.0,65.1
13256,4.0,48.0,65.0
13257,10.0,120.0,65.1
13258,0.0,0.0,65.1
13259,2.0,24.0,64.9
13260,3.0,36.0,64.9
13261,4.0,48.0,65.1
13262,2.0,24.0,65.0
13263,2.0,24.0,65.2
13264,2.0,24.0,64.9
13265,3.0,36.0,65.0
13266,2.0,24.0,65.1
13267,5.0,60.0,65.1
13268,3.0,36.0,65.0
13269,1.0,12.0,65.0
13270,0.0,0.0,65.0
13271,1.0,12.0,64.9
13272,3.0,36.0,64.8
13273,1.0,12.0,64.8
13274,0.0,0.0,64.8
13275,1.0,12.0,64.7
13276,3.0,36.0,64.9
13277,1.0,12.0,64.8
13278,0.0,0.0,64.8
13279,2.0,24.0,64.9
13280,2.0,24.0,64.9
13281,3.0,36.0,65.0
13282,2.0,24.0,64.9
13283,3.0,36.0,64.9
13284,0.0,0.0,64.9
13285,0.0,0.0,64.9
13286,0.0,0.0,64.9
13287,2.0,24.0,65.1
13288,2.0,24.0,65.0
13289,1.0,12.0,64.9
13290,0.0,0.0,64.9
13291,4.0,48.0,64.9
13292,4.0,48.0,64.9
13293,8.0,96.0,64.9
13294,3.0,36.0,65.1
13295,3.0,36.0,65.3
13296,4.0,48.0,65.0
13297,1.0,12.0,65.0
13298,9.0,108.0,65.0
13299,1.0,12.0,64.9
13300,4.0,48.0,65.0
13301,7.0,84.0,65.0
13302,2.0,24.0,65.0
13303,12.0,144.0,64.8
13304,15.0,180.0,64.8
13305,13.0,156.0,65.1
13306,17.0,204.0,65.1
13307,11.0,132.0,65.1
13308,5.0,60.0,65.1
13309,9.0,108.0,65.1
13310,6.0,72.0,65.0
13311,17.0,204.0,64.7
13312,16.0,192.0,64.8
13313,12.0,144.0,64.8
13314,7.0,84.0,64.9
13315,19.0,228.0,64.9
13316,23.0,276.0,64.9
13317,28.0,336.0,65.1
13318,34.0,408.0,65.1
13319,15.0,180.0,65.0
13320,18.0,216.0,65.1
13321,38.0,456.0,65.6
13322,23.0,276.0,65.5
13323,36.0,432.0,65.3
13324,34.0,408.0,65.4
13325,29.0,348.0,65.3
13326,31.0,372.0,65.4
13327,48.0,576.0,65.1
13328,53.0,636.0,64.8
13329,64.0,768.0,62.8
13330,62.0,744.0,63.4
13331,60.0,720.0,63.1
13332,49.0,588.0,64.1
13333,63.0,756.0,63.5
13334,66.0,792.0,63.4
13335,66.0,792.0,63.0
13336,63.0,756.0,64.2
13337,61.0,732.0,63.2
13338,67.0,804.0,63.8
13339,59.0,708.0,63.4
13340,73.0,876.0,63.1
13341,70.0,840.0,62.5
13342,81.0,972.0,62.2
13343,84.0,1008.0,61.7
13344,98.0,1176.0,61.2
13345,69.0,828.0,62.7
13346,72.0,864.0,61.7
13347,60.0,720.0,60.3
13348,71.0,852.0,59.2
13349,75.0,900.0,58.1
13350,66.0,792.0,56.8
13351,77.0,924.0,58.8
13352,69.0,828.0,62.4
13353,67.0,804.0,61.2
13354,48.0,576.0,63.1
13355,37.0,444.0,64.4
13356,45.0,540.0,65.3
13357,37.0,444.0,65.2
13358,41.0,492.0,64.8
13359,37.0,444.0,64.4
13360,35.0,420.0,64.6
13361,43.0,516.0,63.9
13362,62.0,744.0,62.8
13363,45.0,540.0,63.8
13364,58.0,696.0,64.0
13365,33.0,396.0,64.3
13366,53.0,636.0,63.0
13367,41.0,492.0,63.6
13368,45.0,540.0,62.8
13369,42.0,504.0,63.5
13370,41.0,492.0,63.3
13371,33.0,396.0,63.9
13372,49.0,588.0,64.6
13373,36.0,432.0,63.4
13374,46.0,552.0,64.7
13375,38.0,456.0,65.0
13376,36.0,432.0,64.8
13377,52.0,624.0,64.7
13378,48.0,576.0,64.9
13379,40.0,480.0,64.7
13380,44.0,528.0,64.9
13381,43.0,516.0,64.3
13382,43.0,516.0,64.2
13383,49.0,588.0,63.5
13384,48.0,576.0,63.7
13385,43.0,516.0,64.6
13386,51.0,612.0,64.5
13387,56.0,672.0,65.8
13388,39.0,468.0,65.2
13389,45.0,540.0,64.7
13390,50.0,600.0,64.4
13391,45.0,540.0,64.0
13392,56.0,672.0,64.7
13393,50.0,600.0,65.3
13394,35.0,420.0,65.3
13395,45.0,540.0,65.3
13396,41.0,492.0,65.6
13397,47.0,564.0,64.6
13398,42.0,504.0,65.3
13399,47.0,564.0,66.3
13400,56.0,672.0,65.1
13401,59.0,708.0,64.1
13402,49.0,588.0,65.4
13403,61.0,732.0,64.4
13404,55.0,660.0,64.5
13405,46.0,552.0,64.1
13406,31.0,372.0,63.4
13407,40.0,480.0,64.4
13408,43.0,516.0,65.4
13409,37.0,444.0,65.7
13410,57.0,684.0,64.8
13411,47.0,564.0,64.3
13412,60.0,720.0,63.4
13413,45.0,540.0,63.9
13414,70.0,840.0,61.9
13415,63.0,756.0,62.3
13416,65.0,780.0,62.5
13417,58.0,696.0,62.3
13418,81.0,972.0,62.5
13419,56.0,672.0,63.4
13420,78.0,936.0,62.2
13421,73.0,876.0,63.6
13422,55.0,660.0,63.5
13423,71.0,852.0,63.5
13424,75.0,900.0,64.1
13425,83.0,996.0,62.8
13426,73.0,876.0,62.5
13427,81.0,972.0,61.0
13428,70.0,840.0,61.6
13429,82.0,984.0,61.7
13430,73.0,876.0,62.5
13431,89.0,1068.0,62.7
13432,79.0,948.0,61.9
13433,95.0,1140.0,56.8
13434,96.0,1152.0,53.9
13435,60.0,720.0,56.2
13436,59.0,708.0,60.3
13437,82.0,984.0,61.5
13438,88.0,1056.0,61.8
13439,74.0,888.0,62.2
13440,56.0,672.0,59.3
13441,74.0,888.0,58.6
13442,86.0,1032.0,57.7
13443,82.0,984.0,57.1
13444,86.0,1032.0,56.7
13445,60.0,720.0,56.6
13446,80.0,960.0,53.6
13447,85.0,1020.0,50.3
13448,95.0,1140.0,47.6
13449,91.0,1092.0,45.8
13450,90.0,1080.0,44.8
13451,95.0,1140.0,46.5
13452,94.0,1128.0,49.4
13453,83.0,996.0,50.6
13454,92.0,1104.0,53.1
13455,82.0,984.0,57.3
13456,86.0,1032.0,58.0
13457,82.0,984.0,59.3
13458,82.0,984.0,59.8
13459,85.0,1020.0,62.8
13460,64.0,768.0,61.1
13461,76.0,912.0,60.6
13462,82.0,984.0,60.4
13463,70.0,840.0,61.8
13464,83.0,996.0,61.9
13465,60.0,720.0,62.4
13466,36.0,432.0,63.8
13467,38.0,456.0,63.8
13468,57.0,684.0,66.4
13469,40.0,480.0,66.0
13470,58.0,696.0,66.2
13471,41.0,492.0,65.7
13472,34.0,408.0,65.4
13473,35.0,420.0,65.9
13474,33.0,396.0,65.4
13475,36.0,432.0,65.9
13476,38.0,456.0,65.3
13477,31.0,372.0,65.1
13478,43.0,516.0,65.7
13479,36.0,432.0,64.3
13480,33.0,396.0,64.5
13481,42.0,504.0,62.9
13482,34.0,408.0,64.0
13483,33.0,396.0,65.1
13484,27.0,324.0,65.1
13485,41.0,492.0,63.8
13486,28.0,336.0,64.4
13487,16.0,192.0,64.8
13488,32.0,384.0,64.6
13489,17.0,204.0,64.6
13490,30.0,360.0,64.0
13491,34.0,408.0,64.7
13492,28.0,336.0,64.9
13493,33.0,396.0,64.4
13494,33.0,396.0,64.4
13495,32.0,384.0,64.8
13496,24.0,288.0,64.8
13497,21.0,252.0,65.0
13498,20.0,240.0,65.1
13499,33.0,396.0,65.1
13500,21.0,252.0,65.2
13501,18.0,216.0,65.1
13502,29.0,348.0,64.6
13503,23.0,276.0,64.4
13504,25.0,300.0,64.5
13505,23.0,276.0,64.7
13506,29.0,348.0,64.7
13507,27.0,324.0,64.8
13508,17.0,204.0,64.8
13509,20.0,240.0,64.9
13510,20.0,240.0,64.9
13511,17.0,204.0,64.9
13512,13.0,156.0,64.9
13513,24.0,288.0,65.3
13514,13.0,156.0,65.2
13515,17.0,204.0,65.1
13516,14.0,168.0,65.1
13517,19.0,228.0,65.1
13518,16.0,192.0,64.9
13519,7.0,84.0,64.9
13520,11.0,132.0,65.0
13521,21.0,252.0,65.1
13522,8.0,96.0,65.1
13523,24.0,288.0,65.1
13524,6.0,72.0,65.0
13525,12.0,144.0,65.0
13526,7.0,84.0,65.1
13527,5.0,60.0,65.2
13528,8.0,96.0,65.2
13529,5.0,60.0,65.0
13530,8.0,96.0,64.9
13531,9.0,108.0,65.0
13532,4.0,48.0,65.0
13533,10.0,120.0,64.9
13534,9.0,108.0,64.9
13535,10.0,120.0,64.9
13536,10.0,120.0,65.0
13537,6.0,72.0,65.0
13538,2.0,24.0,64.9
13539,2.0,24.0,64.9
13540,4.0,48.0,65.0
13541,3.0,36.0,65.0
13542,7.0,84.0,64.9
13543,3.0,36.0,64.9
13544,5.0,60.0,65.0
13545,6.0,72.0,64.9
13546,4.0,48.0,65.1
13547,2.0,24.0,65.1
13548,1.0,12.0,65.1
13549,3.0,36.0,65.1
13550,0.0,0.0,65.1
13551,4.0,48.0,65.2
13552,3.0,36.0,65.1
13553,0.0,0.0,65.1
13554,2.0,24.0,64.9
13555,1.0,12.0,65.3
13556,1.0,12.0,65.1
13557,2.0,24.0,65.0
13558,2.0,24.0,65.1
13559,0.0,0.0,65.1
13560,2.0,24.0,65.0
13561,3.0,36.0,64.9
13562,0.0,0.0,64.9
13563,3.0,36.0,64.9
13564,3.0,36.0,65.0
13565,0.0,0.0,65.0
13566,2.0,24.0,64.9
13567,1.0,12.0,64.8
13568,2.0,24.0,64.8
13569,2.0,24.0,64.9
13570,1.0,12.0,65.5
13571,2.0,24.0,65.3
13572,0.0,0.0,65.3
13573,1.0,12.0,65.1
13574,1.0,12.0,65.0
13575,1.0,12.0,64.9
13576,1.0,12.0,64.9
13577,1.0,12.0,65.5
13578,3.0,36.0,65.2
13579,2.0,24.0,65.1
13580,4.0,48.0,65.0
13581,5.0,60.0,64.9
13582,2.0,24.0,64.9
13583,1.0,12.0,64.9
13584,0.0,0.0,64.9
13585,3.0,36.0,64.8
13586,2.0,24.0,64.9
13587,3.0,36.0,65.0
13588,0.0,0.0,65.0
13589,10.0,120.0,65.2
13590,4.0,48.0,65.2
13591,10.0,120.0,65.2
13592,11.0,132.0,65.2
13593,12.0,144.0,65.1
13594,11.0,132.0,65.1
13595,11.0,132.0,65.1
13596,9.0,108.0,65.1
13597,7.0,84.0,65.1
13598,14.0,168.0,65.1
13599,12.0,144.0,64.9
13600,16.0,192.0,64.8
13601,11.0,132.0,64.9
13602,11.0,132.0,64.8
13603,21.0,252.0,64.8
13604,20.0,240.0,64.8
13605,25.0,300.0,64.9
13606,31.0,372.0,65.1
13607,18.0,216.0,65.0
13608,16.0,192.0,64.9
13609,21.0,252.0,65.3
13610,21.0,252.0,65.2
13611,22.0,264.0,65.5
13612,25.0,300.0,65.6
13613,27.0,324.0,65.0
13614,30.0,360.0,64.5
13615,49.0,588.0,64.0
13616,52.0,624.0,64.1
13617,52.0,624.0,63.6
13618,58.0,696.0,64.5
13619,63.0,756.0,63.2
13620,54.0,648.0,64.4
13621,54.0,648.0,64.4
13622,67.0,804.0,64.8
13623,65.0,780.0,64.3
13624,88.0,1056.0,63.0
13625,59.0,708.0,63.8
13626,78.0,936.0,63.2
13627,75.0,900.0,63.5
13628,93.0,1116.0,63.8
13629,93.0,1116.0,60.4
13630,98.0,1176.0,59.4
13631,81.0,972.0,60.9
13632,70.0,840.0,64.0
13633,45.0,540.0,64.7
13634,48.0,576.0,64.9
13635,62.0,744.0,64.7
13636,52.0,624.0,64.2
13637,52.0,624.0,64.4
13638,43.0,516.0,64.3
13639,40.0,480.0,65.8
13640,43.0,516.0,65.4
13641,63.0,756.0,65.8
13642,44.0,528.0,64.9
13643,31.0,372.0,65.4
13644,35.0,420.0,65.2
13645,30.0,360.0,65.4
13646,37.0,444.0,65.9
13647,40.0,480.0,65.8
13648,48.0,576.0,64.6
13649,30.0,360.0,64.4
13650,34.0,408.0,64.3
13651,32.0,384.0,64.3
13652,37.0,444.0,64.7
13653,27.0,324.0,65.0
13654,41.0,492.0,63.5
13655,40.0,480.0,64.4
13656,33.0,396.0,64.7
13657,31.0,372.0,64.8
13658,24.0,288.0,64.9
13659,38.0,456.0,65.4
13660,48.0,576.0,66.2
13661,35.0,420.0,66.3
13662,31.0,372.0,66.1
13663,45.0,540.0,66.5
13664,35.0,420.0,65.9
13665,50.0,600.0,65.8
13666,40.0,480.0,65.4
13667,35.0,420.0,65.1
13668,26.0,312.0,65.5
13669,17.0,204.0,65.4
13670,42.0,504.0,65.3
13671,43.0,516.0,65.2
13672,48.0,576.0,66.0
13673,46.0,552.0,65.2
13674,44.0,528.0,64.9
13675,40.0,480.0,66.0
13676,48.0,576.0,65.5
13677,38.0,456.0,65.1
13678,36.0,432.0,64.8
13679,37.0,444.0,65.5
13680,45.0,540.0,66.2
13681,35.0,420.0,65.8
13682,33.0,396.0,65.6
13683,48.0,576.0,64.8
13684,53.0,636.0,65.0
13685,29.0,348.0,65.0
13686,40.0,480.0,64.4
13687,53.0,636.0,63.9
13688,45.0,540.0,65.0
13689,53.0,636.0,64.6
13690,50.0,600.0,64.2
13691,47.0,564.0,64.7
13692,32.0,384.0,64.6
13693,35.0,420.0,64.8
13694,50.0,600.0,64.6
13695,38.0,456.0,64.5
13696,43.0,516.0,64.5
13697,54.0,648.0,66.6
13698,52.0,624.0,66.0
13699,40.0,480.0,65.2
13700,52.0,624.0,64.8
13701,47.0,564.0,65.4
13702,51.0,612.0,64.9
13703,53.0,636.0,64.3
13704,47.0,564.0,66.4
13705,43.0,516.0,66.5
13706,47.0,564.0,66.3
13707,53.0,636.0,67.6
13708,59.0,708.0,66.7
13709,47.0,564.0,66.6
13710,42.0,504.0,66.3
13711,63.0,756.0,65.1
13712,55.0,660.0,66.1
13713,70.0,840.0,66.5
13714,65.0,780.0,66.2
13715,55.0,660.0,65.7
13716,50.0,600.0,63.3
13717,58.0,696.0,61.7
13718,68.0,816.0,60.3
13719,63.0,756.0,60.5
13720,63.0,756.0,59.6
13721,48.0,576.0,58.4
13722,63.0,756.0,58.4
13723,69.0,828.0,57.1
13724,66.0,792.0,55.5
13725,79.0,948.0,53.2
13726,91.0,1092.0,48.5
13727,92.0,1104.0,47.5
13728,63.0,756.0,52.2
13729,43.0,516.0,56.3
13730,63.0,756.0,55.8
13731,86.0,1032.0,57.0
13732,57.0,684.0,57.6
13733,67.0,804.0,56.1
13734,62.0,744.0,56.0
13735,78.0,936.0,56.9
13736,68.0,816.0,56.3
13737,78.0,936.0,56.3
13738,84.0,1008.0,56.6
13739,76.0,912.0,56.0
13740,87.0,1044.0,61.0
13741,86.0,1032.0,62.7
13742,75.0,900.0,64.3
13743,62.0,744.0,65.2
13744,77.0,924.0,63.0
13745,67.0,804.0,64.9
13746,91.0,1092.0,64.7
13747,74.0,888.0,65.1
13748,66.0,792.0,66.3
13749,86.0,1032.0,66.7
13750,69.0,828.0,66.6
13751,47.0,564.0,67.4
13752,40.0,480.0,67.6
13753,43.0,516.0,65.7
13754,43.0,516.0,65.4
13755,47.0,564.0,65.0
13756,56.0,672.0,63.6
13757,50.0,600.0,65.3
13758,39.0,468.0,65.7
13759,52.0,624.0,65.9
13760,42.0,504.0,65.9
13761,35.0,420.0,65.5
13762,35.0,420.0,65.5
13763,39.0,468.0,65.2
13764,40.0,480.0,63.8
13765,44.0,528.0,64.5
13766,33.0,396.0,65.0
13767,35.0,420.0,65.3
13768,28.0,336.0,65.5
13769,29.0,348.0,64.6
13770,31.0,372.0,64.8
13771,28.0,336.0,64.9
13772,29.0,348.0,64.8
13773,37.0,444.0,64.8
13774,35.0,420.0,64.8
13775,20.0,240.0,64.9
13776,29.0,348.0,65.1
13777,23.0,276.0,65.1
13778,27.0,324.0,64.7
13779,35.0,420.0,65.1
13780,32.0,384.0,64.5
13781,38.0,456.0,65.2
13782,28.0,336.0,65.2
13783,33.0,396.0,65.4
13784,25.0,300.0,65.2
13785,26.0,312.0,65.2
13786,29.0,348.0,65.6
13787,35.0,420.0,65.2
13788,36.0,432.0,65.6
13789,28.0,336.0,65.4
13790,22.0,264.0,65.1
13791,20.0,240.0,65.1
13792,24.0,288.0,65.1
13793,29.0,348.0,65.2
13794,21.0,252.0,65.3
13795,31.0,372.0,65.1
13796,27.0,324.0,64.9
13797,12.0,144.0,65.0
13798,24.0,288.0,65.1
13799,16.0,192.0,65.2
13800,19.0,228.0,65.1
13801,18.0,216.0,65.0
13802,16.0,192.0,65.0
13803,16.0,192.0,64.9
13804,21.0,252.0,64.5
13805,17.0,204.0,64.8
13806,10.0,120.0,64.9
13807,12.0,144.0,64.8
13808,15.0,180.0,64.9
13809,9.0,108.0,65.0
13810,12.0,144.0,65.1
13811,9.0,108.0,65.1
13812,4.0,48.0,65.1
13813,11.0,132.0,65.0
13814,12.0,144.0,65.0
13815,10.0,120.0,65.0
13816,15.0,180.0,64.9
13817,6.0,72.0,65.0
13818,9.0,108.0,64.9
13819,6.0,72.0,64.9
13820,7.0,84.0,64.9
13821,3.0,36.0,65.0
13822,8.0,96.0,64.9
13823,7.0,84.0,64.9
13824,4.0,48.0,65.0
13825,7.0,84.0,65.0
13826,4.0,48.0,64.9
13827,3.0,36.0,65.2
13828,0.0,0.0,65.2
13829,2.0,24.0,65.2
13830,4.0,48.0,65.0
13831,1.0,12.0,65.1
13832,3.0,36.0,64.9
13833,1.0,12.0,65.0
13834,4.0,48.0,65.0
13835,1.0,12.0,64.9
13836,2.0,24.0,64.9
13837,4.0,48.0,64.9
13838,1.0,12.0,65.0
13839,0.0,0.0,65.0
13840,1.0,12.0,65.0
13841,0.0,0.0,65.0
13842,3.0,36.0,65.2
13843,0.0,0.0,65.2
13844,0.0,0.0,65.2
13845,2.0,24.0,65.5
13846,1.0,12.0,65.1
13847,1.0,12.0,65.2
13848,2.0,24.0,65.0
13849,1.0,12.0,65.0
13850,0.0,0.0,65.0
13851,2.0,24.0,65.0
13852,3.0,36.0,65.0
13853,0.0,0.0,65.0
13854,2.0,24.0,64.9
13855,3.0,36.0,64.9
13856,3.0,36.0,64.9
13857,2.0,24.0,65.1
13858,3.0,36.0,65.0
13859,2.0,24.0,64.9
13860,1.0,12.0,64.9
13861,2.0,24.0,65.1
13862,1.0,12.0,65.0
13863,2.0,24.0,64.9
13864,0.0,0.0,64.9
13865,1.0,12.0,64.9
13866,0.0,0.0,64.9
13867,2.0,24.0,65.0
13868,6.0,72.0,65.0
13869,6.0,72.0,65.0
13870,4.0,48.0,64.9
13871,3.0,36.0,64.9
13872,1.0,12.0,65.3
13873,4.0,48.0,65.3
13874,1.0,12.0,65.1
13875,6.0,72.0,64.9
13876,4.0,48.0,65.0
13877,6.0,72.0,64.9
13878,4.0,48.0,65.0
13879,12.0,144.0,64.9
13880,12.0,144.0,65.0
13881,14.0,168.0,65.1
13882,11.0,132.0,65.1
13883,10.0,120.0,65.0
13884,8.0,96.0,65.1
13885,7.0,84.0,65.1
13886,11.0,132.0,65.1
13887,11.0,132.0,65.1
13888,17.0,204.0,65.1
13889,19.0,228.0,65.0
13890,12.0,144.0,64.9
13891,18.0,216.0,65.1
13892,23.0,276.0,65.2
13893,21.0,252.0,65.2
13894,25.0,300.0,64.9
13895,20.0,240.0,64.8
13896,25.0,300.0,64.9
13897,26.0,312.0,65.2
13898,25.0,300.0,64.8
13899,29.0,348.0,65.4
13900,35.0,420.0,65.7
13901,27.0,324.0,65.3
13902,39.0,468.0,66.2
13903,38.0,456.0,65.4
13904,66.0,792.0,64.3
13905,64.0,768.0,64.3
13906,60.0,720.0,64.8
13907,59.0,708.0,65.7
13908,80.0,960.0,65.4
13909,53.0,636.0,65.5
13910,60.0,720.0,65.0
13911,67.0,804.0,65.2
13912,88.0,1056.0,62.7
13913,68.0,816.0,63.1
13914,80.0,960.0,63.5
13915,71.0,852.0,62.8
13916,73.0,876.0,62.4
13917,77.0,924.0,63.0
13918,68.0,816.0,64.5
13919,64.0,768.0,65.3
13920,64.0,768.0,65.7
13921,64.0,768.0,65.5
13922,51.0,612.0,65.0
13923,48.0,576.0,64.4
13924,47.0,564.0,64.8
13925,51.0,612.0,63.8
13926,48.0,576.0,64.1
13927,55.0,660.0,64.3
13928,56.0,672.0,65.7
13929,50.0,600.0,66.0
13930,51.0,612.0,65.1
13931,45.0,540.0,65.7
13932,48.0,576.0,65.0
13933,36.0,432.0,64.8
13934,40.0,480.0,64.4
13935,40.0,480.0,63.5
13936,42.0,504.0,64.3
13937,35.0,420.0,64.8
13938,39.0,468.0,64.5
13939,41.0,492.0,63.7
13940,35.0,420.0,64.6
13941,43.0,516.0,63.7
13942,51.0,612.0,63.6
13943,43.0,516.0,63.9
13944,40.0,480.0,63.8
13945,44.0,528.0,62.3
13946,44.0,528.0,64.0
13947,38.0,456.0,64.5
13948,43.0,516.0,64.6
13949,39.0,468.0,64.8
13950,35.0,420.0,64.8
13951,38.0,456.0,64.9
13952,43.0,516.0,65.0
13953,38.0,456.0,64.0
13954,46.0,552.0,64.1
13955,34.0,408.0,65.0
13956,39.0,468.0,64.5
13957,42.0,504.0,65.3
13958,35.0,420.0,65.4
13959,49.0,588.0,64.7
13960,26.0,312.0,64.4
13961,24.0,288.0,64.9
13962,40.0,480.0,65.7
13963,57.0,684.0,66.3
13964,46.0,552.0,65.8
13965,32.0,384.0,65.3
13966,50.0,600.0,64.8
13967,38.0,456.0,64.7
13968,38.0,456.0,65.3
13969,40.0,480.0,64.9
13970,42.0,504.0,65.7
13971,44.0,528.0,66.2
13972,61.0,732.0,65.3
13973,48.0,576.0,64.7
13974,44.0,528.0,65.5
13975,53.0,636.0,63.3
13976,62.0,744.0,63.0
13977,61.0,732.0,63.1
13978,57.0,684.0,63.0
13979,53.0,636.0,63.6
13980,38.0,456.0,64.7
13981,50.0,600.0,64.1
13982,46.0,552.0,64.2
13983,48.0,576.0,64.8
13984,33.0,396.0,65.5
13985,49.0,588.0,65.4
13986,45.0,540.0,65.0
13987,42.0,504.0,65.6
13988,39.0,468.0,65.6
13989,63.0,756.0,65.5
13990,59.0,708.0,63.3
13991,71.0,852.0,61.9
13992,48.0,576.0,64.7
13993,60.0,720.0,64.8
13994,52.0,624.0,65.4
13995,50.0,600.0,65.4
13996,41.0,492.0,65.8
13997,55.0,660.0,64.6
13998,64.0,768.0,63.7
13999,69.0,828.0,64.5
14000,61.0,732.0,65.8
14001,74.0,888.0,65.2
14002,61.0,732.0,66.4
14003,76.0,912.0,66.4
14004,66.0,792.0,63.8
14005,54.0,648.0,62.3
14006,70.0,840.0,61.3
14007,65.0,780.0,60.7
14008,62.0,744.0,60.8
14009,80.0,960.0,60.7
14010,67.0,804.0,61.2
14011,86.0,1032.0,60.1
14012,68.0,816.0,60.5
14013,84.0,1008.0,58.6
14014,95.0,1140.0,56.9
14015,84.0,1008.0,56.0
14016,75.0,900.0,56.3
14017,91.0,1092.0,56.9
14018,81.0,972.0,56.0
14019,82.0,984.0,56.0
14020,97.0,1164.0,57.5
14021,68.0,816.0,58.0
14022,88.0,1056.0,57.6
14023,103.0,1236.0,56.6
14024,81.0,972.0,56.0
14025,96.0,1152.0,56.3
14026,86.0,1032.0,56.0
14027,85.0,1020.0,56.4
14028,81.0,972.0,57.4
14029,99.0,1188.0,56.7
14030,97.0,1164.0,57.4
14031,94.0,1128.0,57.4
14032,93.0,1116.0,57.8
14033,94.0,1128.0,57.7
14034,86.0,1032.0,57.4
14035,94.0,1128.0,58.0
14036,95.0,1140.0,58.5
14037,82.0,984.0,59.0
14038,87.0,1044.0,58.0
14039,86.0,1032.0,59.0
14040,81.0,972.0,59.6
14041,79.0,948.0,60.4
14042,55.0,660.0,63.1
14043,62.0,744.0,64.2
14044,61.0,732.0,64.3
14045,66.0,792.0,63.1
14046,64.0,768.0,64.5
14047,49.0,588.0,65.4
14048,47.0,564.0,66.2
14049,41.0,492.0,66.0
14050,48.0,576.0,66.8
14051,48.0,576.0,67.1
14052,41.0,492.0,66.5
14053,41.0,492.0,65.3
14054,48.0,576.0,65.6
14055,62.0,744.0,65.2
14056,65.0,780.0,63.2
14057,56.0,672.0,63.8
14058,50.0,600.0,63.2
14059,49.0,588.0,64.1
14060,42.0,504.0,65.0
14061,44.0,528.0,65.2
14062,37.0,444.0,65.0
14063,43.0,516.0,64.2
14064,31.0,372.0,64.3
14065,28.0,336.0,64.5
14066,35.0,420.0,64.2
14067,35.0,420.0,64.4
14068,40.0,480.0,64.9
14069,44.0,528.0,64.0
14070,33.0,396.0,64.1
14071,45.0,540.0,63.5
14072,22.0,264.0,64.2
14073,32.0,384.0,64.7
14074,24.0,288.0,64.5
14075,39.0,468.0,64.5
14076,30.0,360.0,64.7
14077,32.0,384.0,64.3
14078,30.0,360.0,64.4
14079,29.0,348.0,64.5
14080,30.0,360.0,64.3
14081,38.0,456.0,64.8
14082,37.0,444.0,64.2
14083,38.0,456.0,64.2
14084,34.0,408.0,64.3
14085,19.0,228.0,64.6
14086,23.0,276.0,64.9
14087,26.0,312.0,64.7
14088,19.0,228.0,64.6
14089,19.0,228.0,64.7
14090,19.0,228.0,64.8
14091,21.0,252.0,65.0
14092,25.0,300.0,64.8
14093,9.0,108.0,64.8
14094,11.0,132.0,64.9
14095,32.0,384.0,64.9
14096,16.0,192.0,64.9
14097,17.0,204.0,65.0
14098,10.0,120.0,65.1
14099,10.0,120.0,65.2
14100,11.0,132.0,65.1
14101,6.0,72.0,65.0
14102,12.0,144.0,65.1
14103,9.0,108.0,65.1
14104,9.0,108.0,65.0
14105,7.0,84.0,65.0
14106,5.0,60.0,65.0
14107,12.0,144.0,65.0
14108,7.0,84.0,65.1
14109,13.0,156.0,65.0
14110,8.0,96.0,65.1
14111,9.0,108.0,65.1
14112,8.0,96.0,65.0
14113,5.0,60.0,65.0
14114,2.0,24.0,65.0
14115,6.0,72.0,65.0
14116,6.0,72.0,65.0
14117,1.0,12.0,64.9
14118,1.0,12.0,65.3
14119,3.0,36.0,65.3
14120,1.0,12.0,65.2
14121,4.0,48.0,65.1
14122,2.0,24.0,65.0
14123,4.0,48.0,64.9
14124,2.0,24.0,65.0
14125,1.0,12.0,65.1
14126,1.0,12.0,65.1
14127,4.0,48.0,65.0
14128,1.0,12.0,64.9
14129,1.0,12.0,64.9
14130,3.0,36.0,65.1
14131,3.0,36.0,64.9
14132,0.0,0.0,64.9
14133,4.0,48.0,65.0
14134,3.0,36.0,65.0
14135,3.0,36.0,65.0
14136,2.0,24.0,64.9
14137,1.0,12.0,65.1
14138,1.0,12.0,65.1
14139,2.0,24.0,65.0
14140,1.0,12.0,65.0
14141,2.0,24.0,65.1
14142,1.0,12.0,65.1
14143,1.0,12.0,65.1
14144,2.0,24.0,65.1
14145,1.0,12.0,65.0
14146,0.0,0.0,65.0
14147,1.0,12.0,64.9
14148,2.0,24.0,65.0
14149,1.0,12.0,65.3
14150,2.0,24.0,65.0
14151,0.0,0.0,65.0
14152,1.0,12.0,65.0
14153,1.0,12.0,65.0
14154,2.0,24.0,64.9
14155,2.0,24.0,65.1
14156,7.0,84.0,65.1
14157,0.0,0.0,65.1
14158,6.0,72.0,65.1
14159,2.0,24.0,65.0
14160,3.0,36.0,65.1
14161,2.0,24.0,65.1
14162,1.0,12.0,65.1
14163,2.0,24.0,65.2
14164,4.0,48.0,64.9
14165,4.0,48.0,64.9
14166,7.0,84.0,65.1
14167,8.0,96.0,65.0
14168,5.0,60.0,65.0
14169,12.0,144.0,65.0
14170,12.0,144.0,65.0
14171,11.0,132.0,65.0
14172,9.0,108.0,65.1
14173,6.0,72.0,65.0
14174,10.0,120.0,65.1
14175,13.0,156.0,65.0
14176,16.0,192.0,65.0
14177,12.0,144.0,65.0
14178,20.0,240.0,65.0
14179,23.0,276.0,65.1
14180,35.0,420.0,64.7
14181,29.0,348.0,64.9
14182,23.0,276.0,64.9
14183,23.0,276.0,64.9
14184,19.0,228.0,65.3
14185,21.0,252.0,65.3
14186,18.0,216.0,65.0
14187,25.0,300.0,64.9
14188,20.0,240.0,65.3
14189,31.0,372.0,65.2
14190,41.0,492.0,64.4
14191,41.0,492.0,64.3
14192,48.0,576.0,65.2
14193,58.0,696.0,62.8
14194,73.0,876.0,62.2
14195,49.0,588.0,63.6
14196,63.0,756.0,64.9
14197,61.0,732.0,61.9
14198,62.0,744.0,62.6
14199,61.0,732.0,63.6
14200,49.0,588.0,64.7
14201,62.0,744.0,65.1
14202,64.0,768.0,63.7
14203,80.0,960.0,63.4
14204,83.0,996.0,63.1
14205,98.0,1176.0,61.2
14206,69.0,828.0,63.2
14207,64.0,768.0,65.4
14208,64.0,768.0,65.9
14209,59.0,708.0,64.5
14210,56.0,672.0,66.9
14211,45.0,540.0,65.9
14212,71.0,852.0,66.0
14213,58.0,696.0,66.1
14214,62.0,744.0,65.7
14215,51.0,612.0,65.6
14216,29.0,348.0,65.7
14217,48.0,576.0,65.9
14218,53.0,636.0,66.8
14219,49.0,588.0,66.6
14220,42.0,504.0,66.1
14221,43.0,516.0,65.2
14222,46.0,552.0,64.2
14223,46.0,552.0,64.6
14224,42.0,504.0,64.9
14225,48.0,576.0,65.0
14226,40.0,480.0,65.6
14227,54.0,648.0,66.0
14228,55.0,660.0,66.2
14229,50.0,600.0,67.1
14230,60.0,720.0,64.2
14231,64.0,768.0,61.7
14232,44.0,528.0,63.1
14233,30.0,360.0,62.9
14234,28.0,336.0,48.6
14235,121.0,1452.0,45.6
14236,95.0,1140.0,51.0
14237,74.0,888.0,53.5
14238,55.0,660.0,57.3
14239,55.0,660.0,61.3
14240,59.0,708.0,63.3
14241,58.0,696.0,62.5
14242,56.0,672.0,63.6
14243,56.0,672.0,63.8
14244,65.0,780.0,62.8
14245,64.0,768.0,64.7
14246,64.0,768.0,65.4
14247,64.0,768.0,64.5
14248,55.0,660.0,65.7
14249,59.0,708.0,65.8
14250,61.0,732.0,66.0
14251,58.0,696.0,65.5
14252,61.0,732.0,66.9
14253,55.0,660.0,66.9
14254,62.0,744.0,66.0
14255,58.0,696.0,65.0
14256,61.0,732.0,65.6
14257,76.0,912.0,65.3
14258,56.0,672.0,65.4
14259,69.0,828.0,66.4
14260,63.0,756.0,64.2
14261,56.0,672.0,64.0
14262,64.0,768.0,65.1
14263,61.0,732.0,65.5
14264,70.0,840.0,67.2
14265,83.0,996.0,65.4
14266,72.0,864.0,65.9
14267,89.0,1068.0,64.8
14268,55.0,660.0,65.0
14269,68.0,816.0,64.2
14270,70.0,840.0,65.2
14271,86.0,1032.0,65.6
14272,76.0,912.0,65.8
14273,70.0,840.0,63.9
14274,65.0,780.0,65.7
14275,75.0,900.0,65.9
14276,82.0,984.0,65.3
14277,82.0,984.0,65.8
14278,78.0,936.0,64.9
14279,84.0,1008.0,65.3
14280,74.0,888.0,61.2
14281,92.0,1104.0,58.6
14282,85.0,1020.0,56.3
14283,77.0,924.0,55.4
14284,77.0,924.0,57.2
14285,85.0,1020.0,57.5
14286,91.0,1092.0,57.1
14287,104.0,1248.0,56.9
14288,96.0,1152.0,56.1
14289,76.0,912.0,56.5
14290,92.0,1104.0,55.7
14291,101.0,1212.0,56.1
14292,95.0,1140.0,55.8
14293,102.0,1224.0,55.7
14294,98.0,1176.0,56.5
14295,92.0,1104.0,57.0
14296,110.0,1320.0,55.1
14297,103.0,1236.0,54.4
14298,107.0,1284.0,53.2
14299,110.0,1320.0,54.6
14300,101.0,1212.0,55.4
14301,74.0,888.0,55.7
14302,73.0,876.0,56.4
14303,84.0,1008.0,48.9
14304,69.0,828.0,42.4
14305,72.0,864.0,39.4
14306,82.0,984.0,38.7
14307,73.0,876.0,38.4
14308,78.0,936.0,38.2
14309,73.0,876.0,37.5
14310,72.0,864.0,37.5
14311,81.0,972.0,37.1
14312,84.0,1008.0,37.9
14313,94.0,1128.0,37.8
14314,94.0,1128.0,38.0
14315,94.0,1128.0,36.2
14316,91.0,1092.0,32.8
14317,99.0,1188.0,33.7
14318,88.0,1056.0,35.5
14319,87.0,1044.0,36.0
14320,87.0,1044.0,36.0
14321,97.0,1164.0,38.5
14322,90.0,1080.0,37.8
14323,101.0,1212.0,37.7
14324,95.0,1140.0,37.6
14325,92.0,1104.0,37.9
14326,94.0,1128.0,37.2
14327,81.0,972.0,35.6
14328,92.0,1104.0,38.1
14329,85.0,1020.0,37.5
14330,79.0,948.0,37.3
14331,89.0,1068.0,37.0
14332,96.0,1152.0,37.8
14333,98.0,1176.0,38.0
14334,85.0,1020.0,38.0
14335,90.0,1080.0,37.3
14336,97.0,1164.0,37.4
14337,95.0,1140.0,37.4
14338,90.0,1080.0,37.5
14339,90.0,1080.0,38.0
14340,87.0,1044.0,38.7
14341,91.0,1092.0,39.4
14342,88.0,1056.0,38.4
14343,90.0,1080.0,37.7
14344,92.0,1104.0,36.8
14345,89.0,1068.0,36.8
14346,81.0,972.0,36.8
14347,87.0,1044.0,36.8
14348,84.0,1008.0,37.5
14349,82.0,984.0,37.0
14350,91.0,1092.0,37.4
14351,85.0,1020.0,36.2
14352,94.0,1128.0,36.9
14353,92.0,1104.0,37.8
14354,99.0,1188.0,41.8
14355,53.0,636.0,50.9
14356,67.0,804.0,54.7
14357,56.0,672.0,57.9
14358,63.0,756.0,60.0
14359,69.0,828.0,59.9
14360,63.0,756.0,61.1
14361,53.0,636.0,60.4
14362,54.0,648.0,60.3
14363,49.0,588.0,61.2
14364,51.0,612.0,61.5
14365,60.0,720.0,61.4
14366,39.0,468.0,62.3
14367,65.0,780.0,60.8
14368,54.0,648.0,60.9
14369,46.0,552.0,61.6
14370,47.0,564.0,63.1
14371,49.0,588.0,63.8
14372,53.0,636.0,65.0
14373,38.0,456.0,65.1
14374,33.0,396.0,65.3
14375,34.0,408.0,65.2
14376,38.0,456.0,65.8
14377,37.0,444.0,65.1
14378,46.0,552.0,63.9
14379,38.0,456.0,63.6
14380,37.0,444.0,64.0
14381,44.0,528.0,64.8
14382,32.0,384.0,64.4
14383,26.0,312.0,64.9
14384,41.0,492.0,64.1
14385,26.0,312.0,64.2
14386,25.0,300.0,64.6
14387,37.0,444.0,65.2
14388,22.0,264.0,65.0
14389,26.0,312.0,65.3
14390,24.0,288.0,65.3
14391,34.0,408.0,65.6
14392,23.0,276.0,65.5
14393,22.0,264.0,65.1
14394,15.0,180.0,64.8
14395,18.0,216.0,64.9
14396,15.0,180.0,65.0
14397,16.0,192.0,65.1
14398,21.0,252.0,65.1
14399,9.0,108.0,65.1
14400,14.0,168.0,65.0
14401,16.0,192.0,65.0
14402,16.0,192.0,64.8
14403,9.0,108.0,64.9
14404,10.0,120.0,65.0
14405,10.0,120.0,64.9
14406,9.0,108.0,65.0
14407,12.0,144.0,64.9
14408,5.0,60.0,64.9
14409,8.0,96.0,64.9
14410,12.0,144.0,65.0
14411,6.0,72.0,65.1
14412,7.0,84.0,65.0
14413,6.0,72.0,65.0
14414,6.0,72.0,64.9
14415,9.0,108.0,64.8
14416,6.0,72.0,64.8
14417,6.0,72.0,64.8
14418,7.0,84.0,64.9
14419,5.0,60.0,64.9
14420,4.0,48.0,65.0
14421,4.0,48.0,64.9
14422,6.0,72.0,65.0
14423,3.0,36.0,65.0
14424,9.0,108.0,64.9
14425,7.0,84.0,65.0
14426,3.0,36.0,65.0
14427,6.0,72.0,64.9
14428,2.0,24.0,64.8
14429,5.0,60.0,65.0
14430,5.0,60.0,64.9
14431,3.0,36.0,65.2
14432,5.0,60.0,65.2
14433,1.0,12.0,65.1
14434,3.0,36.0,65.0
14435,7.0,84.0,65.0
14436,2.0,24.0,65.1
14437,0.0,0.0,65.1
14438,3.0,36.0,65.1
14439,5.0,60.0,65.0
14440,0.0,0.0,65.0
14441,1.0,12.0,64.9
14442,3.0,36.0,64.9
14443,5.0,60.0,64.9
14444,2.0,24.0,65.0
14445,7.0,84.0,65.1
14446,3.0,36.0,65.0
14447,1.0,12.0,65.0
14448,0.0,0.0,65.0
14449,2.0,24.0,65.3
14450,5.0,60.0,65.2
14451,0.0,0.0,65.2
14452,2.0,24.0,65.0
14453,3.0,36.0,64.9
14454,2.0,24.0,64.8
14455,7.0,84.0,64.8
14456,1.0,12.0,64.9
14457,6.0,72.0,64.9
14458,2.0,24.0,65.1
14459,0.0,0.0,65.1
14460,5.0,60.0,65.0
14461,3.0,36.0,65.1
14462,3.0,36.0,65.2
14463,6.0,72.0,65.1
14464,4.0,48.0,65.0
14465,14.0,168.0,64.9
14466,6.0,72.0,65.0
14467,7.0,84.0,65.0
14468,13.0,156.0,64.9
14469,8.0,96.0,64.8
14470,7.0,84.0,64.9
14471,6.0,72.0,65.0
14472,5.0,60.0,65.0
14473,4.0,48.0,64.9
14474,8.0,96.0,64.9
14475,5.0,60.0,64.9
14476,17.0,204.0,65.1
14477,10.0,120.0,65.1
14478,12.0,144.0,65.1
14479,15.0,180.0,65.1
14480,30.0,360.0,65.3
14481,27.0,324.0,65.2
14482,19.0,228.0,65.2
14483,21.0,252.0,65.1
14484,22.0,264.0,64.4
14485,13.0,156.0,64.7
14486,22.0,264.0,64.9
14487,14.0,168.0,65.0
14488,15.0,180.0,64.9
14489,25.0,300.0,64.6
14490,17.0,204.0,64.9
14491,26.0,312.0,64.5
14492,28.0,336.0,65.1
14493,36.0,432.0,64.2
14494,31.0,372.0,64.3
14495,30.0,360.0,64.6
14496,29.0,348.0,65.2
14497,32.0,384.0,65.6
14498,41.0,492.0,65.0
14499,21.0,252.0,64.9
14500,31.0,372.0,64.9
14501,39.0,468.0,65.0
14502,31.0,372.0,65.3
14503,44.0,528.0,64.8
14504,36.0,432.0,64.3
14505,40.0,480.0,65.2
14506,31.0,372.0,65.2
14507,49.0,588.0,65.0
14508,35.0,420.0,64.2
14509,36.0,432.0,64.7
14510,57.0,684.0,64.5
14511,55.0,660.0,64.7
14512,49.0,588.0,64.9
14513,44.0,528.0,65.7
14514,42.0,504.0,65.8
14515,40.0,480.0,64.5
14516,46.0,552.0,64.3
14517,57.0,684.0,63.7
14518,47.0,564.0,63.8
14519,41.0,492.0,63.9
14520,49.0,588.0,64.8
14521,47.0,564.0,64.4
14522,40.0,480.0,64.7
14523,54.0,648.0,65.4
14524,42.0,504.0,64.6
14525,57.0,684.0,63.9
14526,43.0,516.0,63.8
14527,44.0,528.0,65.0
14528,55.0,660.0,64.4
14529,54.0,648.0,64.7
14530,44.0,528.0,64.3
14531,54.0,648.0,64.8
14532,65.0,780.0,65.0
14533,68.0,816.0,64.7
14534,64.0,768.0,64.1
14535,50.0,600.0,65.3
14536,60.0,720.0,64.4
14537,47.0,564.0,65.3
14538,57.0,684.0,65.8
14539,57.0,684.0,65.9
14540,58.0,696.0,66.1
14541,65.0,780.0,65.1
14542,70.0,840.0,64.1
14543,49.0,588.0,64.4
14544,51.0,612.0,65.3
14545,68.0,816.0,65.8
14546,57.0,684.0,64.2
14547,58.0,696.0,63.4
14548,64.0,768.0,63.9
14549,73.0,876.0,63.7
14550,65.0,780.0,64.2
14551,79.0,948.0,64.3
14552,63.0,756.0,64.7
14553,80.0,960.0,63.2
14554,60.0,720.0,63.4
14555,66.0,792.0,64.7
14556,77.0,924.0,64.7
14557,64.0,768.0,66.1
14558,75.0,900.0,64.2
14559,71.0,852.0,64.8
14560,67.0,804.0,64.9
14561,76.0,912.0,64.4
14562,73.0,876.0,63.9
14563,68.0,816.0,63.8
14564,79.0,948.0,62.4
14565,80.0,960.0,62.4
14566,80.0,960.0,64.2
14567,88.0,1056.0,64.0
14568,81.0,972.0,63.2
14569,77.0,924.0,63.5
14570,78.0,936.0,63.4
14571,69.0,828.0,63.1
14572,70.0,840.0,63.3
14573,68.0,816.0,65.0
14574,75.0,900.0,65.2
14575,73.0,876.0,63.9
14576,72.0,864.0,63.0
14577,73.0,876.0,63.7
14578,74.0,888.0,64.7
14579,51.0,612.0,64.3
14580,51.0,612.0,64.0
14581,63.0,756.0,65.4
14582,57.0,684.0,66.0
14583,71.0,852.0,64.7
14584,65.0,780.0,65.2
14585,79.0,948.0,63.9
14586,57.0,684.0,63.7
14587,69.0,828.0,65.1
14588,71.0,852.0,64.2
14589,67.0,804.0,64.0
14590,80.0,960.0,63.2
14591,67.0,804.0,63.6
14592,69.0,828.0,63.8
14593,57.0,684.0,63.3
14594,75.0,900.0,63.1
14595,64.0,768.0,63.8
14596,77.0,924.0,63.7
14597,53.0,636.0,63.8
14598,64.0,768.0,63.3
14599,71.0,852.0,61.8
14600,69.0,828.0,63.1
14601,72.0,864.0,64.5
14602,64.0,768.0,65.5
14603,63.0,756.0,66.0
14604,59.0,708.0,65.8
14605,60.0,720.0,64.9
14606,63.0,756.0,63.9
14607,70.0,840.0,63.1
14608,79.0,948.0,62.5
14609,67.0,804.0,62.4
14610,58.0,696.0,63.0
14611,68.0,816.0,64.2
14612,77.0,924.0,64.3
14613,66.0,792.0,64.4
14614,80.0,960.0,64.1
14615,62.0,744.0,65.0
14616,73.0,876.0,65.4
14617,63.0,756.0,64.8
14618,56.0,672.0,65.0
14619,70.0,840.0,64.7
14620,46.0,552.0,65.4
14621,61.0,732.0,65.3
14622,69.0,828.0,65.7
14623,67.0,804.0,65.8
14624,57.0,684.0,64.8
14625,64.0,768.0,63.9
14626,64.0,768.0,63.5
14627,66.0,792.0,63.9
14628,72.0,864.0,64.1
14629,64.0,768.0,64.8
14630,64.0,768.0,65.4
14631,63.0,756.0,65.4
14632,55.0,660.0,64.7
14633,74.0,888.0,64.2
14634,63.0,756.0,65.2
14635,44.0,528.0,65.0
14636,62.0,744.0,64.9
14637,56.0,672.0,64.5
14638,53.0,636.0,63.8
14639,59.0,708.0,63.7
14640,56.0,672.0,64.4
14641,55.0,660.0,64.5
14642,55.0,660.0,64.6
14643,45.0,540.0,64.5
14644,52.0,624.0,63.6
14645,54.0,648.0,64.6
14646,58.0,696.0,65.5
14647,50.0,600.0,65.6
14648,57.0,684.0,65.1
14649,57.0,684.0,65.3
14650,47.0,564.0,65.4
14651,50.0,600.0,64.5
14652,56.0,672.0,65.8
14653,44.0,528.0,65.5
14654,43.0,516.0,65.6
14655,40.0,480.0,66.0
14656,42.0,504.0,66.6
14657,41.0,492.0,65.9
14658,38.0,456.0,65.7
14659,51.0,612.0,65.4
14660,56.0,672.0,65.8
14661,37.0,444.0,66.2
14662,62.0,744.0,65.9
14663,39.0,468.0,65.2
14664,50.0,600.0,64.6
14665,48.0,576.0,64.9
14666,55.0,660.0,63.5
14667,52.0,624.0,63.6
14668,52.0,624.0,63.6
14669,55.0,660.0,63.7
14670,50.0,600.0,63.1
14671,40.0,480.0,62.8
14672,31.0,372.0,64.0
14673,46.0,552.0,63.6
14674,43.0,516.0,63.6
14675,48.0,576.0,64.5
14676,45.0,540.0,64.1
14677,48.0,576.0,64.0
14678,50.0,600.0,63.1
14679,44.0,528.0,63.4
14680,43.0,516.0,64.2
14681,40.0,480.0,64.3
14682,42.0,504.0,65.0
14683,26.0,312.0,65.1
14684,42.0,504.0,66.0
14685,28.0,336.0,65.5
14686,19.0,228.0,65.3
14687,30.0,360.0,65.2
14688,26.0,312.0,65.0
14689,16.0,192.0,65.1
14690,26.0,312.0,64.8
14691,22.0,264.0,64.9
14692,22.0,264.0,65.1
14693,18.0,216.0,65.2
14694,14.0,168.0,65.0
14695,14.0,168.0,64.9
14696,13.0,156.0,64.9
14697,12.0,144.0,64.9
14698,14.0,168.0,64.8
14699,14.0,168.0,64.8
14700,11.0,132.0,64.8
14701,13.0,156.0,65.0
14702,6.0,72.0,65.0
14703,13.0,156.0,64.8
14704,6.0,72.0,65.0
14705,12.0,144.0,64.7
14706,6.0,72.0,64.8
14707,9.0,108.0,64.8
14708,8.0,96.0,64.9
14709,9.0,108.0,64.8
14710,6.0,72.0,65.3
14711,11.0,132.0,65.1
14712,11.0,132.0,65.1
14713,11.0,132.0,65.0
14714,13.0,156.0,65.0
14715,9.0,108.0,65.1
14716,8.0,96.0,65.0
14717,4.0,48.0,65.0
14718,7.0,84.0,65.0
14719,6.0,72.0,64.9
14720,1.0,12.0,65.0
14721,0.0,0.0,65.0
14722,6.0,72.0,64.9
14723,5.0,60.0,64.9
14724,1.0,12.0,65.0
14725,3.0,36.0,64.8
14726,2.0,24.0,65.0
14727,1.0,12.0,65.0
14728,1.0,12.0,65.0
14729,0.0,0.0,65.0
14730,0.0,0.0,65.0
14731,2.0,24.0,65.0
14732,2.0,24.0,65.0
14733,1.0,12.0,64.9
14734,0.0,0.0,64.9
14735,1.0,12.0,64.9
14736,0.0,0.0,64.9
14737,2.0,24.0,65.0
14738,0.0,0.0,65.0
14739,1.0,12.0,64.9
14740,2.0,24.0,64.9
14741,3.0,36.0,64.9
14742,3.0,36.0,64.8
14743,2.0,24.0,65.0
14744,4.0,48.0,64.9
14745,5.0,60.0,64.9
14746,2.0,24.0,65.2
14747,1.0,12.0,65.1
14748,0.0,0.0,65.1
14749,3.0,36.0,65.0
14750,2.0,24.0,65.1
14751,2.0,24.0,65.1
14752,2.0,24.0,65.0
14753,2.0,24.0,65.0
14754,0.0,0.0,65.0
14755,1.0,12.0,65.0
14756,3.0,36.0,65.0
14757,2.0,24.0,64.9
14758,4.0,48.0,65.0
14759,4.0,48.0,64.7
14760,4.0,48.0,64.9
14761,4.0,48.0,64.9
14762,1.0,12.0,64.9
14763,6.0,72.0,65.0
14764,9.0,108.0,64.9
14765,7.0,84.0,64.9
14766,11.0,132.0,64.8
14767,8.0,96.0,64.8
14768,6.0,72.0,64.9
14769,8.0,96.0,64.9
14770,16.0,192.0,65.1
14771,13.0,156.0,65.0
14772,8.0,96.0,65.0
14773,11.0,132.0,65.1
14774,15.0,180.0,65.0
14775,11.0,132.0,65.0
14776,4.0,48.0,65.0
14777,15.0,180.0,64.8
14778,13.0,156.0,64.9
14779,14.0,168.0,64.9
14780,10.0,120.0,64.9
14781,13.0,156.0,65.0
14782,18.0,216.0,64.7
14783,14.0,168.0,64.5
14784,16.0,192.0,64.6
14785,14.0,168.0,64.9
14786,18.0,216.0,65.1
14787,13.0,156.0,65.1
14788,19.0,228.0,65.2
14789,24.0,288.0,65.1
14790,18.0,216.0,65.2
14791,26.0,312.0,65.0
14792,21.0,252.0,64.8
14793,31.0,372.0,64.7
14794,24.0,288.0,65.2
14795,23.0,276.0,65.0
14796,15.0,180.0,65.1
14797,15.0,180.0,65.2
14798,24.0,288.0,65.4
14799,25.0,300.0,64.9
14800,29.0,348.0,65.1
14801,27.0,324.0,64.8
14802,19.0,228.0,64.8
14803,50.0,600.0,64.9
14804,42.0,504.0,63.4
14805,42.0,504.0,64.3
14806,47.0,564.0,65.9
14807,39.0,468.0,64.5
14808,39.0,468.0,64.7
14809,34.0,408.0,65.1
14810,42.0,504.0,65.8
14811,43.0,516.0,65.3
14812,40.0,480.0,66.1
14813,50.0,600.0,66.2
14814,44.0,528.0,65.7
14815,44.0,528.0,65.5
14816,41.0,492.0,64.6
14817,46.0,552.0,64.0
14818,52.0,624.0,64.8
14819,37.0,444.0,64.5
14820,43.0,516.0,62.2
14821,52.0,624.0,63.2
14822,54.0,648.0,62.8
14823,54.0,648.0,62.6
14824,39.0,468.0,63.3
14825,49.0,588.0,64.6
14826,58.0,696.0,64.5
14827,35.0,420.0,65.3
14828,54.0,648.0,64.5
14829,37.0,444.0,64.9
14830,52.0,624.0,65.5
14831,73.0,876.0,63.9
14832,52.0,624.0,63.2
14833,44.0,528.0,63.2
14834,53.0,636.0,64.7
14835,47.0,564.0,65.0
14836,51.0,612.0,65.8
14837,70.0,840.0,65.6
14838,48.0,576.0,64.9
14839,53.0,636.0,64.6
14840,56.0,672.0,64.9
14841,57.0,684.0,64.6
14842,53.0,636.0,64.8
14843,60.0,720.0,65.1
14844,59.0,708.0,65.6
14845,61.0,732.0,65.5
14846,62.0,744.0,65.4
14847,52.0,624.0,65.4
14848,59.0,708.0,64.5
14849,51.0,612.0,64.8
14850,53.0,636.0,63.8
14851,50.0,600.0,63.5
14852,57.0,684.0,64.3
14853,71.0,852.0,64.2
14854,68.0,816.0,65.2
14855,49.0,588.0,65.1
14856,56.0,672.0,65.1
14857,66.0,792.0,64.5
14858,51.0,612.0,64.1
14859,61.0,732.0,64.6
14860,61.0,732.0,64.8
14861,57.0,684.0,65.3
14862,54.0,648.0,65.6
14863,71.0,852.0,64.5
14864,58.0,696.0,64.3
14865,63.0,756.0,63.1
14866,67.0,804.0,63.9
14867,65.0,780.0,64.9
14868,53.0,636.0,63.8
14869,48.0,576.0,64.3
14870,49.0,588.0,64.3
14871,54.0,648.0,64.9
14872,53.0,636.0,65.2
14873,59.0,708.0,65.3
14874,58.0,696.0,66.1
14875,50.0,600.0,66.5
14876,63.0,756.0,65.2
14877,44.0,528.0,64.4
14878,56.0,672.0,64.7
14879,57.0,684.0,64.5
14880,50.0,600.0,65.0
14881,49.0,588.0,65.1
14882,53.0,636.0,63.7
14883,67.0,804.0,64.8
14884,53.0,636.0,65.8
14885,46.0,552.0,65.2
14886,64.0,768.0,65.0
14887,51.0,612.0,65.0
14888,62.0,744.0,65.0
14889,45.0,540.0,65.7
14890,63.0,756.0,66.1
14891,50.0,600.0,65.7
14892,48.0,576.0,65.8
14893,52.0,624.0,65.6
14894,57.0,684.0,63.9
14895,54.0,648.0,63.4
14896,46.0,552.0,64.6
14897,55.0,660.0,65.7
14898,64.0,768.0,65.5
14899,60.0,720.0,64.6
14900,57.0,684.0,64.0
14901,68.0,816.0,64.1
14902,55.0,660.0,65.5
14903,47.0,564.0,64.8
14904,44.0,528.0,64.8
14905,48.0,576.0,65.0
14906,57.0,684.0,65.2
14907,49.0,588.0,66.1
14908,64.0,768.0,64.9
14909,58.0,696.0,64.0
14910,52.0,624.0,64.5
14911,49.0,588.0,65.0
14912,60.0,720.0,65.1
14913,54.0,648.0,66.0
14914,56.0,672.0,65.5
14915,52.0,624.0,66.0
14916,50.0,600.0,66.0
14917,57.0,684.0,66.7
14918,50.0,600.0,66.3
14919,50.0,600.0,66.5
14920,56.0,672.0,65.9
14921,71.0,852.0,65.3
14922,63.0,756.0,64.8
14923,65.0,780.0,64.3
14924,66.0,792.0,65.2
14925,52.0,624.0,64.4
14926,42.0,504.0,64.8
14927,68.0,816.0,63.5
14928,66.0,792.0,63.9
14929,68.0,816.0,63.1
14930,54.0,648.0,63.7
14931,56.0,672.0,63.3
14932,54.0,648.0,64.6
14933,50.0,600.0,63.8
14934,57.0,684.0,64.3
14935,55.0,660.0,63.2
14936,56.0,672.0,63.5
14937,52.0,624.0,63.4
14938,49.0,588.0,64.2
14939,43.0,516.0,64.2
14940,47.0,564.0,64.7
14941,38.0,456.0,65.5
14942,35.0,420.0,65.1
14943,35.0,420.0,64.4
14944,40.0,480.0,64.7
14945,36.0,432.0,65.3
14946,38.0,456.0,64.9
14947,23.0,276.0,65.0
14948,32.0,384.0,65.0
14949,45.0,540.0,64.8
14950,34.0,408.0,64.8
14951,31.0,372.0,65.1
14952,23.0,276.0,64.9
14953,31.0,372.0,64.7
14954,28.0,336.0,64.9
14955,27.0,324.0,64.9
14956,30.0,360.0,64.9
14957,32.0,384.0,64.8
14958,24.0,288.0,64.5
14959,23.0,276.0,64.9
14960,18.0,216.0,65.1
14961,23.0,276.0,65.1
14962,21.0,252.0,65.0
14963,15.0,180.0,65.0
14964,17.0,204.0,65.0
14965,15.0,180.0,65.1
14966,17.0,204.0,65.3
14967,18.0,216.0,65.2
14968,14.0,168.0,65.1
14969,5.0,60.0,65.0
14970,9.0,108.0,65.1
14971,14.0,168.0,65.0
14972,10.0,120.0,64.9
14973,8.0,96.0,65.0
14974,10.0,120.0,65.0
14975,11.0,132.0,64.9
14976,5.0,60.0,65.0
14977,6.0,72.0,65.0
14978,5.0,60.0,65.0
14979,3.0,36.0,64.9
14980,3.0,36.0,64.8
14981,4.0,48.0,64.8
14982,5.0,60.0,64.9
14983,3.0,36.0,64.9
14984,5.0,60.0,65.1
14985,4.0,48.0,65.0
14986,2.0,24.0,65.0
14987,0.0,0.0,65.0
14988,6.0,72.0,65.0
14989,2.0,24.0,65.1
14990,2.0,24.0,65.1
14991,2.0,24.0,65.1
14992,1.0,12.0,65.0
14993,1.0,12.0,65.0
14994,3.0,36.0,65.0
14995,3.0,36.0,65.1
14996,1.0,12.0,64.9
14997,1.0,12.0,65.0
14998,1.0,12.0,66.2
14999,1.0,12.0,65.6
15000,1.0,12.0,65.6
15001,1.0,12.0,65.2
15002,2.0,24.0,65.1
15003,3.0,36.0,64.9
15004,2.0,24.0,65.0
15005,2.0,24.0,64.9
15006,1.0,12.0,65.0
15007,1.0,12.0,65.0
15008,3.0,36.0,65.0
15009,0.0,0.0,65.0
15010,0.0,0.0,65.0
15011,2.0,24.0,65.1
15012,2.0,24.0,65.4
15013,1.0,12.0,65.5
15014,4.0,48.0,65.3
15015,1.0,12.0,65.1
15016,2.0,24.0,65.1
15017,3.0,36.0,65.1
15018,4.0,48.0,65.1
15019,3.0,36.0,65.0
15020,4.0,48.0,65.1
15021,8.0,96.0,65.4
15022,7.0,84.0,65.4
15023,2.0,24.0,65.1
15024,1.0,12.0,65.0
15025,5.0,60.0,65.0
15026,9.0,108.0,64.9
15027,4.0,48.0,65.0
15028,4.0,48.0,65.0
15029,3.0,36.0,64.8
15030,4.0,48.0,64.8
15031,11.0,132.0,64.9
15032,8.0,96.0,65.0
15033,14.0,168.0,65.0
15034,16.0,192.0,64.9
15035,11.0,132.0,64.9
15036,8.0,96.0,64.8
15037,9.0,108.0,65.0
15038,10.0,120.0,64.9
15039,13.0,156.0,65.0
15040,17.0,204.0,65.0
15041,7.0,84.0,64.8
15042,17.0,204.0,64.8
15043,18.0,216.0,64.9
15044,21.0,252.0,64.9
15045,22.0,264.0,64.9
15046,35.0,420.0,64.4
15047,17.0,204.0,64.7
15048,21.0,252.0,64.7
15049,24.0,288.0,64.9
15050,20.0,240.0,65.1
15051,29.0,348.0,65.3
15052,35.0,420.0,65.9
15053,29.0,348.0,65.4
15054,28.0,336.0,64.7
15055,43.0,516.0,64.9
15056,43.0,516.0,64.9
15057,62.0,744.0,63.7
15058,69.0,828.0,64.4
15059,42.0,504.0,64.4
15060,51.0,612.0,66.4
15061,56.0,672.0,65.6
15062,55.0,660.0,63.7
15063,61.0,732.0,63.5
15064,70.0,840.0,63.0
15065,58.0,696.0,63.0
15066,79.0,948.0,61.7
15067,77.0,924.0,61.7
15068,88.0,1056.0,59.6
15069,105.0,1260.0,57.4
15070,105.0,1260.0,57.6
15071,77.0,924.0,60.0
15072,60.0,720.0,60.4
15073,74.0,888.0,61.4
15074,47.0,564.0,62.2
15075,47.0,564.0,64.1
15076,43.0,516.0,63.8
15077,36.0,432.0,64.4
15078,43.0,516.0,64.3
15079,42.0,504.0,64.8
15080,52.0,624.0,66.0
15081,57.0,684.0,66.5
15082,46.0,552.0,65.6
15083,42.0,504.0,65.6
15084,46.0,552.0,64.7
15085,33.0,396.0,65.2
15086,31.0,372.0,65.4
15087,40.0,480.0,65.2
15088,49.0,588.0,64.7
15089,33.0,396.0,64.7
15090,38.0,456.0,64.3
15091,47.0,564.0,64.2
15092,42.0,504.0,64.8
15093,43.0,516.0,65.5
15094,43.0,516.0,65.8
15095,48.0,576.0,64.6
15096,43.0,516.0,64.0
15097,32.0,384.0,64.6
15098,30.0,360.0,64.3
15099,43.0,516.0,64.5
15100,38.0,456.0,65.6
15101,52.0,624.0,65.5
15102,40.0,480.0,64.7
15103,46.0,552.0,64.9
15104,36.0,432.0,65.1
15105,54.0,648.0,65.7
15106,31.0,372.0,65.3
15107,38.0,456.0,64.6
15108,45.0,540.0,65.3
15109,46.0,552.0,63.7
15110,43.0,516.0,64.7
15111,48.0,576.0,65.9
15112,35.0,420.0,65.8
15113,45.0,540.0,66.3
15114,46.0,552.0,64.8
15115,45.0,540.0,66.0
15116,37.0,444.0,66.2
15117,45.0,540.0,66.9
15118,53.0,636.0,66.5
15119,56.0,672.0,66.5
15120,35.0,420.0,65.8
15121,52.0,624.0,64.5
15122,42.0,504.0,64.8
15123,52.0,624.0,64.8
15124,58.0,696.0,63.4
15125,44.0,528.0,64.1
15126,39.0,468.0,65.4
15127,38.0,456.0,65.4
15128,47.0,564.0,65.6
15129,53.0,636.0,65.3
15130,47.0,564.0,65.1
15131,38.0,456.0,65.4
15132,47.0,564.0,64.5
15133,40.0,480.0,65.6
15134,43.0,516.0,65.8
15135,43.0,516.0,66.2
15136,50.0,600.0,66.2
15137,47.0,564.0,65.1
15138,62.0,744.0,64.7
15139,42.0,504.0,65.1
15140,48.0,576.0,66.3
15141,67.0,804.0,62.9
15142,50.0,600.0,63.3
15143,51.0,612.0,63.9
15144,52.0,624.0,63.5
15145,56.0,672.0,64.8
15146,55.0,660.0,63.6
15147,55.0,660.0,65.1
15148,56.0,672.0,66.9
15149,65.0,780.0,66.2
15150,57.0,684.0,65.9
15151,57.0,684.0,66.0
15152,64.0,768.0,65.1
15153,73.0,876.0,66.3
15154,72.0,864.0,63.6
15155,63.0,756.0,64.3
15156,89.0,1068.0,63.5
15157,79.0,948.0,63.1
15158,76.0,912.0,64.3
15159,79.0,948.0,65.6
15160,66.0,792.0,65.3
15161,84.0,1008.0,64.7
15162,93.0,1116.0,64.1
15163,85.0,1020.0,64.0
15164,85.0,1020.0,63.9
15165,69.0,828.0,65.6
15166,87.0,1044.0,63.1
15167,94.0,1128.0,62.0
15168,74.0,888.0,58.7
15169,71.0,852.0,57.1
15170,80.0,960.0,56.9
15171,93.0,1116.0,56.2
15172,85.0,1020.0,57.9
15173,85.0,1020.0,56.9
15174,89.0,1068.0,56.0
15175,81.0,972.0,57.1
15176,93.0,1116.0,55.3
15177,99.0,1188.0,53.8
15178,76.0,912.0,54.8
15179,97.0,1164.0,54.7
15180,95.0,1140.0,54.7
15181,95.0,1140.0,54.7
15182,100.0,1200.0,56.0
15183,101.0,1212.0,55.6
15184,94.0,1128.0,56.8
15185,106.0,1272.0,55.9
15186,88.0,1056.0,55.8
15187,106.0,1272.0,56.3
15188,76.0,912.0,57.0
15189,88.0,1056.0,57.1
15190,92.0,1104.0,56.2
15191,70.0,840.0,56.5
15192,90.0,1080.0,58.0
15193,70.0,840.0,59.5
15194,72.0,864.0,60.3
15195,62.0,744.0,62.4
15196,65.0,780.0,64.0
15197,72.0,864.0,64.3
15198,45.0,540.0,64.9
15199,44.0,528.0,65.6
15200,39.0,468.0,65.5
15201,38.0,456.0,65.0
15202,41.0,492.0,64.5
15203,36.0,432.0,64.3
15204,43.0,516.0,64.2
15205,30.0,360.0,64.3
15206,38.0,456.0,63.7
15207,47.0,564.0,63.5
15208,39.0,468.0,63.8
15209,33.0,396.0,64.4
15210,33.0,396.0,64.4
15211,42.0,504.0,64.6
15212,31.0,372.0,65.2
15213,29.0,348.0,65.0
15214,37.0,444.0,64.2
15215,37.0,444.0,64.1
15216,46.0,552.0,63.1
15217,38.0,456.0,63.1
15218,30.0,360.0,63.6
15219,37.0,444.0,64.3
15220,39.0,468.0,64.6
15221,39.0,468.0,64.4
15222,32.0,384.0,64.9
15223,34.0,408.0,64.9
15224,30.0,360.0,64.3
15225,21.0,252.0,64.7
15226,14.0,168.0,65.0
15227,30.0,360.0,65.0
15228,31.0,372.0,64.6
15229,36.0,432.0,63.8
15230,25.0,300.0,64.3
15231,22.0,264.0,64.6
15232,36.0,432.0,65.2
15233,20.0,240.0,65.1
15234,5.0,60.0,64.9
15235,14.0,168.0,38.1
15236,103.0,1236.0,28.7
15237,113.0,1356.0,26.1
15238,124.0,1488.0,27.9
15239,99.0,1188.0,32.6
15240,65.0,780.0,41.3
15241,68.0,816.0,43.3
15242,69.0,828.0,43.3
15243,70.0,840.0,43.6
15244,63.0,756.0,41.7
15245,71.0,852.0,42.6
15246,66.0,792.0,42.0
15247,53.0,636.0,43.5
15248,57.0,684.0,45.3
15249,43.0,516.0,50.1
15250,50.0,600.0,53.4
15251,39.0,468.0,57.0
15252,25.0,300.0,59.7
15253,2.0,24.0,62.2
15254,90.0,1080.0,40.0
15255,96.0,1152.0,29.7
15256,110.0,1320.0,24.0
15257,97.0,1164.0,23.3
15258,92.0,1104.0,19.4
15259,105.0,1260.0,18.0
15260,90.0,1080.0,16.5
15261,100.0,1200.0,17.1
15262,100.0,1200.0,17.1
15263,97.0,1164.0,18.2
15264,106.0,1272.0,16.9
15265,102.0,1224.0,16.6
15266,91.0,1092.0,17.1
15267,92.0,1104.0,17.7
15268,97.0,1164.0,18.4
15269,95.0,1140.0,18.1
15270,89.0,1068.0,19.0
15271,80.0,960.0,16.3
15272,83.0,996.0,16.1
15273,73.0,876.0,21.5
15274,73.0,876.0,26.6
15275,52.0,624.0,29.3
15276,82.0,984.0,30.3
15277,50.0,600.0,30.1
15278,58.0,696.0,29.0
15279,54.0,648.0,31.2
15280,60.0,720.0,32.4
15281,53.0,636.0,36.5
15282,55.0,660.0,39.2
15283,56.0,672.0,36.4
15284,40.0,480.0,35.1
15285,54.0,648.0,30.9
15286,60.0,720.0,28.4
15287,61.0,732.0,25.4
15288,56.0,672.0,26.4
15289,59.0,708.0,30.6
15290,41.0,492.0,31.3
15291,44.0,528.0,26.4
15292,60.0,720.0,26.5
15293,56.0,672.0,26.5
15294,66.0,792.0,30.1
15295,54.0,648.0,31.4
15296,46.0,552.0,34.9
15297,57.0,684.0,32.1
15298,60.0,720.0,33.2
15299,37.0,444.0,27.7
15300,40.0,480.0,26.6
15301,56.0,672.0,27.0
15302,50.0,600.0,28.3
15303,44.0,528.0,29.7
15304,50.0,600.0,29.2
15305,56.0,672.0,29.6
15306,71.0,852.0,29.0
15307,65.0,780.0,28.0
15308,86.0,1032.0,27.5
15309,86.0,1032.0,24.8
15310,96.0,1152.0,20.0
15311,105.0,1260.0,22.2
15312,69.0,828.0,25.9
15313,79.0,948.0,26.8
15314,77.0,924.0,27.2
15315,88.0,1056.0,27.5
15316,104.0,1248.0,32.0
15317,113.0,1356.0,27.7
15318,100.0,1200.0,21.9
15319,55.0,660.0,20.8
15320,3.0,36.0,42.8
15321,45.0,540.0,51.3
15322,48.0,576.0,57.6
15323,16.0,192.0,61.1
15324,12.0,144.0,62.7
15325,8.0,96.0,63.8
15326,13.0,156.0,64.4
15327,11.0,132.0,64.6
15328,25.0,300.0,64.8
15329,22.0,264.0,64.9
15330,15.0,180.0,64.9
15331,26.0,312.0,64.5
15332,26.0,312.0,64.8
15333,24.0,288.0,64.9
15334,23.0,276.0,65.2
15335,31.0,372.0,65.1
15336,16.0,192.0,65.0
15337,16.0,192.0,65.0
15338,18.0,216.0,65.1
15339,25.0,300.0,65.2
15340,42.0,504.0,64.9
15341,41.0,492.0,65.0
15342,47.0,564.0,63.8
15343,39.0,468.0,63.3
15344,50.0,600.0,63.7
15345,58.0,696.0,63.7
15346,70.0,840.0,63.8
15347,73.0,876.0,63.6
15348,45.0,540.0,65.5
15349,42.0,504.0,65.5
15350,61.0,732.0,63.4
15351,69.0,828.0,61.8
15352,80.0,960.0,61.1
15353,63.0,756.0,62.7
15354,70.0,840.0,63.4
15355,90.0,1080.0,61.5
15356,78.0,936.0,62.3
15357,93.0,1116.0,61.9
15358,97.0,1164.0,62.7
15359,93.0,1116.0,59.2
15360,68.0,816.0,60.4
15361,74.0,888.0,60.8
15362,42.0,504.0,63.5
15363,38.0,456.0,64.4
15364,51.0,612.0,65.1
15365,48.0,576.0,65.0
15366,62.0,744.0,64.3
15367,51.0,612.0,64.0
15368,57.0,684.0,64.2
15369,46.0,552.0,64.9
15370,52.0,624.0,63.8
15371,46.0,552.0,63.8
15372,42.0,504.0,64.2
15373,49.0,588.0,64.1
15374,41.0,492.0,64.2
15375,48.0,576.0,62.6
15376,57.0,684.0,63.0
15377,37.0,444.0,64.1
15378,47.0,564.0,65.7
15379,46.0,552.0,65.4
15380,46.0,552.0,64.5
15381,36.0,432.0,65.2
15382,44.0,528.0,63.7
15383,49.0,588.0,64.7
15384,38.0,456.0,64.7
15385,40.0,480.0,65.4
15386,41.0,492.0,64.8
15387,48.0,576.0,65.2
15388,53.0,636.0,65.1
15389,38.0,456.0,64.8
15390,48.0,576.0,64.6
15391,43.0,516.0,64.7
15392,48.0,576.0,65.0
15393,42.0,504.0,64.2
15394,35.0,420.0,64.7
15395,43.0,516.0,65.5
15396,47.0,564.0,64.5
15397,34.0,408.0,64.5
15398,40.0,480.0,63.5
15399,41.0,492.0,64.2
15400,47.0,564.0,63.9
15401,36.0,432.0,64.6
15402,43.0,516.0,64.1
15403,38.0,456.0,65.1
15404,58.0,696.0,64.0
15405,48.0,576.0,64.3
15406,44.0,528.0,64.7
15407,54.0,648.0,63.6
15408,47.0,564.0,64.9
15409,48.0,576.0,64.0
15410,60.0,720.0,63.4
15411,48.0,576.0,64.4
15412,54.0,648.0,66.2
15413,56.0,672.0,64.8
15414,64.0,768.0,62.9
15415,55.0,660.0,64.4
15416,50.0,600.0,64.6
15417,65.0,780.0,64.5
15418,61.0,732.0,63.0
15419,58.0,696.0,64.7
15420,49.0,588.0,64.8
15421,51.0,612.0,64.1
15422,35.0,420.0,64.4
15423,60.0,720.0,65.6
15424,50.0,600.0,63.5
15425,55.0,660.0,63.0
15426,58.0,696.0,62.9
15427,54.0,648.0,63.8
15428,53.0,636.0,65.5
15429,48.0,576.0,64.1
15430,41.0,492.0,63.6
15431,56.0,672.0,63.3
15432,73.0,876.0,63.8
15433,56.0,672.0,61.7
15434,56.0,672.0,64.8
15435,62.0,744.0,64.1
15436,59.0,708.0,64.9
15437,73.0,876.0,65.2
15438,73.0,876.0,63.7
15439,67.0,804.0,63.7
15440,83.0,996.0,63.5
15441,75.0,900.0,61.9
15442,86.0,1032.0,62.2
15443,60.0,720.0,63.1
15444,90.0,1080.0,62.1
15445,83.0,996.0,61.2
15446,77.0,924.0,62.0
15447,82.0,984.0,61.1
15448,87.0,1044.0,60.9
15449,95.0,1140.0,61.2
15450,78.0,936.0,62.5
15451,76.0,912.0,61.3
15452,93.0,1116.0,60.4
15453,85.0,1020.0,58.9
15454,89.0,1068.0,59.6
15455,84.0,1008.0,59.9
15456,87.0,1044.0,57.4
15457,103.0,1236.0,54.9
15458,63.0,756.0,55.8
15459,84.0,1008.0,56.7
15460,80.0,960.0,56.4
15461,67.0,804.0,55.5
15462,74.0,888.0,56.9
15463,90.0,1080.0,56.5
15464,77.0,924.0,55.3
15465,95.0,1140.0,55.0
15466,87.0,1044.0,55.5
15467,90.0,1080.0,53.8
15468,89.0,1068.0,55.5
15469,92.0,1104.0,55.7
15470,79.0,948.0,57.1
15471,107.0,1284.0,57.2
15472,98.0,1176.0,56.9
15473,112.0,1344.0,58.6
15474,96.0,1152.0,58.7
15475,101.0,1212.0,59.5
15476,102.0,1224.0,58.4
15477,80.0,960.0,60.0
15478,78.0,936.0,60.8
15479,82.0,984.0,60.3
15480,82.0,984.0,60.1
15481,83.0,996.0,59.3
15482,72.0,864.0,61.1
15483,74.0,888.0,60.8
15484,71.0,852.0,60.6
15485,66.0,792.0,61.0
15486,79.0,948.0,62.7
15487,57.0,684.0,62.6
15488,40.0,480.0,64.3
15489,39.0,468.0,64.5
15490,50.0,600.0,63.9
15491,38.0,456.0,64.5
15492,39.0,468.0,64.6
15493,43.0,516.0,63.7
15494,51.0,612.0,63.9
15495,42.0,504.0,64.1
15496,32.0,384.0,64.6
15497,41.0,492.0,65.8
15498,35.0,420.0,65.0
15499,56.0,672.0,65.3
15500,33.0,396.0,64.7
15501,31.0,372.0,65.1
15502,40.0,480.0,64.1
15503,44.0,528.0,64.4
15504,30.0,360.0,64.4
15505,44.0,528.0,62.9
15506,53.0,636.0,62.8
15507,38.0,456.0,62.9
15508,35.0,420.0,63.5
15509,28.0,336.0,64.2
15510,42.0,504.0,63.8
15511,42.0,504.0,64.0
15512,36.0,432.0,64.2
15513,37.0,444.0,62.7
15514,34.0,408.0,63.9
15515,22.0,264.0,64.6
15516,39.0,468.0,63.7
15517,18.0,216.0,64.4
15518,32.0,384.0,64.1
15519,29.0,348.0,64.3
15520,33.0,396.0,64.0
15521,16.0,192.0,64.4
15522,0.0,0.0,64.4
15523,66.0,792.0,41.7
15524,121.0,1452.0,33.6
15525,114.0,1368.0,37.3
15526,96.0,1152.0,37.1
15527,112.0,1344.0,34.1
15528,99.0,1188.0,37.4
15529,79.0,948.0,40.6
15530,67.0,804.0,43.0
15531,82.0,984.0,45.1
15532,64.0,768.0,43.9
15533,40.0,480.0,49.6
15534,54.0,648.0,53.1
15535,49.0,588.0,55.9
15536,54.0,648.0,52.8
15537,50.0,600.0,53.9
15538,36.0,432.0,55.7
15539,41.0,492.0,50.8
15540,39.0,468.0,54.0
15541,17.0,204.0,58.7
15542,25.0,300.0,33.3
15543,97.0,1164.0,24.2
15544,98.0,1176.0,20.4
15545,94.0,1128.0,17.2
15546,102.0,1224.0,15.8
15547,104.0,1248.0,17.4
15548,90.0,1080.0,15.2
15549,102.0,1224.0,15.9
15550,97.0,1164.0,17.0
15551,87.0,1044.0,19.3
15552,97.0,1164.0,15.0
15553,92.0,1104.0,14.8
15554,86.0,1032.0,14.4
15555,96.0,1152.0,16.6
15556,73.0,876.0,22.2
15557,52.0,624.0,28.0
15558,56.0,672.0,30.5
15559,60.0,720.0,30.9
15560,62.0,744.0,31.2
15561,75.0,900.0,29.2
15562,56.0,672.0,32.2
15563,47.0,564.0,29.8
15564,48.0,576.0,29.7
15565,73.0,876.0,30.8
15566,53.0,636.0,31.0
15567,49.0,588.0,29.2
15568,54.0,648.0,29.0
15569,54.0,648.0,30.1
15570,51.0,612.0,31.3
15571,45.0,540.0,31.1
15572,51.0,612.0,30.6
15573,50.0,600.0,32.6
15574,58.0,696.0,29.1
15575,72.0,864.0,26.3
15576,62.0,744.0,28.1
15577,49.0,588.0,28.6
15578,41.0,492.0,26.6
15579,41.0,492.0,26.1
15580,49.0,588.0,24.9
15581,53.0,636.0,25.9
15582,48.0,576.0,28.0
15583,41.0,492.0,34.6
15584,49.0,588.0,30.5
15585,51.0,612.0,28.0
15586,42.0,504.0,31.9
15587,48.0,576.0,29.6
15588,54.0,648.0,29.4
15589,39.0,468.0,30.8
15590,60.0,720.0,29.8
15591,55.0,660.0,29.6
15592,60.0,720.0,27.2
15593,54.0,648.0,25.9
15594,65.0,780.0,25.1
15595,72.0,864.0,28.0
15596,74.0,888.0,28.2
15597,90.0,1080.0,23.9
15598,89.0,1068.0,21.3
15599,72.0,864.0,23.0
15600,61.0,732.0,24.9
15601,83.0,996.0,25.3
15602,80.0,960.0,24.7
15603,92.0,1104.0,24.9
15604,82.0,984.0,23.4
15605,13.0,156.0,43.6
15606,5.0,60.0,54.2
15607,41.0,492.0,57.1
15608,21.0,252.0,60.5
15609,8.0,96.0,62.6
15610,8.0,96.0,63.8
15611,11.0,132.0,64.3
15612,7.0,84.0,64.6
15613,13.0,156.0,64.8
15614,7.0,84.0,64.8
15615,11.0,132.0,65.0
15616,18.0,216.0,64.9
15617,14.0,168.0,64.9
15618,20.0,240.0,64.8
15619,28.0,336.0,64.9
15620,27.0,324.0,64.6
15621,34.0,408.0,64.9
15622,21.0,252.0,64.6
15623,21.0,252.0,64.7
15624,23.0,276.0,65.1
15625,23.0,276.0,65.0
15626,31.0,372.0,65.5
15627,23.0,276.0,65.2
15628,36.0,432.0,65.8
15629,26.0,312.0,65.3
15630,31.0,372.0,65.1
15631,45.0,540.0,66.3
15632,61.0,732.0,65.3
15633,55.0,660.0,64.8
15634,77.0,924.0,63.7
15635,64.0,768.0,64.1
15636,76.0,912.0,63.6
15637,67.0,804.0,64.6
15638,70.0,840.0,62.8
15639,65.0,780.0,63.0
15640,94.0,1128.0,62.0
15641,64.0,768.0,62.4
15642,73.0,876.0,62.7
15643,68.0,816.0,62.1
15644,92.0,1104.0,61.7
15645,80.0,960.0,63.7
15646,91.0,1092.0,62.6
15647,61.0,732.0,62.4
15648,68.0,816.0,63.2
15649,39.0,468.0,64.5
15650,40.0,480.0,64.4
15651,50.0,600.0,63.9
15652,54.0,648.0,65.6
15653,44.0,528.0,65.1
15654,45.0,540.0,65.3
15655,43.0,516.0,65.2
15656,52.0,624.0,66.0
15657,53.0,636.0,66.1
15658,62.0,744.0,64.9
15659,49.0,588.0,65.8
15660,29.0,348.0,65.2
15661,31.0,372.0,65.0
15662,47.0,564.0,64.8
15663,30.0,360.0,65.0
15664,39.0,468.0,64.8
15665,31.0,372.0,64.5
15666,34.0,408.0,63.8
15667,40.0,480.0,63.9
15668,45.0,540.0,63.3
15669,44.0,528.0,63.0
15670,32.0,384.0,63.8
15671,30.0,360.0,63.6
15672,41.0,492.0,63.5
15673,43.0,516.0,63.9
15674,36.0,432.0,63.1
15675,29.0,348.0,64.3
15676,40.0,480.0,64.9
15677,28.0,336.0,64.4
15678,28.0,336.0,64.6
15679,30.0,360.0,65.4
15680,44.0,528.0,65.6
15681,43.0,516.0,64.5
15682,50.0,600.0,64.9
15683,39.0,468.0,64.1
15684,36.0,432.0,64.8
15685,37.0,444.0,64.7
15686,35.0,420.0,63.5
15687,38.0,456.0,64.5
15688,28.0,336.0,64.9
15689,26.0,312.0,64.7
15690,38.0,456.0,65.3
15691,40.0,480.0,65.2
15692,42.0,504.0,65.6
15693,50.0,600.0,64.3
15694,40.0,480.0,63.3
15695,40.0,480.0,64.8
15696,25.0,300.0,64.8
15697,60.0,720.0,62.9
15698,36.0,432.0,62.9
15699,56.0,672.0,63.9
15700,50.0,600.0,64.3
15701,45.0,540.0,64.1
15702,47.0,564.0,64.4
15703,58.0,696.0,64.5
15704,64.0,768.0,64.1
15705,49.0,588.0,64.1
15706,42.0,504.0,65.2
15707,52.0,624.0,63.8
15708,51.0,612.0,66.7
15709,37.0,444.0,66.0
15710,44.0,528.0,65.3
15711,50.0,600.0,65.3
15712,48.0,576.0,64.9
15713,49.0,588.0,64.8
15714,52.0,624.0,66.6
15715,43.0,516.0,66.0
15716,54.0,648.0,64.7
15717,60.0,720.0,63.9
15718,55.0,660.0,64.4
15719,47.0,564.0,64.5
15720,49.0,588.0,65.0
15721,57.0,684.0,65.1
15722,56.0,672.0,64.0
15723,72.0,864.0,63.4
15724,62.0,744.0,65.2
15725,49.0,588.0,64.8
15726,54.0,648.0,64.0
15727,64.0,768.0,64.4
15728,68.0,816.0,65.0
15729,71.0,852.0,63.9
15730,75.0,900.0,63.5
15731,70.0,840.0,63.9
15732,74.0,888.0,65.2
15733,70.0,840.0,65.1
15734,73.0,876.0,65.4
15735,86.0,1032.0,65.9
15736,59.0,708.0,66.2
15737,78.0,936.0,65.6
15738,75.0,900.0,65.8
15739,95.0,1140.0,63.7
15740,101.0,1212.0,58.3
15741,100.0,1200.0,56.4
15742,89.0,1068.0,60.0
15743,87.0,1044.0,60.8
15744,89.0,1068.0,60.3
15745,96.0,1152.0,61.8
15746,81.0,972.0,63.7
15747,75.0,900.0,64.3
15748,85.0,1020.0,63.8
15749,67.0,804.0,63.9
15750,94.0,1128.0,63.6
15751,99.0,1188.0,64.0
15752,95.0,1140.0,63.3
15753,94.0,1128.0,62.7
15754,76.0,912.0,62.3
15755,98.0,1176.0,63.7
15756,86.0,1032.0,63.8
15757,106.0,1272.0,62.4
15758,87.0,1044.0,62.8
15759,97.0,1164.0,62.8
15760,100.0,1200.0,62.2
15761,104.0,1248.0,62.2
15762,95.0,1140.0,62.4
15763,97.0,1164.0,62.2
15764,99.0,1188.0,62.3
15765,96.0,1152.0,64.1
15766,79.0,948.0,65.7
15767,82.0,984.0,64.6
15768,83.0,996.0,63.4
15769,78.0,936.0,63.2
15770,62.0,744.0,63.2
15771,63.0,756.0,65.1
15772,55.0,660.0,65.2
15773,64.0,768.0,65.0
15774,66.0,792.0,64.4
15775,60.0,720.0,65.7
15776,63.0,756.0,66.1
15777,58.0,696.0,65.6
15778,51.0,612.0,63.9
15779,36.0,432.0,64.7
15780,46.0,552.0,64.3
15781,39.0,468.0,64.8
15782,43.0,516.0,64.1
15783,49.0,588.0,64.2
15784,47.0,564.0,64.2
15785,42.0,504.0,64.3
15786,31.0,372.0,64.6
15787,53.0,636.0,63.9
15788,31.0,372.0,64.2
15789,36.0,432.0,64.8
15790,35.0,420.0,64.4
15791,48.0,576.0,65.2
15792,46.0,552.0,64.9
15793,51.0,612.0,64.0
15794,43.0,516.0,63.8
15795,45.0,540.0,62.9
15796,48.0,576.0,61.7
15797,37.0,444.0,62.9
15798,61.0,732.0,62.1
15799,43.0,516.0,62.6
15800,40.0,480.0,63.1
15801,42.0,504.0,62.8
15802,49.0,588.0,62.7
15803,32.0,384.0,63.0
15804,35.0,420.0,63.2
15805,13.0,156.0,64.0
15806,0.0,0.0,64.0
15807,44.0,528.0,36.4
15808,119.0,1428.0,32.1
15809,124.0,1488.0,32.8
15810,107.0,1284.0,38.1
15811,93.0,1116.0,40.5
15812,97.0,1164.0,39.7
15813,98.0,1176.0,40.5
15814,104.0,1248.0,39.3
15815,89.0,1068.0,40.8
15816,79.0,948.0,41.3
15817,74.0,888.0,41.7
15818,82.0,984.0,41.0
15819,80.0,960.0,42.3
15820,73.0,876.0,40.3
15821,60.0,720.0,44.2
15822,67.0,804.0,47.4
15823,50.0,600.0,52.0
15824,48.0,576.0,53.5
15825,16.0,192.0,58.6
15826,28.0,336.0,35.6
15827,116.0,1392.0,28.4
15828,112.0,1344.0,22.7
15829,99.0,1188.0,21.9
15830,97.0,1164.0,24.4
15831,101.0,1212.0,20.1
15832,109.0,1308.0,20.3
15833,96.0,1152.0,19.8
15834,98.0,1176.0,18.4
15835,95.0,1140.0,19.7
15836,97.0,1164.0,20.0
15837,98.0,1176.0,19.4
15838,96.0,1152.0,19.0
15839,94.0,1128.0,20.1
15840,97.0,1164.0,21.2
15841,91.0,1092.0,22.4
15842,84.0,1008.0,21.8
15843,68.0,816.0,25.5
15844,71.0,852.0,28.0
15845,81.0,972.0,27.5
15846,64.0,768.0,29.9
15847,71.0,852.0,28.2
15848,60.0,720.0,30.1
15849,58.0,696.0,30.2
15850,75.0,900.0,29.3
15851,62.0,744.0,28.7
15852,59.0,708.0,32.2
15853,55.0,660.0,31.4
15854,53.0,636.0,32.4
15855,60.0,720.0,31.8
15856,65.0,780.0,27.6
15857,47.0,564.0,30.5
15858,52.0,624.0,30.9
15859,57.0,684.0,34.2
15860,43.0,516.0,30.2
15861,70.0,840.0,28.7
15862,72.0,864.0,30.2
15863,54.0,648.0,29.2
15864,53.0,636.0,31.7
15865,46.0,552.0,30.3
15866,49.0,588.0,29.6
15867,51.0,612.0,28.3
15868,33.0,396.0,29.2
15869,55.0,660.0,27.5
15870,51.0,612.0,32.0
15871,42.0,504.0,36.3
15872,50.0,600.0,32.8
15873,52.0,624.0,33.6
15874,57.0,684.0,31.9
15875,32.0,384.0,33.3
15876,40.0,480.0,31.5
15877,52.0,624.0,34.4
15878,46.0,552.0,33.2
15879,57.0,684.0,32.3
15880,47.0,564.0,35.3
15881,60.0,720.0,31.4
15882,68.0,816.0,32.0
15883,80.0,960.0,31.3
15884,72.0,864.0,27.8
15885,88.0,1056.0,29.6
15886,82.0,984.0,29.7
15887,58.0,696.0,29.4
15888,57.0,684.0,32.5
15889,81.0,972.0,29.2
15890,60.0,720.0,31.3
15891,91.0,1092.0,32.9
15892,86.0,1032.0,33.7
15893,3.0,36.0,49.2
15894,35.0,420.0,55.8
15895,21.0,252.0,60.2
15896,7.0,84.0,62.5
15897,15.0,180.0,63.7
15898,20.0,240.0,64.7
15899,13.0,156.0,64.8
15900,9.0,108.0,64.9
15901,9.0,108.0,64.9
15902,16.0,192.0,65.0
15903,15.0,180.0,65.1
15904,12.0,144.0,65.1
15905,12.0,144.0,65.1
15906,20.0,240.0,65.1
15907,24.0,288.0,65.2
15908,34.0,408.0,65.2
15909,26.0,312.0,65.2
15910,18.0,216.0,64.9
15911,25.0,300.0,65.0
15912,23.0,276.0,65.1
15913,19.0,228.0,65.1
15914,29.0,348.0,65.3
15915,34.0,408.0,64.8
15916,29.0,348.0,65.4
15917,38.0,456.0,65.4
15918,30.0,360.0,65.3
15919,50.0,600.0,65.1
15920,44.0,528.0,65.3
15921,66.0,792.0,63.8
15922,63.0,756.0,63.1
15923,69.0,828.0,62.0
15924,63.0,756.0,63.9
15925,63.0,756.0,64.8
15926,77.0,924.0,63.0
15927,89.0,1068.0,62.7
15928,82.0,984.0,63.1
15929,94.0,1128.0,62.8
15930,87.0,1044.0,62.6
15931,81.0,972.0,64.3
15932,75.0,900.0,64.1
15933,100.0,1200.0,63.9
15934,82.0,984.0,64.0
15935,80.0,960.0,65.3
15936,79.0,948.0,64.3
15937,75.0,900.0,64.7
15938,58.0,696.0,64.5
15939,48.0,576.0,64.6
15940,54.0,648.0,64.7
15941,58.0,696.0,64.0
15942,65.0,780.0,62.3
15943,56.0,672.0,62.0
15944,81.0,972.0,57.7
15945,54.0,648.0,58.2
15946,46.0,552.0,62.9
15947,49.0,588.0,64.0
15948,39.0,468.0,64.8
15949,44.0,528.0,65.4
15950,37.0,444.0,66.2
15951,64.0,768.0,66.2
15952,51.0,612.0,67.9
15953,47.0,564.0,66.6
15954,34.0,408.0,65.2
15955,45.0,540.0,65.8
15956,44.0,528.0,65.1
15957,54.0,648.0,64.0
15958,60.0,720.0,65.8
15959,35.0,420.0,65.6
15960,46.0,552.0,65.6
15961,36.0,432.0,63.7
15962,57.0,684.0,63.8
15963,52.0,624.0,63.8
15964,50.0,600.0,63.1
15965,42.0,504.0,63.6
15966,38.0,456.0,63.6
15967,42.0,504.0,64.4
15968,39.0,468.0,64.5
15969,50.0,600.0,64.6
15970,57.0,684.0,64.0
15971,44.0,528.0,63.8
15972,40.0,480.0,64.1
15973,55.0,660.0,62.9
15974,56.0,672.0,64.6
15975,44.0,528.0,64.3
15976,38.0,456.0,64.6
15977,58.0,696.0,64.7
15978,42.0,504.0,63.5
15979,40.0,480.0,63.8
15980,44.0,528.0,64.5
15981,49.0,588.0,63.8
15982,44.0,528.0,63.7
15983,40.0,480.0,64.4
15984,54.0,648.0,64.6
15985,46.0,552.0,65.1
15986,31.0,372.0,65.6
15987,51.0,612.0,63.7
15988,51.0,612.0,63.9
15989,40.0,480.0,64.1
15990,68.0,816.0,63.2
15991,57.0,684.0,64.6
15992,44.0,528.0,64.9
15993,67.0,804.0,64.4
15994,52.0,624.0,62.9
15995,60.0,720.0,63.9
15996,59.0,708.0,64.9
15997,49.0,588.0,64.8
15998,46.0,552.0,66.0
15999,58.0,696.0,65.3
16000,69.0,828.0,65.0
16001,58.0,696.0,63.5
16002,52.0,624.0,63.4
16003,63.0,756.0,64.2
16004,62.0,744.0,63.5
16005,49.0,588.0,64.8
16006,71.0,852.0,64.3
16007,78.0,936.0,63.9
16008,57.0,684.0,64.3
16009,68.0,816.0,64.9
16010,56.0,672.0,65.9
16011,74.0,888.0,64.5
16012,75.0,900.0,65.8
16013,70.0,840.0,64.5
16014,81.0,972.0,61.9
16015,105.0,1260.0,56.8
16016,112.0,1344.0,53.4
16017,98.0,1176.0,50.5
16018,89.0,1068.0,48.9
16019,91.0,1092.0,48.7
16020,89.0,1068.0,50.8
16021,91.0,1092.0,55.3
16022,73.0,876.0,52.3
16023,114.0,1368.0,51.9
16024,91.0,1092.0,53.7
16025,88.0,1056.0,55.1
16026,99.0,1188.0,56.0
16027,83.0,996.0,56.4
16028,83.0,996.0,55.9
16029,95.0,1140.0,55.6
16030,75.0,900.0,56.9
16031,80.0,960.0,56.1
16032,87.0,1044.0,55.5
16033,111.0,1332.0,53.1
16034,96.0,1152.0,54.2
16035,79.0,948.0,54.5
16036,96.0,1152.0,55.2
16037,106.0,1272.0,55.4
16038,87.0,1044.0,55.6
16039,93.0,1116.0,55.4
16040,102.0,1224.0,55.8
16041,90.0,1080.0,56.0
16042,100.0,1200.0,55.6
16043,79.0,948.0,56.9
16044,100.0,1200.0,56.1
16045,76.0,912.0,57.8
16046,107.0,1284.0,58.1
16047,106.0,1272.0,56.3
16048,99.0,1188.0,55.6
16049,104.0,1248.0,55.9
16050,83.0,996.0,55.9
16051,118.0,1416.0,57.6
16052,88.0,1056.0,56.8
16053,89.0,1068.0,57.2
16054,88.0,1056.0,58.3
16055,76.0,912.0,57.4
16056,74.0,888.0,59.9
16057,88.0,1056.0,62.6
16058,87.0,1044.0,62.7
16059,81.0,972.0,63.3
16060,79.0,948.0,62.3
16061,43.0,516.0,65.5
16062,53.0,636.0,65.0
16063,81.0,972.0,63.8
16064,78.0,936.0,64.0
16065,72.0,864.0,63.1
16066,73.0,876.0,62.8
16067,60.0,720.0,63.9
16068,52.0,624.0,64.4
16069,45.0,540.0,65.6
16070,56.0,672.0,66.2
16071,31.0,372.0,65.6
16072,58.0,696.0,65.7
16073,64.0,768.0,64.6
16074,37.0,444.0,64.9
16075,31.0,372.0,65.1
16076,42.0,504.0,66.0
16077,51.0,612.0,65.7
16078,49.0,588.0,66.0
16079,48.0,576.0,64.8
16080,40.0,480.0,65.0
16081,45.0,540.0,64.2
16082,40.0,480.0,64.7
16083,45.0,540.0,65.0
16084,47.0,564.0,64.1
16085,38.0,456.0,65.0
16086,46.0,552.0,65.4
16087,26.0,312.0,64.9
16088,33.0,396.0,64.5
16089,27.0,324.0,65.0
16090,38.0,456.0,64.1
16091,39.0,468.0,65.1
16092,35.0,420.0,64.8
16093,26.0,312.0,64.9
16094,39.0,468.0,64.3
16095,33.0,396.0,64.8
16096,34.0,408.0,65.0
16097,41.0,492.0,64.6
16098,32.0,384.0,64.7
16099,27.0,324.0,65.0
16100,25.0,300.0,65.0
16101,32.0,384.0,64.8
16102,30.0,360.0,65.1
16103,24.0,288.0,65.1
16104,23.0,276.0,64.8
16105,24.0,288.0,65.1
16106,16.0,192.0,65.1
16107,18.0,216.0,65.1
16108,18.0,216.0,65.1
16109,21.0,252.0,65.0
16110,13.0,156.0,65.1
16111,17.0,204.0,65.0
16112,11.0,132.0,64.9
16113,12.0,144.0,64.8
16114,14.0,168.0,64.9
16115,8.0,96.0,64.9
16116,12.0,144.0,65.0
16117,5.0,60.0,65.0
16118,15.0,180.0,65.2
16119,11.0,132.0,65.1
16120,7.0,84.0,65.1
16121,11.0,132.0,65.1
16122,5.0,60.0,65.0
16123,10.0,120.0,65.0
16124,5.0,60.0,65.0
16125,8.0,96.0,65.0
16126,6.0,72.0,65.0
16127,7.0,84.0,65.0
16128,6.0,72.0,65.0
16129,6.0,72.0,65.0
16130,5.0,60.0,65.0
16131,7.0,84.0,65.0
16132,4.0,48.0,65.0
16133,9.0,108.0,64.9
16134,1.0,12.0,64.9
16135,1.0,12.0,65.0
16136,1.0,12.0,65.0
16137,4.0,48.0,65.1
16138,4.0,48.0,65.0
16139,4.0,48.0,64.8
16140,5.0,60.0,64.9
16141,3.0,36.0,65.0
16142,3.0,36.0,65.0
16143,3.0,36.0,65.1
16144,3.0,36.0,65.0
16145,0.0,0.0,65.0
16146,8.0,96.0,65.0
16147,3.0,36.0,65.1
16148,5.0,60.0,64.9
16149,5.0,60.0,64.9
16150,3.0,36.0,65.0
16151,1.0,12.0,65.0
16152,3.0,36.0,64.9
16153,0.0,0.0,64.9
16154,3.0,36.0,64.8
16155,0.0,0.0,64.8
16156,2.0,24.0,64.7
16157,1.0,12.0,65.2
16158,1.0,12.0,65.1
16159,3.0,36.0,65.3
16160,4.0,48.0,65.3
16161,4.0,48.0,65.2
16162,1.0,12.0,65.4
16163,1.0,12.0,65.2
16164,1.0,12.0,65.1
16165,4.0,48.0,65.0
16166,1.0,12.0,65.1
16167,1.0,12.0,64.9
16168,0.0,0.0,64.9
16169,2.0,24.0,64.8
16170,5.0,60.0,65.0
16171,3.0,36.0,65.1
16172,2.0,24.0,65.0
16173,8.0,96.0,65.0
16174,5.0,60.0,65.2
16175,5.0,60.0,65.1
16176,4.0,48.0,65.0
16177,2.0,24.0,64.9
16178,6.0,72.0,64.9
16179,2.0,24.0,64.9
16180,5.0,60.0,64.9
16181,6.0,72.0,64.9
16182,7.0,84.0,65.0
16183,10.0,120.0,65.2
16184,7.0,84.0,65.2
16185,6.0,72.0,65.1
16186,16.0,192.0,64.9
16187,15.0,180.0,65.0
16188,7.0,84.0,64.9
16189,6.0,72.0,64.9
16190,10.0,120.0,65.1
16191,16.0,192.0,64.8
16192,18.0,216.0,65.0
16193,11.0,132.0,65.0
16194,24.0,288.0,64.9
16195,20.0,240.0,64.8
16196,29.0,348.0,65.3
16197,32.0,384.0,64.9
16198,31.0,372.0,65.1
16199,30.0,360.0,64.8
16200,26.0,312.0,64.7
16201,16.0,192.0,65.0
16202,17.0,204.0,65.0
16203,30.0,360.0,64.8
16204,40.0,480.0,65.6
16205,33.0,396.0,64.9
16206,36.0,432.0,64.5
16207,41.0,492.0,64.6
16208,50.0,600.0,65.3
16209,70.0,840.0,65.9
16210,65.0,780.0,65.3
16211,65.0,780.0,63.4
16212,45.0,540.0,63.9
16213,63.0,756.0,65.6
16214,53.0,636.0,65.4
16215,61.0,732.0,64.9
16216,85.0,1020.0,64.6
16217,78.0,936.0,63.5
16218,58.0,696.0,62.9
16219,60.0,720.0,63.1
16220,71.0,852.0,62.7
16221,75.0,900.0,61.7
16222,86.0,1032.0,60.4
16223,75.0,900.0,61.1
16224,75.0,900.0,61.4
16225,79.0,948.0,62.7
16226,62.0,744.0,63.7
16227,73.0,876.0,62.1
16228,43.0,516.0,63.5
16229,40.0,480.0,64.8
16230,44.0,528.0,65.6
16231,47.0,564.0,65.4
16232,56.0,672.0,64.7
16233,57.0,684.0,64.3
16234,49.0,588.0,64.5
16235,45.0,540.0,65.8
16236,52.0,624.0,65.6
16237,54.0,648.0,65.9
16238,48.0,576.0,66.2
16239,14.0,168.0,65.7
16240,33.0,396.0,65.7
16241,49.0,588.0,65.2
16242,68.0,816.0,64.7
16243,54.0,648.0,64.6
16244,55.0,660.0,63.5
16245,68.0,816.0,65.3
16246,65.0,780.0,65.6
16247,45.0,540.0,65.6
16248,47.0,564.0,64.7
16249,49.0,588.0,66.4
16250,49.0,588.0,66.6
16251,54.0,648.0,66.1
16252,45.0,540.0,65.4
16253,65.0,780.0,64.5
16254,36.0,432.0,64.7
16255,46.0,552.0,64.4
16256,51.0,612.0,66.1
16257,46.0,552.0,65.9
16258,37.0,444.0,66.0
16259,42.0,504.0,65.9
16260,55.0,660.0,64.9
16261,55.0,660.0,64.9
16262,58.0,696.0,64.4
16263,53.0,636.0,65.2
16264,56.0,672.0,65.9
16265,53.0,636.0,65.2
16266,51.0,612.0,65.4
16267,53.0,636.0,66.5
16268,52.0,624.0,65.4
16269,56.0,672.0,65.6
16270,61.0,732.0,65.2
16271,61.0,732.0,64.6
16272,70.0,840.0,65.7
16273,67.0,804.0,66.0
16274,70.0,840.0,66.0
16275,77.0,924.0,65.9
16276,54.0,648.0,63.9
16277,78.0,936.0,64.5
16278,70.0,840.0,64.9
16279,81.0,972.0,63.6
16280,69.0,828.0,64.6
16281,78.0,936.0,64.8
16282,62.0,744.0,64.2
16283,84.0,1008.0,63.8
16284,79.0,948.0,65.3
16285,76.0,912.0,65.0
16286,76.0,912.0,65.6
16287,76.0,912.0,65.4
16288,74.0,888.0,67.0
16289,85.0,1020.0,64.0
16290,95.0,1140.0,63.9
16291,69.0,828.0,64.6
16292,71.0,852.0,63.7
16293,90.0,1080.0,63.7
16294,82.0,984.0,63.5
16295,85.0,1020.0,64.0
16296,78.0,936.0,63.0
16297,84.0,1008.0,61.5
16298,59.0,708.0,60.1
16299,89.0,1068.0,59.2
16300,88.0,1056.0,58.5
16301,78.0,936.0,59.1
16302,100.0,1200.0,58.5
16303,88.0,1056.0,57.6
16304,89.0,1068.0,55.0
16305,89.0,1068.0,55.3
16306,86.0,1032.0,55.9
16307,95.0,1140.0,56.4
16308,88.0,1056.0,56.8
16309,102.0,1224.0,56.7
16310,98.0,1176.0,56.1
16311,101.0,1212.0,55.4
16312,91.0,1092.0,55.3
16313,103.0,1236.0,54.5
16314,92.0,1104.0,55.1
16315,91.0,1092.0,55.3
16316,109.0,1308.0,55.0
16317,90.0,1080.0,54.2
16318,113.0,1356.0,54.3
16319,93.0,1116.0,54.3
16320,98.0,1176.0,55.4
16321,102.0,1224.0,53.9
16322,95.0,1140.0,54.9
16323,104.0,1248.0,54.7
16324,91.0,1092.0,55.4
16325,102.0,1224.0,53.1
16326,98.0,1176.0,54.0
16327,98.0,1176.0,54.0
16328,101.0,1212.0,54.2
16329,95.0,1140.0,53.9
16330,109.0,1308.0,53.8
16331,96.0,1152.0,53.9
16332,100.0,1200.0,54.8
16333,99.0,1188.0,55.1
16334,106.0,1272.0,55.0
16335,105.0,1260.0,54.9
16336,111.0,1332.0,56.1
16337,114.0,1368.0,54.6
16338,102.0,1224.0,55.0
16339,99.0,1188.0,55.0
16340,99.0,1188.0,56.0
16341,91.0,1092.0,55.9
16342,101.0,1212.0,55.4
16343,102.0,1224.0,55.4
16344,91.0,1092.0,56.9
16345,104.0,1248.0,57.5
16346,98.0,1176.0,58.5
16347,101.0,1212.0,58.9
16348,108.0,1296.0,59.0
16349,101.0,1212.0,59.7
16350,97.0,1164.0,59.7
16351,106.0,1272.0,59.5
16352,112.0,1344.0,58.6
16353,91.0,1092.0,59.6
16354,76.0,912.0,62.0
16355,88.0,1056.0,62.6
16356,79.0,948.0,62.3
16357,71.0,852.0,64.1
16358,81.0,972.0,64.5
16359,75.0,900.0,62.9
16360,89.0,1068.0,61.2
16361,108.0,1296.0,60.6
16362,82.0,984.0,60.7
16363,71.0,852.0,63.1
16364,80.0,960.0,62.5
16365,70.0,840.0,62.8
16366,83.0,996.0,62.4
16367,77.0,924.0,61.6
16368,47.0,564.0,62.9
16369,76.0,912.0,61.2
16370,80.0,960.0,61.4
16371,70.0,840.0,62.6
16372,66.0,792.0,64.4
16373,55.0,660.0,64.4
16374,71.0,852.0,63.7
16375,54.0,648.0,64.8
16376,66.0,792.0,63.9
16377,41.0,492.0,64.5
16378,37.0,444.0,65.6
16379,69.0,828.0,65.7
16380,37.0,444.0,65.3
16381,50.0,600.0,64.9
16382,61.0,732.0,65.5
16383,51.0,612.0,66.1
16384,41.0,492.0,65.1
16385,48.0,576.0,65.8
16386,43.0,516.0,65.2
16387,55.0,660.0,64.2
16388,61.0,732.0,64.4
16389,45.0,540.0,64.9
16390,41.0,492.0,65.6
16391,30.0,360.0,64.7
16392,44.0,528.0,64.4
16393,53.0,636.0,65.0
16394,50.0,600.0,64.1
16395,42.0,504.0,64.6
16396,47.0,564.0,64.4
16397,50.0,600.0,64.7
16398,41.0,492.0,65.0
16399,41.0,492.0,64.6
16400,33.0,396.0,64.6
16401,38.0,456.0,65.0
16402,25.0,300.0,65.2
16403,40.0,480.0,64.9
16404,25.0,300.0,64.8
16405,39.0,468.0,64.2
16406,45.0,540.0,64.6
16407,24.0,288.0,64.6
16408,30.0,360.0,64.6
16409,30.0,360.0,64.5
16410,20.0,240.0,64.9
16411,27.0,324.0,64.6
16412,20.0,240.0,64.5
16413,23.0,276.0,64.7
16414,30.0,360.0,64.6
16415,21.0,252.0,64.8
16416,10.0,120.0,65.0
16417,17.0,204.0,64.8
16418,15.0,180.0,64.8
16419,13.0,156.0,64.9
16420,10.0,120.0,64.8
16421,15.0,180.0,64.9
16422,18.0,216.0,64.8
16423,16.0,192.0,65.0
16424,16.0,192.0,64.9
16425,7.0,84.0,64.9
16426,17.0,204.0,65.1
16427,8.0,96.0,65.1
16428,7.0,84.0,65.0
16429,4.0,48.0,64.9
16430,7.0,84.0,65.0
16431,4.0,48.0,64.9
16432,1.0,12.0,64.9
16433,4.0,48.0,64.9
16434,1.0,12.0,64.8
16435,0.0,0.0,64.8
16436,11.0,132.0,65.0
16437,45.0,540.0,63.0
16438,10.0,120.0,64.0
16439,5.0,60.0,64.4
16440,6.0,72.0,64.7
16441,5.0,60.0,64.9
16442,12.0,144.0,65.0
16443,1.0,12.0,65.0
16444,4.0,48.0,65.0
16445,5.0,60.0,64.9
16446,8.0,96.0,65.0
16447,3.0,36.0,64.9
16448,4.0,48.0,64.9
16449,8.0,96.0,65.0
16450,0.0,0.0,65.0
16451,8.0,96.0,65.0
16452,0.0,0.0,65.0
16453,0.0,0.0,65.0
16454,2.0,24.0,64.9
16455,2.0,24.0,65.0
16456,2.0,24.0,64.9
16457,2.0,24.0,65.0
16458,5.0,60.0,65.0
16459,3.0,36.0,65.0
16460,3.0,36.0,65.0
16461,5.0,60.0,65.0
16462,3.0,36.0,65.0
16463,3.0,36.0,65.0
16464,3.0,36.0,64.6
16465,0.0,0.0,64.6
16466,5.0,60.0,64.7
16467,2.0,24.0,64.8
16468,3.0,36.0,65.2
16469,3.0,36.0,65.4
16470,10.0,120.0,65.3
16471,4.0,48.0,65.2
16472,1.0,12.0,65.7
16473,3.0,36.0,65.3
16474,2.0,24.0,65.0
16475,2.0,24.0,65.1
16476,3.0,36.0,65.1
16477,7.0,84.0,65.0
16478,9.0,108.0,65.0
16479,6.0,72.0,65.0
16480,5.0,60.0,64.9
16481,7.0,84.0,64.9
16482,8.0,96.0,64.9
16483,3.0,36.0,64.9
16484,18.0,216.0,64.8
16485,17.0,204.0,64.8
16486,8.0,96.0,64.9
16487,6.0,72.0,64.9
16488,17.0,204.0,65.1
16489,9.0,108.0,65.1
16490,10.0,120.0,65.1
16491,14.0,168.0,64.9
16492,13.0,156.0,64.9
16493,12.0,144.0,64.9
16494,11.0,132.0,64.9
16495,21.0,252.0,65.0
16496,30.0,360.0,65.3
16497,18.0,216.0,65.2
16498,18.0,216.0,64.9
16499,26.0,312.0,65.3
16500,22.0,264.0,65.1
16501,25.0,300.0,64.7
16502,18.0,216.0,64.8
16503,31.0,372.0,64.9
16504,17.0,204.0,64.8
16505,28.0,336.0,64.6
16506,35.0,420.0,64.2
16507,26.0,312.0,64.3
16508,33.0,396.0,64.4
16509,22.0,264.0,64.5
16510,42.0,504.0,64.6
16511,29.0,348.0,64.9
16512,16.0,192.0,65.0
16513,38.0,456.0,65.3
16514,45.0,540.0,64.4
16515,24.0,288.0,64.5
16516,26.0,312.0,64.4
16517,33.0,396.0,64.5
16518,27.0,324.0,65.1
16519,36.0,432.0,64.4
16520,33.0,396.0,65.0
16521,36.0,432.0,64.8
16522,46.0,552.0,65.5
16523,36.0,432.0,64.4
16524,37.0,444.0,64.8
16525,47.0,564.0,65.1
16526,35.0,420.0,64.3
16527,38.0,456.0,64.2
16528,37.0,444.0,64.7
16529,35.0,420.0,64.7
16530,41.0,492.0,65.6
16531,49.0,588.0,65.8
16532,36.0,432.0,66.0
16533,44.0,528.0,65.4
16534,61.0,732.0,64.9
16535,62.0,744.0,63.1
16536,47.0,564.0,64.6
16537,55.0,660.0,63.9
16538,47.0,564.0,65.3
16539,54.0,648.0,64.9
16540,55.0,660.0,64.6
16541,51.0,612.0,65.4
16542,52.0,624.0,65.3
16543,59.0,708.0,66.0
16544,60.0,720.0,65.4
16545,36.0,432.0,65.6
16546,68.0,816.0,66.4
16547,60.0,720.0,66.2
16548,53.0,636.0,66.4
16549,58.0,696.0,65.1
16550,55.0,660.0,64.7
16551,57.0,684.0,64.5
16552,52.0,624.0,64.0
16553,71.0,852.0,65.0
16554,49.0,588.0,65.0
16555,56.0,672.0,64.3
16556,62.0,744.0,63.6
16557,58.0,696.0,62.9
16558,63.0,756.0,63.2
16559,45.0,540.0,64.7
16560,61.0,732.0,64.5
16561,67.0,804.0,63.2
16562,52.0,624.0,64.3
16563,60.0,720.0,63.7
16564,65.0,780.0,65.4
16565,57.0,684.0,65.6
16566,49.0,588.0,65.7
16567,64.0,768.0,63.8
16568,70.0,840.0,63.1
16569,56.0,672.0,66.1
16570,66.0,792.0,66.1
16571,64.0,768.0,65.1
16572,68.0,816.0,63.8
16573,81.0,972.0,64.8
16574,56.0,672.0,64.2
16575,69.0,828.0,64.2
16576,77.0,924.0,62.9
16577,65.0,780.0,62.7
16578,90.0,1080.0,62.4
16579,78.0,936.0,63.0
16580,63.0,756.0,65.3
16581,74.0,888.0,65.4
16582,55.0,660.0,65.2
16583,65.0,780.0,64.9
16584,66.0,792.0,64.4
16585,69.0,828.0,64.5
16586,74.0,888.0,64.1
16587,83.0,996.0,63.3
16588,76.0,912.0,64.0
16589,78.0,936.0,64.1
16590,69.0,828.0,63.7
16591,76.0,912.0,64.8
16592,93.0,1116.0,63.2
16593,71.0,852.0,64.0
16594,82.0,984.0,63.9
16595,68.0,816.0,63.6
16596,82.0,984.0,64.0
16597,77.0,924.0,64.3
16598,71.0,852.0,64.7
16599,62.0,744.0,64.0
16600,68.0,816.0,63.7
16601,75.0,900.0,64.6
16602,49.0,588.0,64.5
16603,54.0,648.0,65.6
16604,68.0,816.0,64.3
16605,67.0,804.0,63.9
16606,78.0,936.0,64.4
16607,79.0,948.0,63.8
16608,63.0,756.0,63.8
16609,75.0,900.0,63.2
16610,83.0,996.0,63.8
16611,70.0,840.0,64.0
16612,48.0,576.0,63.7
16613,73.0,876.0,63.9
16614,68.0,816.0,63.9
16615,72.0,864.0,63.1
16616,63.0,756.0,64.5
16617,70.0,840.0,63.8
16618,76.0,912.0,63.2
16619,60.0,720.0,63.4
16620,80.0,960.0,63.5
16621,74.0,888.0,62.8
16622,72.0,864.0,63.4
16623,76.0,912.0,63.1
16624,67.0,804.0,63.2
16625,78.0,936.0,64.3
16626,72.0,864.0,63.9
16627,78.0,936.0,63.8
16628,78.0,936.0,64.2
16629,77.0,924.0,64.6
16630,82.0,984.0,63.7
16631,62.0,744.0,63.6
16632,94.0,1128.0,63.1
16633,70.0,840.0,63.9
16634,77.0,924.0,64.6
16635,66.0,792.0,65.3
16636,63.0,756.0,65.0
16637,71.0,852.0,64.2
16638,73.0,876.0,65.3
16639,50.0,600.0,66.4
16640,69.0,828.0,65.1
16641,58.0,696.0,65.2
16642,69.0,828.0,65.8
16643,63.0,756.0,64.6
16644,61.0,732.0,63.2
16645,61.0,732.0,63.8
16646,64.0,768.0,63.8
16647,59.0,708.0,63.8
16648,68.0,816.0,63.2
16649,56.0,672.0,64.2
16650,49.0,588.0,64.8
16651,65.0,780.0,64.7
16652,50.0,600.0,65.3
16653,51.0,612.0,63.6
16654,65.0,780.0,63.9
16655,40.0,480.0,64.1
16656,58.0,696.0,63.0
16657,62.0,744.0,64.1
16658,48.0,576.0,63.6
16659,54.0,648.0,64.8
16660,47.0,564.0,64.8
16661,64.0,768.0,65.0
16662,41.0,492.0,64.4
16663,44.0,528.0,64.1
16664,54.0,648.0,64.0
16665,52.0,624.0,64.7
16666,56.0,672.0,64.9
16667,36.0,432.0,65.0
16668,49.0,588.0,65.5
16669,30.0,360.0,65.3
16670,46.0,552.0,64.2
16671,70.0,840.0,65.0
16672,55.0,660.0,64.2
16673,62.0,744.0,64.0
16674,57.0,684.0,63.7
16675,55.0,660.0,64.8
16676,50.0,600.0,64.4
16677,46.0,552.0,65.4
16678,48.0,576.0,66.6
16679,50.0,600.0,67.0
16680,43.0,516.0,66.1
16681,42.0,504.0,65.4
16682,44.0,528.0,64.7
16683,54.0,648.0,62.2
16684,49.0,588.0,63.6
16685,49.0,588.0,64.0
16686,41.0,492.0,64.0
16687,39.0,468.0,64.5
16688,60.0,720.0,64.7
16689,43.0,516.0,65.5
16690,38.0,456.0,65.2
16691,42.0,504.0,66.0
16692,30.0,360.0,63.8
16693,37.0,444.0,64.6
16694,32.0,384.0,64.5
16695,44.0,528.0,64.0
16696,37.0,444.0,64.8
16697,34.0,408.0,65.5
16698,26.0,312.0,65.3
16699,25.0,300.0,64.9
16700,25.0,300.0,64.7
16701,23.0,276.0,64.9
16702,30.0,360.0,65.6
16703,28.0,336.0,65.3
16704,24.0,288.0,65.0
16705,28.0,336.0,64.9
16706,22.0,264.0,64.9
16707,20.0,240.0,64.8
16708,20.0,240.0,64.9
16709,20.0,240.0,65.2
16710,14.0,168.0,65.0
16711,14.0,168.0,64.9
16712,14.0,168.0,65.0
16713,17.0,204.0,64.9
16714,12.0,144.0,64.9
16715,22.0,264.0,65.0
16716,14.0,168.0,65.0
16717,6.0,72.0,65.0
16718,15.0,180.0,64.8
16719,6.0,72.0,64.9
16720,11.0,132.0,64.9
16721,12.0,144.0,64.8
16722,4.0,48.0,65.0
16723,5.0,60.0,65.0
16724,8.0,96.0,65.0
16725,7.0,84.0,65.1
16726,3.0,36.0,65.0
16727,7.0,84.0,65.0
16728,8.0,96.0,65.1
16729,10.0,120.0,65.1
16730,8.0,96.0,65.1
16731,7.0,84.0,65.1
16732,11.0,132.0,65.1
16733,5.0,60.0,65.1
16734,3.0,36.0,65.0
16735,4.0,48.0,65.0
16736,4.0,48.0,65.0
16737,0.0,0.0,65.0
16738,5.0,60.0,65.1
16739,1.0,12.0,65.4
16740,4.0,48.0,65.2
16741,6.0,72.0,65.1
16742,5.0,60.0,65.0
16743,3.0,36.0,65.1
16744,5.0,60.0,65.0
16745,2.0,24.0,64.9
16746,2.0,24.0,65.1
16747,1.0,12.0,65.0
16748,4.0,48.0,65.0
16749,0.0,0.0,65.0
16750,3.0,36.0,65.2
16751,0.0,0.0,65.2
16752,0.0,0.0,65.2
16753,3.0,36.0,65.0
16754,0.0,0.0,65.0
16755,1.0,12.0,65.0
16756,2.0,24.0,65.2
16757,2.0,24.0,65.1
16758,1.0,12.0,65.4
16759,2.0,24.0,65.4
16760,2.0,24.0,65.1
16761,0.0,0.0,65.1
16762,2.0,24.0,65.2
16763,2.0,24.0,65.2
16764,0.0,0.0,65.2
16765,3.0,36.0,65.4
16766,1.0,12.0,65.2
16767,1.0,12.0,65.0
16768,4.0,48.0,65.0
16769,2.0,24.0,65.0
16770,0.0,0.0,65.0
16771,1.0,12.0,64.8
16772,1.0,12.0,65.0
16773,6.0,72.0,65.0
16774,2.0,24.0,65.0
16775,1.0,12.0,65.0
16776,3.0,36.0,65.1
16777,3.0,36.0,65.0
16778,2.0,24.0,65.0
16779,5.0,60.0,65.1
16780,4.0,48.0,65.0
16781,11.0,132.0,65.1
16782,6.0,72.0,65.0
16783,5.0,60.0,65.0
16784,9.0,108.0,65.0
16785,13.0,156.0,65.1
16786,11.0,132.0,65.1
16787,2.0,24.0,65.0
16788,9.0,108.0,65.0
16789,8.0,96.0,65.0
16790,10.0,120.0,65.0
16791,10.0,120.0,65.0
16792,10.0,120.0,64.8
16793,6.0,72.0,64.9
16794,16.0,192.0,65.0
16795,12.0,144.0,64.8
16796,13.0,156.0,64.9
16797,17.0,204.0,64.9
16798,19.0,228.0,64.9
16799,16.0,192.0,64.9
16800,14.0,168.0,64.9
16801,11.0,132.0,64.8
16802,24.0,288.0,64.8
16803,19.0,228.0,65.1
16804,20.0,240.0,65.0
16805,30.0,360.0,64.9
16806,21.0,252.0,64.8
16807,26.0,312.0,64.9
16808,22.0,264.0,65.0
16809,34.0,408.0,65.0
16810,27.0,324.0,64.4
16811,21.0,252.0,64.7
16812,20.0,240.0,65.0
16813,30.0,360.0,65.2
16814,23.0,276.0,64.9
16815,35.0,420.0,65.1
16816,36.0,432.0,65.1
16817,27.0,324.0,64.9
16818,38.0,456.0,65.2
16819,33.0,396.0,65.2
16820,39.0,468.0,65.2
16821,33.0,396.0,64.9
16822,39.0,468.0,64.2
16823,39.0,468.0,63.5
16824,38.0,456.0,63.9
16825,46.0,552.0,64.2
16826,51.0,612.0,64.3
16827,39.0,468.0,64.3
16828,45.0,540.0,65.0
16829,53.0,636.0,64.8
16830,46.0,552.0,65.0
16831,44.0,528.0,64.6
16832,47.0,564.0,64.5
16833,48.0,576.0,64.9
16834,46.0,552.0,65.2
16835,49.0,588.0,64.5
16836,56.0,672.0,64.4
16837,53.0,636.0,64.8
16838,52.0,624.0,65.1
16839,66.0,792.0,65.5
16840,47.0,564.0,65.3
16841,53.0,636.0,64.1
16842,44.0,528.0,63.5
16843,46.0,552.0,64.3
16844,47.0,564.0,64.5
16845,50.0,600.0,64.0
16846,64.0,768.0,65.0
16847,45.0,540.0,64.2
16848,47.0,564.0,64.3
16849,59.0,708.0,65.6
16850,55.0,660.0,65.7
16851,60.0,720.0,65.0
16852,47.0,564.0,63.9
16853,41.0,492.0,63.9
16854,69.0,828.0,65.4
16855,44.0,528.0,64.1
16856,57.0,684.0,64.1
16857,58.0,696.0,64.1
16858,48.0,576.0,64.6
16859,42.0,504.0,65.2
16860,63.0,756.0,65.5
16861,49.0,588.0,65.2
16862,58.0,696.0,64.8
16863,57.0,684.0,65.7
16864,63.0,756.0,65.9
16865,55.0,660.0,65.9
16866,43.0,516.0,66.0
16867,56.0,672.0,65.9
16868,63.0,756.0,65.0
16869,41.0,492.0,64.8
16870,64.0,768.0,66.3
16871,50.0,600.0,65.9
16872,76.0,912.0,65.6
16873,42.0,504.0,65.9
16874,61.0,732.0,65.1
16875,58.0,696.0,65.6
16876,60.0,720.0,65.2
16877,63.0,756.0,65.3
16878,57.0,684.0,65.0
16879,45.0,540.0,65.1
16880,58.0,696.0,65.2
16881,58.0,696.0,64.2
16882,65.0,780.0,63.5
16883,57.0,684.0,63.5
16884,44.0,528.0,64.9
16885,53.0,636.0,64.9
16886,63.0,756.0,64.2
16887,46.0,552.0,65.4
16888,68.0,816.0,64.5
16889,67.0,804.0,65.1
16890,61.0,732.0,64.4
16891,56.0,672.0,64.0
16892,50.0,600.0,64.2
16893,64.0,768.0,64.0
16894,56.0,672.0,64.5
16895,65.0,780.0,64.6
16896,57.0,684.0,63.6
16897,52.0,624.0,63.9
16898,50.0,600.0,64.5
16899,66.0,792.0,64.2
16900,65.0,780.0,63.6
16901,63.0,756.0,64.7
16902,64.0,768.0,63.9
16903,58.0,696.0,63.8
16904,55.0,660.0,64.3
16905,58.0,696.0,64.4
16906,62.0,744.0,65.2
16907,68.0,816.0,65.6
16908,59.0,708.0,65.2
16909,53.0,636.0,65.7
16910,56.0,672.0,65.5
16911,63.0,756.0,64.9
16912,56.0,672.0,63.9
16913,45.0,540.0,64.1
16914,48.0,576.0,65.2
16915,48.0,576.0,65.7
16916,67.0,804.0,65.4
16917,45.0,540.0,65.5
16918,48.0,576.0,65.4
16919,58.0,696.0,64.4
16920,56.0,672.0,65.5
16921,51.0,612.0,65.5
16922,60.0,720.0,64.5
16923,53.0,636.0,64.4
16924,58.0,696.0,64.4
16925,51.0,612.0,64.5
16926,43.0,516.0,65.0
16927,59.0,708.0,65.5
16928,46.0,552.0,65.0
16929,53.0,636.0,64.2
16930,50.0,600.0,65.2
16931,51.0,612.0,66.2
16932,48.0,576.0,66.2
16933,60.0,720.0,66.4
16934,54.0,648.0,65.6
16935,59.0,708.0,65.8
16936,57.0,684.0,65.3
16937,63.0,756.0,65.5
16938,50.0,600.0,65.8
16939,51.0,612.0,65.0
16940,52.0,624.0,65.1
16941,40.0,480.0,65.2
16942,51.0,612.0,64.7
16943,62.0,744.0,64.3
16944,49.0,588.0,64.5
16945,53.0,636.0,64.3
16946,58.0,696.0,63.2
16947,66.0,792.0,62.8
16948,48.0,576.0,64.1
16949,44.0,528.0,63.9
16950,58.0,696.0,64.2
16951,64.0,768.0,63.7
16952,43.0,516.0,63.8
16953,38.0,456.0,64.6
16954,49.0,588.0,64.6
16955,41.0,492.0,64.8
16956,45.0,540.0,64.3
16957,36.0,432.0,64.6
16958,37.0,444.0,64.7
16959,36.0,432.0,64.1
16960,32.0,384.0,64.7
16961,33.0,396.0,64.9
16962,33.0,396.0,65.3
16963,35.0,420.0,65.0
16964,38.0,456.0,65.1
16965,24.0,288.0,65.3
16966,30.0,360.0,65.0
16967,24.0,288.0,64.9
16968,24.0,288.0,64.7
16969,30.0,360.0,64.5
16970,32.0,384.0,64.1
16971,23.0,276.0,64.4
16972,23.0,276.0,64.7
16973,29.0,348.0,64.9
16974,20.0,240.0,65.0
16975,18.0,216.0,65.0
16976,20.0,240.0,65.1
16977,13.0,156.0,65.0
16978,19.0,228.0,64.9
16979,12.0,144.0,64.9
16980,17.0,204.0,64.9
16981,13.0,156.0,64.9
16982,9.0,108.0,64.7
16983,11.0,132.0,64.8
16984,13.0,156.0,64.9
16985,18.0,216.0,64.8
16986,5.0,60.0,64.9
16987,5.0,60.0,64.9
16988,12.0,144.0,64.8
16989,10.0,120.0,64.9
16990,7.0,84.0,65.0
16991,9.0,108.0,65.0
16992,10.0,120.0,65.0
16993,3.0,36.0,65.0
16994,7.0,84.0,65.0
16995,5.0,60.0,65.0
16996,8.0,96.0,65.0
16997,1.0,12.0,65.0
16998,1.0,12.0,65.0
16999,7.0,84.0,65.0
17000,3.0,36.0,65.0
17001,3.0,36.0,65.2
17002,3.0,36.0,65.0
17003,3.0,36.0,64.9
17004,3.0,36.0,65.0
17005,3.0,36.0,65.0
17006,2.0,24.0,64.9
17007,3.0,36.0,64.6
17008,2.0,24.0,64.7
17009,3.0,36.0,65.0
17010,4.0,48.0,64.9
17011,4.0,48.0,65.0
17012,4.0,48.0,65.0
17013,1.0,12.0,65.0
17014,1.0,12.0,65.0
17015,0.0,0.0,65.0
17016,3.0,36.0,65.0
17017,3.0,36.0,65.0
17018,3.0,36.0,65.0
17019,2.0,24.0,64.9
17020,1.0,12.0,64.9
17021,3.0,36.0,64.8
17022,1.0,12.0,64.9
17023,1.0,12.0,64.8
17024,0.0,0.0,64.8
17025,2.0,24.0,64.8
17026,1.0,12.0,65.2
17027,1.0,12.0,65.0
17028,0.0,0.0,65.0
17029,0.0,0.0,65.0
17030,2.0,24.0,65.1
17031,2.0,24.0,65.1
17032,4.0,48.0,65.0
17033,3.0,36.0,65.0
17034,1.0,12.0,64.9
17035,3.0,36.0,64.9
17036,5.0,60.0,64.9
17037,5.0,60.0,65.1
17038,3.0,36.0,65.1
17039,5.0,60.0,65.1
17040,4.0,48.0,65.0
17041,2.0,24.0,64.9
17042,2.0,24.0,64.8
17043,2.0,24.0,64.9
17044,5.0,60.0,65.2
17045,7.0,84.0,65.0
17046,10.0,120.0,64.9
17047,11.0,132.0,65.0
17048,9.0,108.0,65.1
17049,19.0,228.0,65.1
17050,7.0,84.0,65.1
17051,4.0,48.0,65.0
17052,13.0,156.0,65.0
17053,10.0,120.0,65.0
17054,9.0,108.0,64.9
17055,14.0,168.0,64.9
17056,13.0,156.0,65.1
17057,15.0,180.0,65.0
17058,15.0,180.0,65.0
17059,12.0,144.0,65.0
17060,28.0,336.0,65.1
17061,25.0,300.0,64.5
17062,23.0,276.0,64.4
17063,24.0,288.0,64.6
17064,15.0,180.0,64.8
17065,19.0,228.0,64.8
17066,27.0,324.0,64.9
17067,24.0,288.0,65.4
17068,17.0,204.0,65.4
17069,28.0,336.0,65.5
17070,23.0,276.0,65.5
17071,27.0,324.0,65.0
17072,39.0,468.0,65.3
17073,37.0,444.0,65.6
17074,48.0,576.0,65.3
17075,44.0,528.0,65.0
17076,38.0,456.0,65.8
17077,72.0,864.0,65.9
17078,56.0,672.0,65.1
17079,63.0,756.0,64.2
17080,67.0,804.0,65.0
17081,61.0,732.0,63.4
17082,75.0,900.0,63.8
17083,57.0,684.0,63.6
17084,88.0,1056.0,60.4
17085,91.0,1092.0,55.8
17086,67.0,804.0,57.6
17087,96.0,1152.0,59.0
17088,61.0,732.0,62.9
17089,60.0,720.0,63.8
17090,65.0,780.0,64.4
17091,62.0,744.0,64.5
17092,58.0,696.0,64.0
17093,61.0,732.0,63.7
17094,63.0,756.0,64.1
17095,68.0,816.0,62.8
17096,55.0,660.0,62.9
17097,79.0,948.0,61.4
17098,52.0,624.0,62.4
17099,52.0,624.0,63.4
17100,51.0,612.0,63.9
17101,51.0,612.0,63.4
17102,36.0,432.0,64.7
17103,34.0,408.0,65.4
17104,38.0,456.0,65.1
17105,31.0,372.0,65.3
17106,36.0,432.0,64.4
17107,36.0,432.0,63.8
17108,32.0,384.0,64.6
17109,46.0,552.0,63.4
17110,53.0,636.0,64.1
17111,39.0,468.0,64.1
17112,31.0,372.0,63.9
17113,29.0,348.0,64.5
17114,36.0,432.0,64.3
17115,46.0,552.0,65.2
17116,33.0,396.0,65.3
17117,36.0,432.0,64.8
17118,50.0,600.0,64.8
17119,38.0,456.0,65.5
17120,37.0,444.0,65.4
17121,34.0,408.0,64.2
17122,32.0,384.0,64.6
17123,29.0,348.0,64.6
17124,34.0,408.0,64.5
17125,44.0,528.0,64.3
17126,25.0,300.0,64.6
17127,37.0,444.0,64.5
17128,34.0,408.0,65.2
17129,34.0,408.0,65.5
17130,49.0,588.0,64.7
17131,42.0,504.0,64.1
17132,42.0,504.0,65.4
17133,45.0,540.0,63.3
17134,38.0,456.0,63.0
17135,29.0,348.0,64.2
17136,48.0,576.0,63.7
17137,46.0,552.0,63.6
17138,42.0,504.0,63.8
17139,41.0,492.0,64.8
17140,33.0,396.0,64.1
17141,51.0,612.0,64.4
17142,45.0,540.0,65.3
17143,47.0,564.0,65.9
17144,46.0,552.0,64.8
17145,53.0,636.0,64.5
17146,43.0,516.0,65.1
17147,42.0,504.0,65.3
17148,43.0,516.0,64.8
17149,42.0,504.0,65.0
17150,39.0,468.0,64.6
17151,49.0,588.0,64.3
17152,38.0,456.0,64.9
17153,45.0,540.0,64.6
17154,45.0,540.0,63.6
17155,47.0,564.0,64.8
17156,46.0,552.0,65.7
17157,43.0,516.0,65.6
17158,44.0,528.0,65.5
17159,47.0,564.0,65.5
17160,43.0,516.0,66.1
17161,61.0,732.0,66.9
17162,57.0,684.0,67.1
17163,73.0,876.0,64.9
17164,69.0,828.0,65.4
17165,49.0,588.0,65.7
17166,53.0,636.0,65.4
17167,68.0,816.0,65.7
17168,70.0,840.0,65.7
17169,76.0,912.0,66.1
17170,77.0,924.0,65.8
17171,64.0,768.0,65.5
17172,78.0,936.0,66.3
17173,60.0,720.0,65.5
17174,84.0,1008.0,65.7
17175,69.0,828.0,65.6
17176,81.0,972.0,65.2
17177,75.0,900.0,66.0
17178,74.0,888.0,67.2
17179,86.0,1032.0,66.6
17180,113.0,1356.0,65.5
17181,64.0,768.0,64.5
17182,76.0,912.0,64.1
17183,87.0,1044.0,63.7
17184,72.0,864.0,59.6
17185,77.0,924.0,59.0
17186,88.0,1056.0,57.9
17187,96.0,1152.0,57.7
17188,76.0,912.0,56.4
17189,70.0,840.0,56.5
17190,82.0,984.0,56.5
17191,86.0,1032.0,57.6
17192,87.0,1044.0,56.7
17193,96.0,1152.0,56.4
17194,87.0,1044.0,55.9
17195,80.0,960.0,56.3
17196,83.0,996.0,54.8
17197,90.0,1080.0,55.3
17198,96.0,1152.0,55.7
17199,93.0,1116.0,55.5
17200,95.0,1140.0,55.4
17201,92.0,1104.0,56.7
17202,89.0,1068.0,57.0
17203,90.0,1080.0,57.6
17204,83.0,996.0,58.1
17205,83.0,996.0,56.9
17206,79.0,948.0,57.6
17207,73.0,876.0,58.1
17208,67.0,804.0,60.3
17209,65.0,780.0,60.0
17210,78.0,936.0,62.1
17211,85.0,1020.0,62.1
17212,70.0,840.0,62.5
17213,59.0,708.0,63.7
17214,60.0,720.0,63.1
17215,42.0,504.0,64.0
17216,45.0,540.0,64.7
17217,52.0,624.0,62.6
17218,43.0,516.0,63.1
17219,45.0,540.0,64.5
17220,42.0,504.0,64.6
17221,39.0,468.0,64.4
17222,37.0,444.0,64.4
17223,42.0,504.0,64.5
17224,39.0,468.0,64.1
17225,46.0,552.0,64.9
17226,41.0,492.0,65.3
17227,47.0,564.0,65.1
17228,31.0,372.0,65.5
17229,35.0,420.0,64.9
17230,33.0,396.0,65.0
17231,34.0,408.0,64.6
17232,42.0,504.0,64.1
17233,35.0,420.0,64.8
17234,37.0,444.0,65.6
17235,32.0,384.0,65.2
17236,39.0,468.0,64.9
17237,37.0,444.0,63.8
17238,37.0,444.0,64.9
17239,22.0,264.0,65.0
17240,30.0,360.0,65.1
17241,26.0,312.0,64.9
17242,18.0,216.0,64.9
17243,17.0,204.0,64.8
17244,18.0,216.0,64.8
17245,47.0,564.0,63.6
17246,15.0,180.0,64.4
17247,46.0,552.0,64.0
17248,33.0,396.0,63.5
17249,78.0,936.0,40.5
17250,119.0,1428.0,34.3
17251,88.0,1056.0,40.2
17252,120.0,1440.0,39.8
17253,91.0,1092.0,41.1
17254,79.0,948.0,42.8
17255,63.0,756.0,44.2
17256,85.0,1020.0,46.0
17257,67.0,804.0,47.5
17258,66.0,792.0,48.1
17259,65.0,780.0,47.7
17260,63.0,756.0,47.7
17261,53.0,636.0,49.2
17262,48.0,576.0,52.2
17263,44.0,528.0,54.5
17264,57.0,684.0,53.7
17265,40.0,480.0,56.8
17266,47.0,564.0,57.5
17267,42.0,504.0,55.0
17268,12.0,144.0,59.5
17269,10.0,120.0,61.4
17270,111.0,1332.0,43.8
17271,110.0,1320.0,32.4
17272,96.0,1152.0,25.4
17273,97.0,1164.0,23.8
17274,99.0,1188.0,23.6
17275,85.0,1020.0,21.9
17276,95.0,1140.0,22.9
17277,90.0,1080.0,21.9
17278,89.0,1068.0,19.3
17279,87.0,1044.0,17.8
17280,90.0,1080.0,16.6
17281,79.0,948.0,18.6
17282,81.0,972.0,18.8
17283,85.0,1020.0,19.4
17284,69.0,828.0,23.9
17285,64.0,768.0,25.3
17286,67.0,804.0,25.1
17287,53.0,636.0,27.1
17288,66.0,792.0,25.8
17289,69.0,828.0,28.2
17290,50.0,600.0,29.3
17291,44.0,528.0,29.4
17292,64.0,768.0,31.0
17293,64.0,768.0,28.0
17294,61.0,732.0,26.6
17295,47.0,564.0,26.5
17296,48.0,576.0,28.3
17297,39.0,468.0,30.8
17298,38.0,456.0,30.2
17299,53.0,636.0,31.3
17300,42.0,504.0,28.2
17301,60.0,720.0,27.7
17302,48.0,576.0,28.2
17303,47.0,564.0,30.0
17304,40.0,480.0,33.4
17305,57.0,684.0,29.0
17306,42.0,504.0,28.7
17307,42.0,504.0,30.1
17308,45.0,540.0,31.1
17309,44.0,528.0,30.0
17310,55.0,660.0,28.2
17311,45.0,540.0,29.9
17312,63.0,756.0,28.3
17313,41.0,492.0,28.2
17314,57.0,684.0,28.9
17315,47.0,564.0,28.4
17316,38.0,456.0,32.8
17317,57.0,684.0,29.4
17318,44.0,528.0,30.3
17319,49.0,588.0,29.4
17320,62.0,744.0,29.4
17321,56.0,672.0,26.7
17322,72.0,864.0,28.0
17323,63.0,756.0,29.9
17324,78.0,936.0,26.1
17325,73.0,876.0,28.3
17326,78.0,936.0,30.5
17327,65.0,780.0,29.4
17328,64.0,768.0,29.2
17329,79.0,948.0,30.1
17330,75.0,900.0,30.1
17331,85.0,1020.0,26.2
17332,107.0,1284.0,21.9
17333,54.0,648.0,24.6
17334,0.0,0.0,24.6
17335,39.0,468.0,42.4
17336,23.0,276.0,53.4
17337,16.0,192.0,59.2
17338,19.0,228.0,61.9
17339,11.0,132.0,63.3
17340,11.0,132.0,64.1
17341,13.0,156.0,64.5
17342,13.0,156.0,64.8
17343,23.0,276.0,64.9
17344,25.0,300.0,64.8
17345,21.0,252.0,64.8
17346,34.0,408.0,64.8
17347,23.0,276.0,64.7
17348,23.0,276.0,64.4
17349,34.0,408.0,64.4
17350,27.0,324.0,64.2
17351,26.0,312.0,64.1
17352,31.0,372.0,64.1
17353,22.0,264.0,64.1
17354,21.0,252.0,64.7
17355,26.0,312.0,64.7
17356,26.0,312.0,64.9
17357,33.0,396.0,65.1
17358,30.0,360.0,65.1
17359,60.0,720.0,63.7
17360,95.0,1140.0,58.3
17361,89.0,1068.0,56.7
17362,107.0,1284.0,57.6
17363,97.0,1164.0,54.5
17364,105.0,1260.0,55.7
17365,74.0,888.0,54.1
17366,113.0,1356.0,52.2
17367,100.0,1200.0,53.6
17368,92.0,1104.0,55.4
17369,97.0,1164.0,55.6
17370,76.0,912.0,58.5
17371,97.0,1164.0,55.5
17372,106.0,1272.0,54.7
17373,99.0,1188.0,53.8
17374,103.0,1236.0,53.5
17375,98.0,1176.0,51.8
17376,87.0,1044.0,55.7
17377,83.0,996.0,57.5
17378,61.0,732.0,56.3
17379,83.0,996.0,56.2
17380,55.0,660.0,58.7
17381,86.0,1032.0,59.3
17382,77.0,924.0,55.6
17383,85.0,1020.0,52.6
17384,90.0,1080.0,50.2
17385,94.0,1128.0,48.1
17386,85.0,1020.0,48.9
17387,74.0,888.0,48.9
17388,72.0,864.0,53.5
17389,37.0,444.0,59.0
17390,43.0,516.0,60.9
17391,66.0,792.0,60.6
17392,64.0,768.0,60.4
17393,59.0,708.0,61.9
17394,63.0,756.0,60.4
17395,57.0,684.0,60.7
17396,59.0,708.0,60.7
17397,59.0,708.0,61.9
17398,73.0,876.0,60.1
17399,73.0,876.0,61.3
17400,56.0,672.0,60.2
17401,82.0,984.0,59.5
17402,49.0,588.0,61.3
17403,37.0,444.0,62.7
17404,50.0,600.0,61.6
17405,58.0,696.0,61.9
17406,50.0,600.0,62.7
17407,47.0,564.0,63.0
17408,48.0,576.0,62.3
17409,61.0,732.0,62.6
17410,48.0,576.0,64.0
17411,44.0,528.0,64.1
17412,56.0,672.0,62.4
17413,53.0,636.0,63.3
17414,39.0,468.0,64.1
17415,53.0,636.0,64.7
17416,45.0,540.0,64.8
17417,42.0,504.0,65.2
17418,50.0,600.0,65.2
17419,40.0,480.0,65.3
17420,55.0,660.0,64.2
17421,42.0,504.0,64.1
17422,43.0,516.0,64.5
17423,40.0,480.0,65.3
17424,44.0,528.0,63.8
17425,26.0,312.0,65.2
17426,30.0,360.0,64.7
17427,42.0,504.0,65.8
17428,46.0,552.0,64.7
17429,42.0,504.0,64.7
17430,47.0,564.0,65.1
17431,42.0,504.0,64.9
17432,47.0,564.0,64.3
17433,56.0,672.0,65.6
17434,55.0,660.0,65.0
17435,50.0,600.0,66.0
17436,38.0,456.0,65.3
17437,42.0,504.0,65.8
17438,43.0,516.0,65.7
17439,52.0,624.0,65.5
17440,41.0,492.0,65.8
17441,44.0,528.0,66.4
17442,54.0,648.0,65.7
17443,58.0,696.0,65.4
17444,66.0,792.0,66.8
17445,42.0,504.0,66.2
17446,46.0,552.0,64.5
17447,60.0,720.0,64.3
17448,50.0,600.0,65.0
17449,52.0,624.0,64.7
17450,52.0,624.0,64.1
17451,60.0,720.0,64.5
17452,47.0,564.0,65.2
17453,71.0,852.0,65.2
17454,61.0,732.0,65.5
17455,60.0,720.0,67.0
17456,50.0,600.0,66.3
17457,72.0,864.0,66.8
17458,62.0,744.0,66.9
17459,72.0,864.0,66.7
17460,64.0,768.0,62.2
17461,74.0,888.0,61.0
17462,63.0,756.0,61.1
17463,86.0,1032.0,59.4
17464,70.0,840.0,59.6
17465,78.0,936.0,60.2
17466,65.0,780.0,59.6
17467,65.0,780.0,60.2
17468,66.0,792.0,60.5
17469,96.0,1152.0,59.1
17470,83.0,996.0,58.1
17471,76.0,912.0,59.2
17472,76.0,912.0,57.1
17473,87.0,1044.0,56.9
17474,96.0,1152.0,56.9
17475,82.0,984.0,57.9
17476,85.0,1020.0,57.7
17477,85.0,1020.0,55.8
17478,89.0,1068.0,55.5
17479,82.0,984.0,55.4
17480,78.0,936.0,53.8
17481,85.0,1020.0,54.8
17482,92.0,1104.0,54.5
17483,93.0,1116.0,55.8
17484,94.0,1128.0,55.6
17485,92.0,1104.0,55.1
17486,107.0,1284.0,56.4
17487,85.0,1020.0,55.6
17488,81.0,972.0,54.8
17489,96.0,1152.0,56.3
17490,90.0,1080.0,56.7
17491,95.0,1140.0,56.5
17492,94.0,1128.0,56.7
17493,78.0,936.0,58.2
17494,84.0,1008.0,58.7
17495,60.0,720.0,60.0
17496,76.0,912.0,61.2
17497,68.0,816.0,61.0
17498,71.0,852.0,62.2
17499,67.0,804.0,63.0
17500,72.0,864.0,63.2
17501,62.0,744.0,61.8
17502,53.0,636.0,62.8
17503,47.0,564.0,64.0
17504,50.0,600.0,63.7
17505,48.0,576.0,64.5
17506,51.0,612.0,63.3
17507,59.0,708.0,65.4
17508,55.0,660.0,65.3
17509,32.0,384.0,65.3
17510,49.0,588.0,64.5
17511,61.0,732.0,65.7
17512,45.0,540.0,64.4
17513,47.0,564.0,63.9
17514,43.0,516.0,63.4
17515,55.0,660.0,63.8
17516,41.0,492.0,65.0
17517,33.0,396.0,64.7
17518,33.0,396.0,64.5
17519,26.0,312.0,64.5
17520,29.0,348.0,64.1
17521,35.0,420.0,63.5
17522,42.0,504.0,62.9
17523,46.0,552.0,62.8
17524,44.0,528.0,62.3
17525,39.0,468.0,63.2
17526,35.0,420.0,63.8
17527,45.0,540.0,63.2
17528,31.0,372.0,63.5
17529,36.0,432.0,64.0
17530,27.0,324.0,64.5
17531,34.0,408.0,63.0
17532,14.0,168.0,63.7
17533,0.0,0.0,63.7
17534,0.0,0.0,63.7
17535,43.0,516.0,42.6
17536,97.0,1164.0,30.3
17537,106.0,1272.0,28.7
17538,109.0,1308.0,27.0
17539,116.0,1392.0,28.2
17540,101.0,1212.0,25.4
17541,104.0,1248.0,22.2
17542,99.0,1188.0,19.3
17543,95.0,1140.0,19.5
17544,110.0,1320.0,19.1
17545,97.0,1164.0,17.8
17546,103.0,1236.0,20.1
17547,95.0,1140.0,21.1
17548,70.0,840.0,29.0
17549,81.0,972.0,35.4
17550,63.0,756.0,41.3
17551,70.0,840.0,40.4
17552,9.0,108.0,52.0
17553,54.0,648.0,42.2
17554,105.0,1260.0,32.0
17555,109.0,1308.0,27.0
17556,73.0,876.0,28.0
17557,40.0,480.0,41.5
17558,42.0,504.0,49.1
17559,45.0,540.0,48.2
17560,31.0,372.0,49.7
17561,22.0,264.0,55.5
17562,0.0,0.0,55.5
17563,74.0,888.0,37.3
17564,106.0,1272.0,30.4
17565,104.0,1248.0,28.4
17566,106.0,1272.0,29.9
17567,101.0,1212.0,29.1
17568,97.0,1164.0,24.3
17569,92.0,1104.0,24.7
17570,78.0,936.0,26.5
17571,62.0,744.0,31.0
17572,55.0,660.0,32.0
17573,82.0,984.0,31.6
17574,57.0,684.0,32.5
17575,61.0,732.0,32.3
17576,64.0,768.0,33.2
17577,44.0,528.0,33.8
17578,42.0,504.0,35.5
17579,59.0,708.0,35.3
17580,56.0,672.0,33.5
17581,38.0,456.0,34.0
17582,51.0,612.0,35.0
17583,51.0,612.0,33.9
17584,40.0,480.0,31.6
17585,47.0,564.0,31.6
17586,55.0,660.0,30.3
17587,49.0,588.0,33.7
17588,55.0,660.0,33.8
17589,44.0,528.0,31.2
17590,60.0,720.0,30.4
17591,58.0,696.0,31.4
17592,50.0,600.0,28.4
17593,42.0,504.0,30.6
17594,61.0,732.0,31.0
17595,51.0,612.0,29.2
17596,53.0,636.0,29.5
17597,49.0,588.0,31.0
17598,49.0,588.0,29.9
17599,47.0,564.0,30.8
17600,48.0,576.0,32.2
17601,64.0,768.0,29.5
17602,56.0,672.0,31.0
17603,57.0,684.0,31.6
17604,43.0,516.0,28.7
17605,47.0,564.0,28.7
17606,48.0,576.0,28.8
17607,52.0,624.0,29.1
17608,56.0,672.0,30.1
17609,65.0,780.0,29.5
17610,76.0,912.0,32.7
17611,65.0,780.0,32.4
17612,82.0,984.0,29.3
17613,82.0,984.0,31.9
17614,78.0,936.0,29.7
17615,72.0,864.0,27.6
17616,75.0,900.0,27.8
17617,68.0,816.0,26.8
17618,74.0,888.0,28.4
17619,91.0,1092.0,28.3
17620,99.0,1188.0,28.0
17621,60.0,720.0,23.3
17622,9.0,108.0,44.0
17623,32.0,384.0,53.6
17624,22.0,264.0,59.3
17625,15.0,180.0,62.2
17626,21.0,252.0,63.3
17627,9.0,108.0,64.2
17628,10.0,120.0,64.5
17629,13.0,156.0,64.6
17630,11.0,132.0,64.8
17631,24.0,288.0,64.8
17632,16.0,192.0,64.8
17633,14.0,168.0,64.7
17634,20.0,240.0,64.8
17635,17.0,204.0,64.9
17636,25.0,300.0,65.1
17637,28.0,336.0,65.2
17638,41.0,492.0,64.8
17639,23.0,276.0,64.9
17640,21.0,252.0,64.8
17641,24.0,288.0,64.7
17642,28.0,336.0,64.5
17643,42.0,504.0,66.7
17644,29.0,348.0,65.7
17645,29.0,348.0,65.0
17646,38.0,456.0,64.7
17647,39.0,468.0,64.3
17648,47.0,564.0,64.5
17649,68.0,816.0,63.0
17650,61.0,732.0,63.9
17651,66.0,792.0,65.3
17652,53.0,636.0,65.6
17653,69.0,828.0,64.3
17654,76.0,912.0,63.3
17655,73.0,876.0,65.1
17656,72.0,864.0,63.3
17657,71.0,852.0,62.7
17658,70.0,840.0,61.5
17659,97.0,1164.0,59.9
17660,81.0,972.0,60.5
17661,87.0,1044.0,62.4
17662,89.0,1068.0,62.4
17663,73.0,876.0,62.4
17664,60.0,720.0,63.7
17665,57.0,684.0,63.0
17666,64.0,768.0,62.4
17667,74.0,888.0,62.6
17668,54.0,648.0,63.9
17669,56.0,672.0,63.8
17670,62.0,744.0,62.0
17671,70.0,840.0,61.9
17672,78.0,936.0,62.1
17673,74.0,888.0,61.4
17674,63.0,756.0,60.6
17675,62.0,744.0,59.6
17676,64.0,768.0,59.9
17677,46.0,552.0,61.1
17678,33.0,396.0,63.0
17679,39.0,468.0,63.5
17680,31.0,372.0,63.1
17681,43.0,516.0,63.6
17682,31.0,372.0,64.4
17683,43.0,516.0,63.7
17684,34.0,408.0,63.7
17685,43.0,516.0,63.2
17686,43.0,516.0,63.7
17687,49.0,588.0,63.1
17688,35.0,420.0,64.1
17689,34.0,408.0,64.6
17690,28.0,336.0,64.3
17691,29.0,348.0,65.0
17692,44.0,528.0,64.2
17693,40.0,480.0,64.2
17694,33.0,396.0,64.6
17695,37.0,444.0,64.8
17696,44.0,528.0,63.9
17697,47.0,564.0,64.8
17698,43.0,516.0,63.3
17699,50.0,600.0,64.3
17700,38.0,456.0,63.8
17701,34.0,408.0,64.1
17702,42.0,504.0,64.6
17703,37.0,444.0,63.4
17704,29.0,348.0,63.9
17705,49.0,588.0,64.4
17706,48.0,576.0,64.8
17707,36.0,432.0,65.0
17708,33.0,396.0,64.6
17709,41.0,492.0,65.0
17710,45.0,540.0,64.8
17711,45.0,540.0,64.9
17712,41.0,492.0,65.2
17713,36.0,432.0,64.8
17714,41.0,492.0,64.7
17715,46.0,552.0,64.1
17716,41.0,492.0,63.3
17717,49.0,588.0,64.3
17718,33.0,396.0,64.8
17719,37.0,444.0,65.5
17720,62.0,744.0,65.6
17721,47.0,564.0,65.1
17722,34.0,408.0,65.7
17723,42.0,504.0,65.1
17724,44.0,528.0,65.4
17725,55.0,660.0,63.1
17726,47.0,564.0,65.1
17727,43.0,516.0,65.6
17728,47.0,564.0,66.1
17729,54.0,648.0,65.2
17730,54.0,648.0,65.0
17731,38.0,456.0,65.9
17732,44.0,528.0,65.9
17733,56.0,672.0,65.5
17734,46.0,552.0,65.1
17735,48.0,576.0,65.1
17736,59.0,708.0,63.9
17737,59.0,708.0,63.7
17738,63.0,756.0,63.7
17739,68.0,816.0,64.8
17740,55.0,660.0,64.9
17741,59.0,708.0,65.2
17742,59.0,708.0,65.7
17743,72.0,864.0,65.6
17744,70.0,840.0,64.2
17745,79.0,948.0,63.1
17746,73.0,876.0,62.9
17747,86.0,1032.0,63.1
17748,66.0,792.0,64.4
17749,76.0,912.0,63.1
17750,80.0,960.0,62.6
17751,90.0,1080.0,62.8
17752,95.0,1140.0,63.4
17753,78.0,936.0,64.2
17754,100.0,1200.0,64.0
17755,94.0,1128.0,63.3
17756,101.0,1212.0,62.2
17757,92.0,1104.0,63.0
17758,60.0,720.0,64.2
17759,76.0,912.0,63.7
17760,76.0,912.0,65.0
17761,83.0,996.0,64.5
17762,70.0,840.0,62.8
17763,98.0,1176.0,62.9
17764,77.0,924.0,61.9
17765,92.0,1104.0,61.9
17766,88.0,1056.0,62.7
17767,71.0,852.0,62.6
17768,89.0,1068.0,62.7
17769,97.0,1164.0,63.5
17770,86.0,1032.0,62.3
17771,94.0,1128.0,62.9
17772,76.0,912.0,62.8
17773,88.0,1056.0,62.7
17774,105.0,1260.0,63.8
17775,93.0,1116.0,64.6
17776,103.0,1236.0,63.4
17777,91.0,1092.0,62.9
17778,87.0,1044.0,63.5
17779,85.0,1020.0,64.4
17780,95.0,1140.0,64.5
17781,90.0,1080.0,64.8
17782,73.0,876.0,64.7
17783,91.0,1092.0,64.6
17784,74.0,888.0,62.0
17785,69.0,828.0,61.2
17786,72.0,864.0,61.4
17787,78.0,936.0,61.9
17788,85.0,1020.0,60.8
17789,78.0,936.0,61.0
17790,63.0,756.0,62.5
17791,81.0,972.0,63.2
17792,65.0,780.0,62.2
17793,54.0,648.0,64.7
17794,62.0,744.0,65.0
17795,53.0,636.0,65.4
17796,61.0,732.0,64.6
17797,55.0,660.0,64.3
17798,48.0,576.0,65.0
17799,64.0,768.0,64.3
17800,44.0,528.0,64.8
17801,47.0,564.0,65.8
17802,41.0,492.0,65.3
17803,40.0,480.0,65.3
17804,46.0,552.0,64.9
17805,42.0,504.0,65.5
17806,38.0,456.0,65.1
17807,49.0,588.0,64.0
17808,38.0,456.0,63.9
17809,44.0,528.0,63.9
17810,40.0,480.0,62.7
17811,41.0,492.0,63.1
17812,34.0,408.0,64.0
17813,39.0,468.0,63.7
17814,36.0,432.0,64.3
17815,46.0,552.0,63.6
17816,27.0,324.0,64.3
17817,50.0,600.0,63.4
17818,37.0,444.0,63.1
17819,37.0,444.0,63.3
17820,4.0,48.0,64.1
17821,0.0,0.0,64.1
17822,36.0,432.0,45.9
17823,128.0,1536.0,40.2
17824,106.0,1272.0,39.2
17825,107.0,1284.0,39.9
17826,105.0,1260.0,39.4
17827,108.0,1296.0,38.7
17828,112.0,1344.0,37.9
17829,104.0,1248.0,39.2
17830,80.0,960.0,40.7
17831,95.0,1140.0,42.2
17832,92.0,1104.0,38.2
17833,93.0,1116.0,40.7
17834,34.0,408.0,48.7
17835,0.0,0.0,48.7
17836,62.0,744.0,36.8
17837,104.0,1248.0,31.8
17838,113.0,1356.0,28.5
17839,103.0,1236.0,27.9
17840,114.0,1368.0,30.0
17841,110.0,1320.0,27.7
17842,107.0,1284.0,28.8
17843,112.0,1344.0,29.2
17844,109.0,1308.0,27.2
17845,107.0,1284.0,27.8
17846,104.0,1248.0,25.9
17847,103.0,1236.0,21.3
17848,104.0,1248.0,26.0
17849,105.0,1260.0,28.8
17850,101.0,1212.0,26.3
17851,105.0,1260.0,23.5
17852,103.0,1236.0,24.2
17853,87.0,1044.0,22.7
17854,97.0,1164.0,26.1
17855,91.0,1092.0,26.6
