time_step,flow_5min,flow_hour,speed_kmh
0,44.0,528.0,68.4
1,26.0,312.0,69.1
2,55.0,660.0,65.4
3,52.0,624.0,68.9
4,39.0,468.0,67.6
5,45.0,540.0,66.7
6,60.0,720.0,66.0
7,38.0,456.0,68.3
8,36.0,432.0,68.5
9,43.0,516.0,68.1
10,56.0,672.0,68.3
11,54.0,648.0,68.5
12,49.0,588.0,70.5
13,37.0,444.0,66.4
14,34.0,408.0,65.0
15,54.0,648.0,65.6
16,39.0,468.0,64.6
17,42.0,504.0,65.6
18,40.0,480.0,66.2
19,36.0,432.0,66.1
20,53.0,636.0,64.9
21,38.0,456.0,63.3
22,42.0,504.0,64.9
23,26.0,312.0,65.8
24,30.0,360.0,65.0
25,34.0,408.0,57.9
26,29.0,348.0,61.5
27,38.0,456.0,61.2
28,42.0,504.0,63.7
29,56.0,672.0,56.9
30,49.0,588.0,60.1
31,51.0,612.0,59.9
32,53.0,636.0,55.7
33,45.0,540.0,57.8
34,50.0,600.0,53.0
35,51.0,612.0,51.8
36,52.0,624.0,53.1
37,44.0,528.0,59.9
38,39.0,468.0,61.3
39,57.0,684.0,52.8
40,53.0,636.0,58.8
41,60.0,720.0,57.4
42,67.0,804.0,64.4
43,56.0,672.0,61.6
44,63.0,756.0,61.7
45,67.0,804.0,62.5
46,64.0,768.0,65.0
47,60.0,720.0,65.1
48,79.0,948.0,62.2
49,70.0,840.0,61.3
50,99.0,1188.0,64.7
51,103.0,1236.0,61.5
52,79.0,948.0,62.3
53,94.0,1128.0,63.3
54,95.0,1140.0,64.4
55,83.0,996.0,64.2
56,98.0,1176.0,65.0
57,91.0,1092.0,64.3
58,97.0,1164.0,66.3
59,78.0,936.0,68.4
60,102.0,1224.0,64.1
61,107.0,1284.0,66.2
62,82.0,984.0,63.7
63,105.0,1260.0,62.0
64,116.0,1392.0,60.8
65,108.0,1296.0,64.8
66,108.0,1296.0,61.0
67,107.0,1284.0,63.4
68,116.0,1392.0,67.2
69,103.0,1236.0,67.5
70,90.0,1080.0,71.2
71,123.0,1476.0,73.3
72,161.0,1932.0,71.4
73,108.0,1296.0,70.1
74,137.0,1644.0,68.4
75,140.0,1680.0,69.3
76,139.0,1668.0,71.6
77,138.0,1656.0,67.6
78,156.0,1872.0,65.0
79,171.0,2052.0,68.8
80,146.0,1752.0,69.2
81,157.0,1884.0,68.6
82,144.0,1728.0,69.1
83,164.0,1968.0,70.1
84,154.0,1848.0,66.6
85,159.0,1908.0,62.3
86,154.0,1848.0,59.4
87,191.0,2292.0,59.3
88,172.0,2064.0,60.0
89,154.0,1848.0,63.9
90,191.0,2292.0,63.4
91,156.0,1872.0,68.4
92,168.0,2016.0,68.9
93,167.0,2004.0,69.9
94,166.0,1992.0,63.9
95,168.0,2016.0,63.6
96,149.0,1788.0,57.6
97,156.0,1872.0,57.4
98,168.0,2016.0,57.5
99,177.0,2124.0,58.8
100,166.0,1992.0,57.5
101,169.0,2028.0,50.7
102,173.0,2076.0,51.7
103,193.0,2316.0,55.0
104,152.0,1824.0,52.7
105,173.0,2076.0,52.2
106,177.0,2124.0,53.4
107,176.0,2112.0,53.8
108,182.0,2184.0,53.1
109,151.0,1812.0,56.3
110,197.0,2364.0,57.5
111,199.0,2388.0,57.3
112,161.0,1932.0,57.2
113,181.0,2172.0,58.6
114,175.0,2100.0,52.6
115,201.0,2412.0,54.0
116,209.0,2508.0,51.7
117,181.0,2172.0,49.2
118,196.0,2352.0,49.9
119,184.0,2208.0,53.6
120,184.0,2208.0,53.3
121,164.0,1968.0,56.3
122,183.0,2196.0,58.1
123,160.0,1920.0,59.9
124,175.0,2100.0,54.0
125,181.0,2172.0,48.1
126,176.0,2112.0,50.1
127,191.0,2292.0,50.6
128,190.0,2280.0,51.4
129,176.0,2112.0,52.0
130,175.0,2100.0,47.6
131,171.0,2052.0,46.2
132,199.0,2388.0,48.3
133,189.0,2268.0,49.2
134,185.0,2220.0,50.4
135,181.0,2172.0,53.9
136,198.0,2376.0,54.1
137,187.0,2244.0,52.5
138,184.0,2208.0,46.5
139,200.0,2400.0,48.0
140,191.0,2292.0,46.1
141,191.0,2292.0,48.9
142,164.0,1968.0,49.6
143,204.0,2448.0,50.0
144,186.0,2232.0,49.6
145,179.0,2148.0,49.9
146,191.0,2292.0,54.2
147,194.0,2328.0,51.4
148,176.0,2112.0,46.7
149,189.0,2268.0,46.7
150,184.0,2208.0,46.5
151,190.0,2280.0,49.1
152,194.0,2328.0,54.2
153,214.0,2568.0,53.6
154,195.0,2340.0,53.9
155,224.0,2688.0,54.5
156,189.0,2268.0,57.2
157,187.0,2244.0,56.4
158,194.0,2328.0,54.9
159,165.0,1980.0,47.1
160,174.0,2088.0,48.3
161,187.0,2244.0,50.0
162,196.0,2352.0,48.1
163,187.0,2244.0,48.3
164,170.0,2040.0,50.1
165,177.0,2124.0,50.7
166,171.0,2052.0,49.3
167,207.0,2484.0,54.2
168,176.0,2112.0,53.6
169,176.0,2112.0,55.4
170,183.0,2196.0,57.8
171,186.0,2232.0,57.4
172,163.0,1956.0,54.9
173,189.0,2268.0,54.1
174,190.0,2280.0,53.9
175,187.0,2244.0,48.8
176,180.0,2160.0,55.2
177,178.0,2136.0,54.5
178,176.0,2112.0,52.0
179,181.0,2172.0,52.4
180,182.0,2184.0,49.7
181,190.0,2280.0,47.9
182,187.0,2244.0,48.9
183,183.0,2196.0,45.9
184,200.0,2400.0,46.8
185,191.0,2292.0,48.8
186,180.0,2160.0,46.1
187,209.0,2508.0,49.1
188,206.0,2472.0,50.6
189,207.0,2484.0,54.8
190,219.0,2628.0,58.6
191,182.0,2184.0,56.2
192,207.0,2484.0,57.4
193,201.0,2412.0,60.0
194,194.0,2328.0,60.2
195,217.0,2604.0,58.2
196,200.0,2400.0,59.0
197,193.0,2316.0,54.6
198,194.0,2328.0,56.9
199,203.0,2436.0,50.5
200,172.0,2064.0,52.8
201,217.0,2604.0,55.9
202,201.0,2412.0,55.7
203,212.0,2544.0,55.2
204,224.0,2688.0,56.2
205,191.0,2292.0,58.2
206,207.0,2484.0,56.5
207,164.0,1968.0,59.0
208,195.0,2340.0,57.7
209,194.0,2328.0,55.9
210,194.0,2328.0,59.9
211,188.0,2256.0,53.7
212,182.0,2184.0,50.7
213,191.0,2292.0,47.2
214,199.0,2388.0,55.1
215,191.0,2292.0,51.4
216,172.0,2064.0,51.1
217,178.0,2136.0,50.3
218,193.0,2316.0,54.0
219,189.0,2268.0,52.4
220,154.0,1848.0,51.0
221,179.0,2148.0,54.3
222,185.0,2220.0,57.0
223,179.0,2148.0,57.2
224,185.0,2220.0,54.4
225,184.0,2208.0,52.5
226,144.0,1728.0,57.4
227,183.0,2196.0,56.9
228,157.0,1884.0,54.3
229,155.0,1860.0,53.0
230,138.0,1656.0,54.6
231,144.0,1728.0,55.1
232,139.0,1668.0,58.4
233,169.0,2028.0,61.8
234,166.0,1992.0,56.9
235,149.0,1788.0,57.7
236,173.0,2076.0,59.5
237,170.0,2040.0,54.7
238,147.0,1764.0,57.9
239,124.0,1488.0,59.6
240,137.0,1644.0,58.5
241,143.0,1716.0,62.9
242,136.0,1632.0,64.8
243,129.0,1548.0,66.1
244,146.0,1752.0,69.2
245,122.0,1464.0,67.4
246,119.0,1428.0,66.5
247,134.0,1608.0,61.7
248,140.0,1680.0,53.3
249,149.0,1788.0,57.3
250,133.0,1596.0,58.9
251,109.0,1308.0,57.9
252,136.0,1632.0,62.3
253,111.0,1332.0,58.8
254,139.0,1668.0,58.2
255,128.0,1536.0,60.3
256,155.0,1860.0,64.1
257,128.0,1536.0,63.9
258,111.0,1332.0,61.3
259,127.0,1524.0,61.0
260,141.0,1692.0,61.8
261,110.0,1320.0,63.9
262,107.0,1284.0,65.6
263,127.0,1524.0,67.1
264,115.0,1380.0,60.9
265,115.0,1380.0,64.4
266,114.0,1368.0,63.1
267,124.0,1488.0,62.7
268,127.0,1524.0,60.4
269,89.0,1068.0,62.2
270,119.0,1428.0,66.4
271,95.0,1140.0,71.0
272,93.0,1116.0,68.0
273,98.0,1176.0,66.8
274,92.0,1104.0,65.3
275,75.0,900.0,66.9
276,100.0,1200.0,63.4
277,106.0,1272.0,64.8
278,76.0,912.0,67.4
279,76.0,912.0,67.7
280,83.0,996.0,65.5
281,105.0,1260.0,64.6
282,84.0,1008.0,67.2
283,84.0,1008.0,66.9
284,85.0,1020.0,65.3
285,69.0,828.0,62.9
286,67.0,804.0,64.0
287,75.0,900.0,65.0
288,81.0,972.0,68.6
289,79.0,948.0,67.8
290,64.0,768.0,62.4
291,69.0,828.0,62.4
292,55.0,660.0,59.8
293,70.0,840.0,55.2
294,53.0,636.0,57.5
295,44.0,528.0,61.1
296,43.0,516.0,62.9
297,66.0,792.0,66.4
298,62.0,744.0,63.0
299,45.0,540.0,64.5
300,50.0,600.0,65.4
301,50.0,600.0,64.9
302,54.0,648.0,63.1
303,36.0,432.0,63.8
304,43.0,516.0,63.6
305,57.0,684.0,59.0
306,44.0,528.0,64.0
307,48.0,576.0,60.8
308,40.0,480.0,65.0
309,42.0,504.0,62.8
310,47.0,564.0,60.3
311,46.0,552.0,63.7
312,49.0,588.0,65.0
313,51.0,612.0,62.2
314,46.0,552.0,61.6
315,45.0,540.0,57.3
316,39.0,468.0,61.5
317,42.0,504.0,62.1
318,46.0,552.0,64.3
319,48.0,576.0,63.3
320,47.0,564.0,66.3
321,38.0,456.0,63.3
322,28.0,336.0,65.7
323,42.0,504.0,64.4
324,41.0,492.0,64.4
325,39.0,468.0,57.9
326,30.0,360.0,63.1
327,46.0,552.0,63.0
328,36.0,432.0,65.6
329,53.0,636.0,61.7
330,40.0,480.0,64.6
331,48.0,576.0,62.1
332,37.0,444.0,62.0
333,37.0,444.0,64.1
334,38.0,456.0,64.2
335,54.0,648.0,61.8
336,45.0,540.0,64.5
337,39.0,468.0,63.9
338,39.0,468.0,61.5
339,39.0,468.0,63.1
340,38.0,456.0,68.1
341,40.0,480.0,53.3
342,56.0,672.0,53.1
343,60.0,720.0,49.6
344,42.0,504.0,59.0
345,55.0,660.0,61.0
346,47.0,564.0,61.1
347,42.0,504.0,62.0
348,41.0,492.0,63.5
349,70.0,840.0,61.7
350,53.0,636.0,61.6
351,48.0,576.0,61.9
352,58.0,696.0,63.2
353,49.0,588.0,60.4
354,60.0,720.0,61.2
355,65.0,780.0,62.8
356,74.0,888.0,60.4
357,75.0,900.0,63.9
358,73.0,876.0,64.9
359,79.0,948.0,67.9
360,84.0,1008.0,63.8
361,73.0,876.0,63.8
362,72.0,864.0,59.2
363,74.0,888.0,57.8
364,69.0,828.0,52.9
365,88.0,1056.0,54.0
366,94.0,1128.0,56.3
367,76.0,912.0,58.5
368,87.0,1044.0,60.8
369,107.0,1284.0,59.5
370,96.0,1152.0,58.1
371,113.0,1356.0,56.9
372,99.0,1188.0,58.9
373,79.0,948.0,65.1
374,97.0,1164.0,62.1
375,111.0,1332.0,63.6
376,109.0,1308.0,62.4
377,123.0,1476.0,65.8
378,111.0,1332.0,63.3
379,126.0,1512.0,68.5
380,128.0,1536.0,67.7
381,147.0,1764.0,66.2
382,125.0,1500.0,62.3
383,121.0,1452.0,63.4
384,120.0,1440.0,66.3
385,104.0,1248.0,64.3
386,124.0,1488.0,60.6
387,134.0,1608.0,60.6
388,141.0,1692.0,61.0
389,155.0,1860.0,56.4
390,147.0,1764.0,57.0
391,142.0,1704.0,59.3
392,135.0,1620.0,58.3
393,157.0,1884.0,56.8
394,147.0,1764.0,52.0
395,164.0,1968.0,54.1
396,181.0,2172.0,56.0
397,163.0,1956.0,57.6
398,146.0,1752.0,61.0
399,163.0,1956.0,53.2
400,139.0,1668.0,56.7
401,171.0,2052.0,57.0
402,164.0,1968.0,56.6
403,170.0,2040.0,58.8
404,189.0,2268.0,57.5
405,175.0,2100.0,58.1
406,162.0,1944.0,55.7
407,193.0,2316.0,49.8
408,173.0,2076.0,50.0
409,184.0,2208.0,52.0
410,185.0,2220.0,50.9
411,197.0,2364.0,52.8
412,175.0,2100.0,51.6
413,198.0,2376.0,53.3
414,178.0,2136.0,48.0
415,183.0,2196.0,52.6
416,175.0,2100.0,49.3
417,174.0,2088.0,48.9
418,186.0,2232.0,54.5
419,198.0,2376.0,52.6
420,204.0,2448.0,51.3
421,205.0,2460.0,50.5
422,200.0,2400.0,47.6
423,211.0,2532.0,44.7
424,197.0,2364.0,40.2
425,177.0,2124.0,45.9
426,181.0,2172.0,51.9
427,199.0,2388.0,49.6
428,161.0,1932.0,50.1
429,182.0,2184.0,45.5
430,168.0,2016.0,48.8
431,159.0,1908.0,48.5
432,167.0,2004.0,51.9
433,185.0,2220.0,53.6
434,192.0,2304.0,54.2
435,190.0,2280.0,54.0
436,151.0,1812.0,46.5
437,211.0,2532.0,45.4
438,172.0,2064.0,45.7
439,190.0,2280.0,48.9
440,195.0,2340.0,51.5
441,183.0,2196.0,52.6
442,182.0,2184.0,53.7
443,191.0,2292.0,54.7
444,156.0,1872.0,55.9
445,195.0,2340.0,56.6
446,177.0,2124.0,55.2
447,175.0,2100.0,51.4
448,198.0,2376.0,53.9
449,188.0,2256.0,56.4
450,180.0,2160.0,51.2
451,183.0,2196.0,47.9
452,181.0,2172.0,49.1
453,191.0,2292.0,47.6
454,162.0,1944.0,50.7
455,197.0,2364.0,52.3
456,172.0,2064.0,49.9
457,199.0,2388.0,50.6
458,176.0,2112.0,54.0
459,174.0,2088.0,55.8
460,194.0,2328.0,54.1
461,187.0,2244.0,54.2
462,166.0,1992.0,50.1
463,192.0,2304.0,52.5
464,187.0,2244.0,53.5
465,168.0,2016.0,51.6
466,190.0,2280.0,51.3
467,161.0,1932.0,54.8
468,154.0,1848.0,51.7
469,168.0,2016.0,52.4
470,179.0,2148.0,50.2
471,176.0,2112.0,47.2
472,153.0,1836.0,47.6
473,184.0,2208.0,49.0
474,169.0,2028.0,49.8
475,190.0,2280.0,50.5
476,173.0,2076.0,47.9
477,185.0,2220.0,52.2
478,154.0,1848.0,54.3
479,179.0,2148.0,55.2
480,168.0,2016.0,55.9
481,168.0,2016.0,55.1
482,156.0,1872.0,56.1
483,189.0,2268.0,54.8
484,168.0,2016.0,55.5
485,164.0,1968.0,53.1
486,155.0,1860.0,48.2
487,167.0,2004.0,48.7
488,162.0,1944.0,52.9
489,148.0,1776.0,52.0
490,167.0,2004.0,54.1
491,174.0,2088.0,52.7
492,150.0,1800.0,55.6
493,182.0,2184.0,58.2
494,169.0,2028.0,58.7
495,184.0,2208.0,55.4
496,159.0,1908.0,53.2
497,153.0,1836.0,50.1
498,155.0,1860.0,50.3
499,173.0,2076.0,52.3
500,199.0,2388.0,52.9
501,161.0,1932.0,51.7
502,153.0,1836.0,53.0
503,161.0,1932.0,50.1
504,167.0,2004.0,50.6
505,128.0,1536.0,48.4
506,150.0,1800.0,54.7
507,151.0,1812.0,56.1
508,187.0,2244.0,57.5
509,172.0,2064.0,52.0
510,138.0,1656.0,52.3
511,129.0,1548.0,57.0
512,170.0,2040.0,58.0
513,138.0,1656.0,61.3
514,143.0,1716.0,60.2
515,164.0,1968.0,59.0
516,153.0,1836.0,61.5
517,136.0,1632.0,62.7
518,144.0,1728.0,60.0
519,155.0,1860.0,61.4
520,137.0,1644.0,56.5
521,129.0,1548.0,58.3
522,127.0,1524.0,62.1
523,132.0,1584.0,62.4
524,134.0,1608.0,55.7
525,146.0,1752.0,59.2
526,124.0,1488.0,60.4
527,145.0,1740.0,61.6
528,145.0,1740.0,67.2
529,116.0,1392.0,65.6
530,142.0,1704.0,64.8
531,127.0,1524.0,65.3
532,124.0,1488.0,67.8
533,121.0,1452.0,67.0
534,126.0,1512.0,67.4
535,122.0,1464.0,63.3
536,115.0,1380.0,66.2
537,106.0,1272.0,66.7
538,111.0,1332.0,67.9
539,120.0,1440.0,60.8
540,130.0,1560.0,57.3
541,110.0,1320.0,62.1
542,115.0,1380.0,65.3
543,114.0,1368.0,62.8
544,125.0,1500.0,60.9
545,139.0,1668.0,60.8
546,116.0,1392.0,61.7
547,117.0,1404.0,66.8
548,133.0,1596.0,67.2
549,97.0,1164.0,66.0
550,112.0,1344.0,66.1
551,124.0,1488.0,65.4
552,99.0,1188.0,66.1
553,112.0,1344.0,62.4
554,117.0,1404.0,55.6
555,98.0,1176.0,54.9
556,111.0,1332.0,58.1
557,87.0,1044.0,53.4
558,92.0,1104.0,59.6
559,100.0,1200.0,61.7
560,79.0,948.0,64.6
561,80.0,960.0,64.6
562,103.0,1236.0,64.5
563,104.0,1248.0,62.2
564,118.0,1416.0,61.9
565,92.0,1104.0,61.2
566,83.0,996.0,58.1
567,83.0,996.0,60.9
568,90.0,1080.0,60.8
569,72.0,864.0,61.5
570,70.0,840.0,64.8
571,83.0,996.0,67.3
572,81.0,972.0,69.0
573,73.0,876.0,71.0
574,69.0,828.0,69.2
575,87.0,1044.0,67.9
576,86.0,1032.0,61.9
577,71.0,852.0,64.7
578,69.0,828.0,66.4
579,54.0,648.0,67.2
580,69.0,828.0,67.0
581,71.0,852.0,64.7
582,57.0,684.0,65.4
583,69.0,828.0,64.6
584,49.0,588.0,63.8
585,56.0,672.0,64.7
586,37.0,444.0,66.2
587,61.0,732.0,63.3
588,57.0,684.0,65.0
589,54.0,648.0,64.1
590,53.0,636.0,65.5
591,38.0,456.0,65.7
592,59.0,708.0,64.6
593,62.0,744.0,65.0
594,43.0,516.0,66.0
595,36.0,432.0,65.5
596,46.0,552.0,65.8
597,58.0,696.0,62.3
598,46.0,552.0,63.1
599,50.0,600.0,64.9
600,42.0,504.0,67.5
601,50.0,600.0,63.9
602,51.0,612.0,60.8
603,38.0,456.0,65.1
604,39.0,468.0,65.6
605,40.0,480.0,65.1
606,50.0,600.0,61.1
607,45.0,540.0,65.0
608,38.0,456.0,65.9
609,33.0,396.0,66.5
610,34.0,408.0,67.7
611,25.0,300.0,67.6
612,40.0,480.0,68.7
613,40.0,480.0,65.8
614,52.0,624.0,64.3
615,28.0,336.0,63.7
616,28.0,336.0,66.2
617,34.0,408.0,66.6
618,30.0,360.0,68.0
619,27.0,324.0,68.9
620,35.0,420.0,68.4
621,31.0,372.0,68.9
622,25.0,300.0,69.2
623,28.0,336.0,68.1
624,25.0,300.0,68.4
625,39.0,468.0,64.0
626,25.0,300.0,67.5
627,39.0,468.0,68.2
628,31.0,372.0,67.5
629,38.0,456.0,67.5
630,24.0,288.0,67.9
631,44.0,528.0,67.9
632,48.0,576.0,65.9
633,32.0,384.0,67.8
634,43.0,516.0,68.6
635,29.0,348.0,67.6
636,37.0,444.0,67.4
637,32.0,384.0,68.3
638,23.0,276.0,68.2
639,37.0,444.0,64.8
640,28.0,336.0,66.0
641,29.0,348.0,68.0
642,41.0,492.0,67.2
643,51.0,612.0,64.5
644,45.0,540.0,65.7
645,51.0,612.0,65.1
646,54.0,648.0,65.8
647,45.0,540.0,61.3
648,46.0,552.0,63.7
649,50.0,600.0,63.5
650,62.0,744.0,63.3
651,56.0,672.0,66.3
652,67.0,804.0,65.2
653,55.0,660.0,65.4
654,66.0,792.0,67.8
655,67.0,804.0,63.5
656,72.0,864.0,64.7
657,70.0,840.0,63.2
658,59.0,708.0,63.8
659,70.0,840.0,65.2
660,71.0,852.0,65.1
661,74.0,888.0,67.9
662,75.0,900.0,67.5
663,83.0,996.0,68.0
664,86.0,1032.0,66.2
665,87.0,1044.0,68.1
666,94.0,1128.0,67.9
667,87.0,1044.0,68.7
668,80.0,960.0,64.4
669,84.0,1008.0,59.9
670,88.0,1056.0,58.9
671,82.0,984.0,64.3
672,81.0,972.0,66.1
673,84.0,1008.0,66.9
674,92.0,1104.0,67.2
675,92.0,1104.0,55.3
676,112.0,1344.0,50.8
677,107.0,1284.0,51.1
678,106.0,1272.0,52.9
679,100.0,1200.0,53.6
680,131.0,1572.0,56.2
681,116.0,1392.0,58.7
682,115.0,1380.0,58.5
683,125.0,1500.0,53.8
684,113.0,1356.0,53.9
685,118.0,1416.0,50.2
686,121.0,1452.0,54.7
687,121.0,1452.0,57.9
688,137.0,1644.0,58.3
689,135.0,1620.0,56.3
690,123.0,1476.0,56.7
691,156.0,1872.0,54.4
692,169.0,2028.0,54.2
693,154.0,1848.0,57.8
694,159.0,1908.0,54.6
695,182.0,2184.0,55.8
696,134.0,1608.0,57.0
697,172.0,2064.0,54.3
698,166.0,1992.0,49.0
699,146.0,1752.0,49.7
700,143.0,1716.0,53.9
701,164.0,1968.0,55.4
702,178.0,2136.0,54.0
703,160.0,1920.0,52.0
704,144.0,1728.0,55.7
705,161.0,1932.0,54.1
706,129.0,1548.0,55.3
707,176.0,2112.0,55.5
708,191.0,2292.0,49.5
709,148.0,1776.0,48.3
710,166.0,1992.0,49.1
711,176.0,2112.0,48.6
712,178.0,2136.0,48.2
713,182.0,2184.0,50.0
714,182.0,2184.0,53.8
715,179.0,2148.0,52.7
716,147.0,1764.0,50.1
717,172.0,2064.0,49.4
718,177.0,2124.0,46.7
719,184.0,2208.0,46.9
720,173.0,2076.0,48.0
721,159.0,1908.0,47.9
722,195.0,2340.0,52.1
723,184.0,2208.0,54.1
724,175.0,2100.0,53.4
725,164.0,1968.0,48.5
726,173.0,2076.0,49.3
727,171.0,2052.0,48.7
728,172.0,2064.0,48.2
729,173.0,2076.0,43.8
730,191.0,2292.0,45.5
731,200.0,2400.0,46.0
732,160.0,1920.0,49.8
733,172.0,2064.0,53.0
734,193.0,2316.0,52.8
735,173.0,2076.0,53.6
736,162.0,1944.0,54.3
737,172.0,2064.0,52.7
738,172.0,2064.0,45.3
739,145.0,1740.0,44.2
740,147.0,1764.0,45.7
741,175.0,2100.0,49.3
742,136.0,1632.0,49.8
743,140.0,1680.0,51.5
744,168.0,2016.0,51.4
745,193.0,2316.0,52.7
746,151.0,1812.0,50.6
747,170.0,2040.0,52.1
748,171.0,2052.0,51.2
749,180.0,2160.0,54.2
750,148.0,1776.0,50.2
751,171.0,2052.0,50.0
752,171.0,2052.0,46.1
753,158.0,1896.0,46.0
754,177.0,2124.0,46.9
755,164.0,1968.0,50.2
756,178.0,2136.0,49.7
757,110.0,1320.0,60.4
758,167.0,2004.0,58.0
759,141.0,1692.0,57.5
760,186.0,2232.0,53.9
761,171.0,2052.0,54.2
762,181.0,2172.0,57.2
763,174.0,2088.0,54.2
764,155.0,1860.0,55.9
765,164.0,1968.0,54.0
766,175.0,2100.0,54.3
767,150.0,1800.0,56.2
768,169.0,2028.0,54.1
769,155.0,1860.0,56.9
770,179.0,2148.0,53.9
771,181.0,2172.0,53.0
772,153.0,1836.0,54.4
773,178.0,2136.0,55.7
774,168.0,2016.0,55.4
775,165.0,1980.0,53.0
776,163.0,1956.0,50.9
777,138.0,1656.0,49.8
778,169.0,2028.0,46.6
779,153.0,1836.0,47.0
780,154.0,1848.0,45.1
781,180.0,2160.0,50.9
782,176.0,2112.0,51.2
783,176.0,2112.0,49.5
784,156.0,1872.0,51.4
785,167.0,2004.0,49.9
786,160.0,1920.0,50.2
787,154.0,1848.0,52.5
788,162.0,1944.0,54.6
789,161.0,1932.0,56.7
790,161.0,1932.0,59.3
791,159.0,1908.0,59.2
792,154.0,1848.0,54.1
793,129.0,1548.0,46.7
794,155.0,1860.0,52.1
795,150.0,1800.0,56.3
796,142.0,1704.0,57.9
797,127.0,1524.0,56.7
798,133.0,1596.0,57.7
799,163.0,1956.0,59.9
800,151.0,1812.0,59.5
801,144.0,1728.0,62.0
802,127.0,1524.0,62.5
803,156.0,1872.0,59.7
804,139.0,1668.0,61.0
805,127.0,1524.0,58.6
806,133.0,1596.0,61.7
807,153.0,1836.0,56.4
808,131.0,1572.0,54.5
809,150.0,1800.0,57.1
810,144.0,1728.0,57.9
811,147.0,1764.0,59.6
812,148.0,1776.0,58.8
813,137.0,1644.0,61.0
814,148.0,1776.0,62.1
815,127.0,1524.0,64.5
816,131.0,1572.0,61.9
817,161.0,1932.0,62.6
818,129.0,1548.0,59.0
819,127.0,1524.0,60.4
820,138.0,1656.0,59.3
821,125.0,1500.0,60.4
822,147.0,1764.0,62.1
823,134.0,1608.0,62.0
824,126.0,1512.0,62.2
825,109.0,1308.0,61.2
826,115.0,1380.0,61.1
827,134.0,1608.0,60.7
828,141.0,1692.0,64.2
829,136.0,1632.0,66.8
830,133.0,1596.0,70.5
831,134.0,1608.0,71.7
832,123.0,1476.0,72.9
833,124.0,1488.0,75.6
834,133.0,1596.0,74.9
835,119.0,1428.0,76.3
836,118.0,1416.0,76.8
837,107.0,1284.0,78.1
838,98.0,1176.0,78.4
839,104.0,1248.0,75.7
840,102.0,1224.0,70.3
841,98.0,1176.0,71.3
842,122.0,1464.0,66.3
843,105.0,1260.0,67.0
844,108.0,1296.0,68.1
845,101.0,1212.0,67.2
846,101.0,1212.0,68.3
847,99.0,1188.0,69.2
848,99.0,1188.0,65.8
849,104.0,1248.0,64.9
850,88.0,1056.0,61.1
851,89.0,1068.0,64.1
852,101.0,1212.0,63.8
853,85.0,1020.0,64.6
854,85.0,1020.0,55.3
855,83.0,996.0,61.6
856,96.0,1152.0,65.5
857,67.0,804.0,64.8
858,83.0,996.0,58.4
859,75.0,900.0,61.0
860,74.0,888.0,60.2
861,70.0,840.0,60.1
862,81.0,972.0,58.0
863,78.0,936.0,58.3
864,84.0,1008.0,64.9
865,73.0,876.0,68.1
866,60.0,720.0,66.5
867,61.0,732.0,68.1
868,69.0,828.0,66.4
869,56.0,672.0,67.2
870,58.0,696.0,68.5
871,61.0,732.0,67.0
872,49.0,588.0,64.9
873,64.0,768.0,67.6
874,45.0,540.0,65.9
875,45.0,540.0,67.0
876,50.0,600.0,68.4
877,55.0,660.0,71.0
878,38.0,456.0,71.9
879,45.0,540.0,72.8
880,54.0,648.0,72.0
881,34.0,408.0,71.5
882,55.0,660.0,73.4
883,45.0,540.0,73.4
884,50.0,600.0,68.8
885,53.0,636.0,72.3
886,39.0,468.0,68.6
887,43.0,516.0,70.3
888,45.0,540.0,72.1
889,41.0,492.0,71.7
890,36.0,432.0,71.1
891,34.0,408.0,69.7
892,41.0,492.0,67.3
893,38.0,456.0,68.1
894,33.0,396.0,68.3
895,38.0,456.0,67.0
896,45.0,540.0,67.6
897,33.0,396.0,68.6
898,38.0,456.0,68.8
899,39.0,468.0,69.5
900,44.0,528.0,71.0
901,39.0,468.0,69.6
902,32.0,384.0,70.0
903,43.0,516.0,69.4
904,44.0,528.0,69.6
905,23.0,276.0,67.9
906,35.0,420.0,68.2
907,31.0,372.0,69.1
908,39.0,468.0,69.2
909,28.0,336.0,70.9
910,29.0,348.0,70.6
911,33.0,396.0,67.8
912,31.0,372.0,68.9
913,37.0,444.0,70.4
914,36.0,432.0,70.2
915,30.0,360.0,70.4
916,46.0,552.0,69.8
917,36.0,432.0,70.2
918,43.0,516.0,71.2
919,42.0,504.0,71.3
920,29.0,348.0,72.3
921,39.0,468.0,69.3
922,32.0,384.0,69.7
923,27.0,324.0,69.0
924,35.0,420.0,65.9
925,42.0,504.0,69.0
926,40.0,480.0,68.8
927,34.0,408.0,70.5
928,42.0,504.0,69.4
929,30.0,360.0,69.7
930,45.0,540.0,68.2
931,50.0,600.0,71.1
932,37.0,444.0,71.3
933,40.0,480.0,71.0
934,53.0,636.0,71.9
935,44.0,528.0,72.3
936,53.0,636.0,68.3
937,49.0,588.0,68.2
938,52.0,624.0,69.6
939,55.0,660.0,68.2
940,56.0,672.0,69.2
941,56.0,672.0,70.4
942,70.0,840.0,69.8
943,62.0,744.0,67.2
944,54.0,648.0,70.1
945,67.0,804.0,71.0
946,66.0,792.0,72.5
947,61.0,732.0,69.7
948,56.0,672.0,70.7
949,55.0,660.0,69.0
950,60.0,720.0,68.9
951,78.0,936.0,68.5
952,60.0,720.0,69.2
953,76.0,912.0,70.4
954,78.0,936.0,71.0
955,82.0,984.0,71.4
956,82.0,984.0,73.1
957,72.0,864.0,74.7
958,80.0,960.0,67.2
959,85.0,1020.0,62.3
960,82.0,984.0,65.6
961,82.0,984.0,66.3
962,89.0,1068.0,69.5
963,111.0,1332.0,68.5
964,93.0,1116.0,70.2
965,83.0,996.0,61.2
966,96.0,1152.0,59.5
967,98.0,1176.0,56.5
968,105.0,1260.0,61.3
969,92.0,1104.0,62.3
970,97.0,1164.0,61.5
971,91.0,1092.0,60.4
972,112.0,1344.0,61.4
973,118.0,1416.0,60.1
974,115.0,1380.0,61.0
975,135.0,1620.0,60.1
976,116.0,1392.0,61.8
977,116.0,1392.0,54.6
978,127.0,1524.0,49.9
979,117.0,1404.0,47.6
980,128.0,1536.0,52.9
981,135.0,1620.0,56.8
982,147.0,1764.0,59.0
983,139.0,1668.0,60.0
984,131.0,1572.0,57.1
985,121.0,1452.0,56.0
986,157.0,1884.0,60.7
987,147.0,1764.0,58.8
988,160.0,1920.0,61.2
989,154.0,1848.0,60.0
990,150.0,1800.0,59.4
991,171.0,2052.0,62.2
992,132.0,1584.0,56.6
993,127.0,1524.0,55.4
994,146.0,1752.0,54.7
995,157.0,1884.0,55.5
996,140.0,1680.0,54.9
997,152.0,1824.0,57.2
998,140.0,1680.0,57.2
999,151.0,1812.0,53.7
1000,167.0,2004.0,55.4
1001,191.0,2292.0,56.1
1002,184.0,2208.0,56.3
1003,183.0,2196.0,57.4
1004,183.0,2196.0,57.5
1005,159.0,1908.0,53.3
1006,151.0,1812.0,48.8
1007,168.0,2016.0,44.9
1008,170.0,2040.0,46.2
1009,170.0,2040.0,48.0
1010,187.0,2244.0,51.8
1011,186.0,2232.0,53.8
1012,172.0,2064.0,55.1
1013,193.0,2316.0,56.9
1014,164.0,1968.0,54.2
1015,181.0,2172.0,53.1
1016,157.0,1884.0,49.5
1017,151.0,1812.0,48.2
1018,177.0,2124.0,47.2
1019,169.0,2028.0,49.5
1020,179.0,2148.0,50.6
1021,191.0,2292.0,52.6
1022,187.0,2244.0,57.1
1023,180.0,2160.0,57.9
1024,191.0,2292.0,59.4
1025,171.0,2052.0,55.3
1026,179.0,2148.0,50.4
1027,171.0,2052.0,51.7
1028,194.0,2328.0,50.3
1029,172.0,2064.0,53.1
1030,169.0,2028.0,58.0
1031,179.0,2148.0,54.2
1032,159.0,1908.0,57.6
1033,161.0,1932.0,57.5
1034,176.0,2112.0,59.9
1035,168.0,2016.0,60.3
1036,168.0,2016.0,60.9
1037,176.0,2112.0,62.1
1038,162.0,1944.0,56.2
1039,186.0,2232.0,52.4
1040,169.0,2028.0,46.8
1041,171.0,2052.0,50.3
1042,174.0,2088.0,54.5
1043,144.0,1728.0,52.9
1044,153.0,1836.0,53.1
1045,176.0,2112.0,54.9
1046,157.0,1884.0,52.1
1047,164.0,1968.0,54.3
1048,173.0,2076.0,58.1
1049,153.0,1836.0,57.8
1050,155.0,1860.0,53.0
1051,155.0,1860.0,57.7
1052,140.0,1680.0,58.5
1053,192.0,2304.0,59.4
1054,154.0,1848.0,54.7
1055,147.0,1764.0,58.7
1056,146.0,1752.0,56.0
1057,149.0,1788.0,54.8
1058,155.0,1860.0,57.4
1059,154.0,1848.0,59.2
1060,143.0,1716.0,56.6
1061,160.0,1920.0,54.7
1062,127.0,1524.0,53.6
1063,188.0,2256.0,45.6
1064,138.0,1656.0,45.1
1065,118.0,1416.0,43.9
1066,151.0,1812.0,50.6
1067,146.0,1752.0,52.8
1068,150.0,1800.0,54.2
1069,136.0,1632.0,58.2
1070,191.0,2292.0,58.2
1071,147.0,1764.0,54.2
1072,152.0,1824.0,50.9
1073,141.0,1692.0,54.1
1074,106.0,1272.0,50.5
1075,109.0,1308.0,54.8
1076,142.0,1704.0,55.6
1077,128.0,1536.0,56.1
1078,107.0,1284.0,52.5
1079,113.0,1356.0,45.4
1080,152.0,1824.0,50.2
1081,157.0,1884.0,56.0
1082,136.0,1632.0,56.9
1083,142.0,1704.0,52.5
1084,130.0,1560.0,50.2
1085,119.0,1428.0,56.5
1086,131.0,1572.0,56.4
1087,139.0,1668.0,59.0
1088,132.0,1584.0,62.0
1089,115.0,1380.0,62.1
1090,125.0,1500.0,63.2
1091,116.0,1392.0,64.5
1092,122.0,1464.0,65.5
1093,112.0,1344.0,66.4
1094,120.0,1440.0,66.8
1095,114.0,1368.0,63.5
1096,127.0,1524.0,64.1
1097,112.0,1344.0,67.7
1098,127.0,1524.0,63.3
1099,130.0,1560.0,62.4
1100,136.0,1632.0,64.0
1101,137.0,1644.0,69.5
1102,100.0,1200.0,62.9
1103,114.0,1368.0,67.8
1104,101.0,1212.0,69.7
1105,146.0,1752.0,69.6
1106,130.0,1560.0,67.4
1107,116.0,1392.0,61.0
1108,124.0,1488.0,62.2
1109,108.0,1296.0,62.0
1110,113.0,1356.0,63.9
1111,119.0,1428.0,66.3
1112,108.0,1296.0,64.8
1113,89.0,1068.0,65.0
1114,77.0,924.0,64.3
1115,104.0,1248.0,62.2
1116,89.0,1068.0,68.7
1117,76.0,912.0,69.8
1118,88.0,1056.0,70.7
1119,81.0,972.0,74.0
1120,107.0,1284.0,74.6
1121,146.0,1752.0,72.9
1122,143.0,1716.0,74.2
1123,201.0,2412.0,74.5
1124,169.0,2028.0,74.6
1125,177.0,2124.0,73.1
1126,176.0,2112.0,73.1
1127,157.0,1884.0,69.3
1128,152.0,1824.0,69.1
1129,154.0,1848.0,64.5
1130,190.0,2280.0,66.5
1131,167.0,2004.0,68.1
1132,136.0,1632.0,71.6
1133,156.0,1872.0,72.3
1134,128.0,1536.0,73.8
1135,109.0,1308.0,73.9
1136,125.0,1500.0,72.3
1137,133.0,1596.0,73.4
1138,111.0,1332.0,74.6
1139,126.0,1512.0,72.3
1140,119.0,1428.0,74.7
1141,102.0,1224.0,70.4
1142,96.0,1152.0,68.6
1143,95.0,1140.0,68.5
1144,95.0,1140.0,69.3
1145,97.0,1164.0,72.3
1146,79.0,948.0,66.2
1147,86.0,1032.0,75.0
1148,84.0,1008.0,78.7
1149,67.0,804.0,76.5
1150,71.0,852.0,75.0
1151,71.0,852.0,76.1
1152,64.0,768.0,69.4
1153,62.0,744.0,71.6
1154,54.0,648.0,73.3
1155,53.0,636.0,73.4
1156,49.0,588.0,72.3
1157,51.0,612.0,66.2
1158,46.0,552.0,68.1
1159,51.0,612.0,70.0
1160,56.0,672.0,73.5
1161,38.0,456.0,73.7
1162,44.0,528.0,72.4
1163,40.0,480.0,69.8
1164,51.0,612.0,69.2
1165,46.0,552.0,69.4
1166,40.0,480.0,69.5
1167,40.0,480.0,71.0
1168,44.0,528.0,71.4
1169,42.0,504.0,68.2
1170,31.0,372.0,67.1
1171,41.0,492.0,60.7
1172,52.0,624.0,64.4
1173,37.0,444.0,66.9
1174,40.0,480.0,67.4
1175,26.0,312.0,68.4
1176,32.0,384.0,69.3
1177,31.0,372.0,68.4
1178,34.0,408.0,65.5
1179,22.0,264.0,67.9
1180,25.0,300.0,67.3
1181,32.0,384.0,68.2
1182,32.0,384.0,69.1
1183,43.0,516.0,65.8
1184,50.0,600.0,63.7
1185,42.0,504.0,66.1
1186,39.0,468.0,65.9
1187,30.0,360.0,68.3
1188,40.0,480.0,69.6
1189,43.0,516.0,70.5
1190,55.0,660.0,68.2
1191,61.0,732.0,65.0
1192,39.0,468.0,67.2
1193,59.0,708.0,69.6
1194,69.0,828.0,72.4
1195,72.0,864.0,70.1
1196,63.0,756.0,73.7
1197,76.0,912.0,75.2
1198,72.0,864.0,70.8
1199,81.0,972.0,70.7
1200,70.0,840.0,68.6
1201,90.0,1080.0,68.3
1202,102.0,1224.0,69.3
1203,87.0,1044.0,70.1
1204,107.0,1284.0,70.8
1205,101.0,1212.0,70.9
1206,97.0,1164.0,73.6
1207,89.0,1068.0,66.6
1208,98.0,1176.0,66.4
1209,94.0,1128.0,67.9
1210,91.0,1092.0,70.1
1211,86.0,1032.0,72.0
1212,104.0,1248.0,71.0
1213,78.0,936.0,68.6
1214,91.0,1092.0,66.0
1215,103.0,1236.0,64.9
1216,94.0,1128.0,68.4
1217,108.0,1296.0,69.2
1218,103.0,1236.0,68.2
1219,123.0,1476.0,69.3
1220,111.0,1332.0,69.3
1221,130.0,1560.0,69.7
1222,118.0,1416.0,66.6
1223,138.0,1656.0,66.1
1224,141.0,1692.0,63.7
1225,131.0,1572.0,63.4
1226,131.0,1572.0,61.0
1227,142.0,1704.0,65.0
1228,154.0,1848.0,64.1
1229,156.0,1872.0,64.9
1230,164.0,1968.0,66.8
1231,171.0,2052.0,66.6
1232,146.0,1752.0,67.8
1233,155.0,1860.0,66.0
1234,153.0,1836.0,68.3
1235,169.0,2028.0,66.8
1236,158.0,1896.0,66.6
1237,169.0,2028.0,65.0
1238,175.0,2100.0,64.2
1239,165.0,1980.0,65.2
1240,181.0,2172.0,65.7
1241,148.0,1776.0,67.0
1242,172.0,2064.0,67.5
1243,167.0,2004.0,64.6
1244,165.0,1980.0,65.0
1245,161.0,1932.0,65.4
1246,179.0,2148.0,65.1
1247,160.0,1920.0,63.0
1248,144.0,1728.0,59.8
1249,147.0,1764.0,63.3
1250,157.0,1884.0,64.8
1251,146.0,1752.0,62.1
1252,186.0,2232.0,62.6
1253,150.0,1800.0,64.1
1254,176.0,2112.0,62.7
1255,158.0,1896.0,62.0
1256,162.0,1944.0,63.4
1257,153.0,1836.0,66.5
1258,182.0,2184.0,64.2
1259,148.0,1776.0,64.8
1260,166.0,1992.0,64.4
1261,130.0,1560.0,67.2
1262,150.0,1800.0,64.5
1263,179.0,2148.0,64.6
1264,148.0,1776.0,62.3
1265,156.0,1872.0,63.2
1266,123.0,1476.0,64.2
1267,182.0,2184.0,60.4
1268,167.0,2004.0,59.1
1269,141.0,1692.0,60.0
1270,113.0,1356.0,59.6
1271,173.0,2076.0,62.4
1272,166.0,1992.0,59.8
1273,169.0,2028.0,55.5
1274,153.0,1836.0,57.0
1275,174.0,2088.0,55.7
1276,159.0,1908.0,58.0
1277,172.0,2064.0,57.0
1278,193.0,2316.0,57.8
1279,187.0,2244.0,60.0
1280,174.0,2088.0,53.0
1281,190.0,2280.0,52.1
1282,183.0,2196.0,55.0
1283,176.0,2112.0,58.7
1284,168.0,2016.0,56.7
1285,192.0,2304.0,57.4
1286,194.0,2328.0,57.2
1287,186.0,2232.0,60.4
1288,170.0,2040.0,59.2
1289,207.0,2484.0,57.8
1290,162.0,1944.0,58.4
1291,174.0,2088.0,57.5
1292,202.0,2424.0,52.5
1293,140.0,1680.0,48.6
1294,160.0,1920.0,53.1
1295,224.0,2688.0,55.7
1296,208.0,2496.0,54.0
1297,162.0,1944.0,49.3
1298,197.0,2364.0,49.4
1299,188.0,2256.0,54.1
1300,177.0,2124.0,57.8
1301,203.0,2436.0,51.8
1302,186.0,2232.0,51.6
1303,201.0,2412.0,47.5
1304,180.0,2160.0,49.4
1305,185.0,2220.0,51.7
1306,191.0,2292.0,55.4
1307,158.0,1896.0,58.2
1308,200.0,2400.0,56.7
1309,211.0,2532.0,54.3
1310,212.0,2544.0,53.8
1311,194.0,2328.0,49.7
1312,183.0,2196.0,54.4
1313,204.0,2448.0,48.7
1314,199.0,2388.0,50.3
1315,192.0,2304.0,51.3
1316,199.0,2388.0,53.8
1317,212.0,2544.0,53.8
1318,174.0,2088.0,54.5
1319,182.0,2184.0,51.6
1320,195.0,2340.0,45.2
1321,163.0,1956.0,43.5
1322,200.0,2400.0,42.1
1323,179.0,2148.0,49.4
1324,204.0,2448.0,50.3
1325,205.0,2460.0,50.2
1326,153.0,1836.0,53.2
1327,182.0,2184.0,53.7
1328,198.0,2376.0,53.5
1329,187.0,2244.0,51.5
1330,194.0,2328.0,46.2
1331,170.0,2040.0,51.1
1332,160.0,1920.0,45.2
1333,169.0,2028.0,52.5
1334,191.0,2292.0,54.0
1335,178.0,2136.0,53.9
1336,231.0,2772.0,55.5
1337,215.0,2580.0,52.6
1338,211.0,2532.0,55.0
1339,218.0,2616.0,55.1
1340,214.0,2568.0,56.8
1341,196.0,2352.0,53.9
1342,189.0,2268.0,53.9
1343,170.0,2040.0,57.4
1344,178.0,2136.0,57.7
1345,199.0,2388.0,60.6
1346,181.0,2172.0,58.7
1347,174.0,2088.0,51.9
1348,210.0,2520.0,53.8
1349,193.0,2316.0,55.9
1350,174.0,2088.0,57.4
1351,202.0,2424.0,55.6
1352,197.0,2364.0,54.7
1353,164.0,1968.0,53.7
1354,194.0,2328.0,53.9
1355,190.0,2280.0,55.6
1356,182.0,2184.0,50.5
1357,158.0,1896.0,49.8
1358,181.0,2172.0,52.7
1359,183.0,2196.0,55.9
1360,182.0,2184.0,57.9
1361,200.0,2400.0,57.3
1362,165.0,1980.0,54.2
1363,192.0,2304.0,54.5
1364,156.0,1872.0,47.5
1365,183.0,2196.0,51.8
1366,168.0,2016.0,56.6
1367,165.0,1980.0,57.5
1368,161.0,1932.0,58.8
1369,172.0,2064.0,57.0
1370,201.0,2412.0,58.9
1371,165.0,1980.0,61.1
1372,148.0,1776.0,57.4
1373,168.0,2016.0,57.0
1374,136.0,1632.0,62.5
1375,148.0,1776.0,61.2
1376,117.0,1404.0,58.5
1377,180.0,2160.0,57.1
1378,136.0,1632.0,57.2
1379,150.0,1800.0,59.4
1380,143.0,1716.0,64.2
1381,121.0,1452.0,63.3
1382,114.0,1368.0,64.0
1383,147.0,1764.0,64.1
1384,128.0,1536.0,67.7
1385,127.0,1524.0,59.6
1386,140.0,1680.0,61.4
1387,124.0,1488.0,62.9
1388,116.0,1392.0,69.4
1389,123.0,1476.0,67.9
1390,116.0,1392.0,62.5
1391,132.0,1584.0,63.9
1392,88.0,1056.0,65.5
1393,111.0,1332.0,62.2
1394,87.0,1044.0,63.8
1395,90.0,1080.0,70.2
1396,88.0,1056.0,60.9
1397,99.0,1188.0,63.5
1398,100.0,1200.0,64.7
1399,99.0,1188.0,65.3
1400,69.0,828.0,68.6
1401,72.0,864.0,66.4
1402,84.0,1008.0,65.2
1403,95.0,1140.0,64.0
1404,108.0,1296.0,69.0
1405,101.0,1212.0,75.1
1406,83.0,996.0,76.7
1407,79.0,948.0,75.0
1408,95.0,1140.0,76.1
1409,92.0,1104.0,74.1
1410,88.0,1056.0,71.9
1411,86.0,1032.0,73.3
1412,92.0,1104.0,71.7
1413,91.0,1092.0,74.0
1414,96.0,1152.0,76.2
1415,89.0,1068.0,77.0
1416,76.0,912.0,75.5
1417,73.0,876.0,68.8
1418,86.0,1032.0,69.0
1419,84.0,1008.0,68.1
1420,75.0,900.0,64.6
1421,82.0,984.0,63.2
1422,76.0,912.0,63.4
1423,74.0,888.0,70.6
1424,50.0,600.0,69.3
1425,81.0,972.0,70.1
1426,62.0,744.0,69.8
1427,54.0,648.0,66.9
1428,67.0,804.0,68.2
1429,60.0,720.0,60.9
1430,49.0,588.0,59.9
1431,46.0,552.0,62.2
1432,40.0,480.0,66.3
1433,59.0,708.0,67.1
1434,46.0,552.0,67.9
1435,53.0,636.0,70.4
1436,42.0,504.0,68.7
1437,41.0,492.0,68.3
1438,53.0,636.0,66.7
1439,50.0,600.0,70.3
1440,33.0,396.0,68.6
1441,45.0,540.0,65.2
1442,45.0,540.0,66.8
1443,45.0,540.0,68.0
1444,24.0,288.0,68.7
1445,30.0,360.0,67.8
1446,36.0,432.0,67.3
1447,46.0,552.0,67.1
1448,40.0,480.0,68.7
1449,26.0,312.0,69.9
1450,42.0,504.0,69.9
1451,38.0,456.0,67.5
1452,29.0,348.0,67.6
1453,37.0,444.0,68.9
1454,28.0,336.0,65.7
1455,40.0,480.0,69.8
1456,30.0,360.0,70.0
1457,43.0,516.0,70.0
1458,25.0,300.0,70.4
1459,28.0,336.0,70.8
1460,39.0,468.0,71.4
1461,29.0,348.0,69.8
1462,37.0,444.0,70.7
1463,29.0,348.0,69.9
1464,29.0,348.0,69.1
1465,25.0,300.0,64.7
1466,22.0,264.0,66.2
1467,41.0,492.0,66.2
1468,22.0,264.0,67.4
1469,37.0,444.0,59.4
1470,60.0,720.0,61.0
1471,47.0,564.0,61.8
1472,34.0,408.0,63.2
1473,38.0,456.0,67.6
1474,38.0,456.0,65.3
1475,43.0,516.0,59.9
1476,39.0,468.0,60.4
1477,44.0,528.0,63.7
1478,52.0,624.0,59.8
1479,54.0,648.0,63.4
1480,46.0,552.0,64.8
1481,52.0,624.0,68.1
1482,66.0,792.0,64.0
1483,47.0,564.0,65.4
1484,75.0,900.0,67.8
1485,65.0,780.0,64.4
1486,61.0,732.0,68.6
1487,72.0,864.0,63.7
1488,71.0,852.0,68.7
1489,87.0,1044.0,66.4
1490,77.0,924.0,68.3
1491,104.0,1248.0,69.1
1492,101.0,1212.0,64.4
1493,104.0,1248.0,65.3
1494,88.0,1056.0,62.5
1495,102.0,1224.0,65.3
1496,103.0,1236.0,62.2
1497,103.0,1236.0,61.1
1498,89.0,1068.0,64.0
1499,77.0,924.0,66.0
1500,98.0,1176.0,64.3
1501,112.0,1344.0,62.1
1502,92.0,1104.0,63.6
1503,102.0,1224.0,61.9
1504,110.0,1320.0,61.4
1505,138.0,1656.0,66.0
1506,99.0,1188.0,67.8
1507,111.0,1332.0,64.5
1508,108.0,1296.0,65.7
1509,119.0,1428.0,63.9
1510,114.0,1368.0,67.4
1511,140.0,1680.0,66.6
1512,132.0,1584.0,65.8
1513,163.0,1956.0,65.4
1514,150.0,1800.0,65.5
1515,139.0,1668.0,66.5
1516,161.0,1932.0,64.1
1517,144.0,1728.0,65.2
1518,137.0,1644.0,68.7
1519,174.0,2088.0,68.8
1520,194.0,2328.0,67.4
1521,150.0,1800.0,67.6
1522,152.0,1824.0,68.1
1523,161.0,1932.0,67.7
1524,153.0,1836.0,68.2
1525,160.0,1920.0,67.7
1526,164.0,1968.0,65.4
1527,185.0,2220.0,63.6
1528,178.0,2136.0,64.0
1529,216.0,2592.0,61.4
1530,158.0,1896.0,62.5
1531,193.0,2316.0,62.6
1532,172.0,2064.0,64.3
1533,174.0,2088.0,66.6
1534,158.0,1896.0,68.6
1535,162.0,1944.0,66.9
1536,151.0,1812.0,65.2
1537,165.0,1980.0,65.3
1538,150.0,1800.0,64.5
1539,167.0,2004.0,63.4
1540,179.0,2148.0,64.1
1541,165.0,1980.0,62.9
1542,162.0,1944.0,62.2
1543,155.0,1860.0,63.4
1544,178.0,2136.0,62.7
1545,160.0,1920.0,63.8
1546,151.0,1812.0,60.3
1547,191.0,2292.0,60.4
1548,164.0,1968.0,60.2
1549,163.0,1956.0,60.9
1550,155.0,1860.0,59.7
1551,163.0,1956.0,60.8
1552,168.0,2016.0,60.5
1553,185.0,2220.0,64.7
1554,180.0,2160.0,66.9
1555,190.0,2280.0,62.0
1556,162.0,1944.0,60.1
1557,140.0,1680.0,54.1
1558,152.0,1824.0,54.5
1559,156.0,1872.0,53.0
1560,178.0,2136.0,56.1
1561,116.0,1392.0,60.4
1562,146.0,1752.0,60.6
1563,151.0,1812.0,61.4
1564,165.0,1980.0,56.6
1565,172.0,2064.0,57.4
1566,153.0,1836.0,55.1
1567,161.0,1932.0,56.8
1568,162.0,1944.0,53.2
1569,168.0,2016.0,56.9
1570,170.0,2040.0,59.9
1571,165.0,1980.0,61.6
1572,148.0,1776.0,58.1
1573,143.0,1716.0,55.8
1574,138.0,1656.0,56.6
1575,134.0,1608.0,56.6
1576,159.0,1908.0,56.2
1577,162.0,1944.0,55.7
1578,158.0,1896.0,54.7
1579,157.0,1884.0,49.0
1580,177.0,2124.0,50.1
1581,165.0,1980.0,46.0
1582,166.0,1992.0,44.6
1583,163.0,1956.0,52.0
1584,170.0,2040.0,51.0
1585,144.0,1728.0,57.1
1586,171.0,2052.0,56.0
1587,160.0,1920.0,55.3
1588,160.0,1920.0,52.9
1589,167.0,2004.0,53.6
1590,155.0,1860.0,49.6
1591,180.0,2160.0,55.3
1592,182.0,2184.0,53.7
1593,162.0,1944.0,55.1
1594,167.0,2004.0,58.6
1595,133.0,1596.0,59.3
1596,183.0,2196.0,60.0
1597,168.0,2016.0,58.1
1598,160.0,1920.0,50.7
1599,178.0,2136.0,48.6
1600,162.0,1944.0,45.8
1601,171.0,2052.0,51.2
1602,183.0,2196.0,51.6
1603,173.0,2076.0,52.2
1604,188.0,2256.0,53.2
1605,197.0,2364.0,53.3
1606,147.0,1764.0,53.7
1607,175.0,2100.0,50.5
1608,175.0,2100.0,52.2
1609,159.0,1908.0,49.5
1610,162.0,1944.0,50.1
1611,159.0,1908.0,55.3
1612,174.0,2088.0,51.7
1613,189.0,2268.0,53.1
1614,154.0,1848.0,55.5
1615,173.0,2076.0,55.9
1616,188.0,2256.0,58.1
1617,184.0,2208.0,57.9
1618,147.0,1764.0,52.9
1619,88.0,1056.0,57.0
1620,165.0,1980.0,48.1
1621,161.0,1932.0,47.3
1622,150.0,1800.0,47.5
1623,188.0,2256.0,50.6
1624,185.0,2220.0,53.0
1625,199.0,2388.0,55.1
1626,184.0,2208.0,50.8
1627,193.0,2316.0,54.4
1628,198.0,2376.0,56.3
1629,196.0,2352.0,56.3
1630,215.0,2580.0,56.5
1631,168.0,2016.0,56.3
1632,200.0,2400.0,56.8
1633,167.0,2004.0,55.4
1634,168.0,2016.0,52.8
1635,200.0,2400.0,53.2
1636,181.0,2172.0,56.1
1637,164.0,1968.0,53.5
1638,177.0,2124.0,49.4
1639,158.0,1896.0,54.2
1640,192.0,2304.0,56.1
1641,183.0,2196.0,55.1
1642,193.0,2316.0,53.9
1643,197.0,2364.0,48.4
1644,187.0,2244.0,48.0
1645,185.0,2220.0,51.0
1646,167.0,2004.0,53.2
1647,186.0,2232.0,54.1
1648,187.0,2244.0,53.3
1649,175.0,2100.0,51.4
1650,193.0,2316.0,49.2
1651,184.0,2208.0,52.7
1652,162.0,1944.0,49.8
1653,181.0,2172.0,54.1
1654,198.0,2376.0,60.0
1655,183.0,2196.0,59.6
1656,179.0,2148.0,58.1
1657,177.0,2124.0,53.5
1658,156.0,1872.0,58.5
1659,169.0,2028.0,56.0
1660,174.0,2088.0,56.5
1661,146.0,1752.0,60.1
1662,130.0,1560.0,58.4
1663,142.0,1704.0,55.1
1664,163.0,1956.0,57.1
1665,161.0,1932.0,60.1
1666,145.0,1740.0,57.7
1667,109.0,1308.0,56.6
1668,141.0,1692.0,56.9
1669,132.0,1584.0,56.5
1670,141.0,1692.0,58.2
1671,116.0,1392.0,59.9
1672,129.0,1548.0,54.6
1673,116.0,1392.0,57.9
1674,123.0,1476.0,53.4
1675,108.0,1296.0,60.0
1676,129.0,1548.0,57.3
1677,116.0,1392.0,58.6
1678,130.0,1560.0,58.4
1679,116.0,1392.0,59.7
1680,118.0,1416.0,66.8
1681,113.0,1356.0,65.8
1682,102.0,1224.0,61.5
1683,87.0,1044.0,57.0
1684,106.0,1272.0,54.9
1685,114.0,1368.0,60.6
1686,88.0,1056.0,65.6
1687,100.0,1200.0,63.1
1688,93.0,1116.0,62.0
1689,98.0,1176.0,66.7
1690,95.0,1140.0,65.8
1691,90.0,1080.0,70.1
1692,85.0,1020.0,63.6
1693,104.0,1248.0,65.8
1694,111.0,1332.0,68.9
1695,82.0,984.0,68.9
1696,93.0,1116.0,61.8
1697,91.0,1092.0,60.8
1698,96.0,1152.0,65.2
1699,114.0,1368.0,64.6
1700,109.0,1308.0,65.6
1701,84.0,1008.0,62.9
1702,76.0,912.0,61.7
1703,80.0,960.0,62.9
1704,93.0,1116.0,62.4
1705,86.0,1032.0,67.7
1706,64.0,768.0,67.6
1707,79.0,948.0,65.5
1708,75.0,900.0,66.9
1709,76.0,912.0,71.3
1710,75.0,900.0,68.7
1711,77.0,924.0,69.9
1712,64.0,768.0,72.9
1713,61.0,732.0,70.8
1714,74.0,888.0,70.6
1715,67.0,804.0,69.2
1716,58.0,696.0,69.6
1717,63.0,756.0,73.5
1718,53.0,636.0,67.6
1719,67.0,804.0,64.7
1720,61.0,732.0,69.4
1721,37.0,444.0,68.0
1722,64.0,768.0,71.0
1723,58.0,696.0,68.1
1724,50.0,600.0,68.1
1725,46.0,552.0,69.1
1726,39.0,468.0,65.2
1727,40.0,480.0,66.1
1728,37.0,444.0,68.6
1729,41.0,492.0,62.3
1730,39.0,468.0,65.4
1731,41.0,492.0,64.8
1732,30.0,360.0,65.0
1733,34.0,408.0,65.7
1734,34.0,408.0,65.2
1735,43.0,516.0,62.7
1736,34.0,408.0,66.9
1737,51.0,612.0,62.6
1738,35.0,420.0,60.2
1739,36.0,432.0,63.3
1740,39.0,468.0,62.2
1741,36.0,432.0,62.7
1742,29.0,348.0,63.7
1743,41.0,492.0,64.8
1744,41.0,492.0,64.4
1745,43.0,516.0,64.4
1746,30.0,360.0,63.8
1747,28.0,336.0,67.5
1748,37.0,444.0,63.3
1749,34.0,408.0,62.1
1750,29.0,348.0,63.7
1751,33.0,396.0,62.4
1752,20.0,240.0,65.9
1753,30.0,360.0,63.9
1754,35.0,420.0,64.9
1755,21.0,252.0,64.4
1756,36.0,432.0,64.6
1757,41.0,492.0,66.4
1758,40.0,480.0,64.8
1759,38.0,456.0,67.0
1760,48.0,576.0,65.3
1761,38.0,456.0,66.2
1762,33.0,396.0,64.8
1763,59.0,708.0,65.1
1764,47.0,564.0,63.2
1765,38.0,456.0,64.2
1766,43.0,516.0,68.5
1767,64.0,768.0,56.9
1768,59.0,708.0,57.5
1769,51.0,612.0,64.9
1770,54.0,648.0,63.3
1771,67.0,804.0,60.3
1772,61.0,732.0,63.8
1773,67.0,804.0,65.1
1774,65.0,780.0,62.7
1775,66.0,792.0,63.0
1776,85.0,1020.0,62.4
1777,74.0,888.0,64.6
1778,83.0,996.0,66.9
1779,70.0,840.0,70.6
1780,119.0,1428.0,66.9
1781,92.0,1104.0,63.5
1782,118.0,1416.0,63.7
1783,98.0,1176.0,68.8
1784,107.0,1284.0,71.5
1785,86.0,1032.0,72.4
1786,102.0,1224.0,67.2
1787,103.0,1236.0,64.1
1788,106.0,1272.0,65.6
1789,90.0,1080.0,66.3
1790,93.0,1116.0,68.2
1791,107.0,1284.0,70.3
1792,111.0,1332.0,65.7
1793,134.0,1608.0,62.9
1794,105.0,1260.0,59.8
1795,125.0,1500.0,62.1
1796,94.0,1128.0,63.2
1797,124.0,1488.0,63.9
1798,109.0,1308.0,65.1
1799,86.0,1032.0,57.9
1800,139.0,1668.0,58.2
1801,143.0,1716.0,62.2
1802,153.0,1836.0,61.2
1803,135.0,1620.0,64.0
1804,151.0,1812.0,63.6
1805,164.0,1968.0,61.2
1806,167.0,2004.0,60.8
1807,192.0,2304.0,63.1
1808,130.0,1560.0,65.0
1809,157.0,1884.0,65.2
1810,152.0,1824.0,65.7
1811,165.0,1980.0,64.8
1812,169.0,2028.0,64.2
1813,149.0,1788.0,61.3
1814,174.0,2088.0,60.5
1815,170.0,2040.0,63.2
1816,187.0,2244.0,61.9
1817,204.0,2448.0,60.6
1818,170.0,2040.0,62.2
1819,179.0,2148.0,62.7
1820,194.0,2328.0,63.4
1821,169.0,2028.0,60.9
1822,172.0,2064.0,63.9
1823,149.0,1788.0,63.0
1824,162.0,1944.0,57.4
1825,155.0,1860.0,58.2
1826,148.0,1776.0,57.9
1827,173.0,2076.0,60.0
1828,162.0,1944.0,62.8
1829,176.0,2112.0,61.0
1830,157.0,1884.0,61.0
1831,153.0,1836.0,60.0
1832,185.0,2220.0,56.0
1833,161.0,1932.0,55.2
1834,160.0,1920.0,56.7
1835,163.0,1956.0,60.6
1836,187.0,2244.0,54.4
1837,138.0,1656.0,55.0
1838,195.0,2340.0,53.6
1839,163.0,1956.0,52.4
1840,169.0,2028.0,49.8
1841,184.0,2208.0,50.4
1842,163.0,1956.0,50.5
1843,176.0,2112.0,55.0
1844,177.0,2124.0,60.0
1845,161.0,1932.0,57.5
1846,148.0,1776.0,55.2
1847,158.0,1896.0,57.0
1848,151.0,1812.0,51.3
1849,161.0,1932.0,51.0
1850,146.0,1752.0,51.2
1851,153.0,1836.0,52.9
1852,174.0,2088.0,52.5
1853,142.0,1704.0,51.5
1854,169.0,2028.0,47.8
1855,172.0,2064.0,50.7
1856,171.0,2052.0,53.9
1857,171.0,2052.0,55.6
1858,148.0,1776.0,57.3
1859,174.0,2088.0,56.0
1860,161.0,1932.0,51.9
1861,160.0,1920.0,53.0
1862,162.0,1944.0,54.2
1863,185.0,2220.0,53.4
1864,173.0,2076.0,50.8
1865,176.0,2112.0,54.6
1866,172.0,2064.0,56.0
1867,150.0,1800.0,55.1
1868,148.0,1776.0,53.3
1869,163.0,1956.0,51.2
1870,160.0,1920.0,52.8
1871,182.0,2184.0,50.2
1872,172.0,2064.0,50.3
1873,152.0,1824.0,54.3
1874,180.0,2160.0,53.5
1875,205.0,2460.0,52.6
1876,189.0,2268.0,53.8
1877,162.0,1944.0,50.1
1878,174.0,2088.0,50.0
1879,151.0,1812.0,48.0
1880,152.0,1824.0,48.5
1881,184.0,2208.0,51.6
1882,190.0,2280.0,54.9
1883,162.0,1944.0,53.5
1884,150.0,1800.0,53.8
1885,176.0,2112.0,51.4
1886,158.0,1896.0,53.1
1887,204.0,2448.0,48.8
1888,169.0,2028.0,46.6
1889,214.0,2568.0,45.9
1890,175.0,2100.0,49.3
1891,164.0,1968.0,53.0
1892,171.0,2052.0,55.3
1893,193.0,2316.0,52.2
1894,183.0,2196.0,53.4
1895,142.0,1704.0,55.7
1896,188.0,2256.0,57.0
1897,176.0,2112.0,53.3
1898,208.0,2496.0,51.0
1899,201.0,2412.0,49.3
1900,178.0,2136.0,53.3
1901,190.0,2280.0,53.2
1902,185.0,2220.0,51.6
1903,134.0,1608.0,56.1
1904,175.0,2100.0,56.7
1905,188.0,2256.0,57.9
1906,156.0,1872.0,50.2
1907,157.0,1884.0,46.3
1908,174.0,2088.0,46.9
1909,193.0,2316.0,47.4
1910,176.0,2112.0,46.9
1911,187.0,2244.0,52.0
1912,214.0,2568.0,51.6
1913,181.0,2172.0,52.8
1914,171.0,2052.0,54.4
1915,164.0,1968.0,53.1
1916,218.0,2616.0,54.3
1917,187.0,2244.0,50.7
1918,204.0,2448.0,52.9
1919,188.0,2256.0,52.4
1920,190.0,2280.0,55.2
1921,191.0,2292.0,55.2
1922,193.0,2316.0,54.1
1923,198.0,2376.0,55.3
1924,196.0,2352.0,55.9
1925,201.0,2412.0,54.7
1926,208.0,2496.0,54.1
1927,189.0,2268.0,54.3
1928,192.0,2304.0,54.0
1929,181.0,2172.0,54.8
1930,180.0,2160.0,55.8
1931,187.0,2244.0,53.9
1932,156.0,1872.0,49.7
1933,183.0,2196.0,51.3
1934,175.0,2100.0,51.9
1935,209.0,2508.0,54.5
1936,166.0,1992.0,55.6
1937,183.0,2196.0,57.1
1938,187.0,2244.0,60.4
1939,179.0,2148.0,56.9
1940,150.0,1800.0,56.8
1941,163.0,1956.0,58.8
1942,169.0,2028.0,57.8
1943,189.0,2268.0,56.3
1944,140.0,1680.0,57.8
1945,149.0,1788.0,55.5
1946,142.0,1704.0,56.6
1947,152.0,1824.0,59.4
1948,135.0,1620.0,58.7
1949,152.0,1824.0,57.7
1950,137.0,1644.0,54.6
1951,141.0,1692.0,54.7
1952,163.0,1956.0,50.1
1953,163.0,1956.0,57.4
1954,138.0,1656.0,55.8
1955,133.0,1596.0,52.3
1956,119.0,1428.0,54.2
1957,113.0,1356.0,54.4
1958,121.0,1452.0,54.1
1959,146.0,1752.0,57.0
1960,122.0,1464.0,58.7
1961,117.0,1404.0,60.3
1962,119.0,1428.0,56.2
1963,133.0,1596.0,58.8
1964,151.0,1812.0,57.4
1965,140.0,1680.0,59.0
1966,106.0,1272.0,61.9
1967,96.0,1152.0,57.4
1968,124.0,1488.0,60.8
1969,110.0,1320.0,61.7
1970,119.0,1428.0,62.7
1971,95.0,1140.0,66.8
1972,118.0,1416.0,63.7
1973,86.0,1032.0,66.1
1974,114.0,1368.0,63.7
1975,100.0,1200.0,65.1
1976,105.0,1260.0,64.0
1977,109.0,1308.0,60.7
1978,101.0,1212.0,58.8
1979,103.0,1236.0,56.3
1980,112.0,1344.0,60.7
1981,118.0,1416.0,56.2
1982,98.0,1176.0,51.9
1983,107.0,1284.0,58.1
1984,108.0,1296.0,63.8
1985,119.0,1428.0,67.6
1986,119.0,1428.0,70.5
1987,126.0,1512.0,65.4
1988,105.0,1260.0,68.4
1989,105.0,1260.0,66.5
1990,108.0,1296.0,66.2
1991,100.0,1200.0,66.5
1992,90.0,1080.0,67.2
1993,85.0,1020.0,66.4
1994,75.0,900.0,65.3
1995,89.0,1068.0,67.7
1996,88.0,1056.0,66.3
1997,90.0,1080.0,56.2
1998,90.0,1080.0,58.8
1999,78.0,936.0,61.5
2000,74.0,888.0,65.6
2001,72.0,864.0,66.9
2002,76.0,912.0,62.4
2003,60.0,720.0,63.5
2004,76.0,912.0,65.4
2005,72.0,864.0,58.5
2006,77.0,924.0,61.9
2007,56.0,672.0,62.9
2008,74.0,888.0,64.3
2009,49.0,588.0,63.9
2010,59.0,708.0,65.7
2011,61.0,732.0,67.3
2012,57.0,684.0,69.1
2013,44.0,528.0,67.6
2014,56.0,672.0,68.8
2015,38.0,456.0,65.8
2016,42.0,504.0,68.6
2017,43.0,516.0,65.9
2018,49.0,588.0,62.8
2019,45.0,540.0,67.6
2020,52.0,624.0,66.0
2021,33.0,396.0,65.6
2022,48.0,576.0,61.1
2023,32.0,384.0,62.5
2024,38.0,456.0,63.4
2025,41.0,492.0,58.0
2026,47.0,564.0,60.8
2027,37.0,444.0,60.6
2028,33.0,396.0,61.3
2029,32.0,384.0,63.0
2030,32.0,384.0,64.0
2031,41.0,492.0,59.5
2032,37.0,444.0,63.8
2033,40.0,480.0,61.6
2034,35.0,420.0,62.8
2035,35.0,420.0,67.0
2036,48.0,576.0,66.7
2037,42.0,504.0,67.7
2038,36.0,432.0,63.9
2039,21.0,252.0,66.1
2040,32.0,384.0,65.8
2041,34.0,408.0,59.1
2042,37.0,444.0,60.9
2043,44.0,528.0,63.1
2044,26.0,312.0,64.9
2045,30.0,360.0,65.2
2046,38.0,456.0,63.2
2047,57.0,684.0,58.1
2048,43.0,516.0,61.3
2049,39.0,468.0,57.6
2050,41.0,492.0,58.6
2051,33.0,396.0,58.6
2052,42.0,504.0,60.1
2053,50.0,600.0,64.7
2054,49.0,588.0,60.3
2055,37.0,444.0,63.5
2056,56.0,672.0,58.5
2057,52.0,624.0,66.3
2058,59.0,708.0,65.9
2059,63.0,756.0,64.7
2060,83.0,996.0,58.5
2061,68.0,816.0,57.2
2062,58.0,696.0,59.8
2063,74.0,888.0,66.0
2064,78.0,936.0,63.8
2065,65.0,780.0,66.2
2066,90.0,1080.0,70.1
2067,111.0,1332.0,71.6
2068,91.0,1092.0,68.1
2069,96.0,1152.0,68.5
2070,112.0,1344.0,71.1
2071,88.0,1056.0,68.4
2072,95.0,1140.0,63.3
2073,93.0,1116.0,63.7
2074,77.0,924.0,68.5
2075,83.0,996.0,69.5
2076,87.0,1044.0,65.5
2077,111.0,1332.0,64.9
2078,103.0,1236.0,64.2
2079,95.0,1140.0,69.1
2080,113.0,1356.0,63.8
2081,113.0,1356.0,64.2
2082,111.0,1332.0,70.3
2083,111.0,1332.0,72.6
2084,92.0,1104.0,73.3
2085,111.0,1332.0,65.7
2086,135.0,1620.0,63.1
2087,103.0,1236.0,68.2
2088,144.0,1728.0,67.8
2089,137.0,1644.0,64.7
2090,169.0,2028.0,61.1
2091,150.0,1800.0,62.0
2092,149.0,1788.0,65.7
2093,142.0,1704.0,63.1
2094,162.0,1944.0,62.9
2095,143.0,1716.0,64.9
2096,158.0,1896.0,62.5
2097,161.0,1932.0,62.6
2098,124.0,1488.0,63.7
2099,172.0,2064.0,66.2
2100,157.0,1884.0,67.4
2101,143.0,1716.0,56.9
2102,166.0,1992.0,62.5
2103,174.0,2088.0,62.5
2104,168.0,2016.0,62.2
2105,167.0,2004.0,66.3
2106,219.0,2628.0,65.4
2107,151.0,1812.0,65.7
2108,192.0,2304.0,65.8
2109,175.0,2100.0,68.0
2110,156.0,1872.0,67.3
2111,138.0,1656.0,59.3
2112,159.0,1908.0,56.6
2113,166.0,1992.0,57.8
2114,147.0,1764.0,66.5
2115,147.0,1764.0,62.2
2116,155.0,1860.0,59.2
2117,198.0,2376.0,58.5
2118,145.0,1740.0,52.6
2119,152.0,1824.0,50.5
2120,162.0,1944.0,52.8
2121,196.0,2352.0,56.3
2122,145.0,1740.0,56.3
2123,185.0,2220.0,58.5
2124,173.0,2076.0,55.3
2125,147.0,1764.0,56.4
2126,171.0,2052.0,57.3
2127,171.0,2052.0,56.2
2128,173.0,2076.0,55.1
2129,178.0,2136.0,58.6
2130,161.0,1932.0,54.1
2131,171.0,2052.0,56.2
2132,192.0,2304.0,53.9
2133,176.0,2112.0,56.8
2134,181.0,2172.0,57.8
2135,182.0,2184.0,58.6
2136,164.0,1968.0,55.0
2137,149.0,1788.0,51.5
2138,179.0,2148.0,48.7
2139,165.0,1980.0,49.2
2140,162.0,1944.0,51.2
2141,183.0,2196.0,50.9
2142,170.0,2040.0,53.1
2143,206.0,2472.0,55.3
2144,169.0,2028.0,55.2
2145,179.0,2148.0,48.8
2146,182.0,2184.0,47.7
2147,164.0,1968.0,47.4
2148,191.0,2292.0,51.1
2149,174.0,2088.0,49.9
2150,185.0,2220.0,56.5
2151,160.0,1920.0,53.4
2152,179.0,2148.0,48.3
2153,197.0,2364.0,52.4
2154,170.0,2040.0,55.8
2155,211.0,2532.0,51.5
2156,172.0,2064.0,54.8
2157,203.0,2436.0,57.5
2158,165.0,1980.0,53.9
2159,180.0,2160.0,54.6
2160,173.0,2076.0,54.2
2161,162.0,1944.0,46.6
2162,173.0,2076.0,45.3
2163,207.0,2484.0,48.7
2164,177.0,2124.0,47.9
2165,184.0,2208.0,50.9
2166,171.0,2052.0,51.8
2167,172.0,2064.0,52.3
2168,185.0,2220.0,54.4
2169,195.0,2340.0,55.4
2170,176.0,2112.0,50.9
2171,176.0,2112.0,48.1
2172,187.0,2244.0,52.1
2173,163.0,1956.0,49.4
2174,196.0,2352.0,52.5
2175,199.0,2388.0,50.4
2176,165.0,1980.0,50.2
2177,176.0,2112.0,51.8
2178,197.0,2364.0,53.0
2179,213.0,2556.0,55.4
2180,229.0,2748.0,51.6
2181,185.0,2220.0,55.7
2182,193.0,2316.0,51.1
2183,175.0,2100.0,47.6
2184,184.0,2208.0,46.9
2185,174.0,2088.0,48.8
2186,182.0,2184.0,49.7
2187,197.0,2364.0,52.4
2188,191.0,2292.0,52.8
2189,197.0,2364.0,56.2
2190,184.0,2208.0,57.8
2191,205.0,2460.0,57.5
2192,195.0,2340.0,57.5
2193,209.0,2508.0,59.1
2194,203.0,2436.0,54.8
2195,164.0,1968.0,52.6
2196,167.0,2004.0,57.0
2197,199.0,2388.0,57.3
2198,217.0,2604.0,56.5
2199,199.0,2388.0,55.0
2200,190.0,2280.0,53.4
2201,177.0,2124.0,56.9
2202,233.0,2796.0,54.9
2203,193.0,2316.0,52.3
2204,195.0,2340.0,54.9
2205,208.0,2496.0,55.7
2206,239.0,2868.0,58.2
2207,179.0,2148.0,56.7
2208,209.0,2508.0,56.4
2209,192.0,2304.0,58.9
2210,184.0,2208.0,56.8
2211,164.0,1968.0,52.8
2212,180.0,2160.0,53.0
2213,169.0,2028.0,50.0
2214,184.0,2208.0,47.8
2215,157.0,1884.0,47.7
2216,177.0,2124.0,51.1
2217,181.0,2172.0,49.8
2218,212.0,2544.0,50.5
2219,184.0,2208.0,58.5
2220,184.0,2208.0,57.3
2221,174.0,2088.0,58.1
2222,196.0,2352.0,58.2
2223,200.0,2400.0,57.2
2224,194.0,2328.0,51.5
2225,191.0,2292.0,52.1
2226,190.0,2280.0,52.0
2227,197.0,2364.0,56.4
2228,180.0,2160.0,55.9
2229,182.0,2184.0,59.2
2230,200.0,2400.0,60.3
2231,151.0,1812.0,55.1
2232,181.0,2172.0,52.9
2233,172.0,2064.0,54.5
2234,163.0,1956.0,56.8
2235,176.0,2112.0,55.2
2236,206.0,2472.0,54.9
2237,193.0,2316.0,52.1
2238,159.0,1908.0,50.3
2239,163.0,1956.0,52.4
2240,151.0,1812.0,56.0
2241,175.0,2100.0,58.6
2242,158.0,1896.0,54.5
2243,149.0,1788.0,49.8
2244,146.0,1752.0,60.3
2245,125.0,1500.0,66.1
2246,132.0,1584.0,61.7
2247,160.0,1920.0,60.6
2248,113.0,1356.0,60.0
2249,130.0,1560.0,54.7
2250,149.0,1788.0,55.6
2251,113.0,1356.0,62.0
2252,165.0,1980.0,63.1
2253,144.0,1728.0,54.6
2254,144.0,1728.0,57.1
2255,112.0,1344.0,62.6
2256,125.0,1500.0,59.5
2257,128.0,1536.0,62.2
2258,124.0,1488.0,65.7
2259,116.0,1392.0,63.5
2260,110.0,1320.0,65.6
2261,100.0,1200.0,61.2
2262,117.0,1404.0,62.2
2263,131.0,1572.0,61.2
2264,111.0,1332.0,59.0
2265,106.0,1272.0,61.9
2266,98.0,1176.0,60.5
2267,117.0,1404.0,61.3
2268,80.0,960.0,61.4
2269,111.0,1332.0,59.1
2270,102.0,1224.0,58.4
2271,132.0,1584.0,58.4
2272,120.0,1440.0,62.7
2273,90.0,1080.0,59.2
2274,97.0,1164.0,57.6
2275,114.0,1368.0,59.0
2276,129.0,1548.0,62.3
2277,126.0,1512.0,62.8
2278,92.0,1104.0,63.9
2279,97.0,1164.0,61.6
2280,107.0,1284.0,64.8
2281,107.0,1284.0,60.6
2282,104.0,1248.0,61.6
2283,111.0,1332.0,63.0
2284,85.0,1020.0,64.0
2285,110.0,1320.0,63.2
2286,80.0,960.0,61.0
2287,99.0,1188.0,62.6
2288,74.0,888.0,62.5
2289,107.0,1284.0,60.1
2290,86.0,1032.0,60.1
2291,75.0,900.0,56.9
2292,79.0,948.0,58.5
2293,79.0,948.0,60.9
2294,63.0,756.0,61.0
2295,82.0,984.0,62.9
2296,68.0,816.0,62.0
2297,74.0,888.0,62.8
2298,67.0,804.0,65.3
2299,70.0,840.0,59.1
2300,68.0,816.0,56.1
2301,80.0,960.0,60.4
2302,78.0,936.0,61.9
2303,68.0,816.0,62.6
2304,57.0,684.0,68.4
2305,65.0,780.0,64.5
2306,51.0,612.0,63.5
2307,47.0,564.0,62.2
2308,50.0,600.0,62.8
2309,54.0,648.0,65.5
2310,41.0,492.0,64.8
2311,59.0,708.0,61.2
2312,50.0,600.0,63.2
2313,51.0,612.0,64.9
2314,41.0,492.0,61.1
2315,40.0,480.0,65.0
2316,50.0,600.0,63.8
2317,48.0,576.0,59.7
2318,40.0,480.0,64.3
2319,36.0,432.0,61.5
2320,38.0,456.0,66.1
2321,33.0,396.0,64.4
2322,40.0,480.0,61.5
2323,34.0,408.0,64.8
2324,54.0,648.0,61.3
2325,25.0,300.0,61.6
2326,34.0,408.0,62.1
2327,35.0,420.0,58.6
2328,41.0,492.0,63.6
2329,36.0,432.0,65.9
2330,42.0,504.0,63.4
2331,35.0,420.0,63.3
2332,50.0,600.0,62.5
2333,42.0,504.0,57.9
2334,33.0,396.0,62.6
2335,26.0,312.0,63.7
2336,45.0,540.0,64.8
2337,37.0,444.0,61.6
2338,31.0,372.0,65.7
2339,44.0,528.0,61.1
2340,35.0,420.0,62.2
2341,34.0,408.0,64.1
2342,38.0,456.0,62.0
2343,39.0,468.0,60.6
2344,37.0,444.0,61.4
2345,32.0,384.0,65.5
2346,56.0,672.0,61.3
2347,39.0,468.0,59.1
2348,41.0,492.0,63.0
2349,42.0,504.0,59.5
2350,45.0,540.0,67.8
2351,43.0,516.0,61.9
2352,44.0,528.0,64.9
2353,34.0,408.0,66.7
2354,60.0,720.0,62.0
2355,49.0,588.0,63.8
2356,53.0,636.0,55.4
2357,45.0,540.0,62.1
2358,59.0,708.0,57.8
2359,50.0,600.0,62.7
2360,50.0,600.0,63.1
2361,50.0,600.0,61.2
2362,51.0,612.0,58.9
2363,48.0,576.0,57.8
2364,53.0,636.0,58.4
2365,54.0,648.0,60.2
2366,57.0,684.0,60.3
2367,57.0,684.0,62.2
2368,60.0,720.0,61.1
2369,81.0,972.0,58.2
2370,51.0,612.0,61.9
2371,68.0,816.0,64.1
2372,68.0,816.0,65.5
2373,87.0,1044.0,68.5
2374,89.0,1068.0,65.2
2375,68.0,816.0,65.3
2376,99.0,1188.0,66.0
2377,91.0,1092.0,64.1
2378,75.0,900.0,65.5
2379,95.0,1140.0,61.3
2380,88.0,1056.0,61.4
2381,103.0,1236.0,61.2
2382,120.0,1440.0,59.7
2383,121.0,1452.0,53.4
2384,100.0,1200.0,58.9
2385,131.0,1572.0,57.8
2386,132.0,1584.0,62.1
2387,110.0,1320.0,64.9
2388,120.0,1440.0,64.4
2389,100.0,1200.0,58.0
2390,114.0,1368.0,62.9
2391,118.0,1416.0,66.0
2392,107.0,1284.0,64.3
2393,128.0,1536.0,66.5
2394,111.0,1332.0,65.9
2395,104.0,1248.0,66.5
2396,131.0,1572.0,62.5
2397,128.0,1536.0,60.1
2398,128.0,1536.0,58.6
2399,120.0,1440.0,50.6
2400,116.0,1392.0,56.9
2401,128.0,1536.0,55.5
2402,127.0,1524.0,54.0
2403,139.0,1668.0,55.0
2404,138.0,1656.0,57.9
2405,140.0,1680.0,55.9
2406,149.0,1788.0,51.3
2407,123.0,1476.0,50.2
2408,149.0,1788.0,51.1
2409,164.0,1968.0,57.2
2410,138.0,1656.0,60.0
2411,153.0,1836.0,58.7
2412,144.0,1728.0,59.5
2413,136.0,1632.0,58.5
2414,172.0,2064.0,55.8
2415,146.0,1752.0,55.2
2416,174.0,2088.0,56.1
2417,160.0,1920.0,57.0
2418,160.0,1920.0,55.3
2419,158.0,1896.0,48.5
2420,161.0,1932.0,48.3
2421,151.0,1812.0,49.3
2422,150.0,1800.0,50.5
2423,181.0,2172.0,51.7
2424,162.0,1944.0,50.0
2425,170.0,2040.0,52.7
2426,185.0,2220.0,55.6
2427,155.0,1860.0,53.0
2428,146.0,1752.0,51.8
2429,163.0,1956.0,50.4
2430,167.0,2004.0,51.0
2431,172.0,2064.0,50.1
2432,168.0,2016.0,51.5
2433,177.0,2124.0,50.7
2434,183.0,2196.0,53.0
2435,171.0,2052.0,51.2
2436,169.0,2028.0,53.3
2437,165.0,1980.0,50.1
2438,182.0,2184.0,49.5
2439,188.0,2256.0,54.2
2440,159.0,1908.0,52.4
2441,184.0,2208.0,51.5
2442,167.0,2004.0,50.3
2443,173.0,2076.0,50.5
2444,172.0,2064.0,46.2
2445,175.0,2100.0,47.8
2446,177.0,2124.0,49.1
2447,193.0,2316.0,51.4
2448,184.0,2208.0,49.5
2449,193.0,2316.0,50.8
2450,156.0,1872.0,53.1
2451,149.0,1788.0,54.9
2452,160.0,1920.0,55.3
2453,139.0,1668.0,56.7
2454,150.0,1800.0,55.0
2455,172.0,2064.0,55.1
2456,158.0,1896.0,55.5
2457,177.0,2124.0,54.9
2458,192.0,2304.0,56.3
2459,197.0,2364.0,56.5
2460,207.0,2484.0,57.5
2461,185.0,2220.0,56.6
2462,213.0,2556.0,53.3
2463,191.0,2292.0,52.1
2464,217.0,2604.0,48.9
2465,214.0,2568.0,47.5
2466,186.0,2232.0,48.5
2467,207.0,2484.0,46.2
2468,187.0,2244.0,48.0
2469,166.0,1992.0,51.1
2470,170.0,2040.0,53.6
2471,152.0,1824.0,52.7
2472,194.0,2328.0,55.0
2473,167.0,2004.0,54.8
2474,170.0,2040.0,55.9
2475,153.0,1836.0,49.6
2476,174.0,2088.0,47.1
2477,187.0,2244.0,48.0
2478,156.0,1872.0,50.8
2479,167.0,2004.0,51.8
2480,169.0,2028.0,53.1
2481,200.0,2400.0,53.0
2482,168.0,2016.0,52.9
2483,174.0,2088.0,54.1
2484,153.0,1836.0,52.0
2485,159.0,1908.0,53.6
2486,156.0,1872.0,55.3
2487,160.0,1920.0,54.5
2488,172.0,2064.0,54.7
2489,182.0,2184.0,56.4
2490,154.0,1848.0,55.9
2491,149.0,1788.0,57.5
2492,154.0,1848.0,53.4
2493,176.0,2112.0,50.2
2494,169.0,2028.0,50.5
2495,155.0,1860.0,51.0
2496,182.0,2184.0,52.9
2497,156.0,1872.0,54.6
2498,152.0,1824.0,54.2
2499,149.0,1788.0,55.8
2500,166.0,1992.0,56.7
2501,182.0,2184.0,55.3
2502,159.0,1908.0,54.4
2503,186.0,2232.0,55.5
2504,162.0,1944.0,57.9
2505,157.0,1884.0,54.4
2506,161.0,1932.0,50.2
2507,157.0,1884.0,49.5
2508,149.0,1788.0,48.5
2509,169.0,2028.0,53.9
2510,159.0,1908.0,55.5
2511,161.0,1932.0,56.2
2512,158.0,1896.0,54.7
2513,191.0,2292.0,55.3
2514,154.0,1848.0,51.6
2515,158.0,1896.0,54.4
2516,149.0,1788.0,52.2
2517,158.0,1896.0,54.7
2518,165.0,1980.0,56.1
2519,160.0,1920.0,57.1
2520,159.0,1908.0,56.9
2521,140.0,1680.0,58.4
2522,161.0,1932.0,52.7
2523,135.0,1620.0,52.7
2524,154.0,1848.0,47.6
2525,147.0,1764.0,53.0
2526,157.0,1884.0,53.6
2527,141.0,1692.0,57.0
2528,153.0,1836.0,57.5
2529,145.0,1740.0,60.0
2530,150.0,1800.0,61.4
2531,142.0,1704.0,63.1
2532,117.0,1404.0,60.8
2533,135.0,1620.0,59.6
2534,129.0,1548.0,58.6
2535,134.0,1608.0,54.7
2536,126.0,1512.0,58.7
2537,148.0,1776.0,61.2
2538,105.0,1260.0,60.7
2539,132.0,1584.0,61.9
2540,142.0,1704.0,63.7
2541,119.0,1428.0,60.4
2542,120.0,1440.0,64.3
2543,127.0,1524.0,63.1
2544,125.0,1500.0,65.7
2545,139.0,1668.0,66.1
2546,129.0,1548.0,63.3
2547,103.0,1236.0,65.8
2548,105.0,1260.0,63.4
2549,114.0,1368.0,60.2
2550,103.0,1236.0,63.3
2551,109.0,1308.0,61.8
2552,98.0,1176.0,62.4
2553,130.0,1560.0,58.2
2554,99.0,1188.0,60.7
2555,100.0,1200.0,59.7
2556,130.0,1560.0,63.5
2557,113.0,1356.0,61.2
2558,129.0,1548.0,61.0
2559,81.0,972.0,64.9
2560,105.0,1260.0,65.3
2561,125.0,1500.0,63.6
2562,112.0,1344.0,60.2
2563,108.0,1296.0,63.2
2564,135.0,1620.0,65.9
2565,90.0,1080.0,61.9
2566,117.0,1404.0,65.1
2567,91.0,1092.0,67.4
2568,71.0,852.0,68.2
2569,103.0,1236.0,63.7
2570,85.0,1020.0,63.3
2571,80.0,960.0,67.8
2572,105.0,1260.0,62.5
2573,110.0,1320.0,62.4
2574,99.0,1188.0,65.0
2575,123.0,1476.0,68.6
2576,97.0,1164.0,70.0
2577,85.0,1020.0,66.0
2578,83.0,996.0,73.0
2579,95.0,1140.0,68.5
2580,101.0,1212.0,66.5
2581,87.0,1044.0,64.6
2582,82.0,984.0,69.1
2583,89.0,1068.0,69.6
2584,92.0,1104.0,70.2
2585,79.0,948.0,69.5
2586,80.0,960.0,70.8
2587,79.0,948.0,67.8
2588,79.0,948.0,66.4
2589,85.0,1020.0,68.6
2590,75.0,900.0,67.5
2591,66.0,792.0,70.4
2592,56.0,672.0,68.9
2593,64.0,768.0,66.6
2594,71.0,852.0,66.4
2595,42.0,504.0,67.9
2596,56.0,672.0,66.8
2597,75.0,900.0,64.5
2598,65.0,780.0,66.2
2599,58.0,696.0,65.0
2600,55.0,660.0,65.7
2601,59.0,708.0,69.0
2602,45.0,540.0,65.7
2603,45.0,540.0,67.2
2604,48.0,576.0,68.1
2605,54.0,648.0,65.2
2606,49.0,588.0,65.1
2607,46.0,552.0,65.1
2608,43.0,516.0,64.7
2609,56.0,672.0,67.3
2610,46.0,552.0,67.0
2611,49.0,588.0,68.5
2612,45.0,540.0,67.3
2613,36.0,432.0,67.2
2614,38.0,456.0,66.0
2615,35.0,420.0,66.9
2616,49.0,588.0,66.8
2617,43.0,516.0,65.4
2618,47.0,564.0,66.3
2619,42.0,504.0,67.7
2620,37.0,444.0,67.4
2621,40.0,480.0,69.5
2622,37.0,444.0,69.9
2623,32.0,384.0,70.4
2624,46.0,552.0,68.8
2625,31.0,372.0,68.5
2626,42.0,504.0,69.7
2627,39.0,468.0,67.8
2628,34.0,408.0,64.9
2629,35.0,420.0,66.2
2630,31.0,372.0,67.0
2631,33.0,396.0,67.4
2632,27.0,324.0,68.1
2633,22.0,264.0,68.3
2634,27.0,324.0,69.6
2635,20.0,240.0,69.3
2636,38.0,456.0,69.3
2637,36.0,432.0,67.4
2638,34.0,408.0,68.2
2639,30.0,360.0,67.3
2640,27.0,324.0,68.3
2641,28.0,336.0,68.8
2642,23.0,276.0,65.8
2643,35.0,420.0,67.0
2644,36.0,432.0,67.1
2645,32.0,384.0,69.3
2646,33.0,396.0,69.1
2647,34.0,408.0,68.0
2648,33.0,396.0,63.5
2649,34.0,408.0,66.8
2650,35.0,420.0,66.8
2651,38.0,456.0,66.4
2652,21.0,252.0,68.2
2653,32.0,384.0,68.5
2654,31.0,372.0,68.0
2655,42.0,504.0,65.6
2656,37.0,444.0,66.3
2657,61.0,732.0,62.7
2658,40.0,480.0,64.7
2659,41.0,492.0,65.4
2660,47.0,564.0,68.1
2661,54.0,648.0,66.9
2662,47.0,564.0,65.8
2663,51.0,612.0,63.5
2664,51.0,612.0,65.5
2665,45.0,540.0,66.4
2666,53.0,636.0,66.8
2667,57.0,684.0,67.2
2668,64.0,768.0,67.8
2669,64.0,768.0,66.2
2670,78.0,936.0,64.6
2671,74.0,888.0,65.2
2672,55.0,660.0,64.7
2673,66.0,792.0,64.4
2674,75.0,900.0,65.6
2675,72.0,864.0,67.0
2676,69.0,828.0,65.7
2677,88.0,1056.0,62.3
2678,62.0,744.0,65.7
2679,74.0,888.0,66.6
2680,76.0,912.0,67.7
2681,82.0,984.0,68.0
2682,71.0,852.0,69.5
2683,71.0,852.0,67.9
2684,87.0,1044.0,67.2
2685,84.0,1008.0,65.5
2686,89.0,1068.0,63.0
2687,84.0,1008.0,61.1
2688,101.0,1212.0,55.0
2689,84.0,1008.0,56.5
2690,92.0,1104.0,55.9
2691,94.0,1128.0,56.5
2692,104.0,1248.0,55.2
2693,89.0,1068.0,54.5
2694,90.0,1080.0,50.1
2695,104.0,1248.0,48.6
2696,102.0,1224.0,43.8
2697,116.0,1392.0,47.3
2698,124.0,1488.0,51.5
2699,120.0,1440.0,50.5
2700,117.0,1404.0,47.4
2701,114.0,1368.0,46.7
2702,125.0,1500.0,44.4
2703,137.0,1644.0,46.8
2704,142.0,1704.0,47.7
2705,149.0,1788.0,45.6
2706,132.0,1584.0,48.9
2707,149.0,1788.0,52.5
2708,147.0,1764.0,56.4
2709,154.0,1848.0,55.5
2710,139.0,1668.0,55.4
2711,158.0,1896.0,53.3
2712,183.0,2196.0,53.2
2713,138.0,1656.0,49.0
2714,167.0,2004.0,54.0
2715,158.0,1896.0,53.5
2716,150.0,1800.0,44.7
2717,168.0,2016.0,35.6
2718,169.0,2028.0,45.1
2719,169.0,2028.0,51.9
2720,172.0,2064.0,52.7
2721,160.0,1920.0,51.9
2722,198.0,2376.0,50.9
2723,187.0,2244.0,51.7
2724,177.0,2124.0,48.2
2725,173.0,2076.0,50.8
2726,175.0,2100.0,51.3
2727,197.0,2364.0,51.3
2728,170.0,2040.0,46.3
2729,207.0,2484.0,46.5
2730,208.0,2496.0,47.0
2731,195.0,2340.0,45.9
2732,164.0,1968.0,48.4
2733,179.0,2148.0,48.8
2734,177.0,2124.0,47.4
2735,181.0,2172.0,47.0
2736,197.0,2364.0,49.5
2737,177.0,2124.0,50.5
2738,174.0,2088.0,52.7
2739,164.0,1968.0,45.8
2740,176.0,2112.0,47.8
2741,178.0,2136.0,44.0
2742,216.0,2592.0,45.0
2743,166.0,1992.0,48.2
2744,153.0,1836.0,49.9
2745,192.0,2304.0,51.1
2746,185.0,2220.0,51.7
2747,197.0,2364.0,53.2
2748,181.0,2172.0,52.6
2749,184.0,2208.0,53.7
2750,227.0,2724.0,51.1
2751,189.0,2268.0,48.1
2752,208.0,2496.0,49.0
2753,177.0,2124.0,45.9
2754,204.0,2448.0,46.3
2755,205.0,2460.0,48.2
2756,181.0,2172.0,50.5
2757,185.0,2220.0,51.7
2758,193.0,2316.0,53.2
2759,178.0,2136.0,53.3
2760,164.0,1968.0,53.8
2761,199.0,2388.0,52.9
2762,165.0,1980.0,52.3
2763,156.0,1872.0,54.9
2764,193.0,2316.0,53.3
2765,151.0,1812.0,51.1
2766,180.0,2160.0,47.3
2767,174.0,2088.0,51.0
2768,179.0,2148.0,48.3
2769,165.0,1980.0,46.9
2770,194.0,2328.0,47.2
2771,170.0,2040.0,42.2
2772,155.0,1860.0,48.1
2773,162.0,1944.0,51.6
2774,163.0,1956.0,53.1
2775,162.0,1944.0,53.3
2776,186.0,2232.0,53.2
2777,177.0,2124.0,51.0
2778,182.0,2184.0,50.2
2779,155.0,1860.0,51.3
2780,162.0,1944.0,51.7
2781,186.0,2232.0,50.9
2782,186.0,2232.0,50.7
2783,140.0,1680.0,52.7
2784,184.0,2208.0,53.2
2785,196.0,2352.0,53.2
2786,189.0,2268.0,54.2
2787,192.0,2304.0,52.2
2788,172.0,2064.0,51.5
2789,180.0,2160.0,47.9
2790,172.0,2064.0,45.2
2791,190.0,2280.0,43.6
2792,177.0,2124.0,47.5
2793,177.0,2124.0,50.8
2794,156.0,1872.0,53.6
2795,167.0,2004.0,53.8
2796,179.0,2148.0,53.4
2797,154.0,1848.0,49.4
2798,202.0,2424.0,46.9
2799,170.0,2040.0,45.5
2800,182.0,2184.0,45.8
2801,188.0,2256.0,46.9
2802,160.0,1920.0,45.4
2803,175.0,2100.0,51.1
2804,169.0,2028.0,54.2
2805,202.0,2424.0,54.6
2806,155.0,1860.0,53.2
2807,164.0,1968.0,50.6
2808,161.0,1932.0,50.9
2809,162.0,1944.0,51.8
2810,150.0,1800.0,51.1
2811,157.0,1884.0,51.9
2812,141.0,1692.0,52.2
2813,178.0,2136.0,54.7
2814,156.0,1872.0,55.8
2815,170.0,2040.0,52.7
2816,143.0,1716.0,58.9
2817,165.0,1980.0,56.3
2818,153.0,1836.0,52.3
2819,145.0,1740.0,55.5
2820,171.0,2052.0,53.0
2821,142.0,1704.0,55.4
2822,155.0,1860.0,49.8
2823,136.0,1632.0,50.9
2824,148.0,1776.0,50.5
2825,137.0,1644.0,53.5
2826,133.0,1596.0,50.3
2827,166.0,1992.0,49.0
2828,136.0,1632.0,51.7
2829,152.0,1824.0,46.8
2830,143.0,1716.0,52.6
2831,163.0,1956.0,56.0
2832,127.0,1524.0,58.0
2833,126.0,1512.0,55.2
2834,134.0,1608.0,55.5
2835,143.0,1716.0,53.3
2836,138.0,1656.0,51.4
2837,127.0,1524.0,53.7
2838,133.0,1596.0,51.5
2839,130.0,1560.0,53.1
2840,148.0,1776.0,53.7
2841,122.0,1464.0,56.7
2842,135.0,1620.0,56.2
2843,106.0,1272.0,59.4
2844,120.0,1440.0,61.3
2845,114.0,1368.0,59.4
2846,126.0,1512.0,62.9
2847,127.0,1524.0,56.6
2848,129.0,1548.0,62.2
2849,95.0,1140.0,63.7
2850,123.0,1476.0,63.9
2851,123.0,1476.0,61.6
2852,107.0,1284.0,65.1
2853,114.0,1368.0,69.9
2854,103.0,1236.0,70.7
2855,123.0,1476.0,69.4
2856,102.0,1224.0,66.0
2857,100.0,1200.0,68.1
2858,89.0,1068.0,69.7
2859,123.0,1476.0,68.8
2860,100.0,1200.0,68.0
2861,68.0,816.0,65.3
2862,98.0,1176.0,62.8
2863,84.0,1008.0,66.7
2864,69.0,828.0,64.1
2865,83.0,996.0,68.9
2866,83.0,996.0,64.1
2867,82.0,984.0,65.3
2868,81.0,972.0,63.2
2869,63.0,756.0,68.6
2870,74.0,888.0,69.9
2871,61.0,732.0,66.3
2872,74.0,888.0,61.1
2873,50.0,600.0,58.7
2874,44.0,528.0,64.0
2875,56.0,672.0,59.2
2876,47.0,564.0,62.3
2877,53.0,636.0,62.7
2878,53.0,636.0,63.7
2879,46.0,552.0,61.3
2880,67.0,804.0,68.7
2881,48.0,576.0,63.4
2882,48.0,576.0,67.4
2883,42.0,504.0,63.7
2884,48.0,576.0,65.1
2885,48.0,576.0,63.7
2886,37.0,444.0,62.3
2887,40.0,480.0,62.6
2888,34.0,408.0,60.1
2889,43.0,516.0,63.0
2890,42.0,504.0,59.1
2891,37.0,444.0,61.3
2892,37.0,444.0,66.8
2893,38.0,456.0,68.4
2894,36.0,432.0,60.8
2895,33.0,396.0,64.0
2896,33.0,396.0,65.3
2897,47.0,564.0,61.9
2898,36.0,432.0,65.1
2899,42.0,504.0,64.5
2900,34.0,408.0,63.6
2901,33.0,396.0,64.9
2902,33.0,396.0,62.0
2903,26.0,312.0,63.5
2904,38.0,456.0,62.9
2905,24.0,288.0,65.3
2906,34.0,408.0,59.7
2907,30.0,360.0,62.2
2908,35.0,420.0,64.6
2909,43.0,516.0,66.2
2910,53.0,636.0,56.7
2911,40.0,480.0,60.1
2912,39.0,468.0,64.5
2913,43.0,516.0,64.5
2914,44.0,528.0,65.7
2915,42.0,504.0,64.3
2916,41.0,492.0,57.4
2917,54.0,648.0,54.2
2918,48.0,576.0,57.0
2919,39.0,468.0,56.4
2920,52.0,624.0,61.7
2921,54.0,648.0,67.9
2922,63.0,756.0,64.6
2923,58.0,696.0,64.9
2924,68.0,816.0,64.4
2925,70.0,840.0,60.1
2926,90.0,1080.0,57.2
2927,73.0,876.0,50.7
2928,93.0,1116.0,52.5
2929,72.0,864.0,55.7
2930,105.0,1260.0,54.3
2931,100.0,1200.0,51.0
2932,98.0,1176.0,51.4
2933,110.0,1320.0,56.9
2934,112.0,1344.0,60.1
2935,104.0,1248.0,59.5
2936,104.0,1248.0,64.8
2937,104.0,1248.0,61.7
2938,96.0,1152.0,62.4
2939,100.0,1200.0,62.6
2940,103.0,1236.0,58.8
2941,95.0,1140.0,60.1
2942,109.0,1308.0,64.4
2943,106.0,1272.0,61.2
2944,116.0,1392.0,62.1
2945,96.0,1152.0,59.1
2946,118.0,1416.0,63.0
2947,105.0,1260.0,62.1
2948,113.0,1356.0,63.5
2949,114.0,1368.0,65.8
2950,141.0,1692.0,63.0
2951,134.0,1608.0,61.9
2952,134.0,1608.0,59.3
2953,157.0,1884.0,61.3
2954,142.0,1704.0,61.7
2955,134.0,1608.0,62.0
2956,163.0,1956.0,60.5
2957,160.0,1920.0,60.3
2958,158.0,1896.0,56.3
2959,190.0,2280.0,53.9
2960,150.0,1800.0,58.8
2961,146.0,1752.0,57.4
2962,146.0,1752.0,60.6
2963,152.0,1824.0,61.5
2964,161.0,1932.0,62.4
2965,159.0,1908.0,62.2
2966,172.0,2064.0,61.8
2967,182.0,2184.0,59.8
2968,159.0,1908.0,62.1
2969,185.0,2220.0,66.3
2970,183.0,2196.0,64.0
2971,166.0,1992.0,64.7
2972,170.0,2040.0,65.5
2973,170.0,2040.0,64.3
2974,185.0,2220.0,62.7
2975,159.0,1908.0,64.4
2976,151.0,1812.0,64.1
2977,129.0,1548.0,66.4
2978,138.0,1656.0,61.5
2979,141.0,1692.0,61.5
2980,146.0,1752.0,62.2
2981,173.0,2076.0,63.5
2982,166.0,1992.0,64.7
2983,169.0,2028.0,60.9
2984,152.0,1824.0,52.3
2985,180.0,2160.0,53.9
2986,139.0,1668.0,53.4
2987,137.0,1644.0,55.0
2988,140.0,1680.0,49.6
2989,173.0,2076.0,53.0
2990,146.0,1752.0,53.8
2991,148.0,1776.0,55.9
2992,162.0,1944.0,56.2
2993,146.0,1752.0,56.7
2994,180.0,2160.0,54.0
2995,169.0,2028.0,54.5
2996,177.0,2124.0,57.3
2997,168.0,2016.0,58.6
2998,189.0,2268.0,59.1
2999,153.0,1836.0,58.9
3000,171.0,2052.0,57.1
3001,131.0,1572.0,58.6
3002,158.0,1896.0,55.6
3003,163.0,1956.0,55.6
3004,142.0,1704.0,57.2
3005,153.0,1836.0,54.7
3006,165.0,1980.0,55.0
3007,155.0,1860.0,53.2
3008,141.0,1692.0,50.3
3009,158.0,1896.0,50.1
3010,169.0,2028.0,50.2
3011,178.0,2136.0,50.4
3012,176.0,2112.0,49.8
3013,173.0,2076.0,52.3
3014,164.0,1968.0,50.5
3015,180.0,2160.0,49.9
3016,158.0,1896.0,49.7
3017,138.0,1656.0,48.5
3018,184.0,2208.0,50.9
3019,186.0,2232.0,51.3
3020,159.0,1908.0,52.0
3021,169.0,2028.0,51.0
3022,149.0,1788.0,48.8
3023,180.0,2160.0,46.7
3024,158.0,1896.0,48.4
3025,175.0,2100.0,49.5
3026,169.0,2028.0,50.2
3027,162.0,1944.0,51.8
3028,172.0,2064.0,50.5
3029,173.0,2076.0,44.3
3030,174.0,2088.0,47.7
3031,162.0,1944.0,50.3
3032,166.0,1992.0,44.8
3033,193.0,2316.0,45.9
3034,157.0,1884.0,44.4
3035,174.0,2088.0,47.8
3036,165.0,1980.0,51.0
3037,191.0,2292.0,51.2
3038,193.0,2316.0,50.3
3039,179.0,2148.0,51.6
3040,177.0,2124.0,50.4
3041,183.0,2196.0,50.8
3042,174.0,2088.0,51.8
3043,187.0,2244.0,47.6
3044,193.0,2316.0,47.5
3045,181.0,2172.0,47.5
3046,155.0,1860.0,43.0
3047,169.0,2028.0,46.1
3048,162.0,1944.0,48.6
3049,200.0,2400.0,50.3
3050,172.0,2064.0,51.5
3051,189.0,2268.0,50.9
3052,167.0,2004.0,49.4
3053,212.0,2544.0,49.7
3054,172.0,2064.0,49.4
3055,166.0,1992.0,49.6
3056,189.0,2268.0,49.2
3057,190.0,2280.0,47.8
3058,186.0,2232.0,44.2
3059,155.0,1860.0,42.1
3060,192.0,2304.0,48.4
3061,167.0,2004.0,49.4
3062,193.0,2316.0,50.0
3063,169.0,2028.0,51.6
3064,187.0,2244.0,54.2
3065,207.0,2484.0,55.1
3066,178.0,2136.0,55.5
3067,189.0,2268.0,49.5
3068,162.0,1944.0,43.7
3069,195.0,2340.0,43.9
3070,176.0,2112.0,45.5
3071,176.0,2112.0,48.0
3072,178.0,2136.0,47.2
3073,184.0,2208.0,49.3
3074,190.0,2280.0,50.5
3075,171.0,2052.0,52.9
3076,158.0,1896.0,53.6
3077,177.0,2124.0,52.9
3078,157.0,1884.0,47.3
3079,159.0,1908.0,51.0
3080,166.0,1992.0,51.8
3081,181.0,2172.0,51.9
3082,194.0,2328.0,53.0
3083,154.0,1848.0,49.4
3084,209.0,2508.0,50.6
3085,179.0,2148.0,47.6
3086,186.0,2232.0,46.6
3087,163.0,1956.0,49.5
3088,154.0,1848.0,52.5
3089,206.0,2472.0,52.9
3090,195.0,2340.0,54.2
3091,162.0,1944.0,52.4
3092,157.0,1884.0,48.3
3093,151.0,1812.0,46.3
3094,182.0,2184.0,50.1
3095,194.0,2328.0,53.2
3096,127.0,1524.0,55.8
3097,152.0,1824.0,57.3
3098,166.0,1992.0,53.8
3099,175.0,2100.0,52.2
3100,141.0,1692.0,52.9
3101,149.0,1788.0,54.6
3102,137.0,1644.0,54.1
3103,139.0,1668.0,52.7
3104,139.0,1668.0,47.3
3105,137.0,1644.0,52.2
3106,146.0,1752.0,54.5
3107,151.0,1812.0,55.7
3108,121.0,1452.0,56.4
3109,123.0,1476.0,47.8
3110,125.0,1500.0,51.5
3111,131.0,1572.0,50.8
3112,120.0,1440.0,47.5
3113,124.0,1488.0,48.3
3114,128.0,1536.0,51.9
3115,121.0,1452.0,56.7
3116,125.0,1500.0,56.1
3117,101.0,1212.0,56.0
3118,108.0,1296.0,57.2
3119,109.0,1308.0,55.4
3120,101.0,1212.0,54.8
3121,119.0,1428.0,53.5
3122,113.0,1356.0,58.7
3123,90.0,1080.0,58.7
3124,89.0,1068.0,58.1
3125,85.0,1020.0,59.8
3126,98.0,1176.0,57.7
3127,98.0,1176.0,53.5
3128,91.0,1092.0,52.7
3129,102.0,1224.0,52.2
3130,91.0,1092.0,50.2
3131,89.0,1068.0,50.4
3132,97.0,1164.0,53.9
3133,89.0,1068.0,58.6
3134,105.0,1260.0,56.0
3135,74.0,888.0,50.8
3136,102.0,1224.0,54.8
3137,86.0,1032.0,55.6
3138,83.0,996.0,61.1
3139,98.0,1176.0,59.4
3140,91.0,1092.0,65.3
3141,93.0,1116.0,66.1
3142,78.0,936.0,66.3
3143,63.0,756.0,66.7
3144,71.0,852.0,66.4
3145,82.0,984.0,66.1
3146,76.0,912.0,62.7
3147,102.0,1224.0,63.0
3148,55.0,660.0,63.2
3149,64.0,768.0,59.5
3150,49.0,588.0,64.3
3151,63.0,756.0,64.3
3152,58.0,696.0,62.6
3153,56.0,672.0,63.6
3154,55.0,660.0,65.9
3155,50.0,600.0,64.0
3156,66.0,792.0,66.7
3157,64.0,768.0,67.1
3158,74.0,888.0,61.5
3159,76.0,912.0,60.2
3160,55.0,660.0,64.5
3161,58.0,696.0,60.8
3162,35.0,420.0,63.9
3163,38.0,456.0,62.0
3164,48.0,576.0,59.7
3165,48.0,576.0,58.1
3166,31.0,372.0,66.2
3167,38.0,456.0,62.7
3168,35.0,420.0,68.2
3169,26.0,312.0,67.6
3170,37.0,444.0,68.5
3171,30.0,360.0,61.5
3172,37.0,444.0,66.2
3173,36.0,432.0,67.8
3174,34.0,408.0,62.8
3175,41.0,492.0,62.2
3176,35.0,420.0,63.2
3177,36.0,432.0,60.0
3178,36.0,432.0,65.1
3179,43.0,516.0,62.2
3180,31.0,372.0,66.3
3181,35.0,420.0,65.8
3182,27.0,324.0,67.7
3183,31.0,372.0,67.1
3184,28.0,336.0,68.2
3185,31.0,372.0,66.5
3186,34.0,408.0,67.5
3187,37.0,444.0,63.3
3188,31.0,372.0,64.0
3189,28.0,336.0,65.1
3190,27.0,324.0,66.1
3191,33.0,396.0,64.5
3192,34.0,408.0,62.9
3193,25.0,300.0,64.8
3194,19.0,228.0,65.9
3195,36.0,432.0,66.8
3196,33.0,396.0,64.0
3197,33.0,396.0,66.1
3198,49.0,588.0,65.6
3199,26.0,312.0,67.7
3200,49.0,588.0,64.2
3201,33.0,396.0,65.9
3202,40.0,480.0,67.1
3203,24.0,288.0,65.7
3204,49.0,588.0,63.2
3205,35.0,420.0,62.7
3206,40.0,480.0,66.8
3207,54.0,648.0,61.1
3208,52.0,624.0,61.1
3209,51.0,612.0,62.4
3210,60.0,720.0,66.4
3211,69.0,828.0,67.7
3212,58.0,696.0,63.7
3213,69.0,828.0,64.0
3214,68.0,816.0,68.2
3215,55.0,660.0,71.3
3216,87.0,1044.0,68.4
3217,88.0,1056.0,64.3
3218,76.0,912.0,66.5
3219,96.0,1152.0,64.6
3220,82.0,984.0,66.8
3221,86.0,1032.0,67.5
3222,105.0,1260.0,69.7
3223,88.0,1056.0,66.4
3224,77.0,924.0,66.5
3225,96.0,1152.0,64.7
3226,101.0,1212.0,66.0
3227,104.0,1248.0,62.8
3228,90.0,1080.0,63.5
3229,103.0,1236.0,59.8
3230,115.0,1380.0,62.5
3231,103.0,1236.0,61.6
3232,105.0,1260.0,65.5
3233,108.0,1296.0,64.8
3234,128.0,1536.0,66.5
3235,120.0,1440.0,66.4
3236,122.0,1464.0,60.2
3237,128.0,1536.0,61.5
3238,113.0,1356.0,68.0
3239,120.0,1440.0,72.6
3240,116.0,1392.0,67.2
3241,136.0,1632.0,65.2
3242,140.0,1680.0,67.5
3243,160.0,1920.0,65.3
3244,193.0,2316.0,64.6
3245,150.0,1800.0,62.1
3246,167.0,2004.0,64.9
3247,169.0,2028.0,63.8
3248,166.0,1992.0,65.5
3249,133.0,1596.0,67.1
3250,156.0,1872.0,64.2
3251,147.0,1764.0,63.7
3252,157.0,1884.0,65.1
3253,165.0,1980.0,66.7
3254,194.0,2328.0,65.1
3255,170.0,2040.0,66.6
3256,199.0,2388.0,64.4
3257,165.0,1980.0,68.5
3258,170.0,2040.0,65.9
3259,151.0,1812.0,69.1
3260,167.0,2004.0,67.6
3261,161.0,1932.0,68.5
3262,183.0,2196.0,65.3
3263,166.0,1992.0,66.8
3264,166.0,1992.0,64.3
3265,155.0,1860.0,62.7
3266,147.0,1764.0,61.1
3267,154.0,1848.0,64.9
3268,157.0,1884.0,64.9
3269,169.0,2028.0,64.8
3270,171.0,2052.0,66.0
3271,182.0,2184.0,65.1
3272,180.0,2160.0,68.1
3273,152.0,1824.0,66.4
3274,181.0,2172.0,64.0
3275,142.0,1704.0,64.5
3276,165.0,1980.0,63.1
3277,140.0,1680.0,62.7
3278,167.0,2004.0,62.2
3279,162.0,1944.0,61.2
3280,159.0,1908.0,60.8
3281,194.0,2328.0,59.2
3282,166.0,1992.0,62.1
3283,148.0,1776.0,56.7
3284,176.0,2112.0,53.5
3285,144.0,1728.0,51.8
3286,164.0,1968.0,55.2
3287,160.0,1920.0,53.4
3288,143.0,1716.0,53.1
3289,163.0,1956.0,53.9
3290,154.0,1848.0,52.1
3291,143.0,1716.0,49.2
3292,170.0,2040.0,53.3
3293,157.0,1884.0,57.7
3294,143.0,1716.0,51.7
3295,134.0,1608.0,52.9
3296,173.0,2076.0,56.6
3297,163.0,1956.0,57.9
3298,161.0,1932.0,57.0
3299,141.0,1692.0,58.7
3300,137.0,1644.0,59.5
3301,161.0,1932.0,55.4
3302,165.0,1980.0,54.5
3303,156.0,1872.0,52.9
3304,183.0,2196.0,52.7
3305,163.0,1956.0,55.2
3306,193.0,2316.0,53.0
3307,166.0,1992.0,52.2
3308,138.0,1656.0,50.6
3309,175.0,2100.0,52.5
3310,146.0,1752.0,49.6
3311,144.0,1728.0,54.9
3312,169.0,2028.0,56.4
3313,150.0,1800.0,56.9
3314,156.0,1872.0,55.7
3315,163.0,1956.0,52.1
3316,163.0,1956.0,51.9
3317,174.0,2088.0,52.4
3318,169.0,2028.0,53.2
3319,143.0,1716.0,54.0
3320,135.0,1620.0,55.2
3321,171.0,2052.0,55.1
3322,168.0,2016.0,57.2
3323,145.0,1740.0,53.4
3324,152.0,1824.0,53.2
3325,158.0,1896.0,54.5
3326,165.0,1980.0,55.3
3327,148.0,1776.0,49.2
3328,169.0,2028.0,48.2
3329,167.0,2004.0,48.1
3330,167.0,2004.0,51.7
3331,197.0,2364.0,54.8
3332,178.0,2136.0,55.1
3333,178.0,2136.0,54.6
3334,160.0,1920.0,53.4
3335,158.0,1896.0,53.4
3336,167.0,2004.0,50.8
3337,153.0,1836.0,49.2
3338,176.0,2112.0,47.3
3339,187.0,2244.0,50.1
3340,179.0,2148.0,48.2
3341,189.0,2268.0,52.1
3342,188.0,2256.0,50.9
3343,175.0,2100.0,51.7
3344,175.0,2100.0,52.3
3345,168.0,2016.0,55.1
3346,159.0,1908.0,59.0
3347,193.0,2316.0,54.7
3348,176.0,2112.0,54.1
3349,180.0,2160.0,50.7
3350,169.0,2028.0,45.5
3351,166.0,1992.0,47.8
3352,180.0,2160.0,47.5
3353,188.0,2256.0,44.9
3354,204.0,2448.0,47.8
3355,182.0,2184.0,47.2
3356,175.0,2100.0,48.5
3357,173.0,2076.0,50.0
3358,202.0,2424.0,51.1
3359,166.0,1992.0,54.1
3360,176.0,2112.0,52.5
3361,183.0,2196.0,53.6
3362,168.0,2016.0,53.8
3363,173.0,2076.0,54.3
3364,164.0,1968.0,53.2
3365,180.0,2160.0,51.5
3366,185.0,2220.0,47.1
3367,174.0,2088.0,44.3
3368,195.0,2340.0,49.5
3369,190.0,2280.0,51.5
3370,195.0,2340.0,54.6
3371,170.0,2040.0,53.7
3372,185.0,2220.0,56.1
3373,164.0,1968.0,53.1
3374,186.0,2232.0,55.1
3375,183.0,2196.0,55.8
3376,176.0,2112.0,57.9
3377,179.0,2148.0,57.8
3378,184.0,2208.0,55.3
3379,186.0,2232.0,55.8
3380,173.0,2076.0,55.6
3381,181.0,2172.0,58.2
3382,157.0,1884.0,53.1
3383,149.0,1788.0,53.1
3384,177.0,2124.0,53.8
3385,187.0,2244.0,53.9
3386,132.0,1584.0,50.9
3387,150.0,1800.0,49.1
3388,155.0,1860.0,49.7
3389,145.0,1740.0,46.2
3390,119.0,1428.0,54.0
3391,152.0,1824.0,52.9
3392,138.0,1656.0,53.5
3393,128.0,1536.0,58.2
3394,127.0,1524.0,60.7
3395,130.0,1560.0,58.6
3396,136.0,1632.0,59.2
3397,127.0,1524.0,55.4
3398,120.0,1440.0,54.3
3399,115.0,1380.0,55.3
3400,130.0,1560.0,55.3
3401,116.0,1392.0,56.7
3402,128.0,1536.0,54.7
3403,116.0,1392.0,55.4
3404,140.0,1680.0,59.2
3405,136.0,1632.0,63.0
3406,101.0,1212.0,58.5
3407,122.0,1464.0,59.1
3408,105.0,1260.0,57.4
3409,114.0,1368.0,64.0
3410,86.0,1032.0,63.3
3411,117.0,1404.0,64.5
3412,99.0,1188.0,59.6
3413,101.0,1212.0,60.0
3414,118.0,1416.0,60.0
3415,110.0,1320.0,56.4
3416,96.0,1152.0,58.3
3417,104.0,1248.0,56.3
3418,113.0,1356.0,54.8
3419,87.0,1044.0,53.9
3420,101.0,1212.0,58.3
3421,92.0,1104.0,57.2
3422,100.0,1200.0,58.3
3423,74.0,888.0,61.1
3424,76.0,912.0,65.0
3425,107.0,1284.0,65.7
3426,92.0,1104.0,64.6
3427,74.0,888.0,62.0
3428,91.0,1092.0,60.8
3429,80.0,960.0,59.3
3430,93.0,1116.0,60.5
3431,69.0,828.0,63.0
3432,77.0,924.0,63.9
3433,79.0,948.0,64.8
3434,70.0,840.0,65.3
3435,81.0,972.0,65.5
3436,73.0,876.0,60.5
3437,54.0,648.0,66.7
3438,65.0,780.0,63.0
3439,70.0,840.0,69.6
3440,53.0,636.0,65.1
3441,62.0,744.0,61.9
3442,59.0,708.0,62.1
3443,58.0,696.0,65.6
3444,60.0,720.0,63.3
3445,58.0,696.0,67.4
3446,50.0,600.0,61.3
3447,61.0,732.0,64.1
3448,52.0,624.0,63.3
3449,42.0,504.0,67.3
3450,39.0,468.0,66.5
3451,39.0,468.0,65.7
3452,64.0,768.0,66.0
3453,50.0,600.0,65.5
3454,36.0,432.0,67.4
3455,47.0,564.0,62.7
3456,30.0,360.0,68.4
3457,34.0,408.0,68.7
3458,33.0,396.0,64.6
3459,55.0,660.0,63.4
3460,32.0,384.0,61.5
3461,42.0,504.0,65.1
3462,33.0,396.0,66.8
3463,46.0,552.0,63.0
3464,30.0,360.0,66.6
3465,43.0,516.0,62.9
3466,37.0,444.0,66.1
3467,34.0,408.0,64.9
3468,38.0,456.0,64.7
3469,25.0,300.0,66.1
3470,23.0,276.0,65.3
3471,29.0,348.0,66.1
3472,16.0,192.0,67.9
3473,38.0,456.0,68.8
3474,33.0,396.0,68.5
3475,35.0,420.0,68.8
3476,30.0,360.0,66.4
3477,18.0,216.0,68.8
3478,31.0,372.0,68.2
3479,20.0,240.0,69.0
3480,30.0,360.0,64.1
3481,29.0,348.0,65.0
3482,26.0,312.0,60.5
3483,22.0,264.0,62.9
3484,30.0,360.0,63.9
3485,45.0,540.0,63.9
3486,31.0,372.0,67.3
3487,37.0,444.0,65.2
3488,40.0,480.0,68.8
3489,34.0,408.0,65.8
3490,42.0,504.0,65.5
3491,48.0,576.0,66.1
3492,46.0,552.0,59.9
3493,39.0,468.0,63.6
3494,41.0,492.0,67.5
3495,38.0,456.0,67.4
3496,54.0,648.0,66.8
3497,63.0,756.0,63.1
3498,61.0,732.0,67.5
3499,51.0,612.0,59.0
3500,65.0,780.0,63.9
3501,80.0,960.0,63.6
3502,69.0,828.0,65.1
3503,82.0,984.0,65.2
3504,68.0,816.0,66.0
3505,88.0,1056.0,62.1
3506,107.0,1284.0,55.2
3507,88.0,1056.0,60.8
3508,110.0,1320.0,60.0
3509,111.0,1332.0,62.3
3510,104.0,1248.0,60.6
3511,82.0,984.0,61.6
3512,99.0,1188.0,59.8
3513,95.0,1140.0,61.7
3514,102.0,1224.0,64.6
3515,80.0,960.0,60.2
3516,102.0,1224.0,58.8
3517,105.0,1260.0,61.8
3518,89.0,1068.0,61.5
3519,100.0,1200.0,62.8
3520,120.0,1440.0,66.7
3521,127.0,1524.0,66.4
3522,112.0,1344.0,68.9
3523,112.0,1344.0,68.5
3524,113.0,1356.0,67.4
3525,107.0,1284.0,70.5
3526,129.0,1548.0,70.5
3527,127.0,1524.0,67.9
3528,132.0,1584.0,66.3
3529,142.0,1704.0,69.7
3530,141.0,1692.0,68.7
3531,160.0,1920.0,62.7
3532,156.0,1872.0,64.4
3533,152.0,1824.0,65.4
3534,182.0,2184.0,66.6
3535,156.0,1872.0,63.9
3536,159.0,1908.0,61.0
3537,146.0,1752.0,62.2
3538,163.0,1956.0,61.9
3539,150.0,1800.0,59.8
3540,155.0,1860.0,63.4
3541,151.0,1812.0,67.0
3542,154.0,1848.0,69.2
3543,167.0,2004.0,67.9
3544,185.0,2220.0,68.9
3545,176.0,2112.0,68.0
3546,184.0,2208.0,67.4
3547,176.0,2112.0,65.8
3548,151.0,1812.0,66.0
3549,161.0,1932.0,61.0
3550,160.0,1920.0,63.9
3551,163.0,1956.0,61.6
3552,130.0,1560.0,60.4
3553,133.0,1596.0,61.7
3554,131.0,1572.0,58.3
3555,148.0,1776.0,57.8
3556,186.0,2232.0,55.3
3557,160.0,1920.0,57.6
3558,181.0,2172.0,58.1
3559,171.0,2052.0,59.8
3560,161.0,1932.0,53.1
3561,185.0,2220.0,51.9
3562,158.0,1896.0,50.7
3563,166.0,1992.0,54.9
3564,144.0,1728.0,57.0
3565,152.0,1824.0,55.7
3566,157.0,1884.0,54.5
3567,162.0,1944.0,56.7
3568,191.0,2292.0,58.8
3569,157.0,1884.0,59.1
3570,164.0,1968.0,55.6
3571,180.0,2160.0,55.6
3572,169.0,2028.0,53.2
3573,153.0,1836.0,53.0
3574,185.0,2220.0,50.1
3575,156.0,1872.0,51.6
3576,166.0,1992.0,52.4
3577,156.0,1872.0,51.6
3578,170.0,2040.0,54.1
3579,153.0,1836.0,53.5
3580,143.0,1716.0,51.5
3581,163.0,1956.0,53.3
3582,156.0,1872.0,51.8
3583,131.0,1572.0,56.4
3584,173.0,2076.0,53.8
3585,149.0,1788.0,50.8
3586,151.0,1812.0,53.8
3587,161.0,1932.0,50.7
3588,167.0,2004.0,51.0
3589,174.0,2088.0,49.6
3590,143.0,1716.0,51.3
3591,145.0,1740.0,49.3
3592,148.0,1776.0,48.6
3593,141.0,1692.0,48.8
3594,161.0,1932.0,49.0
3595,161.0,1932.0,50.5
3596,143.0,1716.0,52.2
3597,179.0,2148.0,54.3
3598,145.0,1740.0,53.8
3599,164.0,1968.0,55.3
3600,166.0,1992.0,56.8
3601,133.0,1596.0,53.1
3602,163.0,1956.0,52.1
3603,168.0,2016.0,46.2
3604,174.0,2088.0,50.4
3605,131.0,1572.0,49.4
3606,174.0,2088.0,52.8
3607,182.0,2184.0,55.2
3608,144.0,1728.0,50.0
3609,161.0,1932.0,53.6
3610,161.0,1932.0,53.7
3611,160.0,1920.0,48.2
3612,187.0,2244.0,47.7
3613,160.0,1920.0,51.0
3614,164.0,1968.0,48.9
3615,159.0,1908.0,49.5
3616,179.0,2148.0,53.3
3617,189.0,2268.0,55.1
3618,192.0,2304.0,57.9
3619,186.0,2232.0,56.0
3620,163.0,1956.0,50.7
3621,182.0,2184.0,55.3
3622,185.0,2220.0,56.0
3623,142.0,1704.0,50.5
3624,154.0,1848.0,54.5
3625,171.0,2052.0,55.3
3626,150.0,1800.0,53.1
3627,173.0,2076.0,49.7
3628,145.0,1740.0,51.6
3629,171.0,2052.0,51.7
3630,147.0,1764.0,53.5
3631,191.0,2292.0,53.9
3632,158.0,1896.0,54.0
3633,157.0,1884.0,49.7
3634,183.0,2196.0,53.1
3635,161.0,1932.0,52.3
3636,135.0,1620.0,48.6
3637,160.0,1920.0,56.3
3638,199.0,2388.0,53.6
3639,200.0,2400.0,54.2
3640,169.0,2028.0,53.8
3641,191.0,2292.0,53.2
3642,173.0,2076.0,53.4
3643,153.0,1836.0,54.6
3644,220.0,2640.0,55.2
3645,190.0,2280.0,55.7
3646,199.0,2388.0,57.6
3647,196.0,2352.0,58.6
3648,181.0,2172.0,54.5
3649,177.0,2124.0,56.3
3650,216.0,2592.0,53.5
3651,166.0,1992.0,51.3
3652,192.0,2304.0,55.0
3653,176.0,2112.0,55.3
3654,170.0,2040.0,54.4
3655,170.0,2040.0,50.4
3656,206.0,2472.0,51.5
3657,199.0,2388.0,55.6
3658,152.0,1824.0,55.4
3659,188.0,2256.0,53.9
3660,172.0,2064.0,55.8
3661,189.0,2268.0,54.6
3662,182.0,2184.0,53.3
3663,162.0,1944.0,55.0
3664,183.0,2196.0,52.1
3665,176.0,2112.0,55.2
3666,192.0,2304.0,56.7
3667,143.0,1716.0,57.8
3668,186.0,2232.0,54.1
3669,180.0,2160.0,52.2
3670,175.0,2100.0,48.8
3671,178.0,2136.0,50.5
3672,182.0,2184.0,51.8
3673,157.0,1884.0,54.9
3674,184.0,2208.0,55.4
3675,168.0,2016.0,53.9
3676,145.0,1740.0,49.3
3677,138.0,1656.0,48.0
3678,149.0,1788.0,53.8
3679,139.0,1668.0,51.3
3680,156.0,1872.0,54.1
3681,144.0,1728.0,50.9
3682,149.0,1788.0,54.7
3683,133.0,1596.0,51.4
3684,124.0,1488.0,57.2
3685,123.0,1476.0,55.2
3686,127.0,1524.0,55.6
3687,143.0,1716.0,56.1
3688,96.0,1152.0,63.9
3689,120.0,1440.0,59.6
3690,124.0,1488.0,59.6
3691,127.0,1524.0,59.5
3692,117.0,1404.0,59.9
3693,119.0,1428.0,61.9
3694,104.0,1248.0,60.7
3695,106.0,1272.0,58.9
3696,93.0,1116.0,61.5
3697,116.0,1392.0,53.8
3698,99.0,1188.0,52.2
3699,117.0,1404.0,54.6
3700,106.0,1272.0,54.1
3701,98.0,1176.0,56.7
3702,110.0,1320.0,57.0
3703,91.0,1092.0,60.8
3704,106.0,1272.0,60.7
3705,94.0,1128.0,57.4
3706,93.0,1116.0,56.8
3707,88.0,1056.0,58.2
3708,100.0,1200.0,59.8
3709,117.0,1404.0,64.2
3710,83.0,996.0,65.5
3711,94.0,1128.0,65.1
3712,94.0,1128.0,66.0
3713,111.0,1332.0,64.6
3714,101.0,1212.0,65.1
3715,95.0,1140.0,61.0
3716,103.0,1236.0,60.2
3717,106.0,1272.0,64.5
3718,69.0,828.0,62.3
3719,81.0,972.0,62.0
3720,85.0,1020.0,61.8
3721,73.0,876.0,64.2
3722,78.0,936.0,65.8
3723,87.0,1044.0,62.0
3724,59.0,708.0,60.1
3725,74.0,888.0,61.3
3726,77.0,924.0,59.6
3727,75.0,900.0,62.0
3728,77.0,924.0,63.7
3729,51.0,612.0,64.3
3730,61.0,732.0,52.4
3731,63.0,756.0,60.3
3732,77.0,924.0,61.9
3733,61.0,732.0,65.5
3734,59.0,708.0,67.1
3735,66.0,792.0,70.0
3736,63.0,756.0,69.0
3737,57.0,684.0,64.6
3738,53.0,636.0,69.5
3739,51.0,612.0,66.6
3740,52.0,624.0,64.4
3741,48.0,576.0,63.7
3742,47.0,564.0,66.3
3743,42.0,504.0,68.7
3744,54.0,648.0,68.5
3745,31.0,372.0,66.0
3746,43.0,516.0,66.3
3747,32.0,384.0,67.1
3748,44.0,528.0,63.9
3749,35.0,420.0,62.3
3750,37.0,444.0,66.9
3751,37.0,444.0,65.3
3752,37.0,444.0,66.3
3753,33.0,396.0,67.8
3754,32.0,384.0,70.1
3755,26.0,312.0,69.9
3756,29.0,348.0,67.6
3757,25.0,300.0,69.0
3758,22.0,264.0,69.5
3759,31.0,372.0,69.0
3760,36.0,432.0,68.9
3761,23.0,276.0,65.8
3762,28.0,336.0,68.1
3763,34.0,408.0,68.6
3764,20.0,240.0,68.8
3765,18.0,216.0,69.1
3766,29.0,348.0,70.5
3767,23.0,276.0,68.4
3768,36.0,432.0,69.0
3769,37.0,444.0,68.1
3770,29.0,348.0,68.8
3771,34.0,408.0,66.0
3772,37.0,444.0,62.7
3773,52.0,624.0,62.1
3774,35.0,420.0,62.2
3775,73.0,876.0,57.6
3776,41.0,492.0,58.7
3777,44.0,528.0,58.9
3778,44.0,528.0,54.0
3779,71.0,852.0,52.1
3780,57.0,684.0,55.5
3781,47.0,564.0,54.5
3782,42.0,504.0,55.7
3783,39.0,468.0,61.1
3784,54.0,648.0,61.5
3785,63.0,756.0,56.9
3786,64.0,768.0,58.3
3787,67.0,804.0,64.6
3788,63.0,756.0,63.9
3789,81.0,972.0,69.5
3790,80.0,960.0,65.0
3791,85.0,1020.0,61.6
3792,81.0,972.0,58.9
3793,81.0,972.0,61.6
3794,92.0,1104.0,62.0
3795,90.0,1080.0,62.5
3796,103.0,1236.0,59.9
3797,96.0,1152.0,64.2
3798,93.0,1116.0,63.1
3799,86.0,1032.0,66.6
3800,86.0,1032.0,62.0
3801,91.0,1092.0,63.6
3802,89.0,1068.0,66.2
3803,114.0,1368.0,64.4
3804,87.0,1044.0,68.1
3805,104.0,1248.0,60.0
3806,86.0,1032.0,58.2
3807,104.0,1248.0,59.4
3808,118.0,1416.0,58.3
3809,108.0,1296.0,59.2
3810,123.0,1476.0,59.1
3811,101.0,1212.0,60.2
3812,127.0,1524.0,67.0
3813,116.0,1392.0,67.2
3814,122.0,1464.0,64.7
3815,140.0,1680.0,68.0
3816,121.0,1452.0,66.4
3817,149.0,1788.0,67.0
3818,120.0,1440.0,65.4
3819,181.0,2172.0,61.3
3820,155.0,1860.0,59.3
3821,140.0,1680.0,54.4
3822,156.0,1872.0,59.8
3823,175.0,2100.0,64.5
3824,148.0,1776.0,65.3
3825,175.0,2100.0,63.8
3826,172.0,2064.0,68.5
3827,148.0,1776.0,70.8
3828,174.0,2088.0,65.4
3829,157.0,1884.0,66.9
3830,181.0,2172.0,66.4
3831,176.0,2112.0,69.0
3832,184.0,2208.0,68.4
3833,175.0,2100.0,65.6
3834,175.0,2100.0,65.5
3835,187.0,2244.0,66.1
3836,197.0,2364.0,68.6
3837,176.0,2112.0,66.3
3838,169.0,2028.0,63.6
3839,160.0,1920.0,58.7
3840,148.0,1776.0,56.1
3841,159.0,1908.0,57.6
3842,149.0,1788.0,54.7
3843,149.0,1788.0,55.6
3844,171.0,2052.0,50.2
3845,180.0,2160.0,48.4
3846,150.0,1800.0,48.9
3847,157.0,1884.0,51.0
3848,169.0,2028.0,53.6
3849,170.0,2040.0,54.5
3850,173.0,2076.0,55.1
3851,185.0,2220.0,53.8
3852,160.0,1920.0,51.9
3853,162.0,1944.0,53.2
3854,150.0,1800.0,47.8
3855,157.0,1884.0,45.7
3856,152.0,1824.0,48.4
3857,198.0,2376.0,54.3
3858,180.0,2160.0,56.1
3859,179.0,2148.0,53.6
3860,172.0,2064.0,56.9
3861,170.0,2040.0,50.2
3862,194.0,2328.0,49.5
3863,179.0,2148.0,51.2
3864,165.0,1980.0,50.4
3865,155.0,1860.0,50.1
3866,167.0,2004.0,48.9
3867,166.0,1992.0,53.5
3868,140.0,1680.0,48.2
3869,170.0,2040.0,47.0
3870,163.0,1956.0,52.1
3871,161.0,1932.0,50.0
3872,149.0,1788.0,50.2
3873,139.0,1668.0,49.5
3874,169.0,2028.0,51.7
3875,157.0,1884.0,49.1
3876,156.0,1872.0,45.1
3877,141.0,1692.0,45.2
3878,201.0,2412.0,48.9
3879,170.0,2040.0,52.8
3880,159.0,1908.0,50.0
3881,153.0,1836.0,52.1
3882,192.0,2304.0,53.0
3883,170.0,2040.0,50.1
3884,173.0,2076.0,51.4
3885,174.0,2088.0,53.6
3886,177.0,2124.0,49.2
3887,169.0,2028.0,51.3
3888,184.0,2208.0,52.5
3889,167.0,2004.0,52.1
3890,208.0,2496.0,49.3
3891,178.0,2136.0,49.4
3892,195.0,2340.0,50.9
3893,167.0,2004.0,51.2
3894,173.0,2076.0,56.5
3895,161.0,1932.0,56.0
3896,173.0,2076.0,58.0
3897,182.0,2184.0,57.3
3898,173.0,2076.0,51.5
3899,171.0,2052.0,51.7
3900,188.0,2256.0,54.6
3901,194.0,2328.0,56.4
3902,186.0,2232.0,53.5
3903,165.0,1980.0,55.0
3904,207.0,2484.0,55.2
3905,160.0,1920.0,55.9
3906,198.0,2376.0,57.1
3907,168.0,2016.0,51.6
3908,186.0,2232.0,49.6
3909,212.0,2544.0,50.6
3910,199.0,2388.0,51.6
3911,181.0,2172.0,51.3
3912,177.0,2124.0,51.2
3913,188.0,2256.0,52.9
3914,167.0,2004.0,55.1
3915,192.0,2304.0,52.4
3916,199.0,2388.0,49.5
3917,198.0,2376.0,52.5
3918,188.0,2256.0,53.1
3919,212.0,2544.0,57.4
3920,189.0,2268.0,56.5
3921,160.0,1920.0,54.3
3922,173.0,2076.0,55.5
3923,205.0,2460.0,54.1
3924,168.0,2016.0,53.0
3925,211.0,2532.0,52.7
3926,175.0,2100.0,55.5
3927,199.0,2388.0,54.6
3928,185.0,2220.0,55.4
3929,200.0,2400.0,54.6
3930,183.0,2196.0,54.0
3931,176.0,2112.0,52.7
3932,214.0,2568.0,53.7
3933,206.0,2472.0,52.2
3934,219.0,2628.0,55.9
3935,217.0,2604.0,55.4
3936,169.0,2028.0,55.5
3937,217.0,2604.0,54.0
3938,190.0,2280.0,54.4
3939,160.0,1920.0,56.8
3940,185.0,2220.0,57.4
3941,217.0,2604.0,54.7
3942,199.0,2388.0,56.5
3943,173.0,2076.0,52.5
3944,213.0,2556.0,53.2
3945,191.0,2292.0,50.8
3946,185.0,2220.0,47.5
3947,193.0,2316.0,50.9
3948,192.0,2304.0,55.9
3949,175.0,2100.0,56.6
3950,194.0,2328.0,57.3
3951,172.0,2064.0,57.6
3952,200.0,2400.0,55.8
3953,185.0,2220.0,52.0
3954,196.0,2352.0,50.5
3955,193.0,2316.0,51.7
3956,175.0,2100.0,50.4
3957,203.0,2436.0,56.6
3958,189.0,2268.0,57.1
3959,151.0,1812.0,57.8
3960,154.0,1848.0,59.2
3961,166.0,1992.0,56.7
3962,168.0,2016.0,53.4
3963,165.0,1980.0,54.2
3964,143.0,1716.0,46.5
3965,155.0,1860.0,50.9
3966,191.0,2292.0,52.3
3967,158.0,1896.0,55.7
3968,149.0,1788.0,56.0
3969,156.0,1872.0,53.5
3970,154.0,1848.0,56.0
3971,144.0,1728.0,56.8
3972,135.0,1620.0,55.9
3973,148.0,1776.0,54.4
3974,124.0,1488.0,55.3
3975,127.0,1524.0,54.9
3976,122.0,1464.0,53.8
3977,147.0,1764.0,55.0
3978,126.0,1512.0,56.6
3979,113.0,1356.0,56.3
3980,129.0,1548.0,50.3
3981,129.0,1548.0,52.7
3982,128.0,1536.0,62.6
3983,101.0,1212.0,61.3
3984,105.0,1260.0,65.9
3985,103.0,1236.0,67.5
3986,112.0,1344.0,66.2
3987,93.0,1116.0,69.8
3988,121.0,1452.0,64.5
3989,113.0,1356.0,60.2
3990,113.0,1356.0,57.0
3991,108.0,1296.0,54.4
3992,118.0,1416.0,61.2
3993,98.0,1176.0,64.2
3994,100.0,1200.0,60.5
3995,87.0,1044.0,64.4
3996,87.0,1044.0,60.9
3997,115.0,1380.0,68.9
3998,102.0,1224.0,70.5
3999,112.0,1344.0,69.8
4000,116.0,1392.0,72.4
4001,89.0,1068.0,68.3
4002,98.0,1176.0,68.7
4003,106.0,1272.0,70.8
4004,102.0,1224.0,69.5
4005,102.0,1224.0,69.6
4006,97.0,1164.0,74.6
4007,87.0,1044.0,75.6
4008,92.0,1104.0,65.8
4009,73.0,876.0,69.2
4010,86.0,1032.0,71.7
4011,73.0,876.0,67.6
4012,96.0,1152.0,66.9
4013,77.0,924.0,64.3
4014,82.0,984.0,65.8
4015,71.0,852.0,57.8
4016,81.0,972.0,63.6
4017,85.0,1020.0,67.5
4018,81.0,972.0,64.5
4019,66.0,792.0,69.5
4020,68.0,816.0,67.7
4021,69.0,828.0,60.2
4022,56.0,672.0,63.1
4023,62.0,744.0,66.0
4024,65.0,780.0,61.3
4025,53.0,636.0,63.8
4026,41.0,492.0,64.8
4027,62.0,744.0,62.9
4028,47.0,564.0,64.6
4029,39.0,468.0,68.3
4030,45.0,540.0,68.0
4031,53.0,636.0,69.1
4032,43.0,516.0,68.5
4033,50.0,600.0,67.7
4034,47.0,564.0,67.1
4035,48.0,576.0,68.9
4036,41.0,492.0,67.6
4037,39.0,468.0,63.7
4038,49.0,588.0,65.5
4039,52.0,624.0,65.2
4040,46.0,552.0,66.9
4041,50.0,600.0,68.3
4042,47.0,564.0,68.4
4043,45.0,540.0,66.0
4044,41.0,492.0,67.3
4045,38.0,456.0,68.2
4046,45.0,540.0,64.9
4047,26.0,312.0,64.9
4048,31.0,372.0,66.4
4049,38.0,456.0,68.9
4050,31.0,372.0,66.0
4051,28.0,336.0,67.6
4052,45.0,540.0,70.5
4053,30.0,360.0,67.6
4054,50.0,600.0,72.2
4055,28.0,336.0,68.0
4056,26.0,312.0,65.5
4057,25.0,300.0,66.8
4058,51.0,612.0,67.7
4059,32.0,384.0,62.7
4060,28.0,336.0,66.7
4061,30.0,360.0,65.2
4062,46.0,552.0,60.7
4063,43.0,516.0,62.0
4064,47.0,564.0,65.7
4065,47.0,564.0,66.4
4066,49.0,588.0,65.4
4067,45.0,540.0,60.6
4068,38.0,456.0,63.4
4069,46.0,552.0,64.2
4070,43.0,516.0,63.0
4071,53.0,636.0,64.4
4072,59.0,708.0,63.1
4073,62.0,744.0,69.7
4074,64.0,768.0,65.2
4075,54.0,648.0,65.5
4076,74.0,888.0,66.6
4077,72.0,864.0,68.7
4078,70.0,840.0,66.2
4079,76.0,912.0,71.1
4080,62.0,744.0,70.5
4081,81.0,972.0,68.8
4082,104.0,1248.0,69.4
4083,91.0,1092.0,67.7
4084,92.0,1104.0,71.3
4085,90.0,1080.0,73.5
4086,102.0,1224.0,66.0
4087,86.0,1032.0,68.9
4088,105.0,1260.0,65.5
4089,82.0,984.0,63.6
4090,99.0,1188.0,65.1
4091,101.0,1212.0,69.3
4092,84.0,1008.0,65.3
4093,105.0,1260.0,66.9
4094,105.0,1260.0,71.1
4095,120.0,1440.0,70.4
4096,113.0,1356.0,68.9
4097,120.0,1440.0,67.5
4098,102.0,1224.0,65.5
4099,109.0,1308.0,67.4
4100,95.0,1140.0,72.7
4101,133.0,1596.0,67.5
4102,118.0,1416.0,66.5
4103,132.0,1584.0,67.2
4104,122.0,1464.0,65.0
4105,146.0,1752.0,66.7
4106,150.0,1800.0,67.9
4107,170.0,2040.0,63.4
4108,151.0,1812.0,62.0
4109,162.0,1944.0,59.7
4110,143.0,1716.0,59.0
4111,163.0,1956.0,60.7
4112,156.0,1872.0,62.3
4113,150.0,1800.0,60.7
4114,172.0,2064.0,66.4
4115,148.0,1776.0,69.1
4116,161.0,1932.0,67.8
4117,164.0,1968.0,70.1
4118,160.0,1920.0,68.9
4119,168.0,2016.0,69.2
4120,191.0,2292.0,68.4
4121,163.0,1956.0,70.3
4122,185.0,2220.0,67.0
4123,167.0,2004.0,68.3
4124,189.0,2268.0,67.2
4125,174.0,2088.0,64.5
4126,185.0,2220.0,66.5
4127,180.0,2160.0,59.2
4128,162.0,1944.0,59.1
4129,150.0,1800.0,57.2
4130,166.0,1992.0,61.1
4131,169.0,2028.0,56.2
4132,179.0,2148.0,58.2
4133,181.0,2172.0,57.7
4134,184.0,2208.0,55.8
4135,147.0,1764.0,54.9
4136,157.0,1884.0,57.0
4137,176.0,2112.0,56.6
4138,172.0,2064.0,59.3
4139,158.0,1896.0,54.4
4140,155.0,1860.0,56.3
4141,181.0,2172.0,55.0
4142,175.0,2100.0,50.0
4143,177.0,2124.0,51.0
4144,137.0,1644.0,56.1
4145,150.0,1800.0,54.7
4146,206.0,2472.0,54.2
4147,184.0,2208.0,54.6
4148,195.0,2340.0,54.5
4149,191.0,2292.0,51.7
4150,173.0,2076.0,52.4
4151,169.0,2028.0,50.8
4152,165.0,1980.0,51.9
4153,164.0,1968.0,48.0
4154,166.0,1992.0,51.1
4155,162.0,1944.0,55.5
4156,165.0,1980.0,56.8
4157,150.0,1800.0,56.3
4158,176.0,2112.0,53.5
4159,172.0,2064.0,53.3
4160,188.0,2256.0,53.3
4161,164.0,1968.0,51.7
4162,165.0,1980.0,52.3
4163,187.0,2244.0,51.0
4164,184.0,2208.0,55.8
4165,180.0,2160.0,53.8
4166,178.0,2136.0,54.3
4167,195.0,2340.0,49.3
4168,154.0,1848.0,53.0
4169,172.0,2064.0,47.2
4170,170.0,2040.0,50.8
4171,172.0,2064.0,50.5
4172,182.0,2184.0,50.8
4173,205.0,2460.0,51.4
4174,169.0,2028.0,55.1
4175,204.0,2448.0,55.2
4176,192.0,2304.0,50.9
4177,183.0,2196.0,50.0
4178,164.0,1968.0,49.3
4179,175.0,2100.0,52.2
4180,202.0,2424.0,50.5
4181,184.0,2208.0,51.0
4182,176.0,2112.0,52.1
4183,198.0,2376.0,55.4
4184,169.0,2028.0,53.7
4185,197.0,2364.0,51.1
4186,169.0,2028.0,50.2
4187,187.0,2244.0,51.3
4188,200.0,2400.0,49.4
4189,193.0,2316.0,51.6
4190,178.0,2136.0,53.7
4191,183.0,2196.0,54.4
4192,193.0,2316.0,52.6
4193,218.0,2616.0,52.4
4194,198.0,2376.0,54.1
4195,176.0,2112.0,56.9
4196,194.0,2328.0,58.0
4197,208.0,2496.0,60.1
4198,178.0,2136.0,53.6
4199,230.0,2760.0,50.9
4200,206.0,2472.0,52.3
4201,207.0,2484.0,55.9
4202,176.0,2112.0,55.9
4203,201.0,2412.0,55.4
4204,191.0,2292.0,51.6
4205,195.0,2340.0,49.7
4206,196.0,2352.0,51.0
4207,198.0,2376.0,53.7
4208,189.0,2268.0,53.9
4209,186.0,2232.0,55.1
4210,184.0,2208.0,56.9
4211,177.0,2124.0,51.6
4212,192.0,2304.0,48.8
4213,190.0,2280.0,52.3
4214,214.0,2568.0,56.5
4215,185.0,2220.0,55.5
4216,186.0,2232.0,55.8
4217,222.0,2664.0,57.8
4218,211.0,2532.0,57.0
4219,190.0,2280.0,58.8
4220,203.0,2436.0,57.3
4221,199.0,2388.0,56.9
4222,212.0,2544.0,57.7
4223,203.0,2436.0,56.2
4224,204.0,2448.0,53.6
4225,175.0,2100.0,55.4
4226,191.0,2292.0,53.9
4227,188.0,2256.0,50.5
4228,190.0,2280.0,47.3
4229,162.0,1944.0,53.0
4230,179.0,2148.0,56.4
4231,174.0,2088.0,57.8
4232,171.0,2052.0,56.1
4233,182.0,2184.0,55.8
4234,210.0,2520.0,59.1
4235,168.0,2016.0,58.1
4236,216.0,2592.0,60.7
4237,173.0,2076.0,58.0
4238,188.0,2256.0,59.3
4239,200.0,2400.0,58.1
4240,194.0,2328.0,56.3
4241,181.0,2172.0,53.0
4242,175.0,2100.0,58.9
4243,192.0,2304.0,59.3
4244,173.0,2076.0,60.4
4245,167.0,2004.0,57.3
4246,178.0,2136.0,59.7
4247,168.0,2016.0,57.6
4248,178.0,2136.0,59.2
4249,169.0,2028.0,55.9
4250,189.0,2268.0,60.9
4251,189.0,2268.0,53.0
4252,195.0,2340.0,56.8
4253,173.0,2076.0,57.6
4254,156.0,1872.0,55.8
4255,168.0,2016.0,54.0
4256,168.0,2016.0,60.8
4257,169.0,2028.0,60.7
4258,155.0,1860.0,60.8
4259,157.0,1884.0,54.4
4260,151.0,1812.0,58.0
4261,164.0,1968.0,62.6
4262,150.0,1800.0,62.7
4263,124.0,1488.0,63.5
4264,115.0,1380.0,61.3
4265,143.0,1716.0,57.5
4266,142.0,1704.0,60.0
4267,126.0,1512.0,59.0
4268,152.0,1824.0,62.6
4269,163.0,1956.0,61.9
4270,118.0,1416.0,63.5
4271,126.0,1512.0,62.8
4272,158.0,1896.0,64.5
4273,119.0,1428.0,63.7
4274,132.0,1584.0,53.3
4275,121.0,1452.0,61.6
4276,117.0,1404.0,55.3
4277,116.0,1392.0,59.3
4278,110.0,1320.0,61.7
4279,123.0,1476.0,61.2
4280,112.0,1344.0,63.8
4281,139.0,1668.0,65.8
4282,129.0,1548.0,61.8
4283,123.0,1476.0,66.8
4284,103.0,1236.0,69.3
4285,108.0,1296.0,62.3
4286,117.0,1404.0,62.9
4287,129.0,1548.0,63.3
4288,110.0,1320.0,66.3
4289,112.0,1344.0,64.0
4290,108.0,1296.0,63.3
4291,119.0,1428.0,63.9
4292,131.0,1572.0,65.7
4293,80.0,960.0,64.4
4294,100.0,1200.0,61.3
4295,118.0,1416.0,59.3
4296,107.0,1284.0,64.8
4297,94.0,1128.0,59.9
4298,90.0,1080.0,64.7
4299,73.0,876.0,64.3
4300,99.0,1188.0,62.3
4301,72.0,864.0,67.1
4302,105.0,1260.0,66.2
4303,87.0,1044.0,60.7
4304,91.0,1092.0,64.4
4305,69.0,828.0,67.5
4306,81.0,972.0,66.1
4307,76.0,912.0,65.5
4308,87.0,1044.0,67.4
4309,80.0,960.0,67.9
4310,69.0,828.0,70.3
4311,68.0,816.0,72.3
4312,77.0,924.0,71.3
4313,70.0,840.0,70.2
4314,76.0,912.0,69.1
4315,57.0,684.0,71.8
4316,67.0,804.0,69.9
4317,60.0,720.0,64.5
4318,69.0,828.0,66.9
4319,52.0,624.0,65.8
4320,53.0,636.0,68.9
4321,59.0,708.0,61.7
4322,60.0,720.0,68.6
4323,60.0,720.0,67.7
4324,55.0,660.0,65.8
4325,64.0,768.0,69.1
4326,43.0,516.0,66.3
4327,53.0,636.0,64.1
4328,51.0,612.0,58.1
4329,37.0,444.0,62.7
4330,43.0,516.0,64.6
4331,50.0,600.0,66.8
4332,33.0,396.0,69.0
4333,44.0,528.0,68.7
4334,44.0,528.0,62.7
4335,41.0,492.0,66.5
4336,63.0,756.0,68.1
4337,45.0,540.0,69.3
4338,40.0,480.0,71.1
4339,34.0,408.0,68.4
4340,47.0,564.0,64.3
4341,32.0,384.0,67.0
4342,14.0,168.0,69.1
4343,44.0,528.0,68.5
4344,35.0,420.0,68.7
4345,33.0,396.0,69.5
4346,50.0,600.0,69.8
4347,37.0,444.0,70.0
4348,39.0,468.0,68.0
4349,31.0,372.0,68.8
4350,33.0,396.0,68.2
4351,38.0,456.0,69.0
4352,40.0,480.0,71.9
4353,39.0,468.0,66.1
4354,44.0,528.0,68.0
4355,44.0,528.0,65.8
4356,32.0,384.0,67.8
4357,46.0,552.0,66.7
4358,42.0,504.0,67.6
4359,44.0,528.0,67.4
4360,31.0,372.0,66.3
4361,54.0,648.0,61.5
4362,55.0,660.0,64.8
4363,46.0,552.0,59.2
4364,51.0,612.0,63.8
4365,44.0,528.0,57.8
4366,50.0,600.0,60.6
4367,35.0,420.0,65.0
4368,48.0,576.0,62.1
4369,57.0,684.0,63.6
4370,48.0,576.0,66.9
4371,38.0,456.0,63.0
4372,58.0,696.0,65.0
4373,43.0,516.0,60.5
4374,52.0,624.0,62.6
4375,52.0,624.0,64.6
4376,65.0,780.0,66.5
4377,40.0,480.0,67.7
4378,42.0,504.0,69.1
4379,69.0,828.0,67.8
4380,48.0,576.0,66.7
4381,53.0,636.0,62.7
4382,55.0,660.0,61.6
4383,71.0,852.0,61.7
4384,73.0,876.0,56.7
4385,67.0,804.0,60.0
4386,60.0,720.0,59.6
4387,68.0,816.0,61.5
4388,75.0,900.0,58.0
4389,66.0,792.0,60.4
4390,74.0,888.0,63.5
4391,74.0,888.0,63.1
4392,74.0,888.0,63.7
4393,68.0,816.0,58.9
4394,77.0,924.0,61.2
4395,103.0,1236.0,58.3
4396,89.0,1068.0,62.7
4397,98.0,1176.0,68.3
4398,109.0,1308.0,67.8
4399,108.0,1296.0,68.7
4400,133.0,1596.0,67.9
4401,109.0,1308.0,67.2
4402,119.0,1428.0,65.3
4403,95.0,1140.0,64.7
4404,107.0,1284.0,64.8
4405,102.0,1224.0,60.7
4406,93.0,1116.0,64.5
4407,124.0,1488.0,68.4
4408,111.0,1332.0,69.6
4409,115.0,1380.0,66.9
4410,121.0,1452.0,68.6
4411,135.0,1620.0,68.3
4412,138.0,1656.0,73.0
4413,133.0,1596.0,68.2
4414,141.0,1692.0,70.4
4415,122.0,1464.0,65.6
4416,134.0,1608.0,58.4
4417,142.0,1704.0,60.4
4418,149.0,1788.0,61.5
4419,136.0,1632.0,57.4
4420,141.0,1692.0,52.2
4421,146.0,1752.0,54.9
4422,165.0,1980.0,58.9
4423,123.0,1476.0,61.3
4424,163.0,1956.0,57.1
4425,148.0,1776.0,58.2
4426,164.0,1968.0,56.0
4427,145.0,1740.0,59.6
4428,157.0,1884.0,58.3
4429,166.0,1992.0,56.0
4430,140.0,1680.0,55.0
4431,170.0,2040.0,55.5
4432,146.0,1752.0,47.5
4433,147.0,1764.0,50.7
4434,150.0,1800.0,50.7
4435,152.0,1824.0,50.1
4436,176.0,2112.0,50.0
4437,195.0,2340.0,48.4
4438,184.0,2208.0,49.6
4439,165.0,1980.0,53.5
4440,156.0,1872.0,54.4
4441,185.0,2220.0,55.1
4442,195.0,2340.0,53.7
4443,170.0,2040.0,52.4
4444,190.0,2280.0,57.4
4445,158.0,1896.0,54.1
4446,192.0,2304.0,52.9
4447,192.0,2304.0,51.2
4448,178.0,2136.0,54.6
4449,161.0,1932.0,56.6
4450,199.0,2388.0,52.8
4451,165.0,1980.0,50.9
4452,185.0,2220.0,54.0
4453,173.0,2076.0,49.0
4454,176.0,2112.0,50.6
4455,197.0,2364.0,50.7
4456,155.0,1860.0,54.7
4457,179.0,2148.0,53.7
4458,186.0,2232.0,54.7
4459,174.0,2088.0,54.3
4460,204.0,2448.0,53.2
4461,165.0,1980.0,49.8
4462,164.0,1968.0,46.5
4463,185.0,2220.0,48.3
4464,166.0,1992.0,54.8
4465,192.0,2304.0,54.0
4466,173.0,2076.0,55.8
4467,183.0,2196.0,51.4
4468,187.0,2244.0,53.7
4469,179.0,2148.0,53.4
4470,211.0,2532.0,49.9
4471,180.0,2160.0,49.6
4472,185.0,2220.0,51.1
4473,195.0,2340.0,50.9
4474,173.0,2076.0,52.1
4475,195.0,2340.0,54.3
4476,169.0,2028.0,55.4
4477,179.0,2148.0,57.6
4478,177.0,2124.0,57.2
4479,162.0,1944.0,54.5
4480,161.0,1932.0,52.8
4481,187.0,2244.0,53.7
4482,173.0,2076.0,52.1
4483,200.0,2400.0,52.4
4484,193.0,2316.0,52.3
4485,167.0,2004.0,55.0
4486,164.0,1968.0,55.7
4487,170.0,2040.0,55.3
4488,162.0,1944.0,55.9
4489,164.0,1968.0,55.9
4490,186.0,2232.0,56.4
4491,178.0,2136.0,55.4
4492,175.0,2100.0,53.2
4493,168.0,2016.0,49.1
4494,154.0,1848.0,46.9
4495,190.0,2280.0,45.5
4496,164.0,1968.0,45.8
4497,187.0,2244.0,49.6
4498,160.0,1920.0,53.8
4499,169.0,2028.0,54.8
4500,187.0,2244.0,57.5
4501,188.0,2256.0,58.6
4502,172.0,2064.0,55.5
4503,170.0,2040.0,57.6
4504,176.0,2112.0,59.1
4505,162.0,1944.0,58.2
4506,151.0,1812.0,56.6
4507,187.0,2244.0,57.0
4508,166.0,1992.0,58.1
4509,171.0,2052.0,55.5
4510,209.0,2508.0,56.4
4511,170.0,2040.0,52.3
4512,187.0,2244.0,54.4
4513,174.0,2088.0,57.1
4514,174.0,2088.0,57.6
4515,145.0,1740.0,59.0
4516,167.0,2004.0,56.0
4517,184.0,2208.0,57.8
4518,165.0,1980.0,55.2
4519,168.0,2016.0,55.9
4520,175.0,2100.0,58.1
4521,173.0,2076.0,54.0
4522,180.0,2160.0,55.3
4523,157.0,1884.0,51.3
4524,150.0,1800.0,50.9
4525,162.0,1944.0,47.9
4526,152.0,1824.0,45.4
4527,163.0,1956.0,51.7
4528,165.0,1980.0,58.9
4529,152.0,1824.0,54.7
4530,171.0,2052.0,57.2
4531,178.0,2136.0,54.1
4532,146.0,1752.0,52.5
4533,156.0,1872.0,47.6
4534,147.0,1764.0,50.9
4535,144.0,1728.0,55.5
4536,152.0,1824.0,54.8
4537,165.0,1980.0,57.3
4538,142.0,1704.0,57.8
4539,143.0,1716.0,54.0
4540,143.0,1716.0,53.1
4541,131.0,1572.0,58.3
4542,164.0,1968.0,60.7
4543,135.0,1620.0,62.2
4544,151.0,1812.0,58.4
4545,147.0,1764.0,59.2
4546,126.0,1512.0,56.5
4547,131.0,1572.0,57.5
4548,158.0,1896.0,60.9
4549,112.0,1344.0,59.5
4550,137.0,1644.0,50.7
4551,115.0,1380.0,52.0
4552,130.0,1560.0,53.9
4553,128.0,1536.0,60.2
4554,138.0,1656.0,62.9
4555,127.0,1524.0,64.9
4556,125.0,1500.0,60.7
4557,109.0,1308.0,59.1
4558,131.0,1572.0,56.8
4559,115.0,1380.0,61.4
4560,129.0,1548.0,55.4
4561,105.0,1260.0,53.5
4562,118.0,1416.0,52.9
4563,129.0,1548.0,61.3
4564,119.0,1428.0,58.0
4565,110.0,1320.0,59.5
4566,119.0,1428.0,61.5
4567,109.0,1308.0,62.9
4568,114.0,1368.0,63.1
4569,119.0,1428.0,63.9
4570,95.0,1140.0,64.4
4571,106.0,1272.0,63.7
4572,104.0,1248.0,65.0
4573,86.0,1032.0,65.3
4574,98.0,1176.0,65.0
4575,119.0,1428.0,64.1
4576,100.0,1200.0,65.1
4577,105.0,1260.0,62.3
4578,95.0,1140.0,63.7
4579,119.0,1428.0,67.3
4580,98.0,1176.0,68.1
4581,115.0,1380.0,67.6
4582,92.0,1104.0,68.1
4583,105.0,1260.0,67.8
4584,117.0,1404.0,68.1
4585,95.0,1140.0,64.3
4586,100.0,1200.0,61.0
4587,102.0,1224.0,54.8
4588,116.0,1392.0,57.2
4589,88.0,1056.0,65.2
4590,102.0,1224.0,67.3
4591,102.0,1224.0,65.8
4592,93.0,1116.0,66.2
4593,80.0,960.0,68.2
4594,93.0,1116.0,68.1
4595,73.0,876.0,71.1
4596,94.0,1128.0,71.8
4597,64.0,768.0,70.6
4598,95.0,1140.0,72.7
4599,87.0,1044.0,68.2
4600,82.0,984.0,67.6
4601,78.0,936.0,69.3
4602,76.0,912.0,69.5
4603,83.0,996.0,70.4
4604,70.0,840.0,70.1
4605,71.0,852.0,71.6
4606,95.0,1140.0,68.5
4607,85.0,1020.0,67.0
4608,81.0,972.0,63.4
4609,50.0,600.0,67.7
4610,69.0,828.0,68.1
4611,55.0,660.0,67.4
4612,55.0,660.0,68.0
4613,57.0,684.0,68.7
4614,55.0,660.0,69.4
4615,65.0,780.0,64.8
4616,51.0,612.0,65.3
4617,54.0,648.0,67.5
4618,52.0,624.0,63.1
4619,61.0,732.0,64.6
4620,64.0,768.0,65.6
4621,49.0,588.0,65.4
4622,43.0,516.0,66.4
4623,36.0,432.0,67.0
4624,44.0,528.0,68.3
4625,46.0,552.0,65.8
4626,41.0,492.0,67.5
4627,44.0,528.0,68.0
4628,34.0,408.0,67.9
4629,46.0,552.0,65.8
4630,38.0,456.0,64.7
4631,45.0,540.0,66.2
4632,31.0,372.0,66.6
4633,40.0,480.0,66.2
4634,37.0,444.0,65.5
4635,30.0,360.0,65.4
4636,39.0,468.0,67.3
4637,35.0,420.0,68.2
4638,34.0,408.0,67.8
4639,35.0,420.0,67.6
4640,50.0,600.0,67.1
4641,39.0,468.0,65.6
4642,41.0,492.0,67.4
4643,43.0,516.0,63.6
4644,27.0,324.0,66.1
4645,34.0,408.0,66.2
4646,33.0,396.0,63.2
4647,32.0,384.0,63.9
4648,37.0,444.0,65.9
4649,31.0,372.0,66.9
4650,29.0,348.0,67.3
4651,41.0,492.0,66.4
4652,34.0,408.0,65.1
4653,34.0,408.0,66.9
4654,31.0,372.0,68.5
4655,33.0,396.0,65.7
4656,32.0,384.0,64.4
4657,35.0,420.0,66.5
4658,38.0,456.0,66.1
4659,37.0,444.0,67.6
4660,30.0,360.0,68.2
4661,33.0,396.0,65.8
4662,21.0,252.0,67.7
4663,37.0,444.0,67.4
4664,26.0,312.0,67.3
4665,30.0,360.0,67.3
4666,31.0,372.0,66.7
4667,37.0,444.0,65.0
4668,35.0,420.0,65.0
4669,38.0,456.0,66.5
4670,45.0,540.0,66.7
4671,35.0,420.0,66.6
4672,38.0,456.0,64.9
4673,44.0,528.0,63.1
4674,45.0,540.0,64.3
4675,44.0,528.0,66.4
4676,44.0,528.0,63.1
4677,49.0,588.0,65.6
4678,34.0,408.0,67.6
4679,60.0,720.0,65.5
4680,52.0,624.0,65.8
4681,55.0,660.0,64.4
4682,51.0,612.0,65.0
4683,49.0,588.0,66.0
4684,69.0,828.0,62.6
4685,63.0,756.0,61.7
4686,61.0,732.0,64.0
4687,72.0,864.0,63.5
4688,81.0,972.0,60.7
4689,47.0,564.0,65.9
4690,89.0,1068.0,66.1
4691,66.0,792.0,67.0
4692,54.0,648.0,67.3
4693,77.0,924.0,59.9
4694,72.0,864.0,65.0
4695,81.0,972.0,68.5
4696,74.0,888.0,70.0
4697,74.0,888.0,71.1
4698,86.0,1032.0,69.4
4699,84.0,1008.0,70.8
4700,101.0,1212.0,64.8
4701,95.0,1140.0,66.3
4702,104.0,1248.0,65.4
4703,81.0,972.0,57.3
4704,94.0,1128.0,63.1
4705,103.0,1236.0,57.1
4706,104.0,1248.0,52.0
4707,95.0,1140.0,56.0
4708,120.0,1440.0,57.5
4709,95.0,1140.0,59.4
4710,102.0,1224.0,53.4
4711,119.0,1428.0,48.8
4712,110.0,1320.0,48.8
4713,115.0,1380.0,50.5
4714,127.0,1524.0,44.5
4715,116.0,1392.0,54.3
4716,123.0,1476.0,53.4
4717,115.0,1380.0,45.8
4718,117.0,1404.0,44.5
4719,131.0,1572.0,43.1
4720,136.0,1632.0,49.3
4721,145.0,1740.0,54.3
4722,177.0,2124.0,55.0
4723,121.0,1452.0,57.0
4724,146.0,1752.0,54.6
4725,167.0,2004.0,53.0
4726,125.0,1500.0,45.9
4727,158.0,1896.0,45.5
4728,156.0,1872.0,47.0
4729,154.0,1848.0,50.2
4730,170.0,2040.0,51.4
4731,166.0,1992.0,53.3
4732,147.0,1764.0,51.6
4733,188.0,2256.0,49.5
4734,157.0,1884.0,45.3
4735,151.0,1812.0,48.4
4736,171.0,2052.0,52.6
4737,176.0,2112.0,51.6
4738,156.0,1872.0,55.7
4739,165.0,1980.0,56.9
4740,162.0,1944.0,55.1
4741,153.0,1836.0,49.1
4742,164.0,1968.0,45.8
4743,164.0,1968.0,46.1
4744,177.0,2124.0,48.0
4745,194.0,2328.0,50.3
4746,196.0,2352.0,51.3
4747,174.0,2088.0,49.3
4748,189.0,2268.0,46.5
4749,155.0,1860.0,45.1
4750,215.0,2580.0,47.4
4751,164.0,1968.0,46.1
4752,193.0,2316.0,46.6
4753,156.0,1872.0,47.9
4754,180.0,2160.0,50.8
4755,183.0,2196.0,52.3
4756,220.0,2640.0,51.0
4757,180.0,2160.0,53.3
4758,184.0,2208.0,49.9
4759,178.0,2136.0,48.1
4760,179.0,2148.0,45.6
4761,193.0,2316.0,47.0
4762,199.0,2388.0,47.2
4763,166.0,1992.0,49.6
4764,181.0,2172.0,48.8
4765,210.0,2520.0,51.3
4766,192.0,2304.0,51.9
4767,177.0,2124.0,53.4
4768,200.0,2400.0,52.3
4769,206.0,2472.0,48.7
4770,179.0,2148.0,45.3
4771,193.0,2316.0,45.5
4772,179.0,2148.0,48.6
4773,159.0,1908.0,49.2
4774,174.0,2088.0,52.1
4775,158.0,1896.0,52.4
4776,172.0,2064.0,52.9
4777,168.0,2016.0,50.2
4778,195.0,2340.0,51.2
4779,187.0,2244.0,54.0
4780,183.0,2196.0,54.9
4781,157.0,1884.0,49.0
4782,195.0,2340.0,45.8
4783,167.0,2004.0,46.6
4784,197.0,2364.0,50.3
4785,181.0,2172.0,52.4
4786,181.0,2172.0,50.8
4787,153.0,1836.0,44.1
4788,168.0,2016.0,47.8
4789,162.0,1944.0,55.2
4790,182.0,2184.0,53.5
4791,202.0,2424.0,51.0
4792,203.0,2436.0,51.0
4793,176.0,2112.0,50.7
4794,203.0,2436.0,51.1
4795,201.0,2412.0,50.1
4796,184.0,2208.0,52.5
4797,205.0,2460.0,51.6
4798,186.0,2232.0,47.1
4799,145.0,1740.0,50.2
4800,155.0,1860.0,50.1
4801,178.0,2136.0,50.9
4802,183.0,2196.0,53.8
4803,151.0,1812.0,51.8
4804,182.0,2184.0,50.6
4805,154.0,1848.0,52.4
4806,158.0,1896.0,53.1
4807,176.0,2112.0,52.5
4808,183.0,2196.0,54.9
4809,173.0,2076.0,54.0
4810,170.0,2040.0,49.1
4811,206.0,2472.0,50.4
4812,157.0,1884.0,48.7
4813,170.0,2040.0,49.1
4814,174.0,2088.0,47.0
4815,212.0,2544.0,50.6
4816,211.0,2532.0,54.4
4817,183.0,2196.0,53.3
4818,171.0,2052.0,54.1
4819,171.0,2052.0,52.9
4820,175.0,2100.0,51.7
4821,179.0,2148.0,47.0
4822,180.0,2160.0,49.0
4823,192.0,2304.0,51.8
4824,167.0,2004.0,52.1
4825,155.0,1860.0,50.8
4826,174.0,2088.0,49.3
4827,185.0,2220.0,48.4
4828,148.0,1776.0,50.7
4829,173.0,2076.0,53.9
4830,167.0,2004.0,55.1
4831,153.0,1836.0,54.4
4832,162.0,1944.0,53.4
4833,155.0,1860.0,49.9
4834,165.0,1980.0,50.1
4835,141.0,1692.0,52.4
4836,155.0,1860.0,52.5
4837,134.0,1608.0,52.6
4838,160.0,1920.0,50.7
4839,136.0,1632.0,52.3
4840,143.0,1716.0,50.7
4841,139.0,1668.0,52.3
4842,155.0,1860.0,53.2
4843,140.0,1680.0,55.0
4844,163.0,1956.0,57.1
4845,133.0,1596.0,59.0
4846,158.0,1896.0,57.9
4847,129.0,1548.0,56.7
4848,123.0,1476.0,50.8
4849,128.0,1536.0,55.4
4850,148.0,1776.0,55.6
4851,122.0,1464.0,52.6
4852,152.0,1824.0,50.8
4853,141.0,1692.0,52.7
4854,125.0,1500.0,55.1
4855,129.0,1548.0,55.8
4856,155.0,1860.0,49.4
4857,116.0,1392.0,55.2
4858,137.0,1644.0,59.9
4859,130.0,1560.0,56.4
4860,143.0,1716.0,58.2
4861,128.0,1536.0,60.4
4862,125.0,1500.0,62.3
4863,110.0,1320.0,59.7
4864,111.0,1332.0,63.6
4865,118.0,1416.0,67.1
4866,132.0,1584.0,61.9
4867,99.0,1188.0,60.6
4868,101.0,1212.0,60.7
4869,97.0,1164.0,63.1
4870,98.0,1176.0,64.2
4871,116.0,1392.0,62.4
4872,102.0,1224.0,58.1
4873,95.0,1140.0,56.5
4874,103.0,1236.0,56.2
4875,97.0,1164.0,51.2
4876,74.0,888.0,55.9
4877,115.0,1380.0,57.9
4878,83.0,996.0,61.9
4879,84.0,1008.0,61.5
4880,89.0,1068.0,61.7
4881,95.0,1140.0,62.3
4882,69.0,828.0,59.7
4883,79.0,948.0,59.6
4884,84.0,1008.0,61.1
4885,95.0,1140.0,61.7
4886,65.0,780.0,59.4
4887,80.0,960.0,62.8
4888,65.0,780.0,62.7
4889,79.0,948.0,65.9
4890,68.0,816.0,68.1
4891,60.0,720.0,68.3
4892,58.0,696.0,64.2
4893,68.0,816.0,60.8
4894,57.0,684.0,63.6
4895,61.0,732.0,59.2
4896,49.0,588.0,68.6
4897,40.0,480.0,64.7
4898,55.0,660.0,63.4
4899,43.0,516.0,66.8
4900,59.0,708.0,66.7
4901,43.0,516.0,65.0
4902,41.0,492.0,66.8
4903,52.0,624.0,68.9
4904,36.0,432.0,67.6
4905,44.0,528.0,68.8
4906,33.0,396.0,67.7
4907,46.0,552.0,63.1
4908,39.0,468.0,64.5
4909,41.0,492.0,59.3
4910,33.0,396.0,63.7
4911,27.0,324.0,66.2
4912,31.0,372.0,64.3
4913,36.0,432.0,65.2
4914,31.0,372.0,66.6
4915,34.0,408.0,64.6
4916,49.0,588.0,61.0
4917,42.0,504.0,62.9
4918,38.0,456.0,58.2
4919,33.0,396.0,60.8
4920,37.0,444.0,63.8
4921,35.0,420.0,62.3
4922,28.0,336.0,65.8
4923,23.0,276.0,66.3
4924,43.0,516.0,63.9
4925,39.0,468.0,61.1
4926,33.0,396.0,62.4
4927,50.0,600.0,61.3
4928,48.0,576.0,59.7
4929,35.0,420.0,60.3
4930,28.0,336.0,63.2
4931,32.0,384.0,65.1
4932,43.0,516.0,65.9
4933,50.0,600.0,63.5
4934,38.0,456.0,65.2
4935,61.0,732.0,62.4
4936,62.0,744.0,59.3
4937,67.0,804.0,66.2
4938,64.0,768.0,66.0
4939,69.0,828.0,66.1
4940,72.0,864.0,63.0
4941,64.0,768.0,65.9
4942,88.0,1056.0,62.8
4943,91.0,1092.0,64.4
4944,84.0,1008.0,64.9
4945,94.0,1128.0,58.1
4946,98.0,1176.0,62.5
4947,104.0,1248.0,67.2
4948,109.0,1308.0,65.3
4949,100.0,1200.0,63.4
4950,102.0,1224.0,60.8
4951,86.0,1032.0,59.2
4952,121.0,1452.0,61.6
4953,99.0,1188.0,62.3
4954,95.0,1140.0,63.9
4955,101.0,1212.0,61.2
4956,91.0,1092.0,63.0
4957,113.0,1356.0,60.2
4958,113.0,1356.0,60.8
4959,97.0,1164.0,61.0
4960,111.0,1332.0,61.0
4961,103.0,1236.0,64.0
4962,112.0,1344.0,63.2
4963,138.0,1656.0,60.2
4964,124.0,1488.0,63.2
4965,122.0,1464.0,61.0
4966,136.0,1632.0,62.3
4967,140.0,1680.0,63.0
4968,130.0,1560.0,60.6
4969,139.0,1668.0,60.5
4970,147.0,1764.0,64.1
4971,140.0,1680.0,62.8
4972,170.0,2040.0,63.3
4973,167.0,2004.0,60.6
4974,146.0,1752.0,60.5
4975,156.0,1872.0,56.8
4976,171.0,2052.0,61.2
4977,157.0,1884.0,61.8
4978,157.0,1884.0,60.1
4979,159.0,1908.0,65.7
4980,134.0,1608.0,67.2
4981,159.0,1908.0,70.1
4982,171.0,2052.0,69.5
4983,188.0,2256.0,69.0
4984,171.0,2052.0,66.9
4985,181.0,2172.0,69.3
4986,163.0,1956.0,68.2
4987,161.0,1932.0,67.4
4988,149.0,1788.0,67.6
4989,158.0,1896.0,67.9
4990,152.0,1824.0,60.2
4991,134.0,1608.0,57.3
4992,153.0,1836.0,58.3
4993,132.0,1584.0,55.7
4994,156.0,1872.0,57.0
4995,138.0,1656.0,53.1
4996,145.0,1740.0,48.5
4997,170.0,2040.0,52.4
4998,152.0,1824.0,52.0
4999,149.0,1788.0,52.5
5000,180.0,2160.0,54.1
5001,149.0,1788.0,50.7
5002,162.0,1944.0,52.6
5003,161.0,1932.0,52.4
5004,174.0,2088.0,51.5
5005,139.0,1668.0,48.8
5006,143.0,1716.0,50.5
5007,152.0,1824.0,49.8
5008,205.0,2460.0,52.2
5009,168.0,2016.0,54.4
5010,132.0,1584.0,49.4
5011,145.0,1740.0,51.2
5012,169.0,2028.0,55.0
5013,192.0,2304.0,50.0
5014,172.0,2064.0,50.5
5015,154.0,1848.0,47.2
5016,171.0,2052.0,48.2
5017,139.0,1668.0,48.6
5018,165.0,1980.0,49.4
5019,156.0,1872.0,52.5
5020,144.0,1728.0,52.7
5021,185.0,2220.0,49.3
5022,158.0,1896.0,49.2
5023,182.0,2184.0,51.4
5024,173.0,2076.0,52.8
5025,158.0,1896.0,53.7
5026,179.0,2148.0,53.2
5027,175.0,2100.0,48.7
5028,173.0,2076.0,42.7
5029,147.0,1764.0,44.9
5030,167.0,2004.0,46.3
5031,150.0,1800.0,46.6
5032,178.0,2136.0,50.1
5033,191.0,2292.0,49.7
5034,168.0,2016.0,45.7
5035,158.0,1896.0,49.5
5036,148.0,1776.0,49.1
5037,163.0,1956.0,50.3
5038,186.0,2232.0,49.6
5039,177.0,2124.0,49.1
5040,175.0,2100.0,50.1
5041,157.0,1884.0,51.4
5042,181.0,2172.0,48.5
5043,198.0,2376.0,45.8
5044,151.0,1812.0,43.8
5045,163.0,1956.0,42.7
5046,169.0,2028.0,45.3
5047,186.0,2232.0,48.2
5048,163.0,1956.0,50.5
5049,182.0,2184.0,49.9
5050,187.0,2244.0,48.8
5051,171.0,2052.0,47.5
5052,178.0,2136.0,49.2
5053,167.0,2004.0,50.9
5054,175.0,2100.0,51.3
5055,190.0,2280.0,51.9
5056,191.0,2292.0,50.4
5057,170.0,2040.0,51.7
5058,180.0,2160.0,50.0
5059,163.0,1956.0,42.4
5060,151.0,1812.0,41.4
5061,177.0,2124.0,44.6
5062,174.0,2088.0,42.2
5063,155.0,1860.0,45.9
5064,159.0,1908.0,47.4
5065,163.0,1956.0,50.4
5066,190.0,2280.0,49.7
5067,182.0,2184.0,47.0
5068,179.0,2148.0,47.9
5069,181.0,2172.0,51.0
5070,188.0,2256.0,49.7
5071,185.0,2220.0,51.3
5072,193.0,2316.0,52.0
5073,174.0,2088.0,48.6
5074,190.0,2280.0,49.7
5075,167.0,2004.0,46.3
5076,195.0,2340.0,48.1
5077,198.0,2376.0,49.9
5078,183.0,2196.0,50.3
5079,172.0,2064.0,53.8
5080,175.0,2100.0,45.1
5081,174.0,2088.0,41.1
5082,190.0,2280.0,42.5
5083,175.0,2100.0,50.3
5084,171.0,2052.0,49.8
5085,194.0,2328.0,48.1
5086,190.0,2280.0,45.6
5087,186.0,2232.0,44.4
5088,202.0,2424.0,40.9
5089,179.0,2148.0,45.2
5090,162.0,1944.0,47.5
5091,190.0,2280.0,46.6
5092,201.0,2412.0,45.1
5093,151.0,1812.0,48.6
5094,194.0,2328.0,49.1
5095,184.0,2208.0,50.7
5096,170.0,2040.0,52.0
5097,179.0,2148.0,55.5
5098,159.0,1908.0,55.8
5099,206.0,2472.0,50.6
5100,169.0,2028.0,51.0
5101,178.0,2136.0,51.6
5102,181.0,2172.0,45.3
5103,167.0,2004.0,46.3
5104,186.0,2232.0,51.5
5105,176.0,2112.0,49.1
5106,191.0,2292.0,46.8
5107,174.0,2088.0,52.6
5108,143.0,1716.0,55.6
5109,142.0,1704.0,54.8
5110,155.0,1860.0,52.7
5111,169.0,2028.0,51.8
5112,173.0,2076.0,50.1
5113,179.0,2148.0,53.1
5114,162.0,1944.0,52.1
5115,177.0,2124.0,53.5
5116,159.0,1908.0,55.0
5117,156.0,1872.0,53.7
5118,122.0,1464.0,47.7
5119,142.0,1704.0,45.8
5120,153.0,1836.0,48.7
5121,116.0,1392.0,52.7
5122,120.0,1440.0,47.1
5123,128.0,1536.0,48.0
5124,106.0,1272.0,50.0
5125,126.0,1512.0,47.0
5126,128.0,1536.0,53.4
5127,108.0,1296.0,55.1
5128,123.0,1476.0,52.2
5129,134.0,1608.0,50.4
5130,134.0,1608.0,45.1
5131,120.0,1440.0,53.6
5132,129.0,1548.0,55.9
5133,105.0,1260.0,56.5
5134,102.0,1224.0,57.4
5135,110.0,1320.0,55.9
5136,114.0,1368.0,48.9
5137,108.0,1296.0,48.5
5138,89.0,1068.0,53.1
5139,103.0,1236.0,47.1
5140,110.0,1320.0,55.1
5141,119.0,1428.0,55.9
5142,108.0,1296.0,53.3
5143,100.0,1200.0,54.7
5144,105.0,1260.0,54.1
5145,90.0,1080.0,55.5
5146,87.0,1044.0,56.6
5147,101.0,1212.0,57.5
5148,81.0,972.0,59.5
5149,99.0,1188.0,58.8
5150,93.0,1116.0,64.5
5151,84.0,1008.0,66.9
5152,102.0,1224.0,63.1
5153,90.0,1080.0,60.3
5154,93.0,1116.0,56.8
5155,103.0,1236.0,56.6
5156,90.0,1080.0,59.6
5157,97.0,1164.0,56.0
5158,78.0,936.0,60.2
5159,56.0,672.0,63.0
5160,74.0,888.0,63.6
5161,71.0,852.0,61.3
5162,74.0,888.0,57.0
5163,74.0,888.0,59.3
5164,78.0,936.0,57.9
5165,78.0,936.0,56.9
5166,70.0,840.0,57.1
5167,54.0,648.0,56.1
5168,84.0,1008.0,54.6
5169,55.0,660.0,62.9
5170,60.0,720.0,54.2
5171,54.0,648.0,56.6
5172,55.0,660.0,62.3
5173,63.0,756.0,61.0
5174,70.0,840.0,62.2
5175,50.0,600.0,65.7
5176,47.0,564.0,62.7
5177,44.0,528.0,67.4
5178,52.0,624.0,67.0
5179,58.0,696.0,61.4
5180,43.0,516.0,64.0
5181,43.0,516.0,62.5
5182,55.0,660.0,60.0
5183,43.0,516.0,58.6
5184,43.0,516.0,68.4
5185,40.0,480.0,64.3
5186,48.0,576.0,64.6
5187,41.0,492.0,61.7
5188,30.0,360.0,67.9
5189,42.0,504.0,63.8
5190,27.0,324.0,66.3
5191,32.0,384.0,65.0
5192,27.0,324.0,66.0
5193,43.0,516.0,60.1
5194,29.0,348.0,62.8
5195,36.0,432.0,62.3
5196,29.0,348.0,65.6
5197,26.0,312.0,66.5
5198,27.0,324.0,67.9
5199,41.0,492.0,67.1
5200,43.0,516.0,66.0
5201,24.0,288.0,68.9
5202,27.0,324.0,68.8
5203,33.0,396.0,64.4
5204,32.0,384.0,67.5
5205,28.0,336.0,65.5
5206,33.0,396.0,64.9
5207,22.0,264.0,64.3
5208,20.0,240.0,65.9
5209,19.0,228.0,66.4
5210,38.0,456.0,66.8
5211,42.0,504.0,64.9
5212,28.0,336.0,66.7
5213,38.0,456.0,63.8
5214,33.0,396.0,63.6
5215,34.0,408.0,65.7
5216,42.0,504.0,66.3
5217,31.0,372.0,65.1
5218,33.0,396.0,67.0
5219,34.0,408.0,65.0
5220,41.0,492.0,67.5
5221,36.0,432.0,66.2
5222,44.0,528.0,53.9
5223,52.0,624.0,59.1
5224,56.0,672.0,60.9
5225,48.0,576.0,62.6
5226,62.0,744.0,58.3
5227,64.0,768.0,59.9
5228,65.0,780.0,67.0
5229,63.0,756.0,73.9
5230,69.0,828.0,69.8
5231,83.0,996.0,64.6
5232,78.0,936.0,60.9
5233,81.0,972.0,67.3
5234,95.0,1140.0,67.4
5235,86.0,1032.0,67.2
5236,109.0,1308.0,68.7
5237,102.0,1224.0,71.8
5238,92.0,1104.0,68.4
5239,96.0,1152.0,69.7
5240,88.0,1056.0,69.3
5241,100.0,1200.0,67.2
5242,107.0,1284.0,68.9
5243,99.0,1188.0,70.7
5244,108.0,1296.0,68.4
5245,82.0,984.0,65.4
5246,104.0,1248.0,70.6
5247,99.0,1188.0,69.7
5248,122.0,1464.0,65.6
5249,105.0,1260.0,63.9
5250,114.0,1368.0,66.1
5251,132.0,1584.0,63.4
5252,100.0,1200.0,64.6
5253,136.0,1632.0,63.6
5254,127.0,1524.0,65.4
5255,118.0,1416.0,65.1
5256,124.0,1488.0,62.8
5257,144.0,1728.0,65.1
5258,117.0,1404.0,64.3
5259,174.0,2088.0,60.0
5260,131.0,1572.0,63.2
5261,159.0,1908.0,62.5
5262,181.0,2172.0,61.3
5263,157.0,1884.0,61.5
5264,192.0,2304.0,60.7
5265,172.0,2064.0,64.4
5266,163.0,1956.0,62.8
5267,163.0,1956.0,66.0
5268,169.0,2028.0,66.0
5269,157.0,1884.0,67.3
5270,192.0,2304.0,67.7
5271,180.0,2160.0,67.4
5272,177.0,2124.0,69.7
5273,189.0,2268.0,68.9
5274,176.0,2112.0,66.5
5275,145.0,1740.0,60.7
5276,160.0,1920.0,60.6
5277,168.0,2016.0,61.5
5278,180.0,2160.0,63.9
5279,150.0,1800.0,56.6
5280,140.0,1680.0,51.1
5281,155.0,1860.0,57.2
5282,171.0,2052.0,59.1
5283,130.0,1560.0,56.6
5284,149.0,1788.0,53.7
5285,157.0,1884.0,49.3
5286,161.0,1932.0,42.9
5287,140.0,1680.0,32.0
5288,142.0,1704.0,25.4
5289,138.0,1656.0,19.5
5290,131.0,1572.0,14.9
5291,125.0,1500.0,11.6
5292,157.0,1884.0,16.3
5293,150.0,1800.0,35.2
5294,155.0,1860.0,42.7
5295,124.0,1488.0,50.3
5296,147.0,1764.0,51.2
5297,160.0,1920.0,49.2
5298,165.0,1980.0,49.1
5299,162.0,1944.0,50.8
5300,171.0,2052.0,50.2
5301,81.0,972.0,28.2
5302,36.0,432.0,16.0
5303,63.0,756.0,13.1
5304,182.0,2184.0,12.3
5305,145.0,1740.0,15.6
5306,134.0,1608.0,30.9
5307,149.0,1788.0,45.4
5308,138.0,1656.0,50.5
5309,122.0,1464.0,48.8
5310,145.0,1740.0,48.0
5311,156.0,1872.0,48.8
5312,131.0,1572.0,53.3
5313,163.0,1956.0,53.8
5314,148.0,1776.0,53.7
5315,162.0,1944.0,48.1
5316,138.0,1656.0,46.8
5317,157.0,1884.0,46.0
5318,170.0,2040.0,47.4
5319,151.0,1812.0,50.5
5320,171.0,2052.0,53.1
5321,147.0,1764.0,50.5
5322,186.0,2232.0,55.5
5323,165.0,1980.0,56.6
5324,148.0,1776.0,50.8
5325,154.0,1848.0,44.9
5326,134.0,1608.0,48.7
5327,149.0,1788.0,49.7
5328,163.0,1956.0,50.6
5329,146.0,1752.0,50.0
5330,128.0,1536.0,52.9
5331,164.0,1968.0,52.6
5332,211.0,2532.0,53.2
5333,153.0,1836.0,52.4
5334,151.0,1812.0,53.0
5335,152.0,1824.0,50.4
5336,156.0,1872.0,47.9
5337,143.0,1716.0,50.5
5338,168.0,2016.0,50.8
5339,217.0,2604.0,45.7
5340,137.0,1644.0,48.5
5341,173.0,2076.0,51.1
5342,174.0,2088.0,51.8
5343,163.0,1956.0,52.8
5344,171.0,2052.0,51.5
5345,164.0,1968.0,50.8
5346,178.0,2136.0,51.3
5347,171.0,2052.0,50.3
5348,226.0,2712.0,50.1
5349,175.0,2100.0,52.8
5350,161.0,1932.0,50.2
5351,166.0,1992.0,48.3
5352,191.0,2292.0,48.1
5353,185.0,2220.0,48.7
5354,184.0,2208.0,49.9
5355,188.0,2256.0,51.1
5356,194.0,2328.0,51.7
5357,183.0,2196.0,52.0
5358,182.0,2184.0,52.9
5359,190.0,2280.0,51.7
5360,180.0,2160.0,51.9
5361,175.0,2100.0,51.4
5362,186.0,2232.0,51.5
5363,157.0,1884.0,54.8
5364,196.0,2352.0,50.2
5365,196.0,2352.0,44.2
5366,177.0,2124.0,44.6
5367,168.0,2016.0,48.0
5368,170.0,2040.0,48.8
5369,170.0,2040.0,47.5
5370,157.0,1884.0,46.1
5371,185.0,2220.0,45.8
5372,158.0,1896.0,46.7
5373,200.0,2400.0,49.8
5374,178.0,2136.0,51.4
5375,188.0,2256.0,51.2
5376,158.0,1896.0,45.6
5377,170.0,2040.0,51.1
5378,179.0,2148.0,50.2
5379,182.0,2184.0,50.8
5380,160.0,1920.0,51.8
5381,167.0,2004.0,50.8
5382,173.0,2076.0,51.0
5383,194.0,2328.0,50.6
5384,183.0,2196.0,51.1
5385,206.0,2472.0,55.0
5386,195.0,2340.0,56.1
5387,163.0,1956.0,54.8
5388,163.0,1956.0,52.1
5389,187.0,2244.0,55.3
5390,151.0,1812.0,53.5
5391,197.0,2364.0,55.5
5392,187.0,2244.0,54.6
5393,210.0,2520.0,57.1
5394,188.0,2256.0,57.3
5395,180.0,2160.0,59.1
5396,188.0,2256.0,54.2
5397,185.0,2220.0,51.9
5398,177.0,2124.0,48.4
5399,164.0,1968.0,47.0
5400,157.0,1884.0,55.1
5401,171.0,2052.0,52.5
5402,159.0,1908.0,54.3
5403,133.0,1596.0,57.6
5404,158.0,1896.0,56.9
5405,145.0,1740.0,52.1
5406,138.0,1656.0,46.5
5407,153.0,1836.0,52.0
5408,163.0,1956.0,56.5
5409,141.0,1692.0,54.4
5410,123.0,1476.0,50.7
5411,119.0,1428.0,50.5
5412,113.0,1356.0,47.1
5413,144.0,1728.0,49.3
5414,115.0,1380.0,47.1
5415,125.0,1500.0,52.5
5416,131.0,1572.0,47.6
5417,91.0,1092.0,55.4
5418,135.0,1620.0,55.4
5419,107.0,1284.0,60.1
5420,127.0,1524.0,59.0
5421,132.0,1584.0,57.1
5422,118.0,1416.0,52.0
5423,116.0,1392.0,50.4
5424,110.0,1320.0,47.2
5425,95.0,1140.0,52.7
5426,125.0,1500.0,55.5
5427,83.0,996.0,55.6
5428,92.0,1104.0,58.7
5429,97.0,1164.0,57.6
5430,85.0,1020.0,59.7
5431,103.0,1236.0,55.4
5432,104.0,1248.0,53.5
5433,94.0,1128.0,54.8
5434,78.0,936.0,55.2
5435,80.0,960.0,51.7
5436,102.0,1224.0,58.4
5437,98.0,1176.0,60.0
5438,98.0,1176.0,60.4
5439,97.0,1164.0,58.9
5440,91.0,1092.0,57.7
5441,82.0,984.0,57.0
5442,87.0,1044.0,58.9
5443,91.0,1092.0,57.6
5444,91.0,1092.0,59.2
5445,73.0,876.0,60.3
5446,77.0,924.0,57.9
5447,60.0,720.0,61.4
5448,98.0,1176.0,65.8
5449,80.0,960.0,65.9
5450,67.0,804.0,63.5
5451,86.0,1032.0,60.2
5452,73.0,876.0,63.1
5453,62.0,744.0,65.8
5454,70.0,840.0,60.5
5455,67.0,804.0,61.7
5456,54.0,648.0,66.1
5457,54.0,648.0,60.4
5458,59.0,708.0,65.1
5459,42.0,504.0,66.7
5460,62.0,744.0,63.5
5461,36.0,432.0,60.9
5462,55.0,660.0,58.8
5463,59.0,708.0,61.8
5464,45.0,540.0,66.2
5465,52.0,624.0,66.4
5466,50.0,600.0,70.3
5467,44.0,528.0,69.0
5468,51.0,612.0,70.8
5469,47.0,564.0,69.2
5470,37.0,444.0,70.3
5471,43.0,516.0,69.1
5472,60.0,720.0,67.9
5473,33.0,396.0,70.2
5474,28.0,336.0,70.5
5475,46.0,552.0,66.3
5476,43.0,516.0,66.3
5477,33.0,396.0,63.3
5478,33.0,396.0,66.5
5479,35.0,420.0,65.3
5480,40.0,480.0,67.7
5481,37.0,444.0,68.9
5482,18.0,216.0,68.9
5483,33.0,396.0,68.7
5484,37.0,444.0,68.8
5485,30.0,360.0,69.9
5486,33.0,396.0,67.3
5487,23.0,276.0,66.4
5488,35.0,420.0,67.6
5489,35.0,420.0,67.0
5490,33.0,396.0,68.1
5491,35.0,420.0,62.2
5492,32.0,384.0,66.7
5493,31.0,372.0,63.3
5494,32.0,384.0,65.7
5495,32.0,384.0,68.9
5496,34.0,408.0,66.9
5497,28.0,336.0,69.6
5498,35.0,420.0,71.1
5499,33.0,396.0,69.4
5500,35.0,420.0,70.5
5501,38.0,456.0,70.2
5502,34.0,408.0,70.5
5503,44.0,528.0,70.4
5504,40.0,480.0,71.4
5505,39.0,468.0,67.5
5506,48.0,576.0,68.9
5507,37.0,444.0,69.6
5508,44.0,528.0,70.1
5509,38.0,456.0,65.9
5510,35.0,420.0,68.7
5511,67.0,804.0,63.2
5512,46.0,552.0,66.5
5513,62.0,744.0,70.7
5514,63.0,756.0,61.6
5515,62.0,744.0,66.8
5516,58.0,696.0,66.9
5517,60.0,720.0,64.7
5518,74.0,888.0,66.5
5519,63.0,756.0,68.5
5520,61.0,732.0,64.4
5521,81.0,972.0,65.3
5522,81.0,972.0,68.0
5523,89.0,1068.0,68.2
5524,100.0,1200.0,66.6
5525,95.0,1140.0,69.6
5526,100.0,1200.0,70.2
5527,100.0,1200.0,66.9
5528,103.0,1236.0,75.3
5529,92.0,1104.0,66.3
5530,89.0,1068.0,70.7
5531,98.0,1176.0,72.4
5532,89.0,1068.0,71.3
5533,98.0,1176.0,66.0
5534,108.0,1296.0,72.3
5535,117.0,1404.0,68.7
5536,87.0,1044.0,72.7
5537,112.0,1344.0,71.6
5538,123.0,1476.0,66.9
5539,102.0,1224.0,70.7
5540,127.0,1524.0,65.7
5541,123.0,1476.0,67.2
5542,127.0,1524.0,67.7
5543,131.0,1572.0,66.3
5544,128.0,1536.0,65.0
5545,148.0,1776.0,63.7
5546,142.0,1704.0,66.0
5547,167.0,2004.0,66.4
5548,150.0,1800.0,70.2
5549,162.0,1944.0,70.0
5550,158.0,1896.0,69.9
5551,180.0,2160.0,67.8
5552,139.0,1668.0,71.5
5553,152.0,1824.0,66.2
5554,180.0,2160.0,67.4
5555,163.0,1956.0,65.9
5556,165.0,1980.0,66.3
5557,171.0,2052.0,64.3
5558,203.0,2436.0,63.5
5559,167.0,2004.0,60.1
5560,185.0,2220.0,62.5
5561,166.0,1992.0,62.4
5562,174.0,2088.0,59.8
5563,130.0,1560.0,60.4
5564,180.0,2160.0,58.9
5565,154.0,1848.0,56.8
5566,184.0,2208.0,58.8
5567,158.0,1896.0,55.0
5568,155.0,1860.0,56.8
5569,158.0,1896.0,55.7
5570,136.0,1632.0,38.3
5571,53.0,636.0,21.3
5572,69.0,828.0,13.1
5573,68.0,816.0,9.2
5574,56.0,672.0,6.5
5575,81.0,972.0,6.1
5576,69.0,828.0,5.1
5577,86.0,1032.0,5.6
5578,100.0,1200.0,5.6
5579,156.0,1872.0,8.1
5580,167.0,2004.0,10.1
5581,151.0,1812.0,13.4
5582,138.0,1656.0,28.5
5583,128.0,1536.0,43.3
5584,141.0,1692.0,39.4
5585,158.0,1896.0,40.4
5586,136.0,1632.0,44.9
5587,171.0,2052.0,49.8
5588,187.0,2244.0,51.0
5589,157.0,1884.0,57.0
5590,194.0,2328.0,56.5
5591,146.0,1752.0,57.7
5592,177.0,2124.0,50.1
5593,152.0,1824.0,46.3
5594,169.0,2028.0,46.7
5595,146.0,1752.0,49.0
5596,170.0,2040.0,51.6
5597,150.0,1800.0,50.0
5598,191.0,2292.0,53.6
5599,168.0,2016.0,50.6
5600,153.0,1836.0,50.8
5601,166.0,1992.0,48.6
5602,162.0,1944.0,51.1
5603,155.0,1860.0,51.1
5604,168.0,2016.0,54.1
5605,159.0,1908.0,52.7
5606,158.0,1896.0,51.9
5607,139.0,1668.0,49.6
5608,161.0,1932.0,49.8
5609,160.0,1920.0,51.2
5610,157.0,1884.0,54.0
5611,162.0,1944.0,52.8
5612,174.0,2088.0,52.6
5613,162.0,1944.0,51.0
5614,185.0,2220.0,47.7
5615,146.0,1752.0,45.7
5616,189.0,2268.0,48.0
5617,158.0,1896.0,52.6
5618,161.0,1932.0,53.7
5619,177.0,2124.0,50.9
5620,162.0,1944.0,52.2
5621,150.0,1800.0,52.5
5622,187.0,2244.0,52.1
5623,169.0,2028.0,53.3
5624,166.0,1992.0,52.8
5625,152.0,1824.0,46.0
5626,163.0,1956.0,46.6
5627,176.0,2112.0,47.8
5628,178.0,2136.0,47.6
5629,171.0,2052.0,51.2
5630,179.0,2148.0,50.7
5631,171.0,2052.0,54.6
5632,189.0,2268.0,54.7
5633,170.0,2040.0,55.5
5634,190.0,2280.0,55.3
5635,164.0,1968.0,54.5
5636,164.0,1968.0,55.5
5637,186.0,2232.0,55.1
5638,182.0,2184.0,54.5
5639,204.0,2448.0,53.0
5640,139.0,1668.0,50.7
5641,180.0,2160.0,52.9
5642,187.0,2244.0,47.9
5643,181.0,2172.0,50.3
5644,169.0,2028.0,44.3
5645,185.0,2220.0,47.9
5646,186.0,2232.0,47.0
5647,191.0,2292.0,47.3
5648,206.0,2472.0,47.7
5649,174.0,2088.0,52.2
5650,161.0,1932.0,54.1
5651,161.0,1932.0,54.3
5652,186.0,2232.0,56.0
5653,192.0,2304.0,56.5
5654,179.0,2148.0,54.8
5655,172.0,2064.0,54.9
5656,216.0,2592.0,56.1
5657,195.0,2340.0,57.1
5658,160.0,1920.0,57.2
5659,193.0,2316.0,58.0
5660,217.0,2604.0,56.7
5661,199.0,2388.0,56.3
5662,209.0,2508.0,52.9
5663,196.0,2352.0,52.8
5664,167.0,2004.0,51.5
5665,164.0,1968.0,53.0
5666,186.0,2232.0,51.1
5667,165.0,1980.0,53.1
5668,177.0,2124.0,54.1
5669,175.0,2100.0,47.3
5670,169.0,2028.0,43.9
5671,201.0,2412.0,50.0
5672,168.0,2016.0,55.7
5673,180.0,2160.0,54.1
5674,206.0,2472.0,55.5
5675,181.0,2172.0,51.4
5676,185.0,2220.0,51.8
5677,155.0,1860.0,50.9
5678,203.0,2436.0,51.6
5679,197.0,2364.0,54.0
5680,174.0,2088.0,53.9
5681,164.0,1968.0,52.0
5682,159.0,1908.0,55.4
5683,195.0,2340.0,55.2
5684,196.0,2352.0,55.4
5685,147.0,1764.0,56.1
5686,173.0,2076.0,53.4
5687,167.0,2004.0,55.6
5688,179.0,2148.0,53.7
5689,164.0,1968.0,54.8
5690,141.0,1692.0,56.7
5691,159.0,1908.0,54.6
5692,165.0,1980.0,53.6
5693,142.0,1704.0,54.3
5694,146.0,1752.0,52.3
5695,129.0,1548.0,53.0
5696,150.0,1800.0,51.1
5697,147.0,1764.0,52.4
5698,148.0,1776.0,49.8
5699,122.0,1464.0,51.4
5700,121.0,1452.0,52.6
5701,129.0,1548.0,51.2
5702,125.0,1500.0,51.8
5703,136.0,1632.0,49.5
5704,116.0,1392.0,46.4
5705,119.0,1428.0,42.5
5706,117.0,1404.0,41.7
5707,146.0,1752.0,40.5
5708,129.0,1548.0,44.6
5709,122.0,1464.0,51.2
5710,121.0,1452.0,54.0
5711,121.0,1452.0,54.3
5712,102.0,1224.0,54.0
5713,115.0,1380.0,52.7
5714,121.0,1452.0,51.6
5715,80.0,960.0,49.6
5716,91.0,1092.0,53.0
5717,80.0,960.0,55.6
5718,81.0,972.0,56.8
5719,110.0,1320.0,55.7
5720,87.0,1044.0,53.9
5721,91.0,1092.0,52.1
5722,122.0,1464.0,45.9
5723,81.0,972.0,49.9
5724,120.0,1440.0,52.2
5725,82.0,984.0,58.1
5726,101.0,1212.0,65.5
5727,91.0,1092.0,64.4
5728,93.0,1116.0,66.7
5729,97.0,1164.0,64.5
5730,101.0,1212.0,62.6
5731,86.0,1032.0,66.5
5732,70.0,840.0,63.2
5733,77.0,924.0,61.3
5734,86.0,1032.0,57.9
5735,95.0,1140.0,58.4
5736,81.0,972.0,54.0
5737,84.0,1008.0,53.1
5738,71.0,852.0,52.3
5739,64.0,768.0,59.5
5740,71.0,852.0,56.8
5741,76.0,912.0,53.9
5742,62.0,744.0,56.8
5743,62.0,744.0,57.8
5744,66.0,792.0,58.3
5745,79.0,948.0,59.2
5746,60.0,720.0,60.8
5747,79.0,948.0,58.8
5748,62.0,744.0,60.7
5749,58.0,696.0,60.6
5750,59.0,708.0,60.1
5751,61.0,732.0,55.8
5752,43.0,516.0,56.9
5753,59.0,708.0,54.7
5754,55.0,660.0,53.0
5755,53.0,636.0,56.8
5756,49.0,588.0,57.3
5757,49.0,588.0,53.5
5758,41.0,492.0,51.4
5759,40.0,480.0,51.4
5760,56.0,672.0,68.3
5761,42.0,504.0,52.5
5762,44.0,528.0,57.1
5763,47.0,564.0,51.0
5764,39.0,468.0,56.9
5765,31.0,372.0,51.8
5766,39.0,468.0,48.6
5767,29.0,348.0,55.9
5768,49.0,588.0,56.7
5769,25.0,300.0,63.6
5770,43.0,516.0,64.6
5771,41.0,492.0,63.6
5772,33.0,396.0,61.9
5773,28.0,336.0,63.8
5774,32.0,384.0,62.3
5775,43.0,516.0,60.1
5776,32.0,384.0,62.0
5777,26.0,312.0,59.7
5778,40.0,480.0,59.4
5779,36.0,432.0,58.1
5780,29.0,348.0,60.8
5781,45.0,540.0,57.5
5782,34.0,408.0,61.0
5783,20.0,240.0,64.7
5784,26.0,312.0,65.1
5785,32.0,384.0,66.1
5786,29.0,348.0,63.7
5787,24.0,288.0,66.4
5788,41.0,492.0,64.1
5789,36.0,432.0,61.5
5790,43.0,516.0,64.0
5791,48.0,576.0,59.1
5792,44.0,528.0,62.7
5793,32.0,384.0,62.9
5794,39.0,468.0,63.7
5795,55.0,660.0,63.4
5796,48.0,576.0,68.2
5797,44.0,528.0,66.2
5798,47.0,564.0,61.1
5799,46.0,552.0,62.6
5800,40.0,480.0,66.8
5801,78.0,936.0,64.8
5802,58.0,696.0,72.6
5803,56.0,672.0,68.0
5804,68.0,816.0,66.6
5805,79.0,948.0,62.8
5806,77.0,924.0,63.3
5807,82.0,984.0,67.3
5808,82.0,984.0,65.3
5809,82.0,984.0,73.3
5810,90.0,1080.0,67.8
5811,100.0,1200.0,69.0
5812,104.0,1248.0,71.9
5813,96.0,1152.0,70.0
5814,123.0,1476.0,70.5
5815,79.0,948.0,67.3
5816,89.0,1068.0,65.0
5817,119.0,1428.0,67.2
5818,100.0,1200.0,73.2
5819,103.0,1236.0,74.2
5820,93.0,1116.0,75.2
5821,93.0,1116.0,74.7
5822,108.0,1296.0,72.7
5823,122.0,1464.0,67.4
5824,124.0,1488.0,67.6
5825,119.0,1428.0,70.3
5826,108.0,1296.0,69.2
5827,125.0,1500.0,68.9
5828,105.0,1260.0,70.6
5829,136.0,1632.0,70.3
5830,120.0,1440.0,68.4
5831,135.0,1620.0,70.2
5832,128.0,1536.0,67.8
5833,138.0,1656.0,69.1
5834,144.0,1728.0,67.5
5835,156.0,1872.0,67.9
5836,171.0,2052.0,63.5
5837,157.0,1884.0,63.6
5838,157.0,1884.0,59.9
5839,163.0,1956.0,56.4
5840,159.0,1908.0,61.4
5841,148.0,1776.0,63.9
5842,183.0,2196.0,64.3
5843,164.0,1968.0,68.4
5844,155.0,1860.0,66.8
5845,175.0,2100.0,60.9
5846,180.0,2160.0,60.2
5847,203.0,2436.0,59.3
5848,197.0,2364.0,55.2
5849,188.0,2256.0,59.3
5850,201.0,2412.0,59.4
5851,157.0,1884.0,55.6
5852,164.0,1968.0,53.6
5853,149.0,1788.0,51.0
5854,164.0,1968.0,56.6
5855,151.0,1812.0,55.2
5856,152.0,1824.0,54.8
5857,137.0,1644.0,52.6
5858,147.0,1764.0,57.5
5859,142.0,1704.0,55.1
5860,144.0,1728.0,52.9
5861,155.0,1860.0,54.0
5862,193.0,2316.0,53.3
5863,145.0,1740.0,47.4
5864,172.0,2064.0,48.3
5865,198.0,2376.0,50.8
5866,159.0,1908.0,53.1
5867,149.0,1788.0,53.6
5868,158.0,1896.0,56.6
5869,150.0,1800.0,47.1
5870,128.0,1536.0,48.9
5871,143.0,1716.0,46.5
5872,165.0,1980.0,48.3
5873,170.0,2040.0,49.2
5874,190.0,2280.0,53.2
5875,175.0,2100.0,53.5
5876,162.0,1944.0,52.9
5877,151.0,1812.0,55.9
5878,166.0,1992.0,49.5
5879,172.0,2064.0,52.1
5880,162.0,1944.0,48.9
5881,154.0,1848.0,51.1
5882,163.0,1956.0,51.4
5883,162.0,1944.0,44.5
5884,151.0,1812.0,46.3
5885,136.0,1632.0,47.5
5886,163.0,1956.0,48.2
5887,182.0,2184.0,47.3
5888,167.0,2004.0,45.7
5889,183.0,2196.0,50.4
5890,162.0,1944.0,48.4
5891,157.0,1884.0,49.6
5892,166.0,1992.0,46.4
5893,151.0,1812.0,41.6
5894,193.0,2316.0,46.4
5895,180.0,2160.0,45.5
5896,182.0,2184.0,48.5
5897,172.0,2064.0,52.4
5898,170.0,2040.0,53.0
5899,160.0,1920.0,56.1
5900,182.0,2184.0,50.5
5901,152.0,1824.0,52.1
5902,158.0,1896.0,49.0
5903,155.0,1860.0,49.0
5904,191.0,2292.0,48.7
5905,160.0,1920.0,50.4
5906,164.0,1968.0,53.8
5907,159.0,1908.0,50.4
5908,175.0,2100.0,49.1
5909,150.0,1800.0,52.4
5910,186.0,2232.0,51.2
5911,168.0,2016.0,50.4
5912,154.0,1848.0,50.5
5913,172.0,2064.0,48.2
5914,142.0,1704.0,50.2
5915,179.0,2148.0,48.6
5916,169.0,2028.0,47.0
5917,152.0,1824.0,48.3
5918,198.0,2376.0,48.6
5919,170.0,2040.0,51.0
5920,197.0,2364.0,53.1
5921,173.0,2076.0,55.0
5922,182.0,2184.0,54.1
5923,171.0,2052.0,54.0
5924,201.0,2412.0,54.1
5925,171.0,2052.0,53.5
5926,211.0,2532.0,53.9
5927,147.0,1764.0,54.1
5928,171.0,2052.0,55.3
5929,185.0,2220.0,52.8
5930,166.0,1992.0,49.5
5931,160.0,1920.0,50.8
5932,168.0,2016.0,47.7
5933,179.0,2148.0,50.1
5934,157.0,1884.0,49.5
5935,177.0,2124.0,51.4
5936,149.0,1788.0,49.5
5937,155.0,1860.0,51.5
5938,149.0,1788.0,51.0
5939,151.0,1812.0,48.4
5940,165.0,1980.0,48.3
5941,157.0,1884.0,50.4
5942,152.0,1824.0,54.5
5943,204.0,2448.0,52.9
5944,187.0,2244.0,53.4
5945,214.0,2568.0,52.6
5946,182.0,2184.0,53.1
5947,162.0,1944.0,49.7
5948,178.0,2136.0,50.5
5949,205.0,2460.0,51.7
5950,175.0,2100.0,52.0
5951,183.0,2196.0,53.0
5952,172.0,2064.0,55.5
5953,177.0,2124.0,57.7
5954,191.0,2292.0,55.4
5955,192.0,2304.0,53.2
5956,174.0,2088.0,56.3
5957,196.0,2352.0,54.7
5958,170.0,2040.0,54.8
5959,176.0,2112.0,51.8
5960,169.0,2028.0,48.7
5961,213.0,2556.0,49.0
5962,170.0,2040.0,42.6
5963,195.0,2340.0,48.1
5964,181.0,2172.0,54.8
5965,162.0,1944.0,56.4
5966,175.0,2100.0,56.1
5967,221.0,2652.0,53.8
5968,186.0,2232.0,56.1
5969,204.0,2448.0,52.2
5970,165.0,1980.0,53.2
5971,194.0,2328.0,47.7
5972,175.0,2100.0,49.2
5973,163.0,1956.0,50.8
5974,173.0,2076.0,52.9
5975,194.0,2328.0,50.9
5976,167.0,2004.0,52.2
5977,186.0,2232.0,48.6
5978,168.0,2016.0,47.4
5979,169.0,2028.0,48.5
5980,153.0,1836.0,48.1
5981,147.0,1764.0,50.5
5982,168.0,2016.0,50.6
5983,143.0,1716.0,51.1
5984,153.0,1836.0,46.7
5985,150.0,1800.0,50.9
5986,141.0,1692.0,54.7
5987,130.0,1560.0,51.4
5988,130.0,1560.0,52.0
5989,120.0,1440.0,50.9
5990,131.0,1572.0,52.6
5991,114.0,1368.0,54.7
5992,123.0,1476.0,49.1
5993,128.0,1536.0,48.7
5994,115.0,1380.0,47.4
5995,133.0,1596.0,47.0
5996,112.0,1344.0,47.3
5997,119.0,1428.0,42.9
5998,128.0,1536.0,47.7
5999,108.0,1296.0,48.5
6000,113.0,1356.0,48.3
6001,124.0,1488.0,47.6
6002,120.0,1440.0,48.9
6003,113.0,1356.0,46.3
6004,110.0,1320.0,47.4
6005,109.0,1308.0,49.1
6006,90.0,1080.0,54.4
6007,111.0,1332.0,53.2
6008,104.0,1248.0,57.6
6009,101.0,1212.0,54.2
6010,116.0,1392.0,50.1
6011,91.0,1092.0,53.6
6012,106.0,1272.0,58.3
6013,98.0,1176.0,60.5
6014,99.0,1188.0,51.5
6015,117.0,1404.0,57.6
6016,82.0,984.0,58.3
6017,97.0,1164.0,58.5
6018,89.0,1068.0,53.2
6019,102.0,1224.0,56.3
6020,114.0,1368.0,57.7
6021,90.0,1080.0,54.2
6022,84.0,1008.0,46.5
6023,86.0,1032.0,49.2
6024,86.0,1032.0,54.3
6025,81.0,972.0,57.6
6026,107.0,1284.0,56.7
6027,68.0,816.0,57.5
6028,79.0,948.0,61.5
6029,84.0,1008.0,58.9
6030,84.0,1008.0,61.5
6031,70.0,840.0,60.8
6032,69.0,828.0,62.8
6033,56.0,672.0,63.0
6034,71.0,852.0,65.2
6035,59.0,708.0,67.1
6036,70.0,840.0,61.4
6037,71.0,852.0,58.0
6038,65.0,780.0,56.9
6039,68.0,816.0,52.1
6040,70.0,840.0,66.2
6041,52.0,624.0,67.0
6042,50.0,600.0,66.3
6043,58.0,696.0,66.2
6044,52.0,624.0,67.0
6045,52.0,624.0,69.1
6046,53.0,636.0,68.8
6047,43.0,516.0,66.6
6048,43.0,516.0,68.5
6049,43.0,516.0,68.2
6050,52.0,624.0,66.9
6051,47.0,564.0,67.5
6052,43.0,516.0,66.6
6053,39.0,468.0,64.7
6054,10.0,120.0,70.7
6055,54.0,648.0,64.0
6056,48.0,576.0,62.0
6057,46.0,552.0,60.9
6058,40.0,480.0,60.2
6059,44.0,528.0,63.3
6060,42.0,504.0,65.2
6061,31.0,372.0,66.7
6062,25.0,300.0,68.0
6063,34.0,408.0,68.5
6064,33.0,396.0,65.2
6065,32.0,384.0,64.9
6066,33.0,396.0,65.1
6067,46.0,552.0,60.9
6068,34.0,408.0,64.8
6069,37.0,444.0,65.3
6070,35.0,420.0,60.7
6071,32.0,384.0,63.0
6072,44.0,528.0,66.3
6073,30.0,360.0,67.3
6074,36.0,432.0,66.7
6075,35.0,420.0,63.1
6076,42.0,504.0,65.0
6077,39.0,468.0,65.3
6078,41.0,492.0,62.1
6079,42.0,504.0,60.5
6080,46.0,552.0,60.2
6081,31.0,372.0,61.1
6082,35.0,420.0,60.3
6083,51.0,612.0,61.0
6084,43.0,516.0,60.2
6085,49.0,588.0,60.1
6086,36.0,432.0,53.1
6087,49.0,588.0,55.0
6088,53.0,636.0,52.8
6089,49.0,588.0,53.0
6090,53.0,636.0,57.5
6091,84.0,1008.0,66.0
6092,67.0,804.0,66.9
6093,64.0,768.0,68.5
6094,68.0,816.0,68.5
6095,48.0,576.0,70.9
6096,72.0,864.0,65.8
6097,79.0,948.0,63.8
6098,90.0,1080.0,66.2
6099,93.0,1116.0,66.7
6100,89.0,1068.0,67.9
6101,104.0,1248.0,70.8
6102,99.0,1188.0,66.1
6103,88.0,1056.0,69.6
6104,98.0,1176.0,67.1
6105,96.0,1152.0,64.5
6106,96.0,1152.0,65.5
6107,104.0,1248.0,65.7
6108,87.0,1044.0,63.3
6109,109.0,1308.0,65.1
6110,105.0,1260.0,59.2
6111,101.0,1212.0,61.6
6112,108.0,1296.0,65.8
6113,136.0,1632.0,62.2
6114,100.0,1200.0,64.9
6115,126.0,1512.0,65.3
6116,112.0,1344.0,64.4
6117,131.0,1572.0,65.7
6118,121.0,1452.0,65.0
6119,134.0,1608.0,71.6
6120,134.0,1608.0,66.4
6121,143.0,1716.0,60.3
6122,135.0,1620.0,63.3
6123,131.0,1572.0,64.3
6124,140.0,1680.0,65.5
6125,150.0,1800.0,56.5
6126,169.0,2028.0,58.8
6127,153.0,1836.0,59.0
6128,145.0,1740.0,63.3
6129,179.0,2148.0,60.8
6130,148.0,1776.0,62.5
6131,146.0,1752.0,62.0
6132,161.0,1932.0,60.5
6133,156.0,1872.0,58.8
6134,155.0,1860.0,62.2
6135,159.0,1908.0,65.0
6136,187.0,2244.0,60.5
6137,162.0,1944.0,57.8
6138,179.0,2148.0,55.8
6139,178.0,2136.0,56.7
6140,149.0,1788.0,54.0
6141,183.0,2196.0,55.8
6142,189.0,2268.0,51.6
6143,160.0,1920.0,56.0
6144,157.0,1884.0,51.7
6145,163.0,1956.0,53.7
6146,192.0,2304.0,52.1
6147,183.0,2196.0,52.1
6148,160.0,1920.0,53.8
6149,147.0,1764.0,51.6
6150,156.0,1872.0,48.0
6151,158.0,1896.0,44.7
6152,189.0,2268.0,43.5
6153,179.0,2148.0,48.9
6154,144.0,1728.0,55.0
6155,172.0,2064.0,53.1
6156,170.0,2040.0,48.8
6157,158.0,1896.0,44.2
6158,160.0,1920.0,43.8
6159,154.0,1848.0,47.6
6160,158.0,1896.0,50.5
6161,152.0,1824.0,51.9
6162,163.0,1956.0,54.0
6163,191.0,2292.0,54.0
6164,182.0,2184.0,48.5
6165,189.0,2268.0,46.6
6166,169.0,2028.0,47.1
6167,163.0,1956.0,50.8
6168,154.0,1848.0,49.8
6169,164.0,1968.0,54.2
6170,174.0,2088.0,53.6
6171,160.0,1920.0,49.7
6172,158.0,1896.0,47.6
6173,172.0,2064.0,50.9
6174,170.0,2040.0,50.7
6175,188.0,2256.0,49.9
6176,201.0,2412.0,51.2
6177,154.0,1848.0,51.7
6178,164.0,1968.0,54.6
6179,201.0,2412.0,52.3
6180,190.0,2280.0,43.6
6181,176.0,2112.0,46.4
6182,183.0,2196.0,47.4
6183,188.0,2256.0,49.1
6184,163.0,1956.0,48.0
6185,204.0,2448.0,49.0
6186,173.0,2076.0,53.5
6187,172.0,2064.0,51.6
6188,197.0,2364.0,50.7
6189,168.0,2016.0,46.9
6190,170.0,2040.0,49.3
6191,198.0,2376.0,52.1
6192,192.0,2304.0,52.7
6193,210.0,2520.0,52.8
6194,167.0,2004.0,50.6
6195,204.0,2448.0,50.3
6196,183.0,2196.0,51.4
6197,173.0,2076.0,52.5
6198,181.0,2172.0,51.7
6199,170.0,2040.0,47.5
6200,181.0,2172.0,50.4
6201,185.0,2220.0,48.4
6202,187.0,2244.0,48.2
6203,173.0,2076.0,47.5
6204,162.0,1944.0,50.3
6205,198.0,2376.0,51.8
6206,200.0,2400.0,53.0
6207,192.0,2304.0,53.4
6208,192.0,2304.0,54.2
6209,210.0,2520.0,56.7
6210,203.0,2436.0,55.7
6211,187.0,2244.0,54.8
6212,211.0,2532.0,54.2
6213,218.0,2616.0,56.5
6214,202.0,2424.0,58.7
6215,176.0,2112.0,55.3
6216,183.0,2196.0,51.1
6217,170.0,2040.0,37.3
6218,130.0,1560.0,23.2
6219,161.0,1932.0,17.5
6220,169.0,2028.0,21.3
6221,204.0,2448.0,34.7
6222,192.0,2304.0,42.5
6223,182.0,2184.0,48.6
6224,194.0,2328.0,52.6
6225,199.0,2388.0,54.2
6226,176.0,2112.0,54.2
6227,176.0,2112.0,53.2
6228,172.0,2064.0,52.7
6229,172.0,2064.0,49.8
6230,185.0,2220.0,50.9
6231,157.0,1884.0,52.1
6232,153.0,1836.0,54.1
6233,190.0,2280.0,57.7
6234,155.0,1860.0,58.9
6235,157.0,1884.0,57.7
6236,157.0,1884.0,59.4
6237,163.0,1956.0,59.0
6238,169.0,2028.0,60.4
6239,179.0,2148.0,61.1
6240,163.0,1956.0,59.5
6241,158.0,1896.0,61.2
6242,173.0,2076.0,57.3
6243,154.0,1848.0,57.9
6244,163.0,1956.0,58.5
6245,171.0,2052.0,58.3
6246,167.0,2004.0,60.0
6247,162.0,1944.0,59.7
6248,177.0,2124.0,58.3
6249,195.0,2340.0,58.6
6250,169.0,2028.0,56.9
6251,177.0,2124.0,55.4
6252,183.0,2196.0,56.7
6253,149.0,1788.0,53.3
6254,182.0,2184.0,51.8
6255,188.0,2256.0,53.4
6256,195.0,2340.0,56.2
6257,219.0,2628.0,55.8
6258,187.0,2244.0,53.7
6259,199.0,2388.0,54.1
6260,171.0,2052.0,48.5
6261,190.0,2280.0,49.1
6262,188.0,2256.0,51.7
6263,214.0,2568.0,50.4
6264,176.0,2112.0,50.3
6265,210.0,2520.0,48.5
6266,205.0,2460.0,49.4
6267,207.0,2484.0,49.7
6268,200.0,2400.0,45.8
6269,219.0,2628.0,47.6
6270,186.0,2232.0,50.0
6271,164.0,1968.0,51.1
6272,175.0,2100.0,50.9
6273,156.0,1872.0,53.9
6274,157.0,1884.0,55.2
6275,149.0,1788.0,56.5
6276,134.0,1608.0,53.6
6277,124.0,1488.0,53.1
6278,166.0,1992.0,50.8
6279,137.0,1644.0,56.9
6280,140.0,1680.0,55.2
6281,143.0,1716.0,57.1
6282,151.0,1812.0,53.6
6283,126.0,1512.0,49.8
6284,147.0,1764.0,54.5
6285,128.0,1536.0,52.0
6286,100.0,1200.0,55.7
6287,137.0,1644.0,55.0
6288,160.0,1920.0,58.8
6289,123.0,1476.0,58.3
6290,151.0,1812.0,56.4
6291,133.0,1596.0,54.5
6292,131.0,1572.0,52.3
6293,115.0,1380.0,53.8
6294,117.0,1404.0,54.7
6295,109.0,1308.0,58.2
6296,80.0,960.0,59.5
6297,108.0,1296.0,58.6
6298,111.0,1332.0,59.6
6299,89.0,1068.0,58.7
6300,124.0,1488.0,57.1
6301,107.0,1284.0,56.0
6302,115.0,1380.0,55.6
6303,76.0,912.0,57.7
6304,110.0,1320.0,55.9
6305,97.0,1164.0,63.8
6306,108.0,1296.0,64.4
6307,117.0,1404.0,61.0
6308,127.0,1524.0,58.7
6309,113.0,1356.0,56.6
6310,98.0,1176.0,57.7
6311,104.0,1248.0,58.7
6312,98.0,1176.0,58.6
6313,103.0,1236.0,51.0
6314,77.0,924.0,57.1
6315,100.0,1200.0,52.7
6316,97.0,1164.0,57.5
6317,77.0,924.0,53.6
6318,111.0,1332.0,57.5
6319,93.0,1116.0,61.1
6320,78.0,936.0,64.0
6321,84.0,1008.0,61.7
6322,87.0,1044.0,61.9
6323,92.0,1104.0,63.9
6324,71.0,852.0,63.4
6325,76.0,912.0,59.0
6326,68.0,816.0,61.6
6327,74.0,888.0,64.9
6328,83.0,996.0,54.1
6329,68.0,816.0,55.9
6330,58.0,696.0,55.2
6331,80.0,960.0,49.2
6332,67.0,804.0,53.9
6333,61.0,732.0,50.9
6334,58.0,696.0,50.8
6335,66.0,792.0,50.2
6336,55.0,660.0,69.1
6337,59.0,708.0,63.7
6338,64.0,768.0,55.0
6339,50.0,600.0,59.0
6340,49.0,588.0,62.9
6341,49.0,588.0,66.9
6342,53.0,636.0,68.0
6343,46.0,552.0,67.4
6344,57.0,684.0,63.5
6345,63.0,756.0,64.1
6346,51.0,612.0,64.8
6347,59.0,708.0,63.9
6348,66.0,792.0,60.6
6349,48.0,576.0,60.9
6350,40.0,480.0,64.4
6351,51.0,612.0,63.7
6352,28.0,336.0,65.3
6353,42.0,504.0,67.4
6354,35.0,420.0,68.2
6355,46.0,552.0,69.6
6356,38.0,456.0,65.9
6357,38.0,456.0,64.3
6358,44.0,528.0,65.5
6359,36.0,432.0,67.7
6360,37.0,444.0,66.5
6361,32.0,384.0,67.1
6362,30.0,360.0,68.2
6363,37.0,444.0,67.9
6364,40.0,480.0,69.8
6365,41.0,492.0,69.7
6366,31.0,372.0,71.7
6367,39.0,468.0,66.6
6368,28.0,336.0,67.9
6369,35.0,420.0,67.9
6370,41.0,492.0,68.1
6371,41.0,492.0,66.9
6372,33.0,396.0,65.5
6373,50.0,600.0,66.8
6374,41.0,492.0,69.2
6375,29.0,348.0,68.7
6376,44.0,528.0,68.3
6377,41.0,492.0,68.5
6378,48.0,576.0,68.6
6379,39.0,468.0,69.0
6380,42.0,504.0,71.1
6381,47.0,564.0,66.7
6382,53.0,636.0,67.2
6383,41.0,492.0,67.4
6384,38.0,456.0,66.9
6385,52.0,624.0,67.0
6386,47.0,564.0,63.8
6387,52.0,624.0,70.7
6388,43.0,516.0,70.1
6389,58.0,696.0,72.8
6390,66.0,792.0,73.3
6391,44.0,528.0,69.5
6392,51.0,612.0,66.0
6393,54.0,648.0,68.6
6394,60.0,720.0,69.2
6395,50.0,600.0,72.5
6396,49.0,588.0,69.9
6397,50.0,600.0,69.9
6398,50.0,600.0,70.5
6399,63.0,756.0,69.9
6400,60.0,720.0,66.2
6401,67.0,804.0,72.7
6402,71.0,852.0,71.2
6403,84.0,1008.0,73.7
6404,83.0,996.0,75.0
6405,74.0,888.0,70.9
6406,69.0,828.0,72.0
6407,74.0,888.0,69.6
6408,73.0,876.0,69.3
6409,85.0,1020.0,64.6
6410,74.0,888.0,69.8
6411,101.0,1212.0,72.2
6412,86.0,1032.0,72.3
6413,91.0,1092.0,69.8
6414,118.0,1416.0,72.9
6415,120.0,1440.0,75.0
6416,114.0,1368.0,69.9
6417,106.0,1272.0,69.4
6418,98.0,1176.0,70.9
6419,109.0,1308.0,67.0
6420,102.0,1224.0,60.1
6421,107.0,1284.0,60.8
6422,114.0,1368.0,64.0
6423,104.0,1248.0,67.0
6424,105.0,1260.0,65.1
6425,132.0,1584.0,63.2
6426,127.0,1524.0,54.6
6427,135.0,1620.0,56.9
6428,114.0,1368.0,54.7
6429,141.0,1692.0,55.6
6430,118.0,1416.0,58.7
6431,136.0,1632.0,58.5
6432,93.0,1116.0,53.3
6433,138.0,1656.0,55.1
6434,129.0,1548.0,53.0
6435,134.0,1608.0,53.8
6436,148.0,1776.0,55.9
6437,160.0,1920.0,56.5
6438,127.0,1524.0,60.0
6439,147.0,1764.0,63.6
6440,125.0,1500.0,59.2
6441,140.0,1680.0,57.7
6442,156.0,1872.0,56.0
6443,155.0,1860.0,52.7
6444,136.0,1632.0,53.8
6445,163.0,1956.0,54.7
6446,157.0,1884.0,55.6
6447,177.0,2124.0,55.5
6448,166.0,1992.0,53.0
6449,176.0,2112.0,48.0
6450,172.0,2064.0,52.8
6451,166.0,1992.0,53.2
6452,171.0,2052.0,54.7
6453,185.0,2220.0,53.7
6454,178.0,2136.0,50.8
6455,176.0,2112.0,52.7
6456,169.0,2028.0,54.3
6457,153.0,1836.0,46.6
6458,171.0,2052.0,47.5
6459,179.0,2148.0,52.3
6460,201.0,2412.0,55.0
6461,162.0,1944.0,54.4
6462,172.0,2064.0,50.0
6463,168.0,2016.0,47.9
6464,178.0,2136.0,48.7
6465,160.0,1920.0,52.3
6466,201.0,2412.0,50.2
6467,172.0,2064.0,50.4
6468,177.0,2124.0,48.5
6469,153.0,1836.0,44.6
6470,153.0,1836.0,43.0
6471,171.0,2052.0,48.7
6472,172.0,2064.0,50.6
6473,172.0,2064.0,52.0
6474,173.0,2076.0,53.2
6475,183.0,2196.0,53.4
6476,168.0,2016.0,55.4
6477,194.0,2328.0,50.4
6478,161.0,1932.0,49.2
6479,199.0,2388.0,48.1
6480,175.0,2100.0,47.7
6481,154.0,1848.0,50.8
6482,198.0,2376.0,53.3
6483,182.0,2184.0,57.7
6484,152.0,1824.0,56.5
6485,171.0,2052.0,56.0
6486,171.0,2052.0,53.1
6487,160.0,1920.0,52.6
6488,168.0,2016.0,50.1
6489,182.0,2184.0,48.9
6490,193.0,2316.0,48.8
6491,169.0,2028.0,47.8
6492,170.0,2040.0,48.2
6493,176.0,2112.0,51.2
6494,176.0,2112.0,51.9
6495,181.0,2172.0,52.0
6496,178.0,2136.0,54.5
6497,188.0,2256.0,53.2
6498,190.0,2280.0,52.4
6499,186.0,2232.0,55.6
6500,182.0,2184.0,55.1
6501,188.0,2256.0,56.6
6502,175.0,2100.0,54.4
6503,195.0,2340.0,55.0
6504,197.0,2364.0,57.3
6505,168.0,2016.0,54.8
6506,153.0,1836.0,46.2
6507,179.0,2148.0,47.9
6508,172.0,2064.0,48.4
6509,196.0,2352.0,48.3
6510,167.0,2004.0,47.6
6511,181.0,2172.0,49.0
6512,178.0,2136.0,51.0
6513,173.0,2076.0,52.3
6514,175.0,2100.0,54.3
6515,161.0,1932.0,54.8
6516,173.0,2076.0,53.3
6517,183.0,2196.0,56.3
6518,163.0,1956.0,54.2
6519,158.0,1896.0,54.6
6520,180.0,2160.0,53.7
6521,142.0,1704.0,54.7
6522,180.0,2160.0,52.7
6523,176.0,2112.0,53.5
6524,162.0,1944.0,55.8
6525,156.0,1872.0,54.8
6526,165.0,1980.0,53.4
6527,153.0,1836.0,52.4
6528,160.0,1920.0,53.0
6529,137.0,1644.0,52.4
6530,185.0,2220.0,48.1
6531,156.0,1872.0,53.5
6532,159.0,1908.0,55.4
6533,178.0,2136.0,55.8
6534,188.0,2256.0,54.6
6535,157.0,1884.0,55.2
6536,179.0,2148.0,55.7
6537,158.0,1896.0,52.1
6538,174.0,2088.0,54.7
6539,173.0,2076.0,55.3
6540,154.0,1848.0,53.3
6541,157.0,1884.0,56.4
6542,149.0,1788.0,55.9
6543,162.0,1944.0,53.8
6544,166.0,1992.0,55.2
6545,175.0,2100.0,55.4
6546,150.0,1800.0,49.4
6547,160.0,1920.0,45.9
6548,170.0,2040.0,53.0
6549,130.0,1560.0,54.5
6550,158.0,1896.0,55.9
6551,154.0,1848.0,54.6
6552,134.0,1608.0,55.5
6553,154.0,1848.0,54.6
6554,122.0,1464.0,50.8
6555,121.0,1452.0,52.5
6556,119.0,1428.0,56.6
6557,161.0,1932.0,57.0
6558,129.0,1548.0,58.8
6559,135.0,1620.0,56.3
6560,138.0,1656.0,56.0
6561,126.0,1512.0,55.7
6562,158.0,1896.0,57.6
6563,124.0,1488.0,53.3
6564,137.0,1644.0,54.9
6565,118.0,1416.0,51.3
6566,133.0,1596.0,55.3
6567,125.0,1500.0,56.4
6568,134.0,1608.0,56.5
6569,128.0,1536.0,51.2
6570,119.0,1428.0,55.0
6571,126.0,1512.0,52.8
6572,131.0,1572.0,54.8
6573,139.0,1668.0,54.6
6574,111.0,1332.0,57.1
6575,133.0,1596.0,55.2
6576,108.0,1296.0,57.1
6577,115.0,1380.0,55.4
6578,117.0,1404.0,54.8
6579,117.0,1404.0,58.7
6580,120.0,1440.0,58.5
6581,102.0,1224.0,59.5
6582,118.0,1416.0,57.8
6583,116.0,1392.0,51.8
6584,95.0,1140.0,56.1
6585,104.0,1248.0,59.0
6586,98.0,1176.0,63.7
6587,102.0,1224.0,64.4
6588,98.0,1176.0,65.3
6589,98.0,1176.0,69.2
6590,114.0,1368.0,66.2
6591,118.0,1416.0,66.6
6592,112.0,1344.0,70.3
6593,104.0,1248.0,66.1
6594,122.0,1464.0,65.5
6595,99.0,1188.0,65.3
6596,119.0,1428.0,64.2
6597,107.0,1284.0,65.3
6598,100.0,1200.0,65.5
6599,87.0,1044.0,64.1
6600,91.0,1092.0,61.9
6601,114.0,1368.0,61.6
6602,108.0,1296.0,64.7
6603,94.0,1128.0,63.7
6604,102.0,1224.0,62.3
6605,78.0,936.0,62.8
6606,98.0,1176.0,63.4
6607,91.0,1092.0,67.2
6608,86.0,1032.0,66.7
6609,97.0,1164.0,68.9
6610,88.0,1056.0,70.3
6611,58.0,696.0,72.1
6612,90.0,1080.0,67.2
6613,67.0,804.0,65.2
6614,91.0,1092.0,63.8
6615,91.0,1092.0,65.7
6616,83.0,996.0,64.1
6617,70.0,840.0,63.6
6618,71.0,852.0,67.6
6619,73.0,876.0,64.0
6620,72.0,864.0,63.8
6621,56.0,672.0,65.4
6622,68.0,816.0,62.9
6623,79.0,948.0,62.2
6624,61.0,732.0,68.9
6625,52.0,624.0,66.2
6626,64.0,768.0,67.5
6627,50.0,600.0,68.6
6628,63.0,756.0,69.1
6629,45.0,540.0,68.8
6630,59.0,708.0,68.9
6631,63.0,756.0,69.7
6632,56.0,672.0,66.0
6633,52.0,624.0,68.2
6634,45.0,540.0,68.6
6635,52.0,624.0,70.4
6636,53.0,636.0,71.4
6637,49.0,588.0,69.8
6638,55.0,660.0,70.3
6639,47.0,564.0,70.5
6640,42.0,504.0,69.9
6641,39.0,468.0,69.0
6642,36.0,432.0,69.4
6643,38.0,456.0,69.0
6644,35.0,420.0,66.9
6645,40.0,480.0,67.6
6646,49.0,588.0,69.6
6647,40.0,480.0,69.8
6648,56.0,672.0,67.4
6649,42.0,504.0,67.3
6650,33.0,396.0,69.2
6651,41.0,492.0,67.4
6652,42.0,504.0,69.2
6653,43.0,516.0,67.9
6654,34.0,408.0,69.0
6655,34.0,408.0,68.6
6656,37.0,444.0,68.8
6657,33.0,396.0,69.1
6658,41.0,492.0,69.3
6659,32.0,384.0,70.1
6660,33.0,396.0,69.3
6661,34.0,408.0,69.4
6662,35.0,420.0,69.1
6663,36.0,432.0,69.4
6664,27.0,324.0,69.1
6665,28.0,336.0,68.1
6666,40.0,480.0,68.8
6667,32.0,384.0,66.8
6668,42.0,504.0,62.6
6669,32.0,384.0,66.3
6670,31.0,372.0,68.0
6671,34.0,408.0,67.1
6672,21.0,252.0,67.8
6673,33.0,396.0,69.5
6674,38.0,456.0,69.4
6675,37.0,444.0,67.6
6676,28.0,336.0,67.7
6677,35.0,420.0,68.0
6678,29.0,348.0,67.5
6679,34.0,408.0,68.0
6680,38.0,456.0,68.1
6681,24.0,288.0,69.2
6682,48.0,576.0,64.8
6683,39.0,468.0,66.4
6684,38.0,456.0,67.3
6685,42.0,504.0,66.4
6686,39.0,468.0,66.1
6687,38.0,456.0,68.2
6688,33.0,396.0,68.7
6689,35.0,420.0,66.6
6690,39.0,468.0,67.6
6691,40.0,480.0,69.2
6692,56.0,672.0,67.3
6693,62.0,744.0,68.7
6694,39.0,468.0,68.3
6695,55.0,660.0,67.7
6696,56.0,672.0,68.7
6697,60.0,720.0,69.4
6698,66.0,792.0,67.2
6699,40.0,480.0,69.5
6700,56.0,672.0,71.6
6701,65.0,780.0,73.2
6702,54.0,648.0,73.3
6703,82.0,984.0,74.4
6704,76.0,912.0,70.0
6705,79.0,948.0,69.1
6706,87.0,1044.0,70.5
6707,69.0,828.0,71.2
6708,73.0,876.0,69.9
6709,59.0,708.0,69.2
6710,73.0,876.0,67.0
6711,69.0,828.0,67.3
6712,68.0,816.0,68.6
6713,83.0,996.0,64.9
6714,76.0,912.0,63.2
6715,80.0,960.0,62.5
6716,82.0,984.0,61.3
6717,95.0,1140.0,61.2
6718,92.0,1104.0,61.7
6719,102.0,1224.0,55.0
6720,87.0,1044.0,55.3
6721,91.0,1092.0,56.6
6722,91.0,1092.0,59.7
6723,104.0,1248.0,58.9
6724,119.0,1428.0,58.9
6725,106.0,1272.0,60.6
6726,121.0,1452.0,57.8
6727,108.0,1296.0,58.5
6728,112.0,1344.0,59.9
6729,102.0,1224.0,58.6
6730,138.0,1656.0,54.8
6731,127.0,1524.0,56.4
6732,101.0,1212.0,55.2
6733,116.0,1392.0,52.9
6734,142.0,1704.0,53.4
6735,143.0,1716.0,53.2
6736,125.0,1500.0,55.3
6737,136.0,1632.0,49.5
6738,145.0,1740.0,52.2
6739,140.0,1680.0,51.3
6740,159.0,1908.0,52.9
6741,158.0,1896.0,54.8
6742,165.0,1980.0,54.6
6743,158.0,1896.0,57.2
6744,147.0,1764.0,57.8
6745,147.0,1764.0,58.5
6746,154.0,1848.0,52.8
6747,154.0,1848.0,53.6
6748,179.0,2148.0,54.2
6749,174.0,2088.0,53.8
6750,149.0,1788.0,53.4
6751,171.0,2052.0,51.3
6752,185.0,2220.0,47.7
6753,151.0,1812.0,46.1
6754,174.0,2088.0,50.6
6755,197.0,2364.0,48.5
6756,172.0,2064.0,49.8
6757,188.0,2256.0,52.4
6758,156.0,1872.0,49.6
6759,179.0,2148.0,50.8
6760,182.0,2184.0,46.0
6761,221.0,2652.0,50.3
6762,172.0,2064.0,52.2
6763,195.0,2340.0,51.6
6764,160.0,1920.0,51.0
6765,191.0,2292.0,50.8
6766,188.0,2256.0,47.0
6767,182.0,2184.0,45.5
6768,171.0,2052.0,47.5
6769,174.0,2088.0,47.4
6770,141.0,1692.0,48.4
6771,175.0,2100.0,51.1
6772,172.0,2064.0,50.5
6773,184.0,2208.0,51.2
6774,176.0,2112.0,48.8
6775,185.0,2220.0,50.0
6776,183.0,2196.0,49.1
6777,187.0,2244.0,50.7
6778,206.0,2472.0,50.9
6779,183.0,2196.0,53.4
6780,174.0,2088.0,56.0
6781,189.0,2268.0,54.2
6782,194.0,2328.0,51.1
6783,204.0,2448.0,50.4
6784,190.0,2280.0,50.5
6785,189.0,2268.0,46.9
6786,186.0,2232.0,47.6
6787,175.0,2100.0,50.2
6788,181.0,2172.0,49.1
6789,185.0,2220.0,49.7
6790,179.0,2148.0,47.6
6791,163.0,1956.0,49.3
6792,185.0,2220.0,49.7
6793,166.0,1992.0,50.9
6794,168.0,2016.0,51.5
6795,158.0,1896.0,47.6
6796,206.0,2472.0,50.1
6797,180.0,2160.0,49.4
6798,203.0,2436.0,48.2
6799,179.0,2148.0,50.0
6800,166.0,1992.0,49.6
6801,192.0,2304.0,52.3
6802,195.0,2340.0,50.6
6803,199.0,2388.0,51.5
6804,180.0,2160.0,51.3
6805,193.0,2316.0,53.0
6806,201.0,2412.0,50.9
6807,177.0,2124.0,52.1
6808,174.0,2088.0,52.5
6809,192.0,2304.0,50.8
6810,171.0,2052.0,51.7
6811,173.0,2076.0,51.2
6812,176.0,2112.0,51.9
6813,154.0,1848.0,51.9
6814,160.0,1920.0,53.4
6815,154.0,1848.0,51.4
6816,167.0,2004.0,51.9
6817,173.0,2076.0,54.6
6818,191.0,2292.0,55.3
6819,181.0,2172.0,53.6
6820,186.0,2232.0,52.8
6821,155.0,1860.0,51.8
6822,178.0,2136.0,49.6
6823,200.0,2400.0,51.8
6824,195.0,2340.0,51.8
6825,172.0,2064.0,47.6
6826,186.0,2232.0,45.3
6827,159.0,1908.0,41.5
6828,178.0,2136.0,44.7
6829,153.0,1836.0,48.1
6830,201.0,2412.0,50.7
6831,180.0,2160.0,51.6
6832,182.0,2184.0,52.0
6833,187.0,2244.0,52.6
6834,174.0,2088.0,53.6
6835,152.0,1824.0,53.1
6836,170.0,2040.0,48.6
6837,160.0,1920.0,49.1
6838,170.0,2040.0,48.7
6839,159.0,1908.0,50.2
6840,145.0,1740.0,47.2
6841,200.0,2400.0,50.4
6842,162.0,1944.0,52.6
6843,168.0,2016.0,53.2
6844,171.0,2052.0,53.0
6845,146.0,1752.0,52.8
6846,162.0,1944.0,51.9
6847,151.0,1812.0,52.0
6848,149.0,1788.0,53.6
6849,173.0,2076.0,53.7
6850,174.0,2088.0,52.9
6851,154.0,1848.0,48.1
6852,162.0,1944.0,47.2
6853,136.0,1632.0,53.2
6854,151.0,1812.0,52.1
6855,146.0,1752.0,54.8
6856,153.0,1836.0,55.1
6857,153.0,1836.0,47.4
6858,133.0,1596.0,46.8
6859,161.0,1932.0,48.8
6860,139.0,1668.0,53.6
6861,123.0,1476.0,46.8
6862,136.0,1632.0,49.8
6863,131.0,1572.0,50.6
6864,124.0,1488.0,54.3
6865,143.0,1716.0,49.1
6866,133.0,1596.0,49.9
6867,133.0,1596.0,52.7
6868,130.0,1560.0,48.2
6869,139.0,1668.0,52.1
6870,128.0,1536.0,57.6
6871,129.0,1548.0,56.2
6872,136.0,1632.0,55.0
6873,128.0,1536.0,55.4
6874,123.0,1476.0,56.5
6875,118.0,1416.0,50.0
6876,124.0,1488.0,50.6
6877,129.0,1548.0,50.3
6878,110.0,1320.0,53.1
6879,126.0,1512.0,59.5
6880,120.0,1440.0,64.9
6881,122.0,1464.0,52.5
6882,112.0,1344.0,58.1
6883,110.0,1320.0,62.0
6884,108.0,1296.0,66.5
6885,104.0,1248.0,66.9
6886,107.0,1284.0,70.1
6887,110.0,1320.0,69.3
6888,98.0,1176.0,66.0
6889,98.0,1176.0,68.5
6890,98.0,1176.0,67.2
6891,101.0,1212.0,66.6
6892,83.0,996.0,63.8
6893,85.0,1020.0,61.3
6894,98.0,1176.0,60.6
6895,90.0,1080.0,60.0
6896,91.0,1092.0,64.0
6897,90.0,1080.0,66.9
6898,79.0,948.0,64.0
6899,81.0,972.0,64.8
6900,81.0,972.0,64.1
6901,65.0,780.0,58.3
6902,68.0,816.0,60.6
6903,77.0,924.0,66.7
6904,76.0,912.0,61.9
6905,68.0,816.0,63.9
6906,67.0,804.0,66.4
6907,63.0,756.0,65.0
6908,61.0,732.0,65.1
6909,61.0,732.0,64.3
6910,57.0,684.0,63.6
6911,80.0,960.0,68.9
6912,59.0,708.0,68.6
6913,41.0,492.0,64.9
6914,54.0,648.0,64.8
6915,47.0,564.0,65.9
6916,53.0,636.0,68.1
6917,47.0,564.0,65.6
6918,42.0,504.0,66.7
6919,30.0,360.0,69.1
6920,44.0,528.0,67.0
6921,35.0,420.0,69.5
6922,30.0,360.0,67.6
6923,41.0,492.0,61.1
6924,49.0,588.0,65.8
6925,50.0,600.0,65.4
6926,45.0,540.0,67.2
6927,33.0,396.0,68.5
6928,44.0,528.0,66.0
6929,34.0,408.0,67.8
6930,36.0,432.0,63.8
6931,40.0,480.0,63.9
6932,38.0,456.0,66.3
6933,36.0,432.0,64.6
6934,35.0,420.0,64.2
6935,34.0,408.0,64.9
6936,42.0,504.0,65.2
6937,35.0,420.0,64.0
6938,47.0,564.0,62.2
6939,51.0,612.0,52.8
6940,32.0,384.0,60.5
6941,35.0,420.0,63.8
6942,36.0,432.0,64.7
6943,56.0,672.0,61.8
6944,46.0,552.0,60.2
6945,40.0,480.0,62.5
6946,33.0,396.0,66.1
6947,36.0,432.0,66.9
6948,36.0,432.0,70.1
6949,51.0,612.0,65.2
6950,43.0,516.0,66.3
6951,61.0,732.0,61.5
6952,59.0,708.0,60.6
6953,72.0,864.0,64.1
6954,61.0,732.0,68.1
6955,72.0,864.0,66.1
6956,68.0,816.0,64.6
6957,79.0,948.0,64.0
6958,80.0,960.0,63.3
6959,94.0,1128.0,62.2
6960,95.0,1140.0,66.6
6961,93.0,1116.0,61.0
6962,90.0,1080.0,63.0
6963,83.0,996.0,63.4
6964,100.0,1200.0,66.6
6965,105.0,1260.0,68.4
6966,95.0,1140.0,67.2
6967,120.0,1440.0,65.4
6968,95.0,1140.0,61.9
6969,97.0,1164.0,63.8
6970,90.0,1080.0,65.1
6971,88.0,1056.0,63.6
6972,110.0,1320.0,63.6
6973,90.0,1080.0,60.5
6974,125.0,1500.0,56.4
6975,96.0,1152.0,59.8
6976,103.0,1236.0,56.1
6977,123.0,1476.0,50.8
6978,129.0,1548.0,57.9
6979,124.0,1488.0,61.9
6980,133.0,1596.0,59.3
6981,120.0,1440.0,56.0
6982,127.0,1524.0,58.5
6983,126.0,1512.0,64.1
6984,114.0,1368.0,68.2
6985,164.0,1968.0,68.0
6986,132.0,1584.0,66.6
6987,158.0,1896.0,66.4
6988,166.0,1992.0,67.1
6989,182.0,2184.0,63.1
6990,154.0,1848.0,67.4
6991,168.0,2016.0,67.7
6992,150.0,1800.0,67.9
6993,182.0,2184.0,67.1
6994,158.0,1896.0,68.5
6995,162.0,1944.0,66.7
6996,152.0,1824.0,64.3
6997,131.0,1572.0,66.1
6998,180.0,2160.0,66.4
6999,192.0,2304.0,66.4
7000,158.0,1896.0,67.0
7001,143.0,1716.0,61.0
7002,154.0,1848.0,59.3
7003,148.0,1776.0,61.9
7004,163.0,1956.0,61.5
7005,157.0,1884.0,58.9
7006,180.0,2160.0,57.1
7007,149.0,1788.0,59.6
7008,133.0,1596.0,58.7
7009,141.0,1692.0,50.5
7010,135.0,1620.0,50.7
7011,141.0,1692.0,50.1
7012,149.0,1788.0,52.1
7013,174.0,2088.0,54.9
7014,137.0,1644.0,55.3
7015,161.0,1932.0,51.6
7016,175.0,2100.0,50.0
7017,161.0,1932.0,52.8
7018,146.0,1752.0,54.2
7019,161.0,1932.0,55.3
7020,176.0,2112.0,53.5
7021,163.0,1956.0,52.9
7022,154.0,1848.0,46.2
7023,157.0,1884.0,43.6
7024,175.0,2100.0,47.5
7025,155.0,1860.0,51.8
7026,170.0,2040.0,52.0
7027,145.0,1740.0,52.2
7028,188.0,2256.0,52.3
7029,173.0,2076.0,51.7
7030,172.0,2064.0,52.6
7031,155.0,1860.0,50.3
7032,163.0,1956.0,47.4
7033,137.0,1644.0,43.9
7034,148.0,1776.0,44.4
7035,168.0,2016.0,47.9
7036,167.0,2004.0,50.5
7037,178.0,2136.0,50.4
7038,165.0,1980.0,49.5
7039,180.0,2160.0,50.2
7040,175.0,2100.0,47.6
7041,147.0,1764.0,44.7
7042,172.0,2064.0,42.6
7043,182.0,2184.0,46.9
7044,159.0,1908.0,48.3
7045,171.0,2052.0,49.8
7046,165.0,1980.0,44.2
7047,166.0,1992.0,46.1
7048,187.0,2244.0,47.9
7049,170.0,2040.0,47.0
7050,182.0,2184.0,50.2
7051,168.0,2016.0,52.3
7052,167.0,2004.0,46.4
7053,183.0,2196.0,45.1
7054,177.0,2124.0,47.5
7055,154.0,1848.0,44.6
7056,178.0,2136.0,46.7
7057,145.0,1740.0,42.8
7058,177.0,2124.0,45.0
7059,153.0,1836.0,48.2
7060,197.0,2364.0,49.5
7061,166.0,1992.0,51.3
7062,184.0,2208.0,51.5
7063,170.0,2040.0,51.3
7064,167.0,2004.0,52.9
7065,189.0,2268.0,46.4
7066,199.0,2388.0,48.0
7067,170.0,2040.0,49.2
7068,195.0,2340.0,49.7
7069,165.0,1980.0,47.0
7070,170.0,2040.0,43.2
7071,180.0,2160.0,46.5
7072,166.0,1992.0,45.3
7073,200.0,2400.0,45.8
7074,187.0,2244.0,47.8
7075,166.0,1992.0,48.2
7076,190.0,2280.0,45.3
7077,187.0,2244.0,48.2
7078,173.0,2076.0,49.2
7079,187.0,2244.0,48.8
7080,193.0,2316.0,49.3
7081,168.0,2016.0,50.7
7082,164.0,1968.0,51.3
7083,163.0,1956.0,50.2
7084,174.0,2088.0,50.1
7085,182.0,2184.0,50.1
7086,173.0,2076.0,50.4
7087,170.0,2040.0,53.4
7088,182.0,2184.0,52.4
7089,187.0,2244.0,49.3
7090,193.0,2316.0,50.9
7091,150.0,1800.0,50.2
7092,189.0,2268.0,48.7
7093,187.0,2244.0,48.9
7094,185.0,2220.0,52.7
7095,214.0,2568.0,52.5
7096,184.0,2208.0,52.4
7097,188.0,2256.0,52.8
7098,165.0,1980.0,52.7
7099,202.0,2424.0,53.2
7100,177.0,2124.0,52.3
7101,213.0,2556.0,50.5
7102,185.0,2220.0,49.8
7103,152.0,1824.0,51.6
7104,185.0,2220.0,50.7
7105,165.0,1980.0,50.9
7106,160.0,1920.0,52.5
7107,201.0,2412.0,48.8
7108,162.0,1944.0,50.2
7109,153.0,1836.0,49.1
7110,173.0,2076.0,49.8
7111,197.0,2364.0,52.0
7112,183.0,2196.0,54.6
7113,187.0,2244.0,53.5
7114,161.0,1932.0,53.8
7115,195.0,2340.0,54.7
7116,150.0,1800.0,52.6
7117,171.0,2052.0,51.3
7118,190.0,2280.0,47.4
7119,163.0,1956.0,46.4
7120,183.0,2196.0,49.7
7121,142.0,1704.0,52.3
7122,187.0,2244.0,53.6
7123,192.0,2304.0,53.6
7124,164.0,1968.0,50.4
7125,164.0,1968.0,48.8
7126,147.0,1764.0,48.8
7127,179.0,2148.0,50.8
7128,153.0,1836.0,50.9
7129,151.0,1812.0,52.8
7130,167.0,2004.0,52.0
7131,167.0,2004.0,52.9
7132,133.0,1596.0,48.6
7133,143.0,1716.0,50.3
7134,135.0,1620.0,47.1
7135,151.0,1812.0,50.6
7136,135.0,1620.0,51.6
7137,125.0,1500.0,52.8
7138,148.0,1776.0,51.1
7139,145.0,1740.0,45.0
7140,148.0,1776.0,48.0
7141,123.0,1476.0,52.4
7142,139.0,1668.0,53.8
7143,134.0,1608.0,52.8
7144,105.0,1260.0,56.7
7145,108.0,1296.0,53.7
7146,111.0,1332.0,51.5
7147,116.0,1392.0,50.4
7148,130.0,1560.0,49.7
7149,125.0,1500.0,49.3
7150,97.0,1164.0,51.0
7151,116.0,1392.0,51.3
7152,124.0,1488.0,52.0
7153,119.0,1428.0,51.0
7154,100.0,1200.0,49.7
7155,99.0,1188.0,49.9
7156,93.0,1116.0,44.9
7157,103.0,1236.0,43.8
7158,101.0,1212.0,51.2
7159,107.0,1284.0,51.5
7160,98.0,1176.0,51.7
7161,89.0,1068.0,51.8
7162,106.0,1272.0,54.1
7163,113.0,1356.0,51.6
7164,89.0,1068.0,55.2
7165,100.0,1200.0,51.7
7166,104.0,1248.0,56.0
7167,101.0,1212.0,63.3
7168,85.0,1020.0,52.3
7169,82.0,984.0,60.2
7170,95.0,1140.0,62.2
7171,98.0,1176.0,66.7
7172,106.0,1272.0,58.0
7173,97.0,1164.0,58.2
7174,81.0,972.0,65.5
7175,87.0,1044.0,65.8
7176,81.0,972.0,60.0
7177,66.0,792.0,56.1
7178,78.0,936.0,54.2
7179,60.0,720.0,54.3
7180,59.0,708.0,56.3
7181,52.0,624.0,57.3
7182,67.0,804.0,54.1
7183,61.0,732.0,54.6
7184,52.0,624.0,49.4
7185,65.0,780.0,57.0
7186,59.0,708.0,60.4
7187,74.0,888.0,53.9
7188,54.0,648.0,56.6
7189,69.0,828.0,63.5
7190,60.0,720.0,67.4
7191,50.0,600.0,61.7
7192,90.0,1080.0,72.8
7193,52.0,624.0,58.3
7194,49.0,588.0,66.9
7195,35.0,420.0,69.1
7196,41.0,492.0,64.7
7197,40.0,480.0,64.9
7198,42.0,504.0,66.1
7199,44.0,528.0,61.9
7200,42.0,504.0,68.6
7201,33.0,396.0,64.4
7202,37.0,444.0,64.2
7203,43.0,516.0,65.8
7204,37.0,444.0,63.0
7205,25.0,300.0,65.2
7206,38.0,456.0,62.5
7207,42.0,504.0,61.0
7208,45.0,540.0,62.3
7209,41.0,492.0,62.9
7210,32.0,384.0,66.3
7211,25.0,300.0,65.4
7212,42.0,504.0,64.7
7213,31.0,372.0,67.4
7214,24.0,288.0,65.0
7215,32.0,384.0,67.3
7216,28.0,336.0,67.8
7217,33.0,396.0,69.5
7218,29.0,348.0,69.2
7219,24.0,288.0,67.9
7220,24.0,288.0,65.7
7221,35.0,420.0,63.7
7222,29.0,348.0,65.3
7223,32.0,384.0,67.4
7224,23.0,276.0,67.9
7225,42.0,504.0,68.3
7226,35.0,420.0,61.9
7227,35.0,420.0,63.1
7228,30.0,360.0,63.7
7229,36.0,432.0,65.8
7230,32.0,384.0,66.8
7231,29.0,348.0,68.1
7232,50.0,600.0,63.4
7233,45.0,540.0,62.7
7234,33.0,396.0,61.8
7235,37.0,444.0,65.4
7236,53.0,636.0,69.0
7237,52.0,624.0,67.8
7238,52.0,624.0,65.4
7239,44.0,528.0,67.8
7240,46.0,552.0,60.6
7241,66.0,792.0,60.5
7242,51.0,612.0,66.1
7243,87.0,1044.0,68.7
7244,61.0,732.0,71.2
7245,78.0,936.0,71.4
7246,60.0,720.0,70.9
7247,86.0,1032.0,67.6
7248,78.0,936.0,74.4
7249,61.0,732.0,71.6
7250,102.0,1224.0,66.2
7251,95.0,1140.0,66.4
7252,104.0,1248.0,67.7
7253,95.0,1140.0,68.3
7254,122.0,1464.0,68.9
7255,77.0,924.0,72.4
7256,112.0,1344.0,68.5
7257,96.0,1152.0,68.4
7258,99.0,1188.0,68.9
7259,75.0,900.0,68.6
7260,106.0,1272.0,65.1
7261,101.0,1212.0,65.5
7262,117.0,1404.0,61.9
7263,135.0,1620.0,65.4
7264,106.0,1272.0,65.8
7265,123.0,1476.0,69.0
7266,135.0,1620.0,71.7
7267,112.0,1344.0,70.8
7268,131.0,1572.0,74.6
7269,132.0,1584.0,76.2
7270,111.0,1332.0,74.2
7271,125.0,1500.0,75.3
7272,131.0,1572.0,74.9
7273,140.0,1680.0,70.2
7274,158.0,1896.0,71.2
7275,147.0,1764.0,69.8
7276,157.0,1884.0,65.6
7277,156.0,1872.0,62.5
7278,186.0,2232.0,66.0
7279,166.0,1992.0,67.5
7280,163.0,1956.0,70.3
7281,153.0,1836.0,73.3
7282,162.0,1944.0,72.1
7283,162.0,1944.0,72.9
7284,170.0,2040.0,72.8
7285,155.0,1860.0,67.8
7286,175.0,2100.0,68.7
7287,165.0,1980.0,63.0
7288,165.0,1980.0,65.6
7289,175.0,2100.0,58.6
7290,156.0,1872.0,60.8
7291,167.0,2004.0,62.7
7292,167.0,2004.0,58.9
7293,186.0,2232.0,56.5
7294,169.0,2028.0,57.6
7295,130.0,1560.0,52.7
7296,105.0,1260.0,44.6
7297,138.0,1656.0,52.5
7298,145.0,1740.0,57.1
7299,147.0,1764.0,58.4
7300,174.0,2088.0,58.9
7301,166.0,1992.0,57.7
7302,166.0,1992.0,59.0
7303,171.0,2052.0,56.6
7304,163.0,1956.0,57.4
7305,162.0,1944.0,56.9
7306,165.0,1980.0,58.8
7307,162.0,1944.0,58.4
7308,161.0,1932.0,56.2
7309,152.0,1824.0,52.6
7310,155.0,1860.0,55.5
7311,161.0,1932.0,52.8
7312,156.0,1872.0,49.1
7313,162.0,1944.0,50.4
7314,176.0,2112.0,53.1
7315,162.0,1944.0,52.6
7316,168.0,2016.0,55.4
7317,147.0,1764.0,54.3
7318,174.0,2088.0,52.8
7319,140.0,1680.0,50.9
7320,161.0,1932.0,53.6
7321,159.0,1908.0,55.2
7322,172.0,2064.0,53.4
7323,175.0,2100.0,51.4
7324,149.0,1788.0,52.7
7325,166.0,1992.0,50.1
7326,151.0,1812.0,53.6
7327,159.0,1908.0,55.1
7328,152.0,1824.0,56.8
7329,158.0,1896.0,53.1
7330,156.0,1872.0,49.2
7331,156.0,1872.0,51.0
7332,151.0,1812.0,54.2
7333,168.0,2016.0,51.7
7334,148.0,1776.0,49.7
7335,167.0,2004.0,50.4
7336,181.0,2172.0,49.3
7337,144.0,1728.0,48.8
7338,136.0,1632.0,50.6
7339,184.0,2208.0,52.0
7340,168.0,2016.0,53.5
7341,164.0,1968.0,54.3
7342,170.0,2040.0,54.4
7343,182.0,2184.0,55.0
7344,147.0,1764.0,55.6
7345,154.0,1848.0,56.8
7346,192.0,2304.0,53.0
7347,163.0,1956.0,52.6
7348,168.0,2016.0,49.5
7349,146.0,1752.0,50.6
7350,172.0,2064.0,49.8
7351,178.0,2136.0,45.9
7352,173.0,2076.0,46.8
7353,153.0,1836.0,44.1
7354,163.0,1956.0,45.3
7355,158.0,1896.0,45.9
7356,157.0,1884.0,46.6
7357,172.0,2064.0,50.0
7358,173.0,2076.0,49.7
7359,166.0,1992.0,52.1
7360,184.0,2208.0,53.5
7361,158.0,1896.0,56.5
7362,165.0,1980.0,52.1
7363,170.0,2040.0,48.5
7364,155.0,1860.0,51.5
7365,158.0,1896.0,46.1
7366,172.0,2064.0,49.1
7367,139.0,1668.0,49.4
7368,176.0,2112.0,50.6
7369,172.0,2064.0,52.4
7370,149.0,1788.0,57.1
7371,172.0,2064.0,55.8
7372,201.0,2412.0,55.9
7373,171.0,2052.0,50.5
7374,157.0,1884.0,53.6
7375,173.0,2076.0,54.1
7376,193.0,2316.0,54.8
7377,172.0,2064.0,54.9
7378,181.0,2172.0,55.2
7379,194.0,2328.0,53.7
7380,190.0,2280.0,56.8
7381,182.0,2184.0,55.5
7382,207.0,2484.0,55.9
7383,178.0,2136.0,52.2
7384,185.0,2220.0,53.0
7385,190.0,2280.0,52.2
7386,198.0,2376.0,54.9
7387,182.0,2184.0,50.7
7388,176.0,2112.0,50.2
7389,194.0,2328.0,46.2
7390,191.0,2292.0,43.7
7391,147.0,1764.0,46.8
7392,194.0,2328.0,51.2
7393,174.0,2088.0,51.0
7394,191.0,2292.0,53.3
7395,202.0,2424.0,54.5
7396,208.0,2496.0,56.0
7397,155.0,1860.0,56.6
7398,179.0,2148.0,58.2
7399,169.0,2028.0,55.9
7400,189.0,2268.0,53.8
7401,171.0,2052.0,47.8
7402,188.0,2256.0,47.8
7403,151.0,1812.0,47.7
7404,177.0,2124.0,51.6
7405,171.0,2052.0,55.0
7406,204.0,2448.0,57.3
7407,155.0,1860.0,58.9
7408,152.0,1824.0,59.9
7409,186.0,2232.0,55.9
7410,197.0,2364.0,52.5
7411,184.0,2208.0,50.9
7412,153.0,1836.0,47.8
7413,191.0,2292.0,52.9
7414,167.0,2004.0,48.1
7415,167.0,2004.0,50.4
7416,169.0,2028.0,54.7
7417,169.0,2028.0,54.6
7418,174.0,2088.0,49.3
7419,158.0,1896.0,52.5
7420,135.0,1620.0,54.5
7421,174.0,2088.0,55.5
7422,161.0,1932.0,53.7
7423,149.0,1788.0,53.9
7424,162.0,1944.0,52.6
7425,142.0,1704.0,53.2
7426,142.0,1704.0,54.0
7427,135.0,1620.0,54.5
7428,105.0,1260.0,57.4
7429,150.0,1800.0,52.7
7430,107.0,1284.0,54.5
7431,123.0,1476.0,58.7
7432,119.0,1428.0,56.2
7433,110.0,1320.0,46.7
7434,129.0,1548.0,49.8
7435,104.0,1248.0,53.1
7436,122.0,1464.0,48.8
7437,107.0,1284.0,55.6
7438,103.0,1236.0,58.0
7439,115.0,1380.0,59.7
7440,126.0,1512.0,62.9
7441,121.0,1452.0,58.9
7442,111.0,1332.0,57.2
7443,116.0,1392.0,54.7
7444,94.0,1128.0,59.2
7445,100.0,1200.0,58.1
7446,97.0,1164.0,60.3
7447,101.0,1212.0,62.2
7448,101.0,1212.0,60.8
7449,97.0,1164.0,63.4
7450,93.0,1116.0,62.9
7451,95.0,1140.0,61.2
7452,83.0,996.0,59.2
7453,88.0,1056.0,63.9
7454,96.0,1152.0,58.4
7455,87.0,1044.0,57.4
7456,81.0,972.0,56.8
7457,104.0,1248.0,56.6
7458,91.0,1092.0,58.1
7459,96.0,1152.0,56.3
7460,95.0,1140.0,59.8
7461,74.0,888.0,58.5
7462,87.0,1044.0,59.6
7463,72.0,864.0,59.9
7464,81.0,972.0,60.1
7465,70.0,840.0,61.6
7466,68.0,816.0,63.3
7467,84.0,1008.0,67.8
7468,67.0,804.0,61.6
7469,80.0,960.0,64.2
7470,49.0,588.0,64.3
7471,60.0,720.0,65.8
7472,65.0,780.0,63.8
7473,76.0,912.0,67.2
7474,52.0,624.0,65.9
7475,58.0,696.0,60.2
7476,66.0,792.0,54.6
7477,54.0,648.0,56.2
7478,55.0,660.0,61.0
7479,68.0,816.0,64.0
7480,51.0,612.0,62.9
7481,48.0,576.0,61.7
7482,52.0,624.0,62.2
7483,63.0,756.0,60.2
7484,63.0,756.0,62.8
7485,36.0,432.0,66.5
7486,49.0,588.0,65.6
7487,34.0,408.0,66.9
7488,32.0,384.0,68.5
7489,50.0,600.0,62.4
7490,35.0,420.0,57.2
7491,39.0,468.0,60.0
7492,29.0,348.0,64.2
7493,35.0,420.0,66.6
7494,41.0,492.0,67.8
7495,26.0,312.0,53.4
7496,34.0,408.0,62.5
7497,41.0,492.0,57.1
7498,28.0,336.0,60.6
7499,36.0,432.0,64.4
7500,34.0,408.0,64.6
7501,38.0,456.0,64.7
7502,27.0,324.0,66.3
7503,30.0,360.0,66.6
7504,26.0,312.0,64.8
7505,28.0,336.0,66.0
7506,40.0,480.0,66.7
7507,30.0,360.0,64.6
7508,29.0,348.0,67.6
7509,36.0,432.0,65.9
7510,22.0,264.0,64.7
7511,39.0,468.0,65.2
7512,34.0,408.0,65.4
7513,35.0,420.0,63.5
7514,17.0,204.0,65.5
7515,42.0,504.0,63.9
7516,43.0,516.0,68.2
7517,44.0,528.0,68.0
7518,43.0,516.0,68.5
7519,39.0,468.0,63.8
7520,45.0,540.0,66.8
7521,40.0,480.0,69.3
7522,35.0,420.0,69.5
7523,40.0,480.0,67.0
7524,49.0,588.0,66.8
7525,50.0,600.0,70.5
7526,32.0,384.0,69.2
7527,43.0,516.0,70.6
7528,50.0,600.0,70.9
7529,64.0,768.0,75.4
7530,55.0,660.0,70.7
7531,80.0,960.0,58.5
7532,75.0,900.0,66.3
7533,80.0,960.0,63.1
7534,71.0,852.0,59.0
7535,62.0,744.0,66.1
7536,78.0,936.0,66.7
7537,74.0,888.0,64.8
7538,87.0,1044.0,68.2
7539,91.0,1092.0,72.1
7540,113.0,1356.0,69.5
7541,111.0,1332.0,69.5
7542,101.0,1212.0,70.9
7543,90.0,1080.0,68.3
7544,104.0,1248.0,68.3
7545,82.0,984.0,71.7
7546,100.0,1200.0,75.4
7547,102.0,1224.0,73.9
7548,86.0,1032.0,72.0
7549,108.0,1296.0,75.8
7550,80.0,960.0,72.1
7551,134.0,1608.0,67.1
7552,126.0,1512.0,65.0
7553,110.0,1320.0,68.0
7554,134.0,1608.0,73.6
7555,127.0,1524.0,66.1
7556,108.0,1296.0,68.2
7557,129.0,1548.0,67.7
7558,129.0,1548.0,71.6
7559,134.0,1608.0,70.6
7560,125.0,1500.0,70.7
7561,143.0,1716.0,70.4
7562,147.0,1764.0,68.8
7563,159.0,1908.0,70.9
7564,170.0,2040.0,74.1
7565,133.0,1596.0,71.5
7566,189.0,2268.0,69.1
7567,151.0,1812.0,70.0
7568,172.0,2064.0,70.0
7569,150.0,1800.0,70.3
7570,142.0,1704.0,74.5
7571,181.0,2172.0,71.6
7572,181.0,2172.0,72.6
7573,166.0,1992.0,73.1
7574,160.0,1920.0,67.7
7575,168.0,2016.0,66.0
7576,160.0,1920.0,67.5
7577,186.0,2232.0,62.0
7578,174.0,2088.0,57.0
7579,141.0,1692.0,57.1
7580,165.0,1980.0,60.4
7581,153.0,1836.0,59.3
7582,168.0,2016.0,59.1
7583,158.0,1896.0,58.7
7584,145.0,1740.0,60.6
7585,166.0,1992.0,58.5
7586,129.0,1548.0,60.6
7587,155.0,1860.0,57.9
7588,177.0,2124.0,57.6
7589,192.0,2304.0,57.9
7590,157.0,1884.0,59.0
7591,137.0,1644.0,57.1
7592,181.0,2172.0,56.0
7593,160.0,1920.0,53.6
7594,164.0,1968.0,49.8
7595,174.0,2088.0,52.0
7596,145.0,1740.0,55.3
7597,159.0,1908.0,52.1
7598,128.0,1536.0,52.2
7599,154.0,1848.0,51.7
7600,162.0,1944.0,57.1
7601,169.0,2028.0,49.6
7602,178.0,2136.0,48.5
7603,186.0,2232.0,51.1
7604,188.0,2256.0,50.9
7605,170.0,2040.0,51.0
7606,203.0,2436.0,49.6
7607,190.0,2280.0,51.8
7608,162.0,1944.0,46.4
7609,184.0,2208.0,49.4
7610,151.0,1812.0,51.0
7611,154.0,1848.0,49.9
7612,149.0,1788.0,48.8
7613,154.0,1848.0,49.3
7614,147.0,1764.0,51.5
7615,183.0,2196.0,49.1
7616,135.0,1620.0,48.2
7617,180.0,2160.0,49.6
7618,158.0,1896.0,49.8
7619,148.0,1776.0,53.2
7620,143.0,1716.0,55.5
7621,152.0,1824.0,56.0
7622,161.0,1932.0,55.0
7623,156.0,1872.0,52.0
7624,172.0,2064.0,47.3
7625,179.0,2148.0,44.9
7626,168.0,2016.0,48.9
7627,195.0,2340.0,50.0
7628,161.0,1932.0,50.8
7629,184.0,2208.0,50.3
7630,201.0,2412.0,48.0
7631,182.0,2184.0,50.2
7632,184.0,2208.0,49.2
7633,174.0,2088.0,46.3
7634,200.0,2400.0,49.8
7635,151.0,1812.0,46.6
7636,202.0,2424.0,46.0
7637,162.0,1944.0,45.0
7638,189.0,2268.0,46.3
7639,168.0,2016.0,49.3
7640,162.0,1944.0,48.0
7641,187.0,2244.0,48.7
7642,195.0,2340.0,50.3
7643,148.0,1776.0,52.5
7644,166.0,1992.0,52.9
7645,179.0,2148.0,51.7
7646,167.0,2004.0,52.0
7647,155.0,1860.0,48.7
7648,183.0,2196.0,45.6
7649,169.0,2028.0,46.1
7650,209.0,2508.0,48.9
7651,175.0,2100.0,50.8
7652,195.0,2340.0,52.6
7653,168.0,2016.0,52.7
7654,175.0,2100.0,55.8
7655,203.0,2436.0,50.1
7656,193.0,2316.0,47.3
7657,167.0,2004.0,48.7
7658,144.0,1728.0,48.1
7659,186.0,2232.0,50.8
7660,158.0,1896.0,51.8
7661,180.0,2160.0,52.9
7662,169.0,2028.0,50.4
7663,195.0,2340.0,49.2
7664,169.0,2028.0,52.0
7665,160.0,1920.0,51.3
7666,200.0,2400.0,50.2
7667,185.0,2220.0,53.2
7668,182.0,2184.0,55.7
7669,170.0,2040.0,55.6
7670,165.0,1980.0,55.6
7671,172.0,2064.0,54.8
7672,189.0,2268.0,54.3
7673,180.0,2160.0,56.6
7674,203.0,2436.0,55.8
7675,172.0,2064.0,56.1
7676,203.0,2436.0,55.3
7677,166.0,1992.0,57.2
7678,192.0,2304.0,55.4
7679,185.0,2220.0,53.6
7680,179.0,2148.0,56.0
7681,164.0,1968.0,53.7
7682,182.0,2184.0,54.7
7683,201.0,2412.0,53.7
7684,183.0,2196.0,52.5
7685,187.0,2244.0,54.2
7686,159.0,1908.0,51.7
7687,194.0,2328.0,48.6
7688,178.0,2136.0,48.3
7689,193.0,2316.0,45.4
7690,177.0,2124.0,49.1
7691,177.0,2124.0,48.8
7692,168.0,2016.0,48.6
7693,183.0,2196.0,52.7
7694,178.0,2136.0,52.8
7695,183.0,2196.0,53.5
7696,189.0,2268.0,54.4
7697,169.0,2028.0,48.7
7698,170.0,2040.0,53.9
7699,198.0,2376.0,54.9
7700,192.0,2304.0,53.7
7701,169.0,2028.0,55.8
7702,186.0,2232.0,58.3
7703,159.0,1908.0,51.5
7704,155.0,1860.0,46.7
7705,160.0,1920.0,45.3
7706,144.0,1728.0,52.6
7707,206.0,2472.0,51.7
7708,140.0,1680.0,53.2
7709,141.0,1692.0,52.1
7710,129.0,1548.0,52.2
7711,144.0,1728.0,50.3
7712,139.0,1668.0,50.8
7713,123.0,1476.0,54.9
7714,124.0,1488.0,54.1
7715,119.0,1428.0,55.5
7716,114.0,1368.0,55.7
7717,116.0,1392.0,52.4
7718,117.0,1404.0,52.7
7719,108.0,1296.0,52.0
7720,83.0,996.0,53.2
7721,103.0,1236.0,53.8
7722,115.0,1380.0,53.0
7723,106.0,1272.0,53.6
7724,99.0,1188.0,45.6
7725,138.0,1656.0,51.0
7726,113.0,1356.0,57.6
7727,111.0,1332.0,57.7
7728,99.0,1188.0,56.8
7729,103.0,1236.0,55.0
7730,105.0,1260.0,54.5
7731,103.0,1236.0,58.0
7732,94.0,1128.0,55.9
7733,117.0,1404.0,56.4
7734,123.0,1476.0,55.7
7735,94.0,1128.0,48.9
7736,104.0,1248.0,52.1
7737,93.0,1116.0,53.9
7738,97.0,1164.0,57.2
7739,104.0,1248.0,60.7
7740,107.0,1284.0,63.8
7741,126.0,1512.0,65.8
7742,83.0,996.0,70.6
7743,90.0,1080.0,73.1
7744,94.0,1128.0,71.7
7745,86.0,1032.0,72.3
7746,87.0,1044.0,74.8
7747,95.0,1140.0,74.2
7748,83.0,996.0,72.5
7749,95.0,1140.0,70.3
7750,81.0,972.0,68.7
7751,60.0,720.0,62.7
7752,68.0,816.0,63.5
7753,82.0,984.0,59.6
7754,86.0,1032.0,60.5
7755,64.0,768.0,64.4
7756,79.0,948.0,63.8
7757,74.0,888.0,61.6
7758,70.0,840.0,54.9
7759,66.0,792.0,61.1
7760,72.0,864.0,59.3
7761,78.0,936.0,64.5
7762,55.0,660.0,65.6
7763,55.0,660.0,65.6
7764,47.0,564.0,62.4
7765,47.0,564.0,63.7
7766,68.0,816.0,61.3
7767,46.0,552.0,62.5
7768,52.0,624.0,60.2
7769,50.0,600.0,63.2
7770,53.0,636.0,63.0
7771,47.0,564.0,63.7
7772,60.0,720.0,65.6
7773,51.0,612.0,67.4
7774,46.0,552.0,64.3
7775,58.0,696.0,68.5
7776,40.0,480.0,68.3
7777,53.0,636.0,61.6
7778,52.0,624.0,65.8
7779,34.0,408.0,67.7
7780,37.0,444.0,60.2
7781,34.0,408.0,66.8
7782,33.0,396.0,67.5
7783,35.0,420.0,67.2
7784,42.0,504.0,62.5
7785,41.0,492.0,61.5
7786,40.0,480.0,63.0
7787,36.0,432.0,65.1
7788,36.0,432.0,61.0
7789,45.0,540.0,63.3
7790,38.0,456.0,64.2
7791,34.0,408.0,67.5
7792,43.0,516.0,67.3
7793,45.0,540.0,61.1
7794,38.0,456.0,64.4
7795,30.0,360.0,66.2
7796,26.0,312.0,65.9
7797,30.0,360.0,67.9
7798,39.0,468.0,68.7
7799,28.0,336.0,68.4
7800,33.0,396.0,67.2
7801,36.0,432.0,68.8
7802,33.0,396.0,69.8
7803,40.0,480.0,66.0
7804,33.0,396.0,62.8
7805,39.0,468.0,62.7
7806,41.0,492.0,67.1
7807,32.0,384.0,66.3
7808,42.0,504.0,69.6
7809,46.0,552.0,70.6
7810,46.0,552.0,72.6
7811,38.0,456.0,67.2
7812,37.0,444.0,67.0
7813,46.0,552.0,67.7
7814,57.0,684.0,63.1
7815,40.0,480.0,67.2
7816,45.0,540.0,61.9
7817,66.0,792.0,68.2
7818,53.0,636.0,64.7
7819,67.0,804.0,66.1
7820,65.0,780.0,73.8
7821,68.0,816.0,77.3
7822,78.0,936.0,78.6
7823,87.0,1044.0,70.4
7824,80.0,960.0,69.0
7825,100.0,1200.0,62.0
7826,90.0,1080.0,65.5
7827,94.0,1128.0,67.1
7828,113.0,1356.0,70.8
7829,98.0,1176.0,68.3
7830,124.0,1488.0,70.5
7831,104.0,1248.0,71.2
7832,98.0,1176.0,71.7
7833,105.0,1260.0,74.2
7834,98.0,1176.0,73.2
7835,105.0,1260.0,72.3
7836,78.0,936.0,71.4
7837,112.0,1344.0,68.2
7838,113.0,1356.0,71.7
7839,107.0,1284.0,66.8
7840,113.0,1356.0,68.3
7841,114.0,1368.0,63.7
7842,125.0,1500.0,62.2
7843,117.0,1404.0,69.9
7844,139.0,1668.0,71.4
7845,115.0,1380.0,67.7
7846,129.0,1548.0,72.1
7847,123.0,1476.0,64.6
7848,119.0,1428.0,63.8
7849,152.0,1824.0,66.7
7850,150.0,1800.0,67.8
7851,155.0,1860.0,69.2
7852,159.0,1908.0,72.9
7853,162.0,1944.0,66.5
7854,180.0,2160.0,69.0
7855,157.0,1884.0,70.7
7856,150.0,1800.0,73.5
7857,152.0,1824.0,73.8
7858,163.0,1956.0,75.4
7859,168.0,2016.0,76.7
7860,161.0,1932.0,73.9
7861,158.0,1896.0,73.5
7862,182.0,2184.0,69.1
7863,167.0,2004.0,67.3
7864,179.0,2148.0,68.5
7865,159.0,1908.0,68.0
7866,186.0,2232.0,56.5
7867,156.0,1872.0,48.2
7868,201.0,2412.0,52.7
7869,176.0,2112.0,55.5
7870,147.0,1764.0,57.7
7871,172.0,2064.0,61.1
7872,174.0,2088.0,60.6
7873,148.0,1776.0,56.5
7874,178.0,2136.0,58.6
7875,153.0,1836.0,58.1
7876,156.0,1872.0,56.0
7877,175.0,2100.0,57.5
7878,184.0,2208.0,57.1
7879,140.0,1680.0,51.6
7880,178.0,2136.0,56.5
7881,176.0,2112.0,54.9
7882,162.0,1944.0,47.4
7883,168.0,2016.0,43.8
7884,153.0,1836.0,45.8
7885,173.0,2076.0,50.7
7886,190.0,2280.0,51.4
7887,156.0,1872.0,53.3
7888,180.0,2160.0,55.2
7889,196.0,2352.0,54.3
7890,146.0,1752.0,55.9
7891,171.0,2052.0,49.4
7892,157.0,1884.0,45.9
7893,160.0,1920.0,44.9
7894,172.0,2064.0,47.3
7895,152.0,1824.0,51.4
7896,153.0,1836.0,48.0
7897,156.0,1872.0,50.6
7898,150.0,1800.0,54.3
7899,159.0,1908.0,47.0
7900,139.0,1668.0,47.4
7901,147.0,1764.0,49.1
7902,164.0,1968.0,52.4
7903,184.0,2208.0,54.8
7904,172.0,2064.0,49.4
7905,148.0,1776.0,52.3
7906,169.0,2028.0,51.2
7907,194.0,2328.0,50.2
7908,184.0,2208.0,53.9
7909,121.0,1452.0,48.3
7910,190.0,2280.0,44.8
7911,186.0,2232.0,48.8
7912,155.0,1860.0,50.0
7913,189.0,2268.0,47.9
7914,162.0,1944.0,51.8
7915,181.0,2172.0,55.5
7916,180.0,2160.0,52.1
7917,163.0,1956.0,53.2
7918,189.0,2268.0,52.7
7919,171.0,2052.0,48.7
7920,161.0,1932.0,46.6
7921,184.0,2208.0,50.3
7922,153.0,1836.0,51.4
7923,183.0,2196.0,51.9
7924,166.0,1992.0,52.5
7925,200.0,2400.0,53.0
7926,165.0,1980.0,51.9
7927,147.0,1764.0,50.7
7928,190.0,2280.0,49.7
7929,177.0,2124.0,48.1
7930,165.0,1980.0,50.3
7931,130.0,1560.0,47.5
7932,181.0,2172.0,49.7
7933,162.0,1944.0,49.2
7934,175.0,2100.0,49.5
7935,168.0,2016.0,49.6
7936,160.0,1920.0,51.4
7937,199.0,2388.0,51.5
7938,174.0,2088.0,48.9
7939,174.0,2088.0,48.9
7940,195.0,2340.0,50.8
7941,182.0,2184.0,51.0
7942,190.0,2280.0,47.8
7943,164.0,1968.0,46.4
7944,152.0,1824.0,45.4
7945,201.0,2412.0,44.1
7946,181.0,2172.0,47.2
7947,175.0,2100.0,44.4
7948,158.0,1896.0,46.8
7949,178.0,2136.0,45.8
7950,171.0,2052.0,47.5
7951,197.0,2364.0,49.1
7952,190.0,2280.0,49.6
7953,181.0,2172.0,52.6
7954,171.0,2052.0,52.7
7955,198.0,2376.0,53.3
7956,181.0,2172.0,52.8
7957,184.0,2208.0,51.0
7958,171.0,2052.0,53.6
7959,200.0,2400.0,53.3
7960,209.0,2508.0,55.9
7961,193.0,2316.0,51.9
7962,198.0,2376.0,51.2
7963,175.0,2100.0,51.2
7964,208.0,2496.0,48.6
7965,230.0,2760.0,49.3
7966,186.0,2232.0,48.6
7967,165.0,1980.0,46.3
7968,183.0,2196.0,44.9
7969,181.0,2172.0,46.2
7970,175.0,2100.0,49.2
7971,190.0,2280.0,50.6
7972,160.0,1920.0,47.8
7973,199.0,2388.0,51.1
7974,148.0,1776.0,53.7
7975,195.0,2340.0,54.3
7976,190.0,2280.0,56.6
7977,179.0,2148.0,58.8
7978,163.0,1956.0,56.8
7979,186.0,2232.0,54.3
7980,200.0,2400.0,49.9
7981,186.0,2232.0,48.4
7982,187.0,2244.0,47.1
7983,180.0,2160.0,47.6
7984,171.0,2052.0,50.1
7985,195.0,2340.0,50.9
7986,186.0,2232.0,53.2
7987,189.0,2268.0,54.0
7988,173.0,2076.0,52.7
7989,167.0,2004.0,54.6
7990,171.0,2052.0,52.3
7991,193.0,2316.0,51.3
7992,168.0,2016.0,47.1
7993,159.0,1908.0,52.7
7994,199.0,2388.0,54.2
7995,179.0,2148.0,53.7
7996,157.0,1884.0,53.7
7997,153.0,1836.0,51.4
7998,167.0,2004.0,50.5
7999,134.0,1608.0,50.5
8000,179.0,2148.0,52.2
8001,161.0,1932.0,51.9
8002,148.0,1776.0,53.8
8003,149.0,1788.0,53.9
8004,120.0,1440.0,51.9
8005,111.0,1332.0,53.1
8006,125.0,1500.0,49.6
8007,126.0,1512.0,47.7
8008,109.0,1308.0,50.6
8009,151.0,1812.0,49.6
8010,135.0,1620.0,51.2
8011,114.0,1368.0,50.0
8012,111.0,1332.0,52.3
8013,131.0,1572.0,53.3
8014,120.0,1440.0,50.7
8015,109.0,1308.0,50.3
8016,109.0,1308.0,45.7
8017,123.0,1476.0,48.2
8018,127.0,1524.0,50.7
8019,113.0,1356.0,54.4
8020,109.0,1308.0,57.5
8021,120.0,1440.0,54.4
8022,96.0,1152.0,55.1
8023,106.0,1272.0,57.8
8024,115.0,1380.0,53.5
8025,95.0,1140.0,51.1
8026,108.0,1296.0,52.5
8027,91.0,1092.0,62.1
8028,111.0,1332.0,57.2
8029,102.0,1224.0,62.0
8030,108.0,1296.0,62.8
8031,111.0,1332.0,61.0
8032,90.0,1080.0,65.4
8033,98.0,1176.0,64.6
8034,101.0,1212.0,63.7
8035,113.0,1356.0,67.5
8036,96.0,1152.0,70.2
8037,92.0,1104.0,70.6
8038,103.0,1236.0,64.6
8039,98.0,1176.0,65.1
8040,88.0,1056.0,66.4
8041,71.0,852.0,65.8
8042,82.0,984.0,69.5
8043,62.0,744.0,68.9
8044,96.0,1152.0,69.2
8045,77.0,924.0,65.2
8046,69.0,828.0,64.6
8047,70.0,840.0,67.6
8048,69.0,828.0,66.1
8049,75.0,900.0,64.9
8050,71.0,852.0,74.3
8051,73.0,876.0,72.6
8052,79.0,948.0,74.8
8053,51.0,612.0,72.8
8054,59.0,708.0,72.0
8055,66.0,792.0,72.4
8056,62.0,744.0,64.1
8057,69.0,828.0,69.8
8058,56.0,672.0,71.6
8059,65.0,780.0,70.5
8060,70.0,840.0,74.5
8061,50.0,600.0,73.7
8062,47.0,564.0,71.2
8063,52.0,624.0,74.0
8064,57.0,684.0,68.1
8065,54.0,648.0,65.2
8066,42.0,504.0,68.4
8067,36.0,432.0,67.3
8068,45.0,540.0,68.6
8069,40.0,480.0,68.4
8070,49.0,588.0,69.9
8071,49.0,588.0,67.4
8072,54.0,648.0,65.6
8073,30.0,360.0,65.5
8074,42.0,504.0,61.5
8075,26.0,312.0,63.8
8076,42.0,504.0,66.6
8077,47.0,564.0,66.8
8078,49.0,588.0,66.8
8079,49.0,588.0,65.2
8080,36.0,432.0,66.5
8081,32.0,384.0,67.8
8082,37.0,444.0,68.7
8083,40.0,480.0,65.3
8084,34.0,408.0,64.6
8085,33.0,396.0,66.1
8086,33.0,396.0,63.8
8087,30.0,360.0,65.8
8088,39.0,468.0,65.1
8089,42.0,504.0,66.3
8090,51.0,612.0,64.4
8091,42.0,504.0,66.6
8092,25.0,300.0,67.3
8093,42.0,504.0,63.9
8094,44.0,528.0,63.4
8095,37.0,444.0,66.7
8096,56.0,672.0,62.0
8097,32.0,384.0,64.0
8098,40.0,480.0,63.6
8099,39.0,468.0,64.5
8100,20.0,240.0,65.4
8101,52.0,624.0,63.3
8102,43.0,516.0,58.2
8103,50.0,600.0,52.5
8104,47.0,564.0,56.5
8105,47.0,564.0,64.3
8106,60.0,720.0,71.7
8107,66.0,792.0,68.4
8108,71.0,852.0,72.2
8109,74.0,888.0,67.4
8110,75.0,900.0,71.3
8111,71.0,852.0,75.2
8112,87.0,1044.0,70.7
8113,75.0,900.0,72.5
8114,82.0,984.0,74.7
8115,89.0,1068.0,74.9
8116,87.0,1044.0,68.5
8117,95.0,1140.0,69.0
8118,101.0,1212.0,70.4
8119,83.0,996.0,68.9
8120,101.0,1212.0,69.7
8121,93.0,1116.0,69.2
8122,101.0,1212.0,69.4
8123,96.0,1152.0,68.5
8124,89.0,1068.0,62.8
8125,107.0,1284.0,62.4
8126,92.0,1104.0,63.3
8127,133.0,1596.0,64.0
8128,108.0,1296.0,67.6
8129,91.0,1092.0,66.1
8130,119.0,1428.0,68.9
8131,106.0,1272.0,69.8
8132,126.0,1512.0,66.8
8133,100.0,1200.0,66.7
8134,122.0,1464.0,72.7
8135,132.0,1584.0,67.3
8136,148.0,1776.0,68.5
8137,129.0,1548.0,72.2
8138,145.0,1740.0,70.8
8139,175.0,2100.0,67.9
8140,129.0,1548.0,67.1
8141,175.0,2100.0,68.2
8142,154.0,1848.0,69.9
8143,165.0,1980.0,69.6
8144,169.0,2028.0,70.6
8145,134.0,1608.0,71.8
8146,159.0,1908.0,68.8
8147,165.0,1980.0,68.7
8148,152.0,1824.0,68.7
8149,145.0,1740.0,68.8
8150,153.0,1836.0,67.9
8151,171.0,2052.0,62.2
8152,154.0,1848.0,60.5
8153,158.0,1896.0,59.7
8154,175.0,2100.0,57.5
8155,159.0,1908.0,59.2
8156,172.0,2064.0,58.7
8157,146.0,1752.0,58.9
8158,155.0,1860.0,53.2
8159,150.0,1800.0,51.5
8160,128.0,1536.0,53.7
8161,158.0,1896.0,54.9
8162,139.0,1668.0,55.8
8163,189.0,2268.0,56.4
8164,169.0,2028.0,51.3
8165,142.0,1704.0,49.5
8166,159.0,1908.0,50.9
8167,160.0,1920.0,51.3
8168,192.0,2304.0,46.7
8169,186.0,2232.0,51.9
8170,180.0,2160.0,52.1
8171,162.0,1944.0,52.6
8172,181.0,2172.0,53.9
8173,156.0,1872.0,51.9
8174,171.0,2052.0,49.5
8175,197.0,2364.0,48.8
8176,151.0,1812.0,50.0
8177,161.0,1932.0,53.1
8178,179.0,2148.0,54.1
8179,179.0,2148.0,51.2
8180,167.0,2004.0,49.2
8181,184.0,2208.0,45.1
8182,147.0,1764.0,45.8
8183,208.0,2496.0,46.1
8184,166.0,1992.0,49.0
8185,194.0,2328.0,51.3
8186,177.0,2124.0,51.5
8187,159.0,1908.0,49.6
8188,151.0,1812.0,43.1
8189,168.0,2016.0,47.2
8190,154.0,1848.0,44.8
8191,181.0,2172.0,49.4
8192,177.0,2124.0,51.7
8193,179.0,2148.0,52.5
8194,175.0,2100.0,52.7
8195,185.0,2220.0,52.8
8196,169.0,2028.0,49.6
8197,185.0,2220.0,46.4
8198,196.0,2352.0,48.4
8199,199.0,2388.0,51.1
8200,182.0,2184.0,50.6
8201,193.0,2316.0,50.6
8202,178.0,2136.0,50.0
8203,197.0,2364.0,51.4
8204,194.0,2328.0,46.3
8205,177.0,2124.0,46.6
8206,175.0,2100.0,50.3
8207,165.0,1980.0,49.3
8208,182.0,2184.0,46.1
8209,184.0,2208.0,50.7
8210,189.0,2268.0,52.0
8211,198.0,2376.0,53.2
8212,187.0,2244.0,53.3
8213,187.0,2244.0,50.4
8214,215.0,2580.0,48.6
8215,186.0,2232.0,49.7
8216,186.0,2232.0,51.1
8217,191.0,2292.0,48.7
8218,172.0,2064.0,50.7
8219,204.0,2448.0,50.4
8220,183.0,2196.0,47.4
8221,180.0,2160.0,49.7
8222,207.0,2484.0,52.3
8223,204.0,2448.0,52.1
8224,203.0,2436.0,50.7
8225,201.0,2412.0,49.6
8226,197.0,2364.0,49.8
8227,168.0,2016.0,54.5
8228,201.0,2412.0,50.6
8229,190.0,2280.0,50.3
8230,176.0,2112.0,48.0
8231,196.0,2352.0,49.9
8232,170.0,2040.0,45.7
8233,199.0,2388.0,45.0
8234,204.0,2448.0,45.7
8235,178.0,2136.0,47.9
8236,193.0,2316.0,46.0
8237,187.0,2244.0,51.8
8238,193.0,2316.0,53.8
8239,190.0,2280.0,53.3
8240,197.0,2364.0,52.2
8241,189.0,2268.0,50.5
8242,189.0,2268.0,50.4
8243,183.0,2196.0,55.3
8244,171.0,2052.0,55.3
8245,198.0,2376.0,54.5
8246,178.0,2136.0,53.5
8247,184.0,2208.0,54.9
8248,196.0,2352.0,52.6
8249,207.0,2484.0,51.7
8250,203.0,2436.0,53.6
8251,165.0,1980.0,52.6
8252,199.0,2388.0,55.4
8253,218.0,2616.0,53.8
8254,210.0,2520.0,55.4
8255,203.0,2436.0,55.4
8256,180.0,2160.0,51.7
8257,185.0,2220.0,51.1
8258,190.0,2280.0,52.8
8259,196.0,2352.0,52.9
8260,183.0,2196.0,50.1
8261,172.0,2064.0,52.2
8262,188.0,2256.0,51.2
8263,180.0,2160.0,49.6
8264,185.0,2220.0,50.5
8265,204.0,2448.0,52.1
8266,188.0,2256.0,53.5
8267,200.0,2400.0,53.2
8268,211.0,2532.0,55.1
8269,159.0,1908.0,55.9
8270,171.0,2052.0,56.3
8271,173.0,2076.0,54.5
8272,171.0,2052.0,53.9
8273,201.0,2412.0,53.9
8274,174.0,2088.0,55.8
8275,184.0,2208.0,56.9
8276,187.0,2244.0,54.5
8277,178.0,2136.0,56.5
8278,178.0,2136.0,58.3
8279,151.0,1812.0,52.2
8280,172.0,2064.0,48.0
8281,157.0,1884.0,43.9
8282,187.0,2244.0,50.3
8283,196.0,2352.0,53.3
8284,166.0,1992.0,56.6
8285,184.0,2208.0,55.0
8286,180.0,2160.0,52.9
8287,139.0,1668.0,57.9
8288,175.0,2100.0,56.9
8289,180.0,2160.0,56.1
8290,150.0,1800.0,55.9
8291,171.0,2052.0,55.0
8292,141.0,1692.0,51.9
8293,141.0,1692.0,52.2
8294,139.0,1668.0,52.0
8295,123.0,1476.0,54.4
8296,155.0,1860.0,57.0
8297,131.0,1572.0,62.3
8298,139.0,1668.0,57.9
8299,139.0,1668.0,57.6
8300,132.0,1584.0,58.6
8301,157.0,1884.0,56.9
8302,122.0,1464.0,60.8
8303,145.0,1740.0,61.5
8304,118.0,1416.0,62.6
8305,133.0,1596.0,63.5
8306,104.0,1248.0,57.6
8307,106.0,1272.0,50.8
8308,120.0,1440.0,57.6
8309,111.0,1332.0,60.4
8310,100.0,1200.0,65.4
8311,106.0,1272.0,64.3
8312,116.0,1392.0,60.6
8313,126.0,1512.0,58.7
8314,101.0,1212.0,57.5
8315,103.0,1236.0,55.5
8316,103.0,1236.0,58.2
8317,124.0,1488.0,61.8
8318,106.0,1272.0,67.1
8319,99.0,1188.0,71.4
8320,102.0,1224.0,71.4
8321,94.0,1128.0,73.7
8322,102.0,1224.0,70.8
8323,123.0,1476.0,74.2
8324,98.0,1176.0,73.6
8325,110.0,1320.0,71.8
8326,116.0,1392.0,69.9
8327,99.0,1188.0,66.5
8328,95.0,1140.0,67.1
8329,75.0,900.0,66.4
8330,93.0,1116.0,60.7
8331,81.0,972.0,64.8
8332,100.0,1200.0,68.3
8333,92.0,1104.0,69.2
8334,81.0,972.0,67.8
8335,71.0,852.0,63.8
8336,91.0,1092.0,66.8
8337,95.0,1140.0,63.7
8338,72.0,864.0,67.2
8339,61.0,732.0,67.7
8340,83.0,996.0,70.8
8341,80.0,960.0,70.8
8342,83.0,996.0,69.0
8343,66.0,792.0,70.5
8344,69.0,828.0,70.8
8345,78.0,936.0,67.4
8346,82.0,984.0,68.4
8347,75.0,900.0,69.2
8348,73.0,876.0,61.6
8349,67.0,804.0,68.1
8350,72.0,864.0,66.9
8351,65.0,780.0,67.0
8352,70.0,840.0,68.2
8353,56.0,672.0,67.2
8354,48.0,576.0,66.4
8355,48.0,576.0,66.6
8356,68.0,816.0,66.4
8357,59.0,708.0,67.7
8358,42.0,504.0,68.4
8359,53.0,636.0,66.7
8360,43.0,516.0,66.0
8361,47.0,564.0,65.7
8362,48.0,576.0,54.3
8363,48.0,576.0,61.6
8364,56.0,672.0,66.8
8365,40.0,480.0,68.1
8366,42.0,504.0,69.7
8367,33.0,396.0,67.8
8368,40.0,480.0,66.8
8369,43.0,516.0,66.5
8370,50.0,600.0,64.8
8371,45.0,540.0,67.6
8372,28.0,336.0,67.9
8373,33.0,396.0,68.3
8374,28.0,336.0,68.5
8375,37.0,444.0,67.1
8376,36.0,432.0,58.0
8377,43.0,516.0,59.7
8378,32.0,384.0,61.5
8379,41.0,492.0,65.6
8380,40.0,480.0,65.1
8381,61.0,732.0,66.4
8382,40.0,480.0,61.0
8383,37.0,444.0,53.9
8384,43.0,516.0,59.0
8385,35.0,420.0,62.1
8386,40.0,480.0,64.0
8387,24.0,288.0,64.7
8388,53.0,636.0,59.5
8389,35.0,420.0,61.7
8390,38.0,456.0,61.1
8391,37.0,444.0,63.9
8392,44.0,528.0,57.0
8393,37.0,444.0,61.8
8394,36.0,432.0,61.0
8395,53.0,636.0,59.0
8396,39.0,468.0,60.7
8397,45.0,540.0,65.0
8398,45.0,540.0,66.8
8399,47.0,564.0,64.8
8400,51.0,612.0,67.3
8401,49.0,588.0,66.3
8402,40.0,480.0,67.3
8403,38.0,456.0,66.8
8404,48.0,576.0,67.5
8405,71.0,852.0,66.7
8406,57.0,684.0,67.1
8407,45.0,540.0,67.2
8408,56.0,672.0,62.9
8409,51.0,612.0,65.3
8410,63.0,756.0,65.4
8411,51.0,612.0,62.7
8412,53.0,636.0,63.3
8413,52.0,624.0,64.5
8414,63.0,756.0,63.0
8415,68.0,816.0,67.7
8416,55.0,660.0,65.6
8417,67.0,804.0,68.3
8418,61.0,732.0,73.2
8419,79.0,948.0,71.4
8420,80.0,960.0,71.9
8421,84.0,1008.0,72.2
8422,68.0,816.0,68.3
8423,63.0,756.0,67.9
8424,64.0,768.0,67.9
8425,80.0,960.0,67.4
8426,71.0,852.0,67.8
8427,76.0,912.0,66.2
8428,77.0,924.0,69.1
8429,108.0,1296.0,65.8
8430,96.0,1152.0,65.9
8431,106.0,1272.0,68.8
8432,110.0,1320.0,67.5
8433,113.0,1356.0,68.2
8434,117.0,1404.0,70.6
8435,102.0,1224.0,72.7
8436,111.0,1332.0,71.4
8437,73.0,876.0,68.2
8438,116.0,1392.0,72.1
8439,100.0,1200.0,73.6
8440,125.0,1500.0,70.9
8441,122.0,1464.0,67.5
8442,153.0,1836.0,67.4
8443,107.0,1284.0,68.4
8444,106.0,1272.0,67.9
8445,125.0,1500.0,65.1
8446,121.0,1452.0,66.0
8447,101.0,1212.0,65.7
8448,138.0,1656.0,60.1
8449,133.0,1596.0,59.0
8450,144.0,1728.0,54.7
8451,146.0,1752.0,56.4
8452,165.0,1980.0,58.8
8453,114.0,1368.0,59.1
8454,140.0,1680.0,55.7
8455,127.0,1524.0,56.4
8456,172.0,2064.0,56.4
8457,161.0,1932.0,59.2
8458,144.0,1728.0,57.6
8459,182.0,2184.0,61.8
8460,124.0,1488.0,54.7
8461,153.0,1836.0,48.9
8462,174.0,2088.0,50.0
8463,149.0,1788.0,50.6
8464,164.0,1968.0,51.3
8465,166.0,1992.0,51.7
8466,177.0,2124.0,52.5
8467,194.0,2328.0,54.5
8468,154.0,1848.0,57.7
8469,170.0,2040.0,55.5
8470,174.0,2088.0,57.0
8471,184.0,2208.0,56.2
8472,175.0,2100.0,54.2
8473,160.0,1920.0,49.8
8474,178.0,2136.0,50.4
8475,184.0,2208.0,52.5
8476,158.0,1896.0,53.7
8477,185.0,2220.0,55.0
8478,169.0,2028.0,56.5
8479,180.0,2160.0,50.6
8480,180.0,2160.0,50.4
8481,177.0,2124.0,48.8
8482,187.0,2244.0,52.8
8483,172.0,2064.0,52.5
8484,172.0,2064.0,53.2
8485,208.0,2496.0,53.6
8486,190.0,2280.0,49.2
8487,206.0,2472.0,51.1
8488,183.0,2196.0,46.7
8489,181.0,2172.0,46.2
8490,158.0,1896.0,48.9
8491,175.0,2100.0,51.1
8492,143.0,1716.0,49.2
8493,207.0,2484.0,50.7
8494,191.0,2292.0,52.9
8495,181.0,2172.0,53.8
8496,154.0,1848.0,52.3
8497,190.0,2280.0,54.6
8498,208.0,2496.0,52.4
8499,184.0,2208.0,49.1
8500,207.0,2484.0,49.2
8501,190.0,2280.0,49.9
8502,181.0,2172.0,49.6
8503,187.0,2244.0,47.7
8504,151.0,1812.0,48.4
8505,148.0,1776.0,47.3
8506,174.0,2088.0,45.5
8507,175.0,2100.0,44.9
8508,169.0,2028.0,46.0
8509,172.0,2064.0,49.1
8510,181.0,2172.0,49.2
8511,171.0,2052.0,51.3
8512,168.0,2016.0,50.5
8513,207.0,2484.0,53.1
8514,152.0,1824.0,54.2
8515,166.0,1992.0,51.6
8516,170.0,2040.0,49.8
8517,179.0,2148.0,49.8
8518,179.0,2148.0,45.4
8519,164.0,1968.0,48.7
8520,174.0,2088.0,50.2
8521,194.0,2328.0,51.8
8522,161.0,1932.0,50.6
8523,153.0,1836.0,53.0
8524,169.0,2028.0,50.2
8525,159.0,1908.0,54.5
8526,178.0,2136.0,48.6
8527,170.0,2040.0,52.4
8528,179.0,2148.0,55.2
8529,136.0,1632.0,56.0
8530,170.0,2040.0,57.2
8531,173.0,2076.0,59.5
8532,174.0,2088.0,57.8
8533,166.0,1992.0,55.8
8534,186.0,2232.0,56.6
8535,166.0,1992.0,51.2
8536,156.0,1872.0,54.6
8537,167.0,2004.0,57.4
8538,174.0,2088.0,56.7
8539,143.0,1716.0,58.2
8540,159.0,1908.0,59.2
8541,176.0,2112.0,57.7
8542,156.0,1872.0,57.7
8543,178.0,2136.0,58.7
8544,164.0,1968.0,57.9
8545,151.0,1812.0,54.1
8546,162.0,1944.0,55.2
8547,178.0,2136.0,55.2
8548,157.0,1884.0,57.7
8549,156.0,1872.0,59.5
8550,179.0,2148.0,58.5
8551,164.0,1968.0,59.6
8552,174.0,2088.0,57.1
8553,148.0,1776.0,50.5
8554,168.0,2016.0,48.7
8555,152.0,1824.0,50.2
8556,174.0,2088.0,53.4
8557,160.0,1920.0,56.3
8558,156.0,1872.0,55.0
8559,175.0,2100.0,56.6
8560,147.0,1764.0,50.8
8561,152.0,1824.0,45.8
8562,144.0,1728.0,45.7
8563,195.0,2340.0,50.3
8564,162.0,1944.0,46.6
8565,132.0,1584.0,51.7
8566,182.0,2184.0,54.0
8567,142.0,1704.0,55.5
8568,144.0,1728.0,53.6
8569,140.0,1680.0,53.5
8570,151.0,1812.0,51.9
8571,152.0,1824.0,51.4
8572,135.0,1620.0,53.0
8573,142.0,1704.0,57.1
8574,162.0,1944.0,57.4
8575,150.0,1800.0,56.8
8576,161.0,1932.0,58.2
8577,129.0,1548.0,58.2
8578,147.0,1764.0,50.6
8579,134.0,1608.0,49.9
8580,135.0,1620.0,57.1
8581,122.0,1464.0,61.8
8582,107.0,1284.0,60.2
8583,132.0,1584.0,61.8
8584,132.0,1584.0,58.0
8585,127.0,1524.0,57.2
8586,137.0,1644.0,58.2
8587,125.0,1500.0,60.1
8588,127.0,1524.0,60.6
8589,139.0,1668.0,62.8
8590,128.0,1536.0,62.5
8591,106.0,1272.0,62.5
8592,116.0,1392.0,58.3
8593,113.0,1356.0,56.9
8594,129.0,1548.0,55.6
8595,122.0,1464.0,59.4
8596,103.0,1236.0,64.6
8597,101.0,1212.0,61.9
8598,114.0,1368.0,62.3
8599,108.0,1296.0,54.8
8600,111.0,1332.0,59.9
8601,113.0,1356.0,61.5
8602,112.0,1344.0,57.9
8603,94.0,1128.0,57.0
8604,120.0,1440.0,62.2
8605,105.0,1260.0,67.2
8606,100.0,1200.0,68.7
8607,97.0,1164.0,69.1
8608,106.0,1272.0,64.8
8609,97.0,1164.0,68.8
8610,133.0,1596.0,68.8
8611,125.0,1500.0,69.8
8612,123.0,1476.0,67.7
8613,103.0,1236.0,69.6
8614,99.0,1188.0,70.1
8615,107.0,1284.0,72.0
8616,100.0,1200.0,68.2
8617,103.0,1236.0,68.0
8618,95.0,1140.0,65.5
8619,93.0,1116.0,69.0
8620,90.0,1080.0,70.4
8621,80.0,960.0,71.4
8622,86.0,1032.0,70.4
8623,90.0,1080.0,69.8
8624,103.0,1236.0,70.5
8625,95.0,1140.0,69.2
8626,95.0,1140.0,64.5
8627,79.0,948.0,66.6
8628,82.0,984.0,66.6
8629,80.0,960.0,67.2
8630,79.0,948.0,61.3
8631,85.0,1020.0,65.4
8632,72.0,864.0,68.5
8633,75.0,900.0,68.0
8634,81.0,972.0,67.0
8635,74.0,888.0,62.6
8636,64.0,768.0,64.5
8637,66.0,792.0,64.9
8638,70.0,840.0,63.4
8639,74.0,888.0,61.1
8640,72.0,864.0,68.8
8641,70.0,840.0,65.6
8642,58.0,696.0,62.6
8643,55.0,660.0,62.2
8644,84.0,1008.0,61.7
8645,57.0,684.0,63.9
8646,60.0,720.0,61.7
8647,54.0,648.0,62.2
8648,61.0,732.0,66.7
8649,62.0,744.0,66.5
8650,37.0,444.0,67.6
8651,51.0,612.0,62.7
8652,50.0,600.0,61.4
8653,50.0,600.0,55.2
8654,45.0,540.0,62.3
8655,45.0,540.0,66.3
8656,36.0,432.0,65.5
8657,49.0,588.0,63.4
8658,52.0,624.0,60.1
8659,49.0,588.0,64.0
8660,47.0,564.0,64.1
8661,31.0,372.0,66.7
8662,43.0,516.0,60.4
8663,38.0,456.0,64.4
8664,44.0,528.0,64.9
8665,38.0,456.0,64.9
8666,42.0,504.0,54.8
8667,35.0,420.0,60.3
8668,35.0,420.0,64.7
8669,29.0,348.0,66.5
8670,39.0,468.0,67.7
8671,37.0,444.0,66.2
8672,37.0,444.0,67.7
8673,44.0,528.0,68.3
8674,30.0,360.0,67.9
8675,25.0,300.0,67.9
8676,31.0,372.0,64.4
8677,30.0,360.0,67.3
8678,38.0,456.0,67.6
8679,31.0,372.0,67.3
8680,37.0,444.0,69.6
8681,28.0,336.0,68.3
8682,28.0,336.0,69.8
8683,43.0,516.0,67.4
8684,31.0,372.0,66.8
8685,37.0,444.0,68.0
8686,32.0,384.0,69.2
8687,21.0,252.0,69.0
8688,32.0,384.0,68.3
8689,38.0,456.0,65.7
8690,35.0,420.0,68.2
8691,24.0,288.0,68.3
8692,30.0,360.0,66.2
8693,26.0,312.0,67.4
8694,27.0,324.0,67.5
8695,37.0,444.0,67.7
8696,36.0,432.0,66.9
8697,28.0,336.0,67.5
8698,36.0,432.0,68.4
8699,35.0,420.0,68.1
8700,36.0,432.0,67.8
8701,35.0,420.0,68.7
8702,28.0,336.0,68.3
8703,32.0,384.0,68.4
8704,34.0,408.0,68.5
8705,33.0,396.0,67.8
8706,35.0,420.0,70.8
8707,48.0,576.0,67.7
8708,34.0,408.0,69.8
8709,49.0,588.0,69.3
8710,50.0,600.0,69.3
8711,36.0,432.0,68.9
8712,45.0,540.0,68.9
8713,39.0,468.0,70.2
8714,47.0,564.0,70.9
8715,58.0,696.0,70.1
8716,60.0,720.0,67.4
8717,61.0,732.0,67.4
8718,70.0,840.0,67.9
8719,55.0,660.0,67.1
8720,71.0,852.0,64.9
8721,60.0,720.0,64.2
8722,68.0,816.0,63.7
8723,60.0,720.0,57.2
8724,66.0,792.0,62.9
8725,72.0,864.0,63.9
8726,72.0,864.0,64.9
8727,78.0,936.0,69.5
8728,96.0,1152.0,67.5
8729,80.0,960.0,68.4
8730,87.0,1044.0,69.1
8731,83.0,996.0,68.9
8732,112.0,1344.0,65.2
8733,96.0,1152.0,64.3
8734,88.0,1056.0,64.9
8735,87.0,1044.0,56.4
8736,98.0,1176.0,61.8
8737,96.0,1152.0,61.1
8738,92.0,1104.0,62.5
8739,92.0,1104.0,62.5
8740,94.0,1128.0,51.3
8741,95.0,1140.0,51.2
8742,99.0,1188.0,50.0
8743,109.0,1308.0,44.9
8744,108.0,1296.0,48.2
8745,113.0,1356.0,52.5
8746,85.0,1020.0,55.3
8747,126.0,1512.0,54.2
8748,125.0,1500.0,54.3
8749,115.0,1380.0,54.9
8750,146.0,1752.0,56.3
8751,118.0,1416.0,58.2
8752,147.0,1764.0,54.1
8753,167.0,2004.0,57.4
8754,157.0,1884.0,58.8
8755,154.0,1848.0,58.7
8756,164.0,1968.0,57.1
8757,132.0,1584.0,60.0
8758,180.0,2160.0,53.1
8759,144.0,1728.0,55.1
8760,173.0,2076.0,57.3
8761,176.0,2112.0,55.2
8762,150.0,1800.0,55.6
8763,193.0,2316.0,55.9
8764,153.0,1836.0,54.8
8765,170.0,2040.0,52.2
8766,161.0,1932.0,48.3
8767,178.0,2136.0,48.6
8768,158.0,1896.0,50.4
8769,209.0,2508.0,52.7
8770,192.0,2304.0,54.9
8771,197.0,2364.0,53.9
8772,185.0,2220.0,46.7
8773,190.0,2280.0,46.6
8774,172.0,2064.0,45.9
8775,179.0,2148.0,41.9
8776,182.0,2184.0,42.5
8777,183.0,2196.0,47.9
8778,198.0,2376.0,54.8
8779,215.0,2580.0,54.9
8780,212.0,2544.0,53.3
8781,190.0,2280.0,54.2
8782,184.0,2208.0,55.0
8783,171.0,2052.0,52.2
8784,189.0,2268.0,50.1
8785,195.0,2340.0,46.6
8786,158.0,1896.0,43.7
8787,172.0,2064.0,47.8
8788,163.0,1956.0,48.4
8789,181.0,2172.0,47.1
8790,178.0,2136.0,51.4
8791,183.0,2196.0,52.5
8792,165.0,1980.0,53.6
8793,169.0,2028.0,51.0
8794,208.0,2496.0,54.6
8795,175.0,2100.0,52.9
8796,193.0,2316.0,52.6
8797,176.0,2112.0,53.5
8798,184.0,2208.0,52.9
8799,181.0,2172.0,51.8
8800,202.0,2424.0,51.4
8801,193.0,2316.0,51.9
8802,203.0,2436.0,47.1
8803,186.0,2232.0,48.3
8804,189.0,2268.0,46.0
8805,196.0,2352.0,44.1
8806,191.0,2292.0,30.5
8807,188.0,2256.0,24.2
8808,171.0,2052.0,29.5
8809,185.0,2220.0,38.3
8810,169.0,2028.0,43.0
8811,157.0,1884.0,45.3
8812,177.0,2124.0,48.5
8813,185.0,2220.0,48.1
8814,166.0,1992.0,51.5
8815,175.0,2100.0,53.4
8816,171.0,2052.0,54.1
8817,170.0,2040.0,48.4
8818,174.0,2088.0,51.2
8819,179.0,2148.0,50.3
8820,176.0,2112.0,48.6
8821,187.0,2244.0,50.0
8822,174.0,2088.0,50.9
8823,183.0,2196.0,52.2
8824,175.0,2100.0,52.7
8825,158.0,1896.0,53.8
8826,203.0,2436.0,55.1
8827,171.0,2052.0,54.4
8828,193.0,2316.0,53.8
8829,157.0,1884.0,52.1
8830,167.0,2004.0,51.3
8831,163.0,1956.0,51.3
8832,201.0,2412.0,52.5
8833,169.0,2028.0,51.5
8834,206.0,2472.0,51.7
8835,179.0,2148.0,52.5
8836,180.0,2160.0,53.6
8837,193.0,2316.0,50.8
8838,171.0,2052.0,53.5
8839,174.0,2088.0,53.4
8840,181.0,2172.0,54.5
8841,185.0,2220.0,55.2
8842,202.0,2424.0,54.1
8843,194.0,2328.0,55.7
8844,142.0,1704.0,51.9
8845,202.0,2424.0,50.0
8846,172.0,2064.0,46.3
8847,158.0,1896.0,48.9
8848,165.0,1980.0,50.9
8849,172.0,2064.0,52.6
8850,200.0,2400.0,53.6
8851,146.0,1752.0,53.4
8852,187.0,2244.0,52.5
8853,202.0,2424.0,52.9
8854,162.0,1944.0,50.8
8855,163.0,1956.0,49.8
8856,167.0,2004.0,54.7
8857,165.0,1980.0,56.6
8858,180.0,2160.0,55.8
8859,172.0,2064.0,56.8
8860,142.0,1704.0,57.6
8861,181.0,2172.0,53.5
8862,175.0,2100.0,50.3
8863,140.0,1680.0,46.3
8864,173.0,2076.0,52.6
8865,137.0,1644.0,59.2
8866,171.0,2052.0,56.8
8867,131.0,1572.0,61.6
8868,170.0,2040.0,57.1
8869,152.0,1824.0,59.4
8870,148.0,1776.0,60.7
8871,120.0,1440.0,59.4
8872,164.0,1968.0,57.3
8873,169.0,2028.0,53.3
8874,144.0,1728.0,58.2
8875,153.0,1836.0,59.3
8876,142.0,1704.0,61.9
8877,158.0,1896.0,63.5
8878,152.0,1824.0,64.5
8879,151.0,1812.0,64.5
8880,151.0,1812.0,62.0
8881,132.0,1584.0,61.3
8882,141.0,1692.0,59.8
8883,122.0,1464.0,58.7
8884,142.0,1704.0,53.7
8885,102.0,1224.0,54.3
8886,173.0,2076.0,49.5
8887,126.0,1512.0,46.4
8888,127.0,1524.0,47.0
8889,126.0,1512.0,52.1
8890,142.0,1704.0,55.5
8891,163.0,1956.0,56.1
8892,106.0,1272.0,63.6
8893,134.0,1608.0,64.4
8894,131.0,1572.0,68.8
8895,146.0,1752.0,67.3
8896,120.0,1440.0,69.3
8897,107.0,1284.0,66.3
8898,111.0,1332.0,64.4
8899,113.0,1356.0,67.9
8900,113.0,1356.0,67.0
8901,105.0,1260.0,70.0
8902,116.0,1392.0,66.4
8903,114.0,1368.0,66.4
8904,113.0,1356.0,65.7
8905,92.0,1104.0,57.7
8906,94.0,1128.0,57.3
8907,106.0,1272.0,61.0
8908,73.0,876.0,63.9
8909,97.0,1164.0,66.4
8910,80.0,960.0,67.4
8911,91.0,1092.0,67.2
8912,90.0,1080.0,71.4
8913,82.0,984.0,68.9
8914,111.0,1332.0,66.0
8915,85.0,1020.0,68.7
8916,72.0,864.0,69.0
8917,74.0,888.0,70.7
8918,71.0,852.0,70.7
8919,71.0,852.0,66.3
8920,61.0,732.0,64.0
8921,65.0,780.0,64.7
8922,66.0,792.0,67.2
8923,60.0,720.0,68.7
8924,75.0,900.0,67.9
8925,60.0,720.0,69.8
8926,60.0,720.0,66.9
8927,53.0,636.0,62.8
8928,70.0,840.0,69.1
8929,53.0,636.0,71.1
8930,46.0,552.0,66.6
8931,51.0,612.0,64.9
8932,41.0,492.0,65.6
8933,43.0,516.0,66.5
8934,53.0,636.0,64.8
8935,40.0,480.0,66.6
8936,50.0,600.0,68.8
8937,31.0,372.0,68.7
8938,51.0,612.0,63.3
8939,38.0,456.0,64.9
8940,35.0,420.0,68.4
8941,36.0,432.0,67.8
8942,45.0,540.0,65.4
8943,39.0,468.0,70.2
8944,42.0,504.0,64.8
8945,38.0,456.0,64.6
8946,37.0,444.0,62.8
8947,41.0,492.0,67.9
8948,42.0,504.0,67.2
8949,31.0,372.0,64.9
8950,43.0,516.0,64.5
8951,42.0,504.0,63.5
8952,43.0,516.0,64.8
8953,21.0,252.0,67.1
8954,34.0,408.0,68.6
8955,38.0,456.0,70.8
8956,51.0,612.0,70.8
8957,34.0,408.0,69.4
8958,40.0,480.0,67.6
8959,44.0,528.0,68.1
8960,34.0,408.0,65.7
8961,49.0,588.0,64.9
8962,47.0,564.0,68.4
8963,35.0,420.0,69.9
8964,43.0,516.0,64.3
8965,52.0,624.0,66.4
8966,49.0,588.0,67.9
8967,57.0,684.0,70.3
8968,51.0,612.0,69.3
8969,66.0,792.0,71.8
8970,58.0,696.0,65.4
8971,63.0,756.0,72.9
8972,88.0,1056.0,70.0
8973,92.0,1104.0,71.9
8974,76.0,912.0,66.4
8975,74.0,888.0,69.1
8976,63.0,756.0,70.7
8977,94.0,1128.0,70.9
8978,102.0,1224.0,69.1
8979,106.0,1272.0,72.5
8980,100.0,1200.0,70.7
8981,115.0,1380.0,71.9
8982,105.0,1260.0,67.2
8983,102.0,1224.0,73.4
8984,113.0,1356.0,73.1
8985,102.0,1224.0,74.9
8986,105.0,1260.0,76.5
8987,98.0,1176.0,74.1
8988,97.0,1164.0,71.1
8989,109.0,1308.0,72.0
8990,111.0,1332.0,69.9
8991,111.0,1332.0,68.8
8992,122.0,1464.0,64.4
8993,101.0,1212.0,67.5
8994,116.0,1392.0,69.7
8995,118.0,1416.0,68.0
8996,89.0,1068.0,68.2
8997,134.0,1608.0,68.0
8998,123.0,1476.0,65.5
8999,117.0,1404.0,66.2
9000,151.0,1812.0,68.5
9001,141.0,1692.0,65.5
9002,157.0,1884.0,63.1
9003,146.0,1752.0,65.1
9004,151.0,1812.0,65.1
9005,148.0,1776.0,66.8
9006,192.0,2304.0,70.2
9007,168.0,2016.0,67.8
9008,159.0,1908.0,63.8
9009,171.0,2052.0,59.7
9010,174.0,2088.0,66.1
9011,147.0,1764.0,69.5
9012,148.0,1776.0,68.7
9013,156.0,1872.0,68.8
9014,174.0,2088.0,69.8
9015,190.0,2280.0,71.1
9016,171.0,2052.0,68.8
9017,186.0,2232.0,69.3
9018,170.0,2040.0,66.4
9019,182.0,2184.0,65.6
9020,166.0,1992.0,66.6
9021,157.0,1884.0,62.8
9022,156.0,1872.0,59.7
9023,157.0,1884.0,63.3
9024,132.0,1584.0,63.6
9025,131.0,1572.0,65.0
9026,156.0,1872.0,61.6
9027,156.0,1872.0,60.4
9028,142.0,1704.0,64.0
9029,162.0,1944.0,64.1
9030,155.0,1860.0,56.6
9031,157.0,1884.0,55.8
9032,154.0,1848.0,58.9
9033,166.0,1992.0,59.4
9034,149.0,1788.0,61.5
9035,170.0,2040.0,59.9
9036,154.0,1848.0,54.9
9037,164.0,1968.0,54.2
9038,144.0,1728.0,54.0
9039,158.0,1896.0,55.1
9040,152.0,1824.0,50.8
9041,156.0,1872.0,51.7
9042,175.0,2100.0,55.3
9043,173.0,2076.0,55.7
9044,153.0,1836.0,58.2
9045,168.0,2016.0,56.2
9046,155.0,1860.0,55.9
9047,157.0,1884.0,58.1
9048,146.0,1752.0,54.9
9049,170.0,2040.0,51.0
9050,175.0,2100.0,51.7
9051,175.0,2100.0,54.9
9052,180.0,2160.0,53.2
9053,141.0,1692.0,58.9
9054,167.0,2004.0,53.2
9055,153.0,1836.0,54.5
9056,167.0,2004.0,53.0
9057,175.0,2100.0,53.0
9058,165.0,1980.0,54.2
9059,168.0,2016.0,54.3
9060,196.0,2352.0,54.9
9061,136.0,1632.0,46.3
9062,150.0,1800.0,42.9
9063,175.0,2100.0,43.0
9064,148.0,1776.0,46.3
9065,185.0,2220.0,50.9
9066,159.0,1908.0,50.1
9067,200.0,2400.0,52.8
9068,178.0,2136.0,54.5
9069,167.0,2004.0,52.4
9070,177.0,2124.0,53.7
9071,178.0,2136.0,53.9
9072,169.0,2028.0,51.4
9073,165.0,1980.0,45.2
9074,173.0,2076.0,46.0
9075,146.0,1752.0,49.4
9076,179.0,2148.0,50.5
9077,152.0,1824.0,51.0
9078,165.0,1980.0,50.1
9079,184.0,2208.0,51.1
9080,184.0,2208.0,51.3
9081,200.0,2400.0,53.3
9082,188.0,2256.0,56.7
9083,189.0,2268.0,55.9
9084,173.0,2076.0,54.9
9085,194.0,2328.0,54.7
9086,160.0,1920.0,55.4
9087,186.0,2232.0,52.8
9088,184.0,2208.0,52.2
9089,190.0,2280.0,51.8
9090,167.0,2004.0,53.1
9091,205.0,2460.0,52.4
9092,181.0,2172.0,52.1
9093,182.0,2184.0,52.5
9094,173.0,2076.0,54.0
9095,186.0,2232.0,56.2
9096,182.0,2184.0,54.6
9097,184.0,2208.0,52.1
9098,194.0,2328.0,50.6
9099,182.0,2184.0,54.0
9100,181.0,2172.0,49.7
9101,172.0,2064.0,49.1
9102,192.0,2304.0,47.8
9103,177.0,2124.0,52.6
9104,170.0,2040.0,52.5
9105,202.0,2424.0,52.0
9106,182.0,2184.0,52.1
9107,180.0,2160.0,54.7
9108,173.0,2076.0,55.5
9109,189.0,2268.0,55.9
9110,203.0,2436.0,55.7
9111,187.0,2244.0,56.1
9112,198.0,2376.0,54.8
9113,197.0,2364.0,54.2
9114,187.0,2244.0,55.7
9115,197.0,2364.0,54.5
9116,180.0,2160.0,53.3
9117,196.0,2352.0,54.0
9118,200.0,2400.0,55.0
9119,175.0,2100.0,50.6
9120,171.0,2052.0,52.1
9121,158.0,1896.0,49.0
9122,194.0,2328.0,52.0
9123,175.0,2100.0,56.0
9124,170.0,2040.0,56.1
9125,148.0,1776.0,56.9
9126,168.0,2016.0,52.9
9127,176.0,2112.0,52.8
9128,176.0,2112.0,44.2
9129,192.0,2304.0,47.1
9130,194.0,2328.0,54.1
9131,201.0,2412.0,55.4
9132,179.0,2148.0,55.3
9133,162.0,1944.0,55.1
9134,178.0,2136.0,55.1
9135,142.0,1704.0,53.1
9136,166.0,1992.0,46.9
9137,208.0,2496.0,50.7
9138,175.0,2100.0,53.3
9139,171.0,2052.0,55.6
9140,186.0,2232.0,52.4
9141,186.0,2232.0,55.1
9142,189.0,2268.0,54.3
9143,154.0,1848.0,53.1
9144,167.0,2004.0,50.8
9145,175.0,2100.0,50.0
9146,171.0,2052.0,53.0
9147,161.0,1932.0,56.4
9148,147.0,1764.0,58.9
9149,154.0,1848.0,54.6
9150,153.0,1836.0,53.5
9151,129.0,1548.0,59.3
9152,127.0,1524.0,59.7
9153,124.0,1488.0,56.0
9154,148.0,1776.0,59.5
9155,141.0,1692.0,57.8
9156,140.0,1680.0,59.8
9157,115.0,1380.0,61.0
9158,112.0,1344.0,59.4
9159,123.0,1476.0,57.3
9160,135.0,1620.0,55.7
9161,114.0,1368.0,57.0
9162,119.0,1428.0,59.2
9163,135.0,1620.0,56.2
9164,124.0,1488.0,60.8
9165,135.0,1620.0,57.6
9166,131.0,1572.0,56.7
9167,119.0,1428.0,59.5
9168,87.0,1044.0,67.7
9169,109.0,1308.0,66.8
9170,120.0,1440.0,67.5
9171,113.0,1356.0,66.6
9172,107.0,1284.0,63.0
9173,113.0,1356.0,62.8
9174,111.0,1332.0,58.5
9175,120.0,1440.0,60.6
9176,86.0,1032.0,57.6
9177,85.0,1020.0,62.2
9178,102.0,1224.0,60.9
9179,102.0,1224.0,64.2
9180,95.0,1140.0,67.5
9181,94.0,1128.0,64.6
9182,114.0,1368.0,71.9
9183,116.0,1392.0,72.9
9184,75.0,900.0,70.4
9185,105.0,1260.0,73.4
9186,77.0,924.0,74.6
9187,92.0,1104.0,77.4
9188,106.0,1272.0,78.2
9189,84.0,1008.0,74.0
9190,79.0,948.0,74.3
9191,93.0,1116.0,70.0
9192,84.0,1008.0,73.3
9193,71.0,852.0,68.3
9194,67.0,804.0,67.8
9195,70.0,840.0,69.1
9196,67.0,804.0,67.4
9197,76.0,912.0,69.9
9198,63.0,756.0,66.0
9199,67.0,804.0,66.2
9200,77.0,924.0,68.0
9201,56.0,672.0,67.9
9202,61.0,732.0,64.9
9203,36.0,432.0,65.2
9204,57.0,684.0,66.2
9205,60.0,720.0,65.8
9206,59.0,708.0,67.8
9207,58.0,696.0,71.2
9208,48.0,576.0,67.3
9209,59.0,708.0,71.2
9210,57.0,684.0,70.5
9211,46.0,552.0,62.9
9212,36.0,432.0,66.0
9213,54.0,648.0,64.8
9214,42.0,504.0,66.1
9215,38.0,456.0,65.5
9216,38.0,456.0,68.0
9217,35.0,420.0,69.4
9218,46.0,552.0,63.6
9219,42.0,504.0,67.8
9220,36.0,432.0,66.2
9221,45.0,540.0,63.2
9222,31.0,372.0,66.6
9223,36.0,432.0,68.7
9224,43.0,516.0,70.1
9225,33.0,396.0,68.5
9226,27.0,324.0,67.7
9227,36.0,432.0,63.1
9228,30.0,360.0,65.0
9229,32.0,384.0,61.7
9230,19.0,228.0,65.2
9231,37.0,444.0,64.1
9232,51.0,612.0,63.9
9233,35.0,420.0,65.0
9234,19.0,228.0,65.3
9235,22.0,264.0,67.1
9236,31.0,372.0,68.1
9237,28.0,336.0,65.7
9238,26.0,312.0,65.0
9239,26.0,312.0,66.6
9240,30.0,360.0,68.6
9241,19.0,228.0,68.7
9242,43.0,516.0,61.7
9243,35.0,420.0,67.0
9244,34.0,408.0,67.2
9245,36.0,432.0,65.4
9246,32.0,384.0,67.4
9247,34.0,408.0,67.0
9248,37.0,444.0,60.9
9249,30.0,360.0,63.3
9250,36.0,432.0,63.2
9251,40.0,480.0,65.8
9252,37.0,444.0,64.1
9253,37.0,444.0,63.4
9254,40.0,480.0,62.1
9255,48.0,576.0,58.1
9256,62.0,744.0,63.3
9257,48.0,576.0,60.6
9258,69.0,828.0,61.7
9259,65.0,780.0,64.3
9260,79.0,948.0,62.4
9261,59.0,708.0,70.2
9262,81.0,972.0,71.7
9263,84.0,1008.0,68.3
9264,86.0,1032.0,64.2
9265,60.0,720.0,68.1
9266,71.0,852.0,61.3
9267,106.0,1272.0,66.0
9268,88.0,1056.0,69.4
9269,110.0,1320.0,68.7
9270,87.0,1044.0,69.9
9271,118.0,1416.0,71.1
9272,103.0,1236.0,70.1
9273,100.0,1200.0,71.9
9274,98.0,1176.0,70.5
9275,93.0,1116.0,69.7
9276,101.0,1212.0,69.6
9277,98.0,1176.0,71.1
9278,86.0,1032.0,69.8
9279,118.0,1416.0,68.4
9280,117.0,1404.0,67.5
9281,104.0,1248.0,67.7
9282,122.0,1464.0,63.6
9283,108.0,1296.0,66.7
9284,115.0,1380.0,65.5
9285,124.0,1488.0,68.7
9286,105.0,1260.0,65.8
9287,140.0,1680.0,68.0
9288,136.0,1632.0,69.9
9289,150.0,1800.0,71.0
9290,147.0,1764.0,71.6
9291,165.0,1980.0,69.7
9292,136.0,1632.0,68.3
9293,153.0,1836.0,70.0
9294,172.0,2064.0,70.1
9295,177.0,2124.0,68.7
9296,179.0,2148.0,67.0
9297,162.0,1944.0,71.8
9298,170.0,2040.0,70.1
9299,176.0,2112.0,73.7
9300,147.0,1764.0,70.8
9301,154.0,1848.0,71.1
9302,178.0,2136.0,71.1
9303,187.0,2244.0,72.2
9304,192.0,2304.0,71.1
9305,183.0,2196.0,70.0
9306,169.0,2028.0,67.1
9307,157.0,1884.0,68.2
9308,134.0,1608.0,68.9
9309,177.0,2124.0,67.4
9310,160.0,1920.0,72.1
9311,141.0,1692.0,70.3
9312,133.0,1596.0,67.7
9313,155.0,1860.0,65.4
9314,151.0,1812.0,60.7
9315,171.0,2052.0,58.8
9316,138.0,1656.0,60.4
9317,178.0,2136.0,61.5
9318,152.0,1824.0,65.2
9319,150.0,1800.0,59.7
9320,159.0,1908.0,58.4
9321,156.0,1872.0,58.9
9322,169.0,2028.0,59.7
9323,171.0,2052.0,58.5
9324,162.0,1944.0,56.6
9325,144.0,1728.0,58.4
9326,151.0,1812.0,55.4
9327,173.0,2076.0,55.8
9328,161.0,1932.0,52.5
9329,146.0,1752.0,53.4
9330,184.0,2208.0,55.3
9331,145.0,1740.0,53.1
9332,152.0,1824.0,57.1
9333,158.0,1896.0,55.8
9334,173.0,2076.0,58.8
9335,155.0,1860.0,57.1
9336,144.0,1728.0,55.8
9337,165.0,1980.0,54.6
9338,164.0,1968.0,55.0
9339,145.0,1740.0,57.5
9340,153.0,1836.0,59.5
9341,176.0,2112.0,54.7
9342,176.0,2112.0,58.0
9343,158.0,1896.0,59.4
9344,175.0,2100.0,56.9
9345,154.0,1848.0,52.3
9346,153.0,1836.0,48.0
9347,174.0,2088.0,46.1
9348,165.0,1980.0,48.8
9349,159.0,1908.0,53.8
9350,158.0,1896.0,51.2
9351,131.0,1572.0,50.4
9352,196.0,2352.0,54.1
9353,193.0,2316.0,54.4
9354,138.0,1656.0,50.3
9355,164.0,1968.0,47.3
9356,172.0,2064.0,50.2
9357,166.0,1992.0,49.9
9358,164.0,1968.0,52.6
9359,147.0,1764.0,52.8
9360,159.0,1908.0,53.7
9361,167.0,2004.0,54.1
9362,179.0,2148.0,52.2
9363,170.0,2040.0,54.7
9364,151.0,1812.0,57.6
9365,155.0,1860.0,54.3
9366,178.0,2136.0,52.1
9367,164.0,1968.0,49.9
9368,180.0,2160.0,47.4
9369,164.0,1968.0,48.9
9370,173.0,2076.0,48.0
9371,183.0,2196.0,48.3
9372,160.0,1920.0,52.0
9373,169.0,2028.0,52.2
9374,170.0,2040.0,52.4
9375,170.0,2040.0,52.3
9376,183.0,2196.0,54.4
9377,141.0,1692.0,52.4
9378,168.0,2016.0,51.5
9379,177.0,2124.0,49.5
9380,180.0,2160.0,52.5
9381,203.0,2436.0,52.7
9382,144.0,1728.0,58.1
9383,160.0,1920.0,58.8
9384,185.0,2220.0,54.4
9385,173.0,2076.0,50.2
9386,166.0,1992.0,46.9
9387,170.0,2040.0,51.3
9388,170.0,2040.0,54.1
9389,170.0,2040.0,54.6
9390,165.0,1980.0,56.6
9391,187.0,2244.0,54.1
9392,169.0,2028.0,53.3
9393,178.0,2136.0,54.0
9394,166.0,1992.0,57.8
9395,180.0,2160.0,56.3
9396,188.0,2256.0,53.4
9397,163.0,1956.0,49.9
9398,197.0,2364.0,49.2
9399,183.0,2196.0,51.0
9400,178.0,2136.0,45.4
9401,185.0,2220.0,51.0
9402,144.0,1728.0,53.1
9403,173.0,2076.0,53.9
9404,212.0,2544.0,55.4
9405,168.0,2016.0,54.8
9406,213.0,2556.0,56.3
9407,222.0,2664.0,54.0
9408,179.0,2148.0,52.2
9409,189.0,2268.0,46.7
9410,193.0,2316.0,48.1
9411,184.0,2208.0,48.4
9412,154.0,1848.0,47.9
9413,162.0,1944.0,51.7
9414,146.0,1752.0,54.9
9415,161.0,1932.0,56.2
9416,164.0,1968.0,58.2
9417,156.0,1872.0,57.5
9418,190.0,2280.0,58.4
9419,171.0,2052.0,59.4
9420,175.0,2100.0,58.2
9421,197.0,2364.0,58.1
9422,174.0,2088.0,55.9
9423,155.0,1860.0,49.6
9424,187.0,2244.0,50.7
9425,195.0,2340.0,53.7
9426,140.0,1680.0,57.5
9427,187.0,2244.0,56.7
9428,160.0,1920.0,56.4
9429,161.0,1932.0,52.3
9430,186.0,2232.0,49.1
9431,167.0,2004.0,49.8
9432,162.0,1944.0,55.0
9433,144.0,1728.0,56.0
9434,192.0,2304.0,58.8
9435,135.0,1620.0,59.6
9436,164.0,1968.0,52.2
9437,148.0,1776.0,56.8
9438,156.0,1872.0,58.5
9439,139.0,1668.0,59.2
9440,125.0,1500.0,58.7
9441,143.0,1716.0,56.9
9442,160.0,1920.0,55.5
9443,120.0,1440.0,49.8
9444,130.0,1560.0,53.9
9445,137.0,1644.0,60.0
9446,127.0,1524.0,58.8
9447,137.0,1644.0,58.4
9448,116.0,1392.0,56.0
9449,130.0,1560.0,61.3
9450,117.0,1404.0,61.6
9451,154.0,1848.0,60.2
9452,100.0,1200.0,62.6
9453,109.0,1308.0,68.2
9454,127.0,1524.0,64.1
9455,108.0,1296.0,62.5
9456,116.0,1392.0,61.1
9457,115.0,1380.0,59.3
9458,113.0,1356.0,64.4
9459,132.0,1584.0,62.3
9460,109.0,1308.0,59.1
9461,108.0,1296.0,65.7
9462,118.0,1416.0,65.7
9463,108.0,1296.0,62.9
9464,109.0,1308.0,64.0
9465,94.0,1128.0,62.5
9466,83.0,996.0,61.1
9467,97.0,1164.0,57.7
9468,92.0,1104.0,59.7
9469,109.0,1308.0,60.8
9470,82.0,984.0,65.2
9471,103.0,1236.0,62.9
9472,94.0,1128.0,55.7
9473,75.0,900.0,60.7
9474,85.0,1020.0,60.4
9475,86.0,1032.0,67.2
9476,76.0,912.0,56.1
9477,48.0,576.0,31.6
9478,31.0,372.0,17.2
9479,29.0,348.0,9.9
9480,16.0,192.0,6.8
9481,33.0,396.0,4.9
9482,18.0,216.0,3.6
9483,19.0,228.0,3.7
9484,19.0,228.0,3.5
9485,20.0,240.0,3.7
9486,31.0,372.0,4.2
9487,34.0,408.0,4.8
9488,78.0,936.0,14.6
9489,50.0,600.0,43.6
9490,55.0,660.0,57.7
9491,47.0,564.0,66.5
9492,39.0,468.0,66.0
9493,49.0,588.0,69.6
9494,53.0,636.0,68.3
9495,61.0,732.0,66.9
9496,52.0,624.0,67.8
9497,40.0,480.0,66.6
9498,63.0,756.0,65.1
9499,59.0,708.0,60.3
9500,48.0,576.0,65.7
9501,51.0,612.0,67.2
9502,44.0,528.0,66.1
9503,40.0,480.0,64.8
9504,41.0,492.0,69.1
9505,30.0,360.0,69.5
9506,47.0,564.0,70.7
9507,31.0,372.0,69.4
9508,37.0,444.0,68.7
9509,34.0,408.0,63.9
9510,39.0,468.0,62.4
9511,35.0,420.0,56.1
9512,46.0,552.0,62.5
9513,33.0,396.0,59.5
9514,27.0,324.0,63.9
9515,28.0,336.0,61.0
9516,31.0,372.0,64.7
9517,26.0,312.0,64.0
9518,32.0,384.0,64.2
9519,42.0,504.0,65.7
9520,32.0,384.0,65.4
9521,38.0,456.0,60.9
9522,26.0,312.0,64.4
9523,32.0,384.0,66.9
9524,40.0,480.0,61.1
9525,29.0,348.0,64.2
9526,29.0,348.0,65.4
9527,31.0,372.0,63.3
9528,39.0,468.0,59.6
9529,26.0,312.0,64.9
9530,36.0,432.0,65.3
9531,37.0,444.0,66.3
9532,29.0,348.0,68.3
9533,47.0,564.0,66.6
9534,29.0,348.0,67.0
9535,24.0,288.0,66.5
9536,50.0,600.0,70.2
9537,34.0,408.0,66.8
9538,39.0,468.0,64.8
9539,46.0,552.0,63.4
9540,45.0,540.0,65.6
9541,41.0,492.0,62.7
9542,48.0,576.0,66.2
9543,44.0,528.0,64.9
9544,42.0,504.0,68.3
9545,65.0,780.0,65.2
9546,58.0,696.0,60.0
9547,71.0,852.0,58.1
9548,80.0,960.0,64.7
9549,67.0,804.0,63.5
9550,56.0,672.0,67.4
9551,71.0,852.0,70.6
9552,83.0,996.0,66.8
9553,57.0,684.0,69.3
9554,76.0,912.0,66.9
9555,106.0,1272.0,63.5
9556,102.0,1224.0,67.1
9557,98.0,1176.0,69.5
9558,108.0,1296.0,66.3
9559,97.0,1164.0,65.2
9560,102.0,1224.0,72.2
9561,87.0,1044.0,66.5
9562,92.0,1104.0,68.7
9563,90.0,1080.0,67.7
9564,90.0,1080.0,69.5
9565,93.0,1116.0,69.7
9566,101.0,1212.0,66.1
9567,124.0,1488.0,66.2
9568,111.0,1332.0,65.7
9569,121.0,1452.0,67.0
9570,109.0,1308.0,66.7
9571,103.0,1236.0,67.3
9572,127.0,1524.0,63.9
9573,130.0,1560.0,64.6
9574,106.0,1272.0,66.8
9575,139.0,1668.0,63.7
9576,132.0,1584.0,63.4
9577,138.0,1656.0,62.2
9578,161.0,1932.0,67.4
9579,146.0,1752.0,66.1
9580,156.0,1872.0,66.9
9581,158.0,1896.0,66.7
9582,157.0,1884.0,68.2
9583,182.0,2184.0,67.1
9584,155.0,1860.0,67.1
9585,151.0,1812.0,66.8
9586,163.0,1956.0,67.6
9587,159.0,1908.0,67.6
9588,161.0,1932.0,68.2
9589,157.0,1884.0,66.9
9590,154.0,1848.0,69.1
9591,185.0,2220.0,67.2
9592,196.0,2352.0,65.6
9593,194.0,2328.0,65.7
9594,183.0,2196.0,67.0
9595,164.0,1968.0,68.5
9596,147.0,1764.0,65.5
9597,166.0,1992.0,67.8
9598,163.0,1956.0,73.6
9599,166.0,1992.0,72.7
9600,156.0,1872.0,68.5
9601,148.0,1776.0,66.7
9602,158.0,1896.0,62.3
9603,136.0,1632.0,63.1
9604,172.0,2064.0,63.8
9605,165.0,1980.0,68.1
9606,143.0,1716.0,65.6
9607,167.0,2004.0,60.3
9608,165.0,1980.0,60.3
9609,182.0,2184.0,62.4
9610,186.0,2232.0,59.4
9611,176.0,2112.0,59.1
9612,158.0,1896.0,59.2
9613,149.0,1788.0,60.8
9614,149.0,1788.0,58.6
9615,167.0,2004.0,54.2
9616,185.0,2220.0,54.1
9617,148.0,1776.0,55.7
9618,150.0,1800.0,56.8
9619,202.0,2424.0,57.2
9620,168.0,2016.0,57.9
9621,183.0,2196.0,60.2
9622,180.0,2160.0,60.8
9623,157.0,1884.0,58.9
9624,181.0,2172.0,52.9
9625,135.0,1620.0,47.6
9626,149.0,1788.0,47.6
9627,157.0,1884.0,46.5
9628,183.0,2196.0,53.6
9629,170.0,2040.0,54.9
9630,170.0,2040.0,55.8
9631,173.0,2076.0,61.4
9632,150.0,1800.0,58.5
9633,171.0,2052.0,56.4
9634,151.0,1812.0,54.0
9635,163.0,1956.0,53.6
9636,188.0,2256.0,54.4
9637,164.0,1968.0,57.8
9638,171.0,2052.0,58.7
9639,151.0,1812.0,61.0
9640,167.0,2004.0,55.7
9641,164.0,1968.0,49.1
9642,192.0,2304.0,51.4
9643,163.0,1956.0,49.4
9644,188.0,2256.0,52.8
9645,175.0,2100.0,56.3
9646,157.0,1884.0,56.4
9647,174.0,2088.0,58.0
9648,166.0,1992.0,53.4
9649,169.0,2028.0,54.8
9650,158.0,1896.0,50.8
9651,178.0,2136.0,51.5
9652,160.0,1920.0,55.9
9653,185.0,2220.0,54.8
9654,197.0,2364.0,53.2
9655,172.0,2064.0,54.0
9656,198.0,2376.0,55.0
9657,158.0,1896.0,51.7
9658,176.0,2112.0,48.5
9659,177.0,2124.0,49.8
9660,152.0,1824.0,46.4
9661,142.0,1704.0,44.6
9662,179.0,2148.0,47.3
9663,177.0,2124.0,52.3
9664,176.0,2112.0,56.4
9665,200.0,2400.0,51.6
9666,169.0,2028.0,54.1
9667,167.0,2004.0,52.8
9668,191.0,2292.0,54.2
9669,211.0,2532.0,55.6
9670,176.0,2112.0,54.8
9671,158.0,1896.0,54.2
9672,189.0,2268.0,50.1
9673,170.0,2040.0,48.9
9674,169.0,2028.0,50.2
9675,201.0,2412.0,51.1
9676,182.0,2184.0,50.5
9677,170.0,2040.0,48.1
9678,215.0,2580.0,49.5
9679,170.0,2040.0,52.8
9680,187.0,2244.0,56.2
9681,161.0,1932.0,55.0
9682,194.0,2328.0,56.9
9683,163.0,1956.0,55.9
9684,185.0,2220.0,54.4
9685,186.0,2232.0,56.3
9686,158.0,1896.0,55.4
9687,197.0,2364.0,55.1
9688,186.0,2232.0,53.0
9689,196.0,2352.0,49.0
9690,173.0,2076.0,49.6
9691,174.0,2088.0,51.0
9692,190.0,2280.0,52.0
9693,159.0,1908.0,55.1
9694,190.0,2280.0,59.8
9695,192.0,2304.0,56.8
9696,158.0,1896.0,56.9
9697,207.0,2484.0,57.5
9698,185.0,2220.0,58.0
9699,196.0,2352.0,57.9
9700,206.0,2472.0,57.6
9701,174.0,2088.0,57.9
9702,194.0,2328.0,60.6
9703,162.0,1944.0,58.6
9704,187.0,2244.0,60.1
9705,171.0,2052.0,55.4
9706,198.0,2376.0,52.8
9707,170.0,2040.0,49.9
9708,177.0,2124.0,52.4
9709,173.0,2076.0,55.1
9710,176.0,2112.0,56.1
9711,214.0,2568.0,53.6
9712,195.0,2340.0,56.2
9713,169.0,2028.0,53.1
9714,206.0,2472.0,51.6
9715,184.0,2208.0,56.6
9716,183.0,2196.0,57.3
9717,179.0,2148.0,57.5
9718,192.0,2304.0,59.8
9719,161.0,1932.0,57.9
9720,178.0,2136.0,59.3
9721,159.0,1908.0,62.5
9722,168.0,2016.0,59.0
9723,138.0,1656.0,53.6
9724,148.0,1776.0,56.4
9725,151.0,1812.0,56.2
9726,133.0,1596.0,59.5
9727,139.0,1668.0,59.9
9728,136.0,1632.0,56.2
9729,132.0,1584.0,53.9
9730,125.0,1500.0,57.1
9731,165.0,1980.0,59.1
9732,117.0,1404.0,59.7
9733,135.0,1620.0,62.6
9734,150.0,1800.0,59.7
9735,108.0,1296.0,61.8
9736,128.0,1536.0,65.6
9737,124.0,1488.0,63.4
9738,124.0,1488.0,58.9
9739,120.0,1440.0,60.2
9740,138.0,1656.0,60.0
9741,116.0,1392.0,58.2
9742,113.0,1356.0,57.9
9743,103.0,1236.0,63.0
9744,147.0,1764.0,64.3
9745,120.0,1440.0,65.6
9746,108.0,1296.0,61.3
9747,120.0,1440.0,65.4
9748,101.0,1212.0,60.0
9749,123.0,1476.0,63.5
9750,114.0,1368.0,60.0
9751,90.0,1080.0,61.6
9752,114.0,1368.0,59.5
9753,120.0,1440.0,57.7
9754,97.0,1164.0,56.1
9755,114.0,1368.0,56.4
9756,104.0,1248.0,59.4
9757,99.0,1188.0,64.1
9758,100.0,1200.0,70.8
9759,102.0,1224.0,75.1
9760,99.0,1188.0,75.3
9761,89.0,1068.0,73.7
9762,108.0,1296.0,75.3
9763,88.0,1056.0,70.1
9764,95.0,1140.0,63.5
9765,93.0,1116.0,69.9
9766,98.0,1176.0,71.2
9767,82.0,984.0,69.0
9768,75.0,900.0,71.9
9769,79.0,948.0,65.8
9770,99.0,1188.0,62.7
9771,67.0,804.0,64.2
9772,87.0,1044.0,65.7
9773,83.0,996.0,70.7
9774,69.0,828.0,75.2
9775,50.0,600.0,75.0
9776,69.0,828.0,75.4
9777,59.0,708.0,76.0
9778,60.0,720.0,74.7
9779,44.0,528.0,72.5
9780,65.0,780.0,68.6
9781,42.0,504.0,69.3
9782,54.0,648.0,67.6
9783,65.0,780.0,64.8
9784,55.0,660.0,66.6
9785,53.0,636.0,67.7
9786,59.0,708.0,63.9
9787,45.0,540.0,68.7
9788,49.0,588.0,67.3
9789,54.0,648.0,70.7
9790,48.0,576.0,69.9
9791,51.0,612.0,71.9
9792,49.0,588.0,68.0
9793,42.0,504.0,66.8
9794,37.0,444.0,66.7
9795,51.0,612.0,68.0
9796,33.0,396.0,66.6
9797,53.0,636.0,67.6
9798,47.0,564.0,68.5
9799,25.0,300.0,71.5
9800,39.0,468.0,63.5
9801,47.0,564.0,60.3
9802,29.0,348.0,62.9
9803,45.0,540.0,62.5
9804,51.0,612.0,58.6
9805,31.0,372.0,60.3
9806,35.0,420.0,61.2
9807,36.0,432.0,62.2
9808,32.0,384.0,65.7
9809,28.0,336.0,64.7
9810,30.0,360.0,68.0
9811,21.0,252.0,65.8
9812,26.0,312.0,62.2
9813,33.0,396.0,63.0
9814,27.0,324.0,63.6
9815,36.0,432.0,60.0
9816,31.0,372.0,60.2
9817,28.0,336.0,60.8
9818,33.0,396.0,59.8
9819,40.0,480.0,61.6
9820,34.0,408.0,62.0
9821,26.0,312.0,64.8
9822,28.0,336.0,64.9
9823,43.0,516.0,57.7
9824,34.0,408.0,60.4
9825,27.0,324.0,61.3
9826,41.0,492.0,61.3
9827,39.0,468.0,61.1
9828,46.0,552.0,58.6
9829,39.0,468.0,58.7
9830,51.0,612.0,57.7
9831,33.0,396.0,55.8
9832,55.0,660.0,62.5
9833,59.0,708.0,63.0
9834,64.0,768.0,64.5
9835,69.0,828.0,67.8
9836,61.0,732.0,63.1
9837,72.0,864.0,65.1
9838,65.0,780.0,65.4
9839,78.0,936.0,67.7
9840,82.0,984.0,63.7
9841,84.0,1008.0,63.3
9842,75.0,900.0,66.0
9843,108.0,1296.0,66.1
9844,90.0,1080.0,66.3
9845,99.0,1188.0,68.9
9846,112.0,1344.0,65.8
9847,104.0,1248.0,69.4
9848,102.0,1224.0,68.2
9849,87.0,1044.0,63.2
9850,103.0,1236.0,68.3
9851,90.0,1080.0,67.5
9852,79.0,948.0,66.6
9853,114.0,1368.0,65.2
9854,104.0,1248.0,64.7
9855,103.0,1236.0,67.8
9856,127.0,1524.0,66.1
9857,114.0,1368.0,67.9
9858,112.0,1344.0,71.0
9859,113.0,1356.0,70.2
9860,114.0,1368.0,65.3
9861,110.0,1320.0,67.9
9862,124.0,1488.0,70.5
9863,126.0,1512.0,69.6
9864,144.0,1728.0,68.1
9865,131.0,1572.0,67.7
9866,142.0,1704.0,67.5
9867,167.0,2004.0,66.0
9868,148.0,1776.0,68.7
9869,174.0,2088.0,68.8
9870,149.0,1788.0,66.7
9871,183.0,2196.0,65.7
9872,178.0,2136.0,66.9
9873,171.0,2052.0,67.3
9874,134.0,1608.0,67.3
9875,165.0,1980.0,68.0
9876,164.0,1968.0,63.9
9877,196.0,2352.0,66.5
9878,168.0,2016.0,68.5
9879,191.0,2292.0,68.3
9880,178.0,2136.0,70.8
9881,173.0,2076.0,69.7
9882,186.0,2232.0,65.8
9883,186.0,2232.0,66.0
9884,176.0,2112.0,65.5
9885,184.0,2208.0,66.9
9886,164.0,1968.0,67.1
9887,148.0,1776.0,66.7
9888,135.0,1620.0,65.3
9889,167.0,2004.0,62.7
9890,159.0,1908.0,56.4
9891,162.0,1944.0,55.6
9892,169.0,2028.0,61.6
9893,156.0,1872.0,61.7
9894,181.0,2172.0,62.4
9895,151.0,1812.0,60.8
9896,166.0,1992.0,58.2
9897,151.0,1812.0,62.6
9898,165.0,1980.0,61.2
9899,165.0,1980.0,58.8
9900,161.0,1932.0,58.2
9901,168.0,2016.0,54.3
9902,148.0,1776.0,59.4
9903,169.0,2028.0,61.0
9904,189.0,2268.0,58.5
9905,152.0,1824.0,58.8
9906,170.0,2040.0,61.2
9907,177.0,2124.0,60.9
9908,158.0,1896.0,59.4
9909,166.0,1992.0,54.8
9910,202.0,2424.0,55.5
9911,160.0,1920.0,55.8
9912,160.0,1920.0,49.9
9913,151.0,1812.0,47.9
9914,139.0,1668.0,51.1
9915,153.0,1836.0,56.2
9916,179.0,2148.0,58.7
9917,180.0,2160.0,58.7
9918,161.0,1932.0,58.4
9919,162.0,1944.0,60.4
9920,173.0,2076.0,57.7
9921,177.0,2124.0,60.1
9922,166.0,1992.0,63.0
9923,171.0,2052.0,56.8
9924,159.0,1908.0,55.7
9925,186.0,2232.0,55.8
9926,196.0,2352.0,58.0
9927,171.0,2052.0,58.1
9928,156.0,1872.0,56.4
9929,149.0,1788.0,48.3
9930,146.0,1752.0,53.9
9931,171.0,2052.0,52.3
9932,188.0,2256.0,53.4
9933,176.0,2112.0,52.9
9934,164.0,1968.0,57.7
9935,179.0,2148.0,55.9
9936,190.0,2280.0,53.2
9937,172.0,2064.0,56.9
9938,156.0,1872.0,56.8
9939,190.0,2280.0,55.9
9940,178.0,2136.0,55.0
9941,175.0,2100.0,54.3
9942,147.0,1764.0,51.1
9943,166.0,1992.0,51.3
9944,165.0,1980.0,51.9
9945,176.0,2112.0,53.1
9946,159.0,1908.0,54.6
9947,189.0,2268.0,50.8
9948,172.0,2064.0,53.3
9949,178.0,2136.0,56.8
9950,189.0,2268.0,56.0
9951,176.0,2112.0,56.0
9952,184.0,2208.0,52.7
9953,166.0,1992.0,49.2
9954,174.0,2088.0,50.4
9955,197.0,2364.0,52.7
9956,187.0,2244.0,56.6
9957,192.0,2304.0,52.2
9958,209.0,2508.0,55.8
9959,204.0,2448.0,54.2
9960,180.0,2160.0,49.8
9961,190.0,2280.0,48.6
9962,200.0,2400.0,49.1
9963,180.0,2160.0,46.3
9964,148.0,1776.0,47.9
9965,171.0,2052.0,45.8
9966,179.0,2148.0,49.0
9967,176.0,2112.0,51.9
9968,220.0,2640.0,52.4
9969,179.0,2148.0,56.5
9970,185.0,2220.0,56.7
9971,157.0,1884.0,53.2
9972,133.0,1596.0,48.7
9973,70.0,840.0,53.0
9974,62.0,744.0,53.9
9975,68.0,816.0,51.5
9976,83.0,996.0,54.5
9977,77.0,924.0,52.7
9978,74.0,888.0,55.9
9979,79.0,948.0,54.0
9980,73.0,876.0,51.7
9981,79.0,948.0,52.8
9982,76.0,912.0,54.0
9983,74.0,888.0,54.7
9984,71.0,852.0,52.9
9985,52.0,624.0,50.7
9986,67.0,804.0,53.1
9987,72.0,864.0,47.8
9988,80.0,960.0,44.1
9989,99.0,1188.0,46.1
9990,127.0,1524.0,48.8
9991,203.0,2436.0,45.7
9992,208.0,2496.0,32.6
9993,186.0,2232.0,23.1
9994,210.0,2520.0,20.7
9995,137.0,1644.0,34.3
9996,176.0,2112.0,46.0
9997,161.0,1932.0,47.0
9998,172.0,2064.0,50.7
9999,189.0,2268.0,50.6
10000,212.0,2544.0,50.3
10001,194.0,2328.0,53.7
10002,200.0,2400.0,55.5
10003,185.0,2220.0,54.3
10004,189.0,2268.0,54.6
10005,157.0,1884.0,54.1
10006,181.0,2172.0,58.5
10007,181.0,2172.0,57.9
10008,161.0,1932.0,62.4
10009,150.0,1800.0,62.2
10010,189.0,2268.0,63.8
10011,167.0,2004.0,58.9
10012,177.0,2124.0,53.9
10013,153.0,1836.0,55.9
10014,178.0,2136.0,57.6
10015,155.0,1860.0,62.3
10016,144.0,1728.0,61.4
10017,165.0,1980.0,60.1
10018,152.0,1824.0,58.7
10019,145.0,1740.0,59.3
10020,155.0,1860.0,61.5
10021,149.0,1788.0,61.5
10022,133.0,1596.0,64.7
10023,124.0,1488.0,61.7
10024,139.0,1668.0,58.0
10025,119.0,1428.0,61.6
10026,135.0,1620.0,60.4
10027,130.0,1560.0,61.3
10028,131.0,1572.0,60.2
10029,132.0,1584.0,60.7
10030,123.0,1476.0,56.1
10031,123.0,1476.0,55.3
10032,112.0,1344.0,57.8
10033,108.0,1296.0,59.9
10034,116.0,1392.0,61.9
10035,102.0,1224.0,65.5
10036,113.0,1356.0,65.5
10037,96.0,1152.0,60.1
10038,100.0,1200.0,62.7
10039,105.0,1260.0,60.5
10040,91.0,1092.0,56.4
10041,106.0,1272.0,55.7
10042,104.0,1248.0,58.4
10043,88.0,1056.0,55.6
10044,100.0,1200.0,57.6
10045,87.0,1044.0,62.8
10046,100.0,1200.0,66.1
10047,87.0,1044.0,70.4
10048,86.0,1032.0,72.0
10049,94.0,1128.0,68.1
10050,88.0,1056.0,68.0
10051,80.0,960.0,68.6
10052,99.0,1188.0,66.3
10053,73.0,876.0,69.2
10054,90.0,1080.0,68.4
10055,76.0,912.0,68.4
10056,88.0,1056.0,69.9
10057,57.0,684.0,68.9
10058,82.0,984.0,68.9
10059,61.0,732.0,70.4
10060,73.0,876.0,67.3
10061,68.0,816.0,60.6
10062,63.0,756.0,58.6
10063,68.0,816.0,63.4
10064,74.0,888.0,66.6
10065,54.0,648.0,73.3
10066,61.0,732.0,68.7
10067,51.0,612.0,68.4
10068,49.0,588.0,68.9
10069,64.0,768.0,70.8
10070,65.0,780.0,63.6
10071,48.0,576.0,61.7
10072,68.0,816.0,65.4
10073,50.0,600.0,65.9
10074,70.0,840.0,67.6
10075,52.0,624.0,68.0
10076,48.0,576.0,70.7
10077,55.0,660.0,60.5
10078,61.0,732.0,62.3
10079,46.0,552.0,63.2
10080,54.0,648.0,67.7
10081,52.0,624.0,64.9
10082,53.0,636.0,68.1
10083,34.0,408.0,66.9
10084,31.0,372.0,69.7
10085,43.0,516.0,68.3
10086,36.0,432.0,69.6
10087,38.0,456.0,69.1
10088,47.0,564.0,67.3
10089,35.0,420.0,64.4
10090,38.0,456.0,62.8
10091,31.0,372.0,64.5
10092,43.0,516.0,64.8
10093,46.0,552.0,61.4
10094,34.0,408.0,64.2
10095,35.0,420.0,60.5
10096,36.0,432.0,63.9
10097,34.0,408.0,66.8
10098,37.0,444.0,63.8
10099,29.0,348.0,67.4
10100,26.0,312.0,66.4
10101,29.0,348.0,67.0
10102,30.0,360.0,62.1
10103,32.0,384.0,62.9
10104,32.0,384.0,66.9
10105,34.0,408.0,59.5
10106,25.0,300.0,62.1
10107,38.0,456.0,63.2
10108,33.0,396.0,65.7
10109,46.0,552.0,56.4
10110,20.0,240.0,63.0
10111,43.0,516.0,65.7
10112,33.0,396.0,64.2
10113,51.0,612.0,66.8
10114,41.0,492.0,69.2
10115,36.0,432.0,63.7
10116,46.0,552.0,64.0
10117,47.0,564.0,65.3
10118,41.0,492.0,65.6
10119,32.0,384.0,65.4
10120,45.0,540.0,63.2
10121,73.0,876.0,64.5
10122,56.0,672.0,65.1
10123,50.0,600.0,69.5
10124,65.0,780.0,67.5
10125,71.0,852.0,63.0
10126,68.0,816.0,66.4
10127,67.0,804.0,70.4
10128,67.0,804.0,71.0
10129,75.0,900.0,67.3
10130,80.0,960.0,66.0
10131,99.0,1188.0,64.8
10132,99.0,1188.0,70.5
10133,96.0,1152.0,69.9
10134,102.0,1224.0,70.7
10135,97.0,1164.0,67.5
10136,109.0,1308.0,65.9
10137,96.0,1152.0,71.3
10138,94.0,1128.0,67.6
10139,104.0,1248.0,67.3
10140,92.0,1104.0,65.8
10141,88.0,1056.0,66.0
10142,115.0,1380.0,64.6
10143,108.0,1296.0,62.8
10144,116.0,1392.0,61.3
10145,107.0,1284.0,62.9
10146,111.0,1332.0,66.7
10147,118.0,1416.0,68.2
10148,130.0,1560.0,64.2
10149,142.0,1704.0,65.2
10150,118.0,1416.0,65.5
10151,118.0,1416.0,69.3
10152,112.0,1344.0,65.5
10153,162.0,1944.0,64.0
10154,133.0,1596.0,62.9
10155,143.0,1716.0,64.1
10156,157.0,1884.0,67.8
10157,178.0,2136.0,67.3
10158,149.0,1788.0,67.8
10159,154.0,1848.0,68.7
10160,160.0,1920.0,65.9
10161,149.0,1788.0,64.0
10162,167.0,2004.0,66.0
10163,155.0,1860.0,68.0
10164,159.0,1908.0,66.5
10165,194.0,2328.0,64.2
10166,165.0,1980.0,67.4
10167,185.0,2220.0,65.0
10168,180.0,2160.0,65.8
10169,187.0,2244.0,64.5
10170,176.0,2112.0,68.2
10171,164.0,1968.0,66.0
10172,178.0,2136.0,68.0
10173,186.0,2232.0,66.1
10174,167.0,2004.0,63.3
10175,162.0,1944.0,67.8
10176,158.0,1896.0,68.9
10177,201.0,2412.0,62.2
10178,147.0,1764.0,62.7
10179,162.0,1944.0,63.3
10180,168.0,2016.0,61.7
10181,153.0,1836.0,60.4
10182,189.0,2268.0,61.0
10183,144.0,1728.0,58.3
10184,178.0,2136.0,58.1
10185,162.0,1944.0,61.6
10186,150.0,1800.0,58.2
10187,171.0,2052.0,58.7
10188,160.0,1920.0,58.0
10189,158.0,1896.0,54.6
10190,187.0,2244.0,57.4
10191,154.0,1848.0,56.2
10192,166.0,1992.0,55.4
10193,170.0,2040.0,57.5
10194,169.0,2028.0,54.7
10195,162.0,1944.0,51.3
10196,169.0,2028.0,56.0
10197,183.0,2196.0,58.6
10198,162.0,1944.0,57.6
10199,193.0,2316.0,54.7
10200,162.0,1944.0,54.7
10201,172.0,2064.0,54.9
10202,186.0,2232.0,53.3
10203,174.0,2088.0,52.1
10204,176.0,2112.0,48.5
10205,170.0,2040.0,51.4
10206,167.0,2004.0,52.5
10207,180.0,2160.0,56.4
10208,181.0,2172.0,54.3
10209,168.0,2016.0,55.7
10210,184.0,2208.0,57.3
10211,175.0,2100.0,53.1
10212,167.0,2004.0,53.3
10213,176.0,2112.0,53.9
10214,175.0,2100.0,54.2
10215,183.0,2196.0,56.5
10216,166.0,1992.0,57.1
10217,178.0,2136.0,54.8
10218,146.0,1752.0,54.5
10219,199.0,2388.0,49.0
10220,190.0,2280.0,51.0
10221,190.0,2280.0,54.1
10222,192.0,2304.0,53.0
10223,195.0,2340.0,56.5
10224,169.0,2028.0,56.6
10225,205.0,2460.0,53.9
10226,200.0,2400.0,56.0
10227,186.0,2232.0,54.9
10228,181.0,2172.0,54.1
10229,162.0,1944.0,50.6
10230,185.0,2220.0,50.2
10231,194.0,2328.0,51.8
10232,204.0,2448.0,54.3
10233,181.0,2172.0,56.4
10234,175.0,2100.0,55.4
10235,181.0,2172.0,53.8
10236,195.0,2340.0,55.2
10237,179.0,2148.0,56.3
10238,201.0,2412.0,55.1
10239,180.0,2160.0,52.0
10240,175.0,2100.0,47.7
10241,190.0,2280.0,51.4
10242,184.0,2208.0,49.4
10243,198.0,2376.0,49.0
10244,223.0,2676.0,49.1
10245,192.0,2304.0,48.5
10246,173.0,2076.0,53.3
10247,176.0,2112.0,50.4
10248,181.0,2172.0,51.2
10249,162.0,1944.0,50.1
10250,162.0,1944.0,48.6
10251,205.0,2460.0,51.2
10252,201.0,2412.0,52.0
10253,207.0,2484.0,51.8
10254,203.0,2436.0,53.3
10255,198.0,2376.0,54.6
10256,197.0,2364.0,53.0
10257,199.0,2388.0,49.7
10258,189.0,2268.0,49.4
10259,198.0,2376.0,52.0
10260,197.0,2364.0,52.5
10261,169.0,2028.0,54.6
10262,196.0,2352.0,55.1
10263,194.0,2328.0,54.5
10264,198.0,2376.0,54.8
10265,182.0,2184.0,52.4
10266,201.0,2412.0,51.9
10267,193.0,2316.0,52.2
10268,208.0,2496.0,54.0
10269,219.0,2628.0,50.6
10270,215.0,2580.0,51.9
10271,203.0,2436.0,53.1
10272,193.0,2316.0,53.7
10273,181.0,2172.0,51.4
10274,167.0,2004.0,50.3
10275,175.0,2100.0,50.6
10276,180.0,2160.0,48.2
10277,187.0,2244.0,49.5
10278,155.0,1860.0,53.3
10279,171.0,2052.0,54.5
10280,181.0,2172.0,56.3
10281,223.0,2676.0,57.5
10282,200.0,2400.0,56.6
10283,165.0,1980.0,53.9
10284,157.0,1884.0,53.9
10285,187.0,2244.0,48.9
10286,184.0,2208.0,50.5
10287,164.0,1968.0,48.4
10288,212.0,2544.0,55.5
10289,210.0,2520.0,59.3
10290,177.0,2124.0,55.4
10291,184.0,2208.0,55.9
10292,191.0,2292.0,56.6
10293,187.0,2244.0,61.5
10294,166.0,1992.0,62.8
10295,194.0,2328.0,61.2
10296,180.0,2160.0,59.0
10297,192.0,2304.0,56.8
10298,158.0,1896.0,57.3
10299,180.0,2160.0,58.3
10300,165.0,1980.0,59.3
10301,186.0,2232.0,58.5
10302,165.0,1980.0,59.6
10303,165.0,1980.0,56.6
10304,171.0,2052.0,59.8
10305,162.0,1944.0,60.7
10306,163.0,1956.0,62.1
10307,161.0,1932.0,61.0
10308,132.0,1584.0,61.1
10309,145.0,1740.0,65.5
10310,126.0,1512.0,60.9
10311,146.0,1752.0,62.0
10312,145.0,1740.0,63.6
10313,137.0,1644.0,62.6
10314,136.0,1632.0,65.5
10315,137.0,1644.0,60.9
10316,138.0,1656.0,62.9
10317,124.0,1488.0,64.0
10318,148.0,1776.0,64.9
10319,140.0,1680.0,65.1
10320,149.0,1788.0,64.4
10321,134.0,1608.0,61.6
10322,138.0,1656.0,59.8
10323,137.0,1644.0,62.4
10324,121.0,1452.0,60.0
10325,132.0,1584.0,63.5
10326,119.0,1428.0,59.8
10327,100.0,1200.0,59.8
10328,128.0,1536.0,61.3
10329,117.0,1404.0,65.1
10330,80.0,960.0,66.5
10331,109.0,1308.0,63.5
10332,106.0,1272.0,73.5
10333,96.0,1152.0,74.3
10334,122.0,1464.0,73.5
10335,95.0,1140.0,72.6
10336,103.0,1236.0,74.4
10337,83.0,996.0,72.9
10338,93.0,1116.0,72.7
10339,94.0,1128.0,69.2
10340,119.0,1428.0,69.8
10341,106.0,1272.0,66.6
10342,77.0,924.0,64.4
10343,100.0,1200.0,68.1
10344,102.0,1224.0,72.1
10345,85.0,1020.0,70.0
10346,105.0,1260.0,68.9
10347,67.0,804.0,71.3
10348,75.0,900.0,67.5
10349,89.0,1068.0,67.1
10350,86.0,1032.0,66.2
10351,93.0,1116.0,64.8
10352,69.0,828.0,68.0
10353,65.0,780.0,67.4
10354,70.0,840.0,71.1
10355,60.0,720.0,67.8
10356,87.0,1044.0,66.7
10357,55.0,660.0,66.5
10358,67.0,804.0,68.4
10359,60.0,720.0,66.7
10360,52.0,624.0,65.8
10361,63.0,756.0,64.9
10362,61.0,732.0,67.8
10363,63.0,756.0,66.5
10364,64.0,768.0,64.7
10365,66.0,792.0,66.5
10366,62.0,744.0,63.9
10367,47.0,564.0,67.1
10368,48.0,576.0,68.8
10369,43.0,516.0,66.1
10370,59.0,708.0,64.7
10371,50.0,600.0,62.8
10372,39.0,468.0,66.5
10373,46.0,552.0,66.0
10374,50.0,600.0,64.7
10375,40.0,480.0,68.7
10376,38.0,456.0,62.5
10377,36.0,432.0,63.0
10378,44.0,528.0,64.4
10379,47.0,564.0,65.1
10380,33.0,396.0,63.4
10381,35.0,420.0,64.0
10382,39.0,468.0,66.4
10383,36.0,432.0,66.4
10384,39.0,468.0,67.6
10385,37.0,444.0,65.2
10386,42.0,504.0,65.5
10387,19.0,228.0,66.6
10388,33.0,396.0,64.8
10389,36.0,432.0,64.8
10390,34.0,408.0,65.6
10391,31.0,372.0,66.2
10392,42.0,504.0,67.6
10393,32.0,384.0,65.8
10394,36.0,432.0,67.4
10395,41.0,492.0,64.3
10396,26.0,312.0,64.8
10397,36.0,432.0,65.0
10398,35.0,420.0,66.0
10399,32.0,384.0,65.0
10400,34.0,408.0,62.0
10401,34.0,408.0,62.5
10402,23.0,276.0,65.6
10403,40.0,480.0,64.3
10404,42.0,504.0,64.3
10405,32.0,384.0,66.4
10406,36.0,432.0,67.2
10407,40.0,480.0,67.0
10408,39.0,468.0,67.6
10409,30.0,360.0,68.6
10410,30.0,360.0,68.1
10411,39.0,468.0,67.4
10412,48.0,576.0,64.1
10413,38.0,456.0,67.0
10414,39.0,468.0,67.6
10415,43.0,516.0,68.0
10416,45.0,540.0,67.9
10417,36.0,432.0,63.8
10418,48.0,576.0,65.4
10419,39.0,468.0,65.9
10420,47.0,564.0,63.6
10421,44.0,528.0,57.2
10422,40.0,480.0,61.8
10423,64.0,768.0,61.6
10424,59.0,708.0,64.1
10425,49.0,588.0,66.3
10426,52.0,624.0,65.3
10427,45.0,540.0,65.0
10428,46.0,552.0,63.8
10429,62.0,744.0,65.8
10430,52.0,624.0,66.3
10431,32.0,384.0,65.4
10432,88.0,1056.0,65.3
10433,63.0,756.0,67.6
10434,69.0,828.0,65.6
10435,69.0,828.0,68.2
10436,71.0,852.0,71.9
10437,75.0,900.0,72.4
10438,55.0,660.0,71.2
10439,83.0,996.0,74.2
10440,77.0,924.0,71.5
10441,72.0,864.0,68.3
10442,91.0,1092.0,68.4
10443,79.0,948.0,70.5
10444,93.0,1116.0,68.8
10445,96.0,1152.0,71.1
10446,111.0,1332.0,69.8
10447,88.0,1056.0,63.7
10448,99.0,1188.0,67.2
10449,84.0,1008.0,65.4
10450,116.0,1392.0,68.2
10451,99.0,1188.0,70.2
10452,80.0,960.0,69.7
10453,94.0,1128.0,70.7
10454,116.0,1392.0,72.2
10455,105.0,1260.0,70.7
10456,113.0,1356.0,74.1
10457,122.0,1464.0,70.9
10458,107.0,1284.0,67.1
10459,124.0,1488.0,67.8
10460,127.0,1524.0,66.1
10461,127.0,1524.0,65.3
10462,145.0,1740.0,65.0
10463,119.0,1428.0,67.4
10464,136.0,1632.0,66.5
10465,146.0,1752.0,69.9
10466,128.0,1536.0,67.7
10467,139.0,1668.0,68.0
10468,116.0,1392.0,67.4
10469,145.0,1740.0,65.7
10470,139.0,1668.0,69.3
10471,149.0,1788.0,71.2
10472,157.0,1884.0,68.3
10473,157.0,1884.0,69.7
10474,166.0,1992.0,65.4
10475,189.0,2268.0,66.6
10476,170.0,2040.0,62.5
10477,143.0,1716.0,53.9
10478,172.0,2064.0,58.4
10479,151.0,1812.0,63.2
10480,147.0,1764.0,64.6
10481,148.0,1776.0,61.5
10482,200.0,2400.0,60.6
10483,189.0,2268.0,60.9
10484,155.0,1860.0,56.5
10485,167.0,2004.0,60.1
10486,168.0,2016.0,57.7
10487,151.0,1812.0,58.1
10488,143.0,1716.0,59.3
10489,164.0,1968.0,61.5
10490,167.0,2004.0,58.7
10491,170.0,2040.0,61.3
10492,178.0,2136.0,60.4
10493,193.0,2316.0,59.3
10494,186.0,2232.0,57.5
10495,190.0,2280.0,58.5
10496,180.0,2160.0,59.6
10497,199.0,2388.0,59.7
10498,152.0,1824.0,60.6
10499,166.0,1992.0,55.3
10500,148.0,1776.0,54.2
10501,172.0,2064.0,54.2
10502,194.0,2328.0,53.8
10503,163.0,1956.0,58.0
10504,170.0,2040.0,58.1
10505,163.0,1956.0,55.8
10506,202.0,2424.0,53.8
10507,161.0,1932.0,54.1
10508,187.0,2244.0,56.6
10509,197.0,2364.0,58.2
10510,173.0,2076.0,58.2
10511,179.0,2148.0,56.1
10512,163.0,1956.0,57.3
10513,190.0,2280.0,57.9
10514,149.0,1788.0,58.6
10515,189.0,2268.0,50.1
10516,164.0,1968.0,51.6
10517,168.0,2016.0,53.8
10518,182.0,2184.0,54.0
10519,190.0,2280.0,53.2
10520,183.0,2196.0,56.1
10521,189.0,2268.0,54.6
10522,171.0,2052.0,54.1
10523,170.0,2040.0,56.0
10524,195.0,2340.0,55.5
10525,172.0,2064.0,53.1
10526,180.0,2160.0,53.6
10527,166.0,1992.0,49.8
10528,191.0,2292.0,51.9
10529,184.0,2208.0,51.1
10530,194.0,2328.0,53.5
10531,192.0,2304.0,52.8
10532,204.0,2448.0,54.6
10533,200.0,2400.0,55.6
10534,166.0,1992.0,55.7
10535,202.0,2424.0,56.3
10536,204.0,2448.0,54.3
10537,183.0,2196.0,52.3
10538,169.0,2028.0,54.5
10539,184.0,2208.0,52.7
10540,149.0,1788.0,52.7
10541,170.0,2040.0,49.3
10542,156.0,1872.0,47.8
10543,201.0,2412.0,51.4
10544,176.0,2112.0,54.3
10545,146.0,1752.0,55.4
10546,179.0,2148.0,50.8
10547,192.0,2304.0,52.5
10548,167.0,2004.0,56.0
10549,172.0,2064.0,54.8
10550,159.0,1908.0,55.4
10551,182.0,2184.0,53.4
10552,181.0,2172.0,51.5
10553,157.0,1884.0,50.1
10554,174.0,2088.0,45.4
10555,191.0,2292.0,48.8
10556,172.0,2064.0,53.6
10557,162.0,1944.0,55.0
10558,180.0,2160.0,53.7
10559,180.0,2160.0,53.3
10560,168.0,2016.0,50.1
10561,164.0,1968.0,49.8
10562,175.0,2100.0,50.7
10563,158.0,1896.0,53.2
10564,173.0,2076.0,51.1
10565,171.0,2052.0,54.4
10566,197.0,2364.0,56.9
10567,178.0,2136.0,57.4
10568,184.0,2208.0,56.1
10569,153.0,1836.0,58.5
10570,151.0,1812.0,52.9
10571,156.0,1872.0,51.6
10572,155.0,1860.0,50.6
10573,177.0,2124.0,48.4
10574,159.0,1908.0,50.3
10575,140.0,1680.0,54.3
10576,175.0,2100.0,54.2
10577,180.0,2160.0,54.3
10578,180.0,2160.0,56.5
10579,177.0,2124.0,56.0
10580,149.0,1788.0,56.4
10581,170.0,2040.0,57.0
10582,152.0,1824.0,60.7
10583,134.0,1608.0,60.1
10584,150.0,1800.0,61.2
10585,153.0,1836.0,62.4
10586,155.0,1860.0,59.8
10587,178.0,2136.0,59.2
10588,156.0,1872.0,57.2
10589,132.0,1584.0,59.7
10590,160.0,1920.0,65.7
10591,164.0,1968.0,66.2
10592,141.0,1692.0,64.9
10593,142.0,1704.0,60.2
10594,151.0,1812.0,58.7
10595,139.0,1668.0,64.3
10596,152.0,1824.0,64.5
10597,139.0,1668.0,56.9
10598,151.0,1812.0,58.0
10599,122.0,1464.0,60.9
10600,147.0,1764.0,60.4
10601,138.0,1656.0,63.5
10602,131.0,1572.0,66.8
10603,132.0,1584.0,63.9
10604,145.0,1740.0,61.2
10605,146.0,1752.0,63.1
10606,150.0,1800.0,61.9
10607,116.0,1392.0,62.0
10608,120.0,1440.0,61.1
10609,135.0,1620.0,58.2
10610,126.0,1512.0,61.9
10611,121.0,1452.0,55.8
10612,140.0,1680.0,60.4
10613,136.0,1632.0,60.2
10614,138.0,1656.0,60.6
10615,136.0,1632.0,59.5
10616,128.0,1536.0,60.3
10617,124.0,1488.0,60.9
10618,126.0,1512.0,62.1
10619,118.0,1416.0,64.6
10620,120.0,1440.0,67.4
10621,120.0,1440.0,67.4
10622,104.0,1248.0,68.1
10623,103.0,1236.0,70.6
10624,108.0,1296.0,70.5
10625,124.0,1488.0,71.1
10626,106.0,1272.0,71.2
10627,115.0,1380.0,72.8
10628,104.0,1248.0,72.8
10629,112.0,1344.0,69.8
10630,180.0,2160.0,73.8
10631,98.0,1176.0,67.5
10632,96.0,1152.0,67.8
10633,104.0,1248.0,64.1
10634,94.0,1128.0,65.7
10635,93.0,1116.0,67.6
10636,98.0,1176.0,67.9
10637,74.0,888.0,68.6
10638,91.0,1092.0,67.9
10639,103.0,1236.0,69.2
10640,83.0,996.0,71.8
10641,73.0,876.0,69.1
10642,87.0,1044.0,68.8
10643,78.0,936.0,70.1
10644,80.0,960.0,68.0
10645,83.0,996.0,68.6
10646,87.0,1044.0,66.9
10647,68.0,816.0,63.4
10648,73.0,876.0,65.1
10649,75.0,900.0,64.6
10650,87.0,1044.0,65.5
10651,72.0,864.0,66.4
10652,72.0,864.0,67.5
10653,61.0,732.0,66.9
10654,67.0,804.0,67.6
10655,76.0,912.0,64.6
10656,43.0,516.0,68.2
10657,67.0,804.0,69.9
10658,63.0,756.0,68.9
10659,62.0,744.0,69.8
10660,57.0,684.0,69.4
10661,48.0,576.0,67.8
10662,56.0,672.0,65.9
10663,61.0,732.0,69.1
10664,52.0,624.0,67.7
10665,76.0,912.0,64.4
10666,47.0,564.0,67.6
10667,47.0,564.0,66.1
10668,49.0,588.0,65.9
10669,30.0,360.0,65.6
10670,38.0,456.0,67.7
10671,41.0,492.0,68.3
10672,62.0,744.0,64.7
10673,41.0,492.0,66.8
10674,34.0,408.0,68.1
10675,50.0,600.0,66.5
10676,33.0,396.0,64.7
10677,36.0,432.0,67.8
10678,34.0,408.0,67.6
10679,37.0,444.0,67.7
10680,35.0,420.0,66.2
10681,47.0,564.0,68.4
10682,34.0,408.0,69.2
10683,47.0,564.0,68.9
10684,36.0,432.0,66.5
10685,38.0,456.0,68.9
10686,36.0,432.0,68.4
10687,35.0,420.0,69.1
10688,45.0,540.0,68.8
10689,32.0,384.0,68.3
10690,34.0,408.0,70.2
10691,33.0,396.0,69.5
10692,26.0,312.0,68.6
10693,38.0,456.0,68.6
10694,31.0,372.0,69.2
10695,49.0,588.0,67.6
10696,34.0,408.0,67.9
10697,25.0,300.0,69.8
10698,48.0,576.0,67.7
10699,31.0,372.0,67.5
10700,26.0,312.0,69.2
10701,29.0,348.0,69.8
10702,36.0,432.0,69.5
10703,35.0,420.0,68.4
10704,35.0,420.0,68.6
10705,25.0,300.0,66.6
10706,32.0,384.0,66.3
10707,21.0,252.0,66.6
10708,32.0,384.0,66.8
10709,41.0,492.0,67.2
10710,27.0,324.0,67.1
10711,30.0,360.0,68.3
10712,36.0,432.0,68.6
10713,36.0,432.0,69.2
10714,31.0,372.0,70.4
10715,34.0,408.0,68.2
10716,37.0,444.0,68.7
10717,39.0,468.0,68.7
10718,31.0,372.0,70.2
10719,41.0,492.0,63.5
10720,31.0,372.0,65.8
10721,33.0,396.0,67.8
10722,31.0,372.0,68.0
10723,53.0,636.0,66.8
10724,40.0,480.0,68.0
10725,44.0,528.0,68.1
10726,53.0,636.0,69.3
10727,42.0,504.0,69.5
10728,52.0,624.0,69.9
10729,52.0,624.0,70.5
10730,61.0,732.0,68.6
10731,58.0,696.0,64.2
10732,69.0,828.0,68.3
10733,65.0,780.0,67.8
10734,74.0,888.0,66.3
10735,75.0,900.0,68.0
10736,98.0,1176.0,66.9
10737,75.0,900.0,66.4
10738,63.0,756.0,65.4
10739,69.0,828.0,67.1
10740,67.0,804.0,64.4
10741,76.0,912.0,64.4
10742,77.0,924.0,66.3
10743,65.0,780.0,68.7
10744,69.0,828.0,68.6
10745,94.0,1128.0,67.8
10746,89.0,1068.0,67.5
10747,92.0,1104.0,62.3
10748,102.0,1224.0,63.2
10749,78.0,936.0,65.7
10750,84.0,1008.0,61.3
10751,73.0,876.0,63.3
10752,87.0,1044.0,66.2
10753,91.0,1092.0,67.0
10754,101.0,1212.0,67.8
10755,105.0,1260.0,63.7
10756,104.0,1248.0,64.5
10757,104.0,1248.0,62.7
10758,101.0,1212.0,61.7
10759,110.0,1320.0,61.6
10760,122.0,1464.0,60.8
10761,121.0,1452.0,58.5
10762,120.0,1440.0,58.6
10763,114.0,1368.0,58.7
10764,125.0,1500.0,55.3
10765,127.0,1524.0,58.5
10766,129.0,1548.0,59.2
10767,125.0,1500.0,58.7
10768,163.0,1956.0,58.7
10769,146.0,1752.0,63.2
10770,156.0,1872.0,62.2
10771,141.0,1692.0,62.0
10772,133.0,1596.0,61.6
10773,143.0,1716.0,60.1
10774,159.0,1908.0,58.3
10775,138.0,1656.0,52.5
10776,148.0,1776.0,51.8
10777,166.0,1992.0,51.2
10778,171.0,2052.0,55.0
10779,154.0,1848.0,55.4
10780,162.0,1944.0,55.3
10781,138.0,1656.0,55.6
10782,155.0,1860.0,54.9
10783,190.0,2280.0,54.7
10784,180.0,2160.0,55.9
10785,192.0,2304.0,58.3
10786,175.0,2100.0,59.2
10787,182.0,2184.0,59.5
10788,184.0,2208.0,61.4
10789,182.0,2184.0,58.1
10790,183.0,2196.0,54.6
10791,181.0,2172.0,50.7
10792,160.0,1920.0,47.0
10793,222.0,2664.0,51.3
10794,170.0,2040.0,55.8
10795,203.0,2436.0,57.2
10796,204.0,2448.0,54.9
10797,196.0,2352.0,58.5
10798,164.0,1968.0,58.0
10799,204.0,2448.0,55.9
10800,163.0,1956.0,56.1
10801,174.0,2088.0,55.7
10802,197.0,2364.0,54.3
10803,199.0,2388.0,55.9
10804,181.0,2172.0,51.7
10805,186.0,2232.0,47.3
10806,202.0,2424.0,47.5
10807,175.0,2100.0,47.8
10808,199.0,2388.0,49.8
10809,206.0,2472.0,51.0
10810,179.0,2148.0,54.3
10811,208.0,2496.0,55.6
10812,205.0,2460.0,56.7
10813,198.0,2376.0,53.0
10814,190.0,2280.0,47.3
10815,206.0,2472.0,52.4
10816,199.0,2388.0,50.0
10817,199.0,2388.0,51.1
10818,177.0,2124.0,49.6
10819,199.0,2388.0,46.0
10820,169.0,2028.0,44.1
10821,206.0,2472.0,44.5
10822,165.0,1980.0,46.9
10823,169.0,2028.0,49.5
10824,191.0,2292.0,52.5
10825,179.0,2148.0,52.0
10826,161.0,1932.0,51.0
10827,199.0,2388.0,51.1
10828,167.0,2004.0,55.2
10829,178.0,2136.0,53.8
10830,167.0,2004.0,53.2
10831,154.0,1848.0,53.7
10832,165.0,1980.0,47.8
10833,182.0,2184.0,48.9
10834,151.0,1812.0,47.8
10835,158.0,1896.0,48.1
10836,153.0,1836.0,48.6
10837,198.0,2376.0,47.3
10838,188.0,2256.0,48.3
10839,191.0,2292.0,50.6
10840,185.0,2220.0,52.2
10841,180.0,2160.0,53.7
10842,160.0,1920.0,52.2
10843,166.0,1992.0,53.6
10844,210.0,2520.0,54.0
10845,186.0,2232.0,53.6
10846,181.0,2172.0,52.2
10847,181.0,2172.0,51.9
10848,172.0,2064.0,55.1
10849,170.0,2040.0,53.4
10850,186.0,2232.0,51.4
10851,173.0,2076.0,50.1
10852,172.0,2064.0,46.6
10853,188.0,2256.0,46.0
10854,170.0,2040.0,44.5
10855,180.0,2160.0,44.6
10856,192.0,2304.0,45.5
10857,199.0,2388.0,50.8
10858,167.0,2004.0,56.9
10859,184.0,2208.0,55.7
10860,183.0,2196.0,56.4
10861,177.0,2124.0,54.1
10862,180.0,2160.0,51.8
10863,162.0,1944.0,47.0
10864,197.0,2364.0,47.2
10865,194.0,2328.0,45.8
10866,138.0,1656.0,49.7
10867,196.0,2352.0,52.5
10868,181.0,2172.0,54.0
10869,176.0,2112.0,54.1
10870,179.0,2148.0,53.8
10871,157.0,1884.0,51.1
10872,167.0,2004.0,51.2
10873,162.0,1944.0,53.7
10874,162.0,1944.0,57.0
10875,170.0,2040.0,56.4
10876,166.0,1992.0,60.2
10877,159.0,1908.0,55.8
10878,171.0,2052.0,48.9
10879,169.0,2028.0,52.0
10880,162.0,1944.0,59.6
10881,165.0,1980.0,61.6
10882,166.0,1992.0,60.2
10883,152.0,1824.0,60.7
10884,150.0,1800.0,64.2
10885,148.0,1776.0,63.2
10886,159.0,1908.0,61.9
10887,143.0,1716.0,60.8
10888,158.0,1896.0,56.4
10889,118.0,1416.0,58.4
10890,158.0,1896.0,58.0
10891,183.0,2196.0,57.8
10892,175.0,2100.0,54.6
10893,175.0,2100.0,56.4
10894,134.0,1608.0,59.8
10895,146.0,1752.0,63.1
10896,152.0,1824.0,63.1
10897,132.0,1584.0,63.6
10898,143.0,1716.0,59.1
10899,135.0,1620.0,61.6
10900,128.0,1536.0,57.5
10901,141.0,1692.0,60.0
10902,144.0,1728.0,63.0
10903,144.0,1728.0,61.6
10904,130.0,1560.0,60.7
10905,142.0,1704.0,58.9
10906,125.0,1500.0,57.9
10907,138.0,1656.0,57.4
10908,166.0,1992.0,58.9
10909,127.0,1524.0,65.2
10910,153.0,1836.0,68.2
10911,190.0,2280.0,66.7
10912,120.0,1440.0,64.0
10913,111.0,1332.0,66.2
10914,118.0,1416.0,63.5
10915,113.0,1356.0,62.6
10916,109.0,1308.0,64.2
10917,101.0,1212.0,69.4
10918,103.0,1236.0,67.0
10919,123.0,1476.0,66.8
10920,102.0,1224.0,64.2
10921,100.0,1200.0,57.7
10922,97.0,1164.0,58.6
10923,106.0,1272.0,61.0
10924,84.0,1008.0,63.8
10925,92.0,1104.0,63.1
10926,92.0,1104.0,63.1
10927,87.0,1044.0,63.9
10928,83.0,996.0,64.9
10929,84.0,1008.0,67.4
10930,83.0,996.0,65.2
10931,80.0,960.0,65.8
10932,77.0,924.0,63.5
10933,70.0,840.0,66.0
10934,70.0,840.0,66.5
10935,71.0,852.0,64.7
10936,66.0,792.0,62.6
10937,65.0,780.0,64.5
10938,59.0,708.0,67.6
10939,59.0,708.0,68.2
10940,58.0,696.0,64.3
10941,57.0,684.0,62.8
10942,58.0,696.0,64.5
10943,58.0,696.0,62.4
10944,63.0,756.0,68.9
10945,48.0,576.0,65.1
10946,51.0,612.0,66.3
10947,46.0,552.0,65.6
10948,48.0,576.0,66.7
10949,43.0,516.0,65.0
10950,41.0,492.0,66.0
10951,40.0,480.0,66.9
10952,43.0,516.0,67.1
10953,41.0,492.0,68.8
10954,39.0,468.0,65.6
10955,41.0,492.0,62.4
10956,39.0,468.0,66.3
10957,43.0,516.0,66.6
10958,38.0,456.0,64.9
10959,31.0,372.0,68.6
10960,31.0,372.0,65.7
10961,47.0,564.0,67.9
10962,39.0,468.0,67.5
10963,21.0,252.0,67.8
10964,24.0,288.0,64.4
10965,42.0,504.0,64.8
10966,31.0,372.0,63.1
10967,42.0,504.0,68.1
10968,28.0,336.0,68.4
10969,39.0,468.0,67.5
10970,55.0,660.0,66.2
10971,31.0,372.0,67.2
10972,44.0,528.0,66.5
10973,38.0,456.0,64.0
10974,40.0,480.0,64.5
10975,41.0,492.0,59.3
10976,37.0,444.0,60.7
10977,37.0,444.0,65.1
10978,41.0,492.0,67.3
10979,41.0,492.0,69.9
10980,44.0,528.0,68.9
10981,47.0,564.0,70.0
10982,48.0,576.0,74.1
10983,51.0,612.0,71.2
10984,50.0,600.0,64.1
10985,81.0,972.0,72.4
10986,53.0,636.0,70.1
10987,74.0,888.0,68.7
10988,57.0,684.0,71.5
10989,76.0,912.0,70.2
10990,79.0,948.0,68.4
10991,82.0,984.0,70.3
10992,82.0,984.0,68.9
10993,82.0,984.0,65.7
10994,103.0,1236.0,68.5
10995,98.0,1176.0,66.5
10996,101.0,1212.0,68.1
10997,95.0,1140.0,72.1
10998,107.0,1284.0,70.0
10999,111.0,1332.0,69.1
11000,83.0,996.0,70.6
11001,105.0,1260.0,67.8
11002,89.0,1068.0,65.4
11003,75.0,900.0,62.9
11004,108.0,1296.0,65.4
11005,111.0,1332.0,66.3
11006,108.0,1296.0,69.1
11007,112.0,1344.0,68.8
11008,121.0,1452.0,69.2
11009,119.0,1428.0,69.5
11010,130.0,1560.0,69.2
11011,119.0,1428.0,66.1
11012,126.0,1512.0,66.4
11013,121.0,1452.0,64.5
11014,115.0,1380.0,66.5
11015,113.0,1356.0,64.8
11016,131.0,1572.0,65.5
11017,167.0,2004.0,65.3
11018,130.0,1560.0,70.1
11019,172.0,2064.0,66.8
11020,142.0,1704.0,68.3
11021,169.0,2028.0,69.8
11022,170.0,2040.0,70.5
11023,181.0,2172.0,69.3
11024,145.0,1740.0,69.0
11025,152.0,1824.0,69.8
11026,152.0,1824.0,68.0
11027,170.0,2040.0,69.5
11028,135.0,1620.0,68.0
11029,178.0,2136.0,65.3
11030,174.0,2088.0,64.0
11031,173.0,2076.0,65.8
11032,184.0,2208.0,63.7
11033,155.0,1860.0,67.0
11034,171.0,2052.0,68.6
11035,161.0,1932.0,67.5
11036,187.0,2244.0,66.1
11037,188.0,2256.0,69.1
11038,147.0,1764.0,67.4
11039,160.0,1920.0,68.2
11040,140.0,1680.0,69.5
11041,175.0,2100.0,68.1
11042,141.0,1692.0,67.3
11043,138.0,1656.0,66.3
11044,164.0,1968.0,66.7
11045,172.0,2064.0,68.2
11046,172.0,2064.0,65.1
11047,181.0,2172.0,65.0
11048,173.0,2076.0,66.2
11049,164.0,1968.0,63.0
11050,161.0,1932.0,64.4
11051,143.0,1716.0,67.3
11052,176.0,2112.0,66.8
11053,143.0,1716.0,64.4
11054,141.0,1692.0,60.4
11055,156.0,1872.0,60.9
11056,142.0,1704.0,62.0
11057,172.0,2064.0,60.2
11058,172.0,2064.0,61.0
11059,190.0,2280.0,60.1
11060,197.0,2364.0,62.1
11061,166.0,1992.0,61.6
11062,161.0,1932.0,59.6
11063,145.0,1740.0,57.1
11064,142.0,1704.0,58.4
11065,166.0,1992.0,59.5
11066,159.0,1908.0,61.4
11067,149.0,1788.0,62.4
11068,184.0,2208.0,64.2
11069,147.0,1764.0,59.7
11070,179.0,2148.0,58.6
11071,178.0,2136.0,58.0
11072,179.0,2148.0,58.3
11073,164.0,1968.0,54.6
11074,181.0,2172.0,56.2
11075,150.0,1800.0,56.7
11076,163.0,1956.0,55.7
11077,180.0,2160.0,54.7
11078,174.0,2088.0,55.5
11079,205.0,2460.0,54.9
11080,164.0,1968.0,55.8
11081,167.0,2004.0,55.0
11082,171.0,2052.0,51.4
11083,170.0,2040.0,50.8
11084,183.0,2196.0,51.7
11085,173.0,2076.0,49.4
11086,163.0,1956.0,50.2
11087,184.0,2208.0,52.6
11088,163.0,1956.0,56.3
11089,172.0,2064.0,57.1
11090,180.0,2160.0,57.5
11091,172.0,2064.0,57.4
11092,181.0,2172.0,54.5
11093,170.0,2040.0,55.3
11094,174.0,2088.0,56.6
11095,174.0,2088.0,55.3
11096,178.0,2136.0,55.1
11097,171.0,2052.0,56.2
11098,181.0,2172.0,57.5
11099,166.0,1992.0,59.9
11100,171.0,2052.0,55.1
11101,140.0,1680.0,42.2
11102,175.0,2100.0,50.9
11103,159.0,1908.0,54.2
11104,140.0,1680.0,49.1
11105,164.0,1968.0,48.9
11106,147.0,1764.0,52.9
11107,192.0,2304.0,54.0
11108,166.0,1992.0,57.6
11109,169.0,2028.0,56.5
11110,158.0,1896.0,55.9
11111,145.0,1740.0,50.8
11112,159.0,1908.0,48.3
11113,138.0,1656.0,47.3
11114,178.0,2136.0,49.3
11115,169.0,2028.0,49.3
11116,191.0,2292.0,51.0
11117,164.0,1968.0,54.8
11118,172.0,2064.0,56.8
11119,196.0,2352.0,57.6
11120,186.0,2232.0,55.2
11121,195.0,2340.0,55.7
11122,173.0,2076.0,48.1
11123,173.0,2076.0,48.6
11124,166.0,1992.0,49.1
11125,186.0,2232.0,46.8
11126,176.0,2112.0,51.0
11127,191.0,2292.0,50.5
11128,177.0,2124.0,53.4
11129,178.0,2136.0,55.6
11130,193.0,2316.0,54.3
11131,211.0,2532.0,51.8
11132,196.0,2352.0,52.9
11133,200.0,2400.0,55.3
11134,174.0,2088.0,53.2
11135,189.0,2268.0,50.6
11136,194.0,2328.0,47.4
11137,155.0,1860.0,51.1
11138,181.0,2172.0,46.9
11139,173.0,2076.0,50.4
11140,191.0,2292.0,47.4
11141,181.0,2172.0,48.7
11142,161.0,1932.0,52.6
11143,194.0,2328.0,53.0
11144,176.0,2112.0,53.9
11145,192.0,2304.0,55.6
11146,202.0,2424.0,56.1
11147,181.0,2172.0,56.3
11148,186.0,2232.0,49.6
11149,151.0,1812.0,49.0
11150,158.0,1896.0,44.8
11151,164.0,1968.0,49.0
11152,178.0,2136.0,48.9
11153,166.0,1992.0,54.4
11154,183.0,2196.0,56.0
11155,175.0,2100.0,55.6
11156,165.0,1980.0,57.6
11157,163.0,1956.0,57.7
11158,170.0,2040.0,62.3
11159,167.0,2004.0,57.6
11160,160.0,1920.0,57.6
11161,167.0,2004.0,53.6
11162,164.0,1968.0,54.5
11163,139.0,1668.0,58.5
11164,139.0,1668.0,61.5
11165,172.0,2064.0,63.2
11166,151.0,1812.0,63.0
11167,163.0,1956.0,59.9
11168,144.0,1728.0,56.7
11169,145.0,1740.0,55.4
11170,129.0,1548.0,61.1
11171,121.0,1452.0,59.7
11172,133.0,1596.0,55.5
11173,136.0,1632.0,53.5
11174,123.0,1476.0,54.0
11175,123.0,1476.0,54.4
11176,134.0,1608.0,51.8
11177,135.0,1620.0,53.9
11178,126.0,1512.0,59.2
11179,112.0,1344.0,59.5
11180,133.0,1596.0,59.7
11181,130.0,1560.0,57.6
11182,136.0,1632.0,60.2
11183,125.0,1500.0,61.1
11184,111.0,1332.0,66.0
11185,130.0,1560.0,64.6
11186,118.0,1416.0,60.1
11187,129.0,1548.0,61.8
11188,124.0,1488.0,60.4
11189,117.0,1404.0,60.9
11190,84.0,1008.0,60.7
11191,109.0,1308.0,60.7
11192,109.0,1308.0,56.9
11193,87.0,1044.0,57.4
11194,102.0,1224.0,60.2
11195,84.0,1008.0,65.1
11196,87.0,1044.0,69.7
11197,108.0,1296.0,69.3
11198,106.0,1272.0,70.9
11199,98.0,1176.0,69.3
11200,89.0,1068.0,68.5
11201,97.0,1164.0,68.1
11202,90.0,1080.0,68.4
11203,91.0,1092.0,71.3
11204,90.0,1080.0,68.1
11205,64.0,768.0,69.4
11206,87.0,1044.0,63.4
11207,73.0,876.0,68.1
11208,80.0,960.0,63.7
11209,74.0,888.0,61.7
11210,74.0,888.0,58.3
11211,73.0,876.0,60.7
11212,67.0,804.0,58.6
11213,71.0,852.0,57.0
11214,64.0,768.0,57.2
11215,61.0,732.0,57.7
11216,69.0,828.0,56.7
11217,60.0,720.0,60.5
11218,58.0,696.0,59.6
11219,53.0,636.0,58.1
11220,58.0,696.0,61.6
11221,63.0,756.0,65.5
11222,70.0,840.0,65.0
11223,63.0,756.0,65.8
11224,54.0,648.0,64.5
11225,53.0,636.0,64.3
11226,44.0,528.0,67.7
11227,47.0,564.0,65.1
11228,42.0,504.0,63.8
11229,46.0,552.0,63.0
11230,43.0,516.0,63.8
11231,42.0,504.0,62.4
11232,40.0,480.0,68.3
11233,31.0,372.0,66.6
11234,42.0,504.0,65.2
11235,42.0,504.0,64.7
11236,36.0,432.0,66.3
11237,40.0,480.0,64.2
11238,34.0,408.0,64.5
11239,37.0,444.0,63.9
11240,36.0,432.0,65.4
11241,42.0,504.0,62.4
11242,33.0,396.0,65.5
11243,37.0,444.0,63.0
11244,40.0,480.0,68.5
11245,28.0,336.0,67.8
11246,45.0,540.0,61.5
11247,25.0,300.0,64.4
11248,30.0,360.0,63.4
11249,34.0,408.0,63.1
11250,30.0,360.0,66.1
11251,29.0,348.0,65.3
11252,29.0,348.0,64.5
11253,22.0,264.0,66.2
11254,27.0,324.0,69.1
11255,31.0,372.0,61.5
11256,38.0,456.0,60.0
11257,23.0,276.0,63.6
11258,33.0,396.0,64.6
11259,22.0,264.0,66.0
11260,32.0,384.0,67.7
11261,30.0,360.0,69.1
11262,48.0,576.0,66.4
11263,45.0,540.0,65.0
11264,37.0,444.0,67.8
11265,34.0,408.0,66.7
11266,27.0,324.0,64.2
11267,45.0,540.0,67.3
11268,36.0,432.0,66.9
11269,43.0,516.0,65.6
11270,37.0,444.0,67.0
11271,40.0,480.0,64.0
11272,56.0,672.0,63.3
11273,59.0,708.0,63.2
11274,56.0,672.0,64.5
11275,83.0,996.0,62.1
11276,67.0,804.0,65.9
11277,59.0,708.0,64.1
11278,66.0,792.0,62.9
11279,86.0,1032.0,65.1
11280,70.0,840.0,61.5
11281,84.0,1008.0,63.5
11282,85.0,1020.0,64.6
11283,108.0,1296.0,64.4
11284,92.0,1104.0,68.4
11285,100.0,1200.0,66.8
11286,101.0,1212.0,69.1
11287,107.0,1284.0,69.4
11288,91.0,1092.0,68.8
11289,85.0,1020.0,68.3
11290,120.0,1440.0,69.3
11291,89.0,1068.0,72.4
11292,96.0,1152.0,68.8
11293,116.0,1392.0,70.9
11294,97.0,1164.0,74.9
11295,125.0,1500.0,70.5
11296,114.0,1368.0,68.1
11297,119.0,1428.0,66.8
11298,128.0,1536.0,69.7
11299,121.0,1452.0,70.0
11300,132.0,1584.0,67.4
11301,125.0,1500.0,68.4
11302,129.0,1548.0,68.0
11303,128.0,1536.0,66.0
11304,129.0,1548.0,66.6
11305,125.0,1500.0,63.8
11306,156.0,1872.0,64.6
11307,159.0,1908.0,60.5
11308,141.0,1692.0,59.6
11309,155.0,1860.0,60.5
11310,167.0,2004.0,63.8
11311,165.0,1980.0,60.9
11312,153.0,1836.0,64.6
11313,143.0,1716.0,64.1
11314,179.0,2148.0,63.3
11315,181.0,2172.0,68.2
11316,141.0,1692.0,67.8
11317,153.0,1836.0,67.2
11318,178.0,2136.0,66.1
11319,202.0,2424.0,68.6
11320,187.0,2244.0,68.7
11321,214.0,2568.0,68.3
11322,194.0,2328.0,67.4
11323,173.0,2076.0,69.9
11324,192.0,2304.0,66.6
11325,164.0,1968.0,65.8
11326,159.0,1908.0,69.0
11327,167.0,2004.0,68.9
11328,146.0,1752.0,68.7
11329,145.0,1740.0,68.8
11330,171.0,2052.0,69.3
11331,182.0,2184.0,66.9
11332,174.0,2088.0,68.7
11333,147.0,1764.0,65.6
11334,139.0,1668.0,63.7
11335,173.0,2076.0,65.1
11336,161.0,1932.0,68.9
11337,179.0,2148.0,65.2
11338,150.0,1800.0,64.3
11339,143.0,1716.0,65.5
11340,141.0,1692.0,61.4
11341,151.0,1812.0,57.0
11342,152.0,1824.0,59.7
11343,161.0,1932.0,59.2
11344,132.0,1584.0,53.9
11345,173.0,2076.0,58.8
11346,184.0,2208.0,57.1
11347,156.0,1872.0,58.4
11348,170.0,2040.0,53.4
11349,186.0,2232.0,56.4
11350,176.0,2112.0,58.5
11351,138.0,1656.0,59.0
11352,164.0,1968.0,50.7
11353,172.0,2064.0,52.0
11354,146.0,1752.0,54.2
11355,172.0,2064.0,57.0
11356,137.0,1644.0,58.0
11357,155.0,1860.0,58.4
11358,172.0,2064.0,59.2
11359,158.0,1896.0,56.3
11360,144.0,1728.0,51.8
11361,152.0,1824.0,54.2
11362,143.0,1716.0,54.7
11363,178.0,2136.0,52.0
11364,153.0,1836.0,46.7
11365,156.0,1872.0,46.7
11366,175.0,2100.0,52.8
11367,158.0,1896.0,54.6
11368,164.0,1968.0,54.0
11369,181.0,2172.0,57.3
11370,145.0,1740.0,57.4
11371,155.0,1860.0,52.2
11372,176.0,2112.0,53.8
11373,176.0,2112.0,52.8
11374,176.0,2112.0,54.4
11375,152.0,1824.0,54.4
11376,182.0,2184.0,54.5
11377,184.0,2208.0,56.2
11378,190.0,2280.0,58.3
11379,158.0,1896.0,58.8
11380,163.0,1956.0,57.8
11381,190.0,2280.0,56.6
11382,159.0,1908.0,58.9
11383,172.0,2064.0,60.1
11384,172.0,2064.0,56.3
11385,169.0,2028.0,51.8
11386,154.0,1848.0,53.4
11387,196.0,2352.0,54.2
11388,158.0,1896.0,55.5
11389,183.0,2196.0,57.5
11390,143.0,1716.0,59.6
11391,163.0,1956.0,61.0
11392,182.0,2184.0,60.1
11393,163.0,1956.0,53.8
11394,155.0,1860.0,54.5
11395,174.0,2088.0,53.9
11396,189.0,2268.0,57.4
11397,149.0,1788.0,57.8
11398,185.0,2220.0,57.6
11399,179.0,2148.0,59.3
11400,183.0,2196.0,58.2
11401,150.0,1800.0,55.2
11402,173.0,2076.0,52.5
11403,149.0,1788.0,47.4
11404,167.0,2004.0,45.3
11405,154.0,1848.0,45.3
11406,158.0,1896.0,47.2
11407,164.0,1968.0,54.0
11408,167.0,2004.0,54.2
11409,170.0,2040.0,54.8
11410,144.0,1728.0,55.3
11411,161.0,1932.0,56.6
11412,136.0,1632.0,57.6
11413,163.0,1956.0,55.0
11414,163.0,1956.0,54.8
11415,178.0,2136.0,55.7
11416,173.0,2076.0,56.2
11417,198.0,2376.0,55.7
11418,160.0,1920.0,54.0
11419,147.0,1764.0,58.1
11420,157.0,1884.0,55.7
11421,171.0,2052.0,52.2
11422,164.0,1968.0,47.8
11423,168.0,2016.0,48.2
11424,145.0,1740.0,50.3
11425,180.0,2160.0,50.5
11426,153.0,1836.0,52.9
11427,195.0,2340.0,52.5
11428,175.0,2100.0,55.0
11429,199.0,2388.0,55.1
11430,177.0,2124.0,54.9
11431,189.0,2268.0,55.9
11432,198.0,2376.0,56.1
11433,186.0,2232.0,56.2
11434,193.0,2316.0,56.6
11435,171.0,2052.0,58.1
11436,188.0,2256.0,54.0
11437,177.0,2124.0,55.9
11438,182.0,2184.0,53.8
11439,147.0,1764.0,56.9
11440,189.0,2268.0,56.1
11441,177.0,2124.0,56.9
11442,182.0,2184.0,59.4
11443,192.0,2304.0,54.5
11444,171.0,2052.0,53.9
11445,169.0,2028.0,54.4
11446,187.0,2244.0,59.1
11447,175.0,2100.0,55.7
11448,172.0,2064.0,55.0
11449,164.0,1968.0,57.1
11450,172.0,2064.0,51.5
11451,172.0,2064.0,58.9
11452,151.0,1812.0,59.8
11453,137.0,1644.0,63.9
11454,175.0,2100.0,61.1
11455,149.0,1788.0,61.6
11456,158.0,1896.0,62.0
11457,143.0,1716.0,54.6
11458,160.0,1920.0,56.4
11459,136.0,1632.0,58.9
11460,129.0,1548.0,61.4
11461,137.0,1644.0,59.5
11462,123.0,1476.0,61.1
11463,115.0,1380.0,59.9
11464,135.0,1620.0,60.3
11465,124.0,1488.0,61.5
11466,117.0,1404.0,59.7
11467,115.0,1380.0,60.1
11468,131.0,1572.0,60.3
11469,106.0,1272.0,58.0
11470,105.0,1260.0,56.7
11471,97.0,1164.0,61.1
11472,113.0,1356.0,63.9
11473,129.0,1548.0,66.0
11474,126.0,1512.0,66.8
11475,111.0,1332.0,65.9
11476,107.0,1284.0,61.8
11477,140.0,1680.0,61.6
11478,114.0,1368.0,65.1
11479,140.0,1680.0,64.8
11480,90.0,1080.0,66.8
11481,106.0,1272.0,64.1
11482,101.0,1212.0,64.5
11483,100.0,1200.0,65.5
11484,103.0,1236.0,67.6
11485,114.0,1368.0,70.1
11486,113.0,1356.0,71.1
11487,96.0,1152.0,70.3
11488,98.0,1176.0,76.5
11489,100.0,1200.0,75.5
11490,73.0,876.0,69.3
11491,85.0,1020.0,72.8
11492,101.0,1212.0,68.8
11493,66.0,792.0,70.9
11494,79.0,948.0,59.2
11495,80.0,960.0,60.0
11496,105.0,1260.0,60.3
11497,73.0,876.0,65.9
11498,83.0,996.0,66.8
11499,72.0,864.0,68.1
11500,74.0,888.0,69.1
11501,75.0,900.0,72.0
11502,61.0,732.0,70.9
11503,68.0,816.0,70.3
11504,71.0,852.0,64.9
11505,57.0,684.0,68.0
11506,68.0,816.0,69.9
11507,54.0,648.0,69.2
11508,50.0,600.0,68.4
11509,59.0,708.0,71.1
11510,46.0,552.0,72.1
11511,53.0,636.0,71.5
11512,63.0,756.0,75.2
11513,37.0,444.0,71.5
11514,49.0,588.0,67.4
11515,48.0,576.0,66.9
11516,54.0,648.0,68.1
11517,47.0,564.0,67.6
11518,61.0,732.0,65.3
11519,33.0,396.0,67.6
11520,49.0,588.0,67.8
11521,40.0,480.0,66.3
11522,40.0,480.0,67.2
11523,56.0,672.0,66.2
11524,34.0,408.0,67.9
11525,38.0,456.0,64.2
11526,29.0,348.0,65.0
11527,38.0,456.0,64.2
11528,31.0,372.0,67.1
11529,37.0,444.0,65.5
11530,35.0,420.0,64.4
11531,30.0,360.0,64.0
11532,29.0,348.0,66.6
11533,26.0,312.0,66.4
11534,33.0,396.0,63.3
11535,23.0,276.0,65.4
11536,38.0,456.0,65.8
11537,34.0,408.0,63.0
11538,32.0,384.0,60.4
11539,27.0,324.0,65.1
11540,27.0,324.0,67.0
11541,37.0,444.0,65.1
11542,38.0,456.0,65.9
11543,28.0,336.0,62.1
11544,25.0,300.0,66.0
11545,30.0,360.0,69.2
11546,22.0,264.0,67.6
11547,38.0,456.0,66.1
11548,32.0,384.0,64.2
11549,48.0,576.0,62.5
11550,37.0,444.0,63.5
11551,39.0,468.0,64.7
11552,45.0,540.0,63.0
11553,43.0,516.0,62.7
11554,25.0,300.0,65.9
11555,45.0,540.0,64.2
11556,51.0,612.0,65.0
11557,35.0,420.0,70.4
11558,36.0,432.0,70.1
11559,49.0,588.0,62.9
11560,54.0,648.0,62.3
11561,50.0,600.0,69.0
11562,70.0,840.0,71.6
11563,48.0,576.0,70.0
11564,75.0,900.0,69.5
11565,76.0,912.0,65.6
11566,71.0,852.0,65.3
11567,76.0,912.0,69.0
11568,76.0,912.0,61.4
11569,78.0,936.0,61.7
11570,91.0,1092.0,65.6
11571,77.0,924.0,66.5
11572,95.0,1140.0,72.3
11573,111.0,1332.0,70.7
11574,94.0,1128.0,68.6
11575,82.0,984.0,67.0
11576,119.0,1428.0,68.3
11577,89.0,1068.0,71.6
11578,92.0,1104.0,69.3
11579,84.0,1008.0,67.8
11580,106.0,1272.0,65.5
11581,100.0,1200.0,68.0
11582,121.0,1452.0,65.9
11583,115.0,1380.0,65.8
11584,95.0,1140.0,61.7
11585,124.0,1488.0,63.5
11586,114.0,1368.0,64.6
11587,105.0,1260.0,63.2
11588,114.0,1368.0,66.6
11589,133.0,1596.0,65.7
11590,130.0,1560.0,68.1
11591,115.0,1380.0,68.0
11592,151.0,1812.0,68.5
11593,137.0,1644.0,71.2
11594,155.0,1860.0,66.2
11595,143.0,1716.0,66.4
11596,177.0,2124.0,67.4
11597,160.0,1920.0,67.1
11598,156.0,1872.0,64.0
11599,176.0,2112.0,63.2
11600,164.0,1968.0,59.4
11601,135.0,1620.0,49.9
11602,144.0,1728.0,40.6
11603,149.0,1788.0,28.8
11604,128.0,1536.0,19.4
11605,160.0,1920.0,18.9
11606,181.0,2172.0,44.4
11607,174.0,2088.0,56.8
11608,172.0,2064.0,64.3
11609,205.0,2460.0,68.6
11610,151.0,1812.0,69.1
11611,208.0,2496.0,69.4
11612,135.0,1620.0,67.7
11613,193.0,2316.0,69.7
11614,155.0,1860.0,69.5
11615,190.0,2280.0,70.6
11616,150.0,1800.0,67.2
11617,157.0,1884.0,63.5
11618,165.0,1980.0,64.8
11619,179.0,2148.0,59.3
11620,168.0,2016.0,61.9
11621,174.0,2088.0,55.1
11622,162.0,1944.0,56.3
11623,172.0,2064.0,57.8
11624,197.0,2364.0,59.6
11625,179.0,2148.0,55.0
11626,164.0,1968.0,54.8
11627,179.0,2148.0,57.8
11628,159.0,1908.0,57.1
11629,159.0,1908.0,53.4
11630,160.0,1920.0,54.3
11631,175.0,2100.0,55.6
11632,153.0,1836.0,57.7
11633,168.0,2016.0,56.7
11634,166.0,1992.0,56.8
11635,170.0,2040.0,55.8
11636,190.0,2280.0,55.7
11637,142.0,1704.0,57.9
11638,167.0,2004.0,53.7
11639,161.0,1932.0,53.9
11640,167.0,2004.0,50.9
11641,144.0,1728.0,52.8
11642,162.0,1944.0,53.4
11643,145.0,1740.0,56.0
11644,143.0,1716.0,58.4
11645,137.0,1644.0,52.8
11646,174.0,2088.0,50.8
11647,178.0,2136.0,49.4
11648,172.0,2064.0,55.7
11649,159.0,1908.0,54.5
11650,174.0,2088.0,56.6
11651,149.0,1788.0,52.1
11652,168.0,2016.0,51.9
11653,143.0,1716.0,52.0
11654,153.0,1836.0,52.6
11655,166.0,1992.0,52.0
11656,148.0,1776.0,54.0
11657,162.0,1944.0,54.4
11658,197.0,2364.0,56.5
11659,150.0,1800.0,58.4
11660,154.0,1848.0,57.8
11661,128.0,1536.0,43.9
11662,164.0,1968.0,46.9
11663,138.0,1656.0,53.6
11664,164.0,1968.0,54.3
11665,192.0,2304.0,55.0
11666,172.0,2064.0,56.9
11667,168.0,2016.0,56.3
11668,170.0,2040.0,57.7
11669,156.0,1872.0,57.4
11670,158.0,1896.0,55.6
11671,155.0,1860.0,50.8
11672,169.0,2028.0,46.8
11673,165.0,1980.0,49.4
11674,157.0,1884.0,48.4
11675,174.0,2088.0,52.3
11676,164.0,1968.0,52.3
11677,178.0,2136.0,50.2
11678,170.0,2040.0,51.7
11679,181.0,2172.0,53.1
11680,167.0,2004.0,51.8
11681,184.0,2208.0,55.0
11682,182.0,2184.0,54.5
11683,148.0,1776.0,51.1
11684,168.0,2016.0,52.0
11685,170.0,2040.0,53.5
11686,159.0,1908.0,55.1
11687,162.0,1944.0,54.9
11688,154.0,1848.0,53.3
11689,172.0,2064.0,57.7
11690,195.0,2340.0,58.3
11691,167.0,2004.0,56.0
11692,192.0,2304.0,55.8
11693,153.0,1836.0,56.0
11694,201.0,2412.0,53.0
11695,170.0,2040.0,52.0
11696,198.0,2376.0,50.9
11697,181.0,2172.0,52.8
11698,196.0,2352.0,52.3
11699,156.0,1872.0,54.6
11700,174.0,2088.0,53.4
11701,204.0,2448.0,52.6
11702,177.0,2124.0,55.7
11703,182.0,2184.0,53.7
11704,189.0,2268.0,52.0
11705,183.0,2196.0,53.9
11706,203.0,2436.0,54.1
11707,193.0,2316.0,58.5
11708,188.0,2256.0,60.9
11709,192.0,2304.0,56.7
11710,182.0,2184.0,54.7
11711,179.0,2148.0,52.6
11712,193.0,2316.0,53.1
11713,194.0,2328.0,57.2
11714,191.0,2292.0,56.3
11715,174.0,2088.0,55.9
11716,207.0,2484.0,55.5
11717,188.0,2256.0,55.3
11718,173.0,2076.0,51.1
11719,179.0,2148.0,56.3
11720,205.0,2460.0,55.2
11721,172.0,2064.0,55.2
11722,153.0,1836.0,50.0
11723,186.0,2232.0,54.9
11724,187.0,2244.0,56.5
11725,164.0,1968.0,59.4
11726,188.0,2256.0,52.2
11727,175.0,2100.0,55.5
11728,184.0,2208.0,57.7
11729,174.0,2088.0,56.8
11730,185.0,2220.0,55.8
11731,186.0,2232.0,57.5
11732,172.0,2064.0,58.3
11733,181.0,2172.0,55.1
11734,192.0,2304.0,55.2
11735,186.0,2232.0,53.6
11736,170.0,2040.0,52.7
11737,154.0,1848.0,52.6
11738,153.0,1836.0,55.2
11739,172.0,2064.0,58.9
11740,186.0,2232.0,55.5
11741,161.0,1932.0,52.3
11742,172.0,2064.0,53.3
11743,165.0,1980.0,51.7
11744,151.0,1812.0,56.3
11745,162.0,1944.0,59.5
11746,138.0,1656.0,54.9
11747,135.0,1620.0,58.2
11748,149.0,1788.0,59.8
11749,111.0,1332.0,64.5
11750,127.0,1524.0,60.7
11751,144.0,1728.0,59.0
11752,139.0,1668.0,59.1
11753,119.0,1428.0,62.8
11754,117.0,1404.0,64.9
11755,128.0,1536.0,60.6
11756,120.0,1440.0,59.5
11757,119.0,1428.0,61.4
11758,124.0,1488.0,61.3
11759,102.0,1224.0,59.8
11760,106.0,1272.0,64.5
11761,111.0,1332.0,66.4
11762,126.0,1512.0,63.6
11763,117.0,1404.0,62.7
11764,107.0,1284.0,65.0
11765,93.0,1116.0,62.9
11766,85.0,1020.0,62.7
11767,99.0,1188.0,63.3
11768,103.0,1236.0,63.0
11769,103.0,1236.0,61.2
11770,94.0,1128.0,59.5
11771,92.0,1104.0,59.5
11772,101.0,1212.0,65.2
11773,105.0,1260.0,67.8
11774,103.0,1236.0,68.7
11775,65.0,780.0,72.8
11776,99.0,1188.0,69.0
11777,91.0,1092.0,70.3
11778,82.0,984.0,71.8
11779,89.0,1068.0,71.4
11780,79.0,948.0,65.9
11781,76.0,912.0,66.3
11782,77.0,924.0,73.1
11783,60.0,720.0,65.4
11784,83.0,996.0,63.3
11785,75.0,900.0,70.9
11786,84.0,1008.0,65.5
11787,68.0,816.0,65.8
11788,72.0,864.0,60.0
11789,65.0,780.0,67.4
11790,59.0,708.0,67.7
11791,72.0,864.0,67.0
11792,59.0,708.0,67.2
11793,67.0,804.0,63.9
11794,57.0,684.0,64.1
11795,66.0,792.0,64.6
11796,49.0,588.0,65.2
11797,59.0,708.0,70.4
11798,44.0,528.0,72.2
11799,46.0,552.0,59.5
11800,49.0,588.0,63.1
11801,57.0,684.0,67.8
11802,47.0,564.0,66.7
11803,59.0,708.0,64.9
11804,50.0,600.0,54.0
11805,52.0,624.0,56.8
11806,30.0,360.0,64.2
11807,35.0,420.0,65.3
11808,45.0,540.0,68.8
11809,51.0,612.0,68.5
11810,34.0,408.0,69.9
11811,41.0,492.0,70.9
11812,22.0,264.0,68.0
11813,52.0,624.0,64.0
11814,38.0,456.0,60.8
11815,25.0,300.0,65.8
11816,36.0,432.0,68.9
11817,30.0,360.0,69.7
11818,35.0,420.0,66.1
11819,31.0,372.0,66.5
11820,41.0,492.0,68.7
11821,24.0,288.0,66.7
11822,44.0,528.0,67.4
11823,20.0,240.0,68.6
11824,30.0,360.0,69.4
11825,34.0,408.0,67.0
11826,33.0,396.0,69.8
11827,28.0,336.0,67.0
11828,18.0,216.0,66.8
11829,25.0,300.0,68.4
11830,32.0,384.0,66.9
11831,24.0,288.0,65.2
11832,47.0,564.0,61.7
11833,19.0,228.0,61.9
11834,39.0,468.0,63.4
11835,20.0,240.0,65.2
11836,44.0,528.0,63.9
11837,37.0,444.0,64.7
11838,45.0,540.0,60.4
11839,38.0,456.0,63.7
11840,30.0,360.0,66.1
11841,36.0,432.0,67.1
11842,33.0,396.0,64.9
11843,45.0,540.0,63.2
11844,41.0,492.0,62.3
11845,54.0,648.0,67.2
11846,42.0,504.0,69.0
11847,41.0,492.0,63.8
11848,49.0,588.0,58.8
11849,77.0,924.0,59.0
11850,59.0,708.0,62.3
11851,73.0,876.0,63.4
11852,49.0,588.0,55.0
11853,64.0,768.0,56.0
11854,75.0,900.0,60.6
11855,85.0,1020.0,51.4
11856,54.0,648.0,55.3
11857,83.0,996.0,56.4
11858,93.0,1116.0,59.2
11859,88.0,1056.0,59.0
11860,108.0,1296.0,57.9
11861,99.0,1188.0,59.1
11862,97.0,1164.0,57.6
11863,113.0,1356.0,57.2
11864,110.0,1320.0,56.9
11865,103.0,1236.0,63.6
11866,105.0,1260.0,59.9
11867,110.0,1320.0,57.6
11868,99.0,1188.0,58.9
11869,92.0,1104.0,62.8
11870,87.0,1044.0,64.2
11871,127.0,1524.0,64.7
11872,109.0,1308.0,62.8
11873,109.0,1308.0,65.0
11874,125.0,1500.0,66.9
11875,114.0,1368.0,64.8
11876,132.0,1584.0,62.6
11877,111.0,1332.0,65.1
11878,123.0,1476.0,65.2
11879,147.0,1764.0,67.7
11880,129.0,1548.0,70.2
11881,128.0,1536.0,68.4
11882,161.0,1932.0,72.7
11883,144.0,1728.0,72.4
11884,133.0,1596.0,70.9
11885,197.0,2364.0,67.4
11886,158.0,1896.0,69.5
11887,163.0,1956.0,66.7
11888,161.0,1932.0,66.9
11889,151.0,1812.0,65.3
11890,179.0,2148.0,68.2
11891,160.0,1920.0,71.2
11892,148.0,1776.0,68.0
11893,155.0,1860.0,67.9
11894,185.0,2220.0,67.1
11895,197.0,2364.0,64.6
11896,214.0,2568.0,65.8
11897,208.0,2496.0,63.3
11898,167.0,2004.0,64.5
11899,186.0,2232.0,64.0
11900,210.0,2520.0,65.2
11901,172.0,2064.0,63.8
11902,174.0,2088.0,65.6
11903,191.0,2292.0,62.0
11904,157.0,1884.0,52.7
11905,142.0,1704.0,54.3
11906,166.0,1992.0,57.3
11907,168.0,2016.0,59.1
11908,155.0,1860.0,57.8
11909,196.0,2352.0,53.6
11910,152.0,1824.0,54.6
11911,157.0,1884.0,55.2
11912,151.0,1812.0,57.2
11913,171.0,2052.0,52.5
11914,150.0,1800.0,50.1
11915,168.0,2016.0,53.4
11916,154.0,1848.0,53.6
11917,151.0,1812.0,52.9
11918,137.0,1644.0,56.9
11919,151.0,1812.0,55.2
11920,164.0,1968.0,55.4
11921,159.0,1908.0,52.2
11922,163.0,1956.0,52.2
11923,180.0,2160.0,50.1
11924,180.0,2160.0,52.3
11925,171.0,2052.0,54.4
11926,161.0,1932.0,55.8
11927,152.0,1824.0,53.4
11928,171.0,2052.0,55.3
11929,158.0,1896.0,53.3
11930,151.0,1812.0,51.3
11931,167.0,2004.0,50.4
11932,161.0,1932.0,51.5
11933,168.0,2016.0,51.4
11934,154.0,1848.0,53.3
11935,138.0,1656.0,54.7
11936,169.0,2028.0,54.0
11937,148.0,1776.0,52.9
11938,160.0,1920.0,47.8
11939,145.0,1740.0,49.8
11940,135.0,1620.0,55.6
11941,144.0,1728.0,53.5
11942,167.0,2004.0,54.3
11943,190.0,2280.0,54.3
11944,172.0,2064.0,56.1
11945,164.0,1968.0,56.0
11946,176.0,2112.0,55.9
11947,148.0,1776.0,49.2
11948,146.0,1752.0,49.6
11949,147.0,1764.0,53.9
11950,168.0,2016.0,54.9
11951,151.0,1812.0,49.6
11952,179.0,2148.0,47.9
11953,138.0,1656.0,50.3
11954,179.0,2148.0,50.5
11955,142.0,1704.0,49.7
11956,173.0,2076.0,51.1
11957,185.0,2220.0,48.5
11958,157.0,1884.0,50.8
11959,173.0,2076.0,48.0
11960,147.0,1764.0,52.1
11961,164.0,1968.0,50.4
11962,202.0,2424.0,48.6
11963,165.0,1980.0,50.0
11964,150.0,1800.0,50.8
11965,183.0,2196.0,47.9
11966,170.0,2040.0,54.3
11967,162.0,1944.0,51.5
11968,199.0,2388.0,54.0
11969,184.0,2208.0,51.3
11970,162.0,1944.0,53.0
11971,173.0,2076.0,55.5
11972,182.0,2184.0,54.1
11973,182.0,2184.0,54.5
11974,176.0,2112.0,55.1
11975,173.0,2076.0,55.9
11976,167.0,2004.0,51.3
11977,166.0,1992.0,50.3
11978,181.0,2172.0,48.7
11979,161.0,1932.0,47.3
11980,175.0,2100.0,48.2
11981,175.0,2100.0,51.2
11982,199.0,2388.0,47.1
11983,155.0,1860.0,52.3
11984,198.0,2376.0,50.5
11985,141.0,1692.0,32.8
11986,97.0,1164.0,19.4
11987,91.0,1092.0,12.6
11988,118.0,1416.0,9.8
11989,124.0,1488.0,8.8
11990,150.0,1800.0,8.9
11991,159.0,1908.0,9.9
11992,201.0,2412.0,12.8
11993,162.0,1944.0,16.1
11994,182.0,2184.0,34.6
11995,219.0,2628.0,41.0
11996,161.0,1932.0,48.0
11997,178.0,2136.0,50.2
11998,196.0,2352.0,47.2
11999,219.0,2628.0,51.0
12000,174.0,2088.0,50.3
12001,186.0,2232.0,52.0
12002,183.0,2196.0,50.6
12003,170.0,2040.0,48.7
12004,161.0,1932.0,47.2
12005,179.0,2148.0,47.6
12006,163.0,1956.0,46.8
12007,167.0,2004.0,49.2
12008,162.0,1944.0,54.1
12009,194.0,2328.0,56.9
12010,162.0,1944.0,56.5
12011,182.0,2184.0,59.2
12012,126.0,1512.0,59.8
12013,142.0,1704.0,63.5
12014,141.0,1692.0,60.5
12015,154.0,1848.0,59.3
12016,140.0,1680.0,56.7
12017,141.0,1692.0,58.4
12018,137.0,1644.0,56.5
12019,131.0,1572.0,52.7
12020,144.0,1728.0,54.3
12021,140.0,1680.0,52.5
12022,126.0,1512.0,57.2
12023,147.0,1764.0,56.9
12024,146.0,1752.0,55.6
12025,150.0,1800.0,54.6
12026,170.0,2040.0,55.7
12027,172.0,2064.0,51.5
12028,178.0,2136.0,55.6
12029,175.0,2100.0,55.6
12030,166.0,1992.0,56.6
12031,166.0,1992.0,55.8
12032,182.0,2184.0,54.7
12033,175.0,2100.0,51.2
12034,194.0,2328.0,53.6
12035,160.0,1920.0,52.5
12036,173.0,2076.0,49.7
12037,155.0,1860.0,49.7
12038,148.0,1776.0,53.7
12039,91.0,1092.0,62.7
12040,114.0,1368.0,58.3
12041,90.0,1080.0,59.1
12042,139.0,1668.0,53.2
12043,149.0,1788.0,51.3
12044,151.0,1812.0,53.0
12045,145.0,1740.0,55.0
12046,137.0,1644.0,55.8
12047,120.0,1440.0,58.0
12048,108.0,1296.0,62.8
12049,82.0,984.0,63.7
12050,78.0,936.0,65.8
12051,102.0,1224.0,63.2
12052,102.0,1224.0,65.1
12053,90.0,1080.0,63.6
12054,104.0,1248.0,66.2
12055,89.0,1068.0,63.4
12056,92.0,1104.0,64.0
12057,101.0,1212.0,65.1
12058,84.0,1008.0,63.6
12059,100.0,1200.0,60.3
12060,110.0,1320.0,66.8
12061,82.0,984.0,67.4
12062,98.0,1176.0,69.4
12063,98.0,1176.0,67.4
12064,78.0,936.0,67.7
12065,71.0,852.0,64.7
12066,59.0,708.0,71.0
12067,81.0,972.0,70.7
12068,82.0,984.0,69.7
12069,70.0,840.0,60.6
12070,87.0,1044.0,64.9
12071,78.0,936.0,63.6
12072,71.0,852.0,62.4
12073,70.0,840.0,64.9
12074,64.0,768.0,68.5
12075,58.0,696.0,65.0
12076,58.0,696.0,67.0
12077,56.0,672.0,68.7
12078,95.0,1140.0,71.4
12079,69.0,828.0,67.8
12080,61.0,732.0,69.3
12081,66.0,792.0,61.0
12082,67.0,804.0,67.5
12083,57.0,684.0,68.1
12084,43.0,516.0,69.9
12085,40.0,480.0,67.0
12086,75.0,900.0,63.3
12087,59.0,708.0,67.5
12088,55.0,660.0,66.8
12089,46.0,552.0,68.9
12090,42.0,504.0,63.9
12091,46.0,552.0,66.0
12092,49.0,588.0,63.6
12093,47.0,564.0,62.8
12094,65.0,780.0,67.3
12095,44.0,528.0,65.7
12096,41.0,492.0,68.2
12097,32.0,384.0,62.6
12098,43.0,516.0,62.9
12099,34.0,408.0,65.8
12100,37.0,444.0,64.3
12101,33.0,396.0,66.0
12102,38.0,456.0,66.3
12103,34.0,408.0,66.6
12104,42.0,504.0,67.8
12105,43.0,516.0,69.3
12106,25.0,300.0,67.9
12107,40.0,480.0,69.3
12108,26.0,312.0,70.4
12109,20.0,240.0,70.3
12110,47.0,564.0,71.8
12111,32.0,384.0,70.8
12112,30.0,360.0,66.8
12113,35.0,420.0,67.5
12114,33.0,396.0,67.2
12115,37.0,444.0,61.7
12116,27.0,324.0,66.1
12117,27.0,324.0,66.8
12118,38.0,456.0,65.3
12119,30.0,360.0,66.4
12120,34.0,408.0,69.0
12121,30.0,360.0,66.7
12122,28.0,336.0,65.1
12123,32.0,384.0,65.0
12124,38.0,456.0,63.3
12125,35.0,420.0,65.1
12126,53.0,636.0,65.5
12127,48.0,576.0,66.9
12128,58.0,696.0,70.3
12129,35.0,420.0,67.6
12130,43.0,516.0,70.3
12131,40.0,480.0,68.4
12132,43.0,516.0,61.5
12133,48.0,576.0,66.2
12134,37.0,444.0,64.7
12135,36.0,432.0,63.9
12136,47.0,564.0,61.5
12137,56.0,672.0,60.1
12138,57.0,684.0,64.0
12139,55.0,660.0,52.7
12140,76.0,912.0,63.8
12141,76.0,912.0,68.4
12142,63.0,756.0,65.1
12143,68.0,816.0,68.4
12144,63.0,756.0,66.3
12145,89.0,1068.0,62.8
12146,84.0,1008.0,63.7
12147,88.0,1056.0,61.8
12148,87.0,1044.0,60.2
12149,117.0,1404.0,62.5
12150,97.0,1164.0,65.9
12151,105.0,1260.0,68.1
12152,92.0,1104.0,69.9
12153,94.0,1128.0,68.1
12154,104.0,1248.0,69.3
12155,87.0,1044.0,67.6
12156,90.0,1080.0,64.4
12157,89.0,1068.0,59.9
12158,114.0,1368.0,60.8
12159,109.0,1308.0,63.4
12160,132.0,1584.0,64.2
12161,105.0,1260.0,63.8
12162,123.0,1476.0,66.3
12163,97.0,1164.0,65.3
12164,132.0,1584.0,68.1
12165,108.0,1296.0,69.9
12166,119.0,1428.0,70.0
12167,107.0,1284.0,68.9
12168,130.0,1560.0,64.6
12169,145.0,1740.0,63.5
12170,151.0,1812.0,63.0
12171,155.0,1860.0,66.3
12172,157.0,1884.0,70.5
12173,149.0,1788.0,67.5
12174,158.0,1896.0,70.3
12175,163.0,1956.0,68.2
12176,152.0,1824.0,68.6
12177,165.0,1980.0,64.9
12178,158.0,1896.0,68.1
12179,183.0,2196.0,68.0
12180,180.0,2160.0,69.1
12181,164.0,1968.0,68.7
12182,165.0,1980.0,65.9
12183,200.0,2400.0,62.5
12184,193.0,2316.0,62.7
12185,206.0,2472.0,64.5
12186,182.0,2184.0,63.8
12187,183.0,2196.0,64.8
12188,191.0,2292.0,65.9
12189,175.0,2100.0,62.2
12190,190.0,2280.0,60.9
12191,195.0,2340.0,62.1
12192,167.0,2004.0,55.0
12193,192.0,2304.0,55.8
12194,184.0,2208.0,60.4
12195,175.0,2100.0,61.0
12196,165.0,1980.0,58.5
12197,159.0,1908.0,56.0
12198,159.0,1908.0,49.7
12199,143.0,1716.0,44.8
12200,185.0,2220.0,50.8
12201,178.0,2136.0,53.3
12202,138.0,1656.0,54.6
12203,155.0,1860.0,51.2
12204,175.0,2100.0,50.9
12205,150.0,1800.0,49.8
12206,178.0,2136.0,47.4
12207,165.0,1980.0,51.0
12208,165.0,1980.0,47.2
12209,172.0,2064.0,49.9
12210,171.0,2052.0,47.7
12211,163.0,1956.0,50.7
12212,166.0,1992.0,52.1
12213,166.0,1992.0,52.8
12214,170.0,2040.0,52.9
12215,191.0,2292.0,49.1
12216,166.0,1992.0,51.9
12217,163.0,1956.0,54.3
12218,158.0,1896.0,54.9
12219,174.0,2088.0,53.9
12220,188.0,2256.0,54.9
12221,168.0,2016.0,53.7
12222,158.0,1896.0,50.6
12223,144.0,1728.0,55.0
12224,194.0,2328.0,52.0
12225,146.0,1752.0,50.8
12226,199.0,2388.0,52.9
12227,154.0,1848.0,53.9
12228,174.0,2088.0,55.5
12229,178.0,2136.0,54.3
12230,157.0,1884.0,48.1
12231,173.0,2076.0,51.6
12232,170.0,2040.0,55.9
12233,155.0,1860.0,54.2
12234,161.0,1932.0,53.9
12235,168.0,2016.0,54.1
12236,176.0,2112.0,54.8
12237,177.0,2124.0,54.1
12238,165.0,1980.0,54.3
12239,175.0,2100.0,54.6
12240,175.0,2100.0,55.5
12241,191.0,2292.0,54.1
12242,205.0,2460.0,55.2
12243,182.0,2184.0,53.5
12244,196.0,2352.0,56.1
12245,184.0,2208.0,54.4
12246,143.0,1716.0,47.8
12247,182.0,2184.0,48.8
12248,180.0,2160.0,45.4
12249,209.0,2508.0,46.3
12250,170.0,2040.0,48.2
12251,178.0,2136.0,51.1
12252,194.0,2328.0,52.4
12253,206.0,2472.0,51.5
12254,206.0,2472.0,50.9
12255,189.0,2268.0,53.3
12256,198.0,2376.0,51.9
12257,155.0,1860.0,50.7
12258,205.0,2460.0,50.9
12259,170.0,2040.0,51.5
12260,179.0,2148.0,47.2
12261,174.0,2088.0,53.5
12262,220.0,2640.0,50.5
12263,178.0,2136.0,51.3
12264,169.0,2028.0,51.9
12265,175.0,2100.0,50.2
12266,223.0,2676.0,52.7
12267,197.0,2364.0,51.8
12268,191.0,2292.0,51.7
12269,180.0,2160.0,52.6
12270,207.0,2484.0,54.0
12271,190.0,2280.0,56.5
12272,181.0,2172.0,56.0
12273,202.0,2424.0,53.2
12274,176.0,2112.0,51.7
12275,190.0,2280.0,50.9
12276,193.0,2316.0,47.5
12277,192.0,2304.0,47.2
12278,176.0,2112.0,48.4
12279,208.0,2496.0,51.2
12280,155.0,1860.0,54.8
12281,230.0,2760.0,52.9
12282,224.0,2688.0,53.8
12283,218.0,2616.0,52.9
12284,203.0,2436.0,52.9
12285,189.0,2268.0,50.3
12286,183.0,2196.0,51.2
12287,192.0,2304.0,49.3
12288,186.0,2232.0,49.3
12289,190.0,2280.0,50.7
12290,195.0,2340.0,51.9
12291,181.0,2172.0,48.7
12292,211.0,2532.0,49.3
12293,176.0,2112.0,49.1
12294,192.0,2304.0,54.9
12295,188.0,2256.0,51.9
12296,197.0,2364.0,52.4
12297,196.0,2352.0,55.0
12298,211.0,2532.0,57.3
12299,191.0,2292.0,57.7
12300,192.0,2304.0,58.4
12301,186.0,2232.0,58.6
12302,198.0,2376.0,58.6
12303,198.0,2376.0,58.0
12304,169.0,2028.0,53.8
12305,171.0,2052.0,54.8
12306,195.0,2340.0,57.5
12307,174.0,2088.0,56.3
12308,179.0,2148.0,55.9
12309,201.0,2412.0,55.7
12310,161.0,1932.0,56.0
12311,199.0,2388.0,52.8
12312,182.0,2184.0,47.8
12313,154.0,1848.0,45.4
12314,154.0,1848.0,53.7
12315,173.0,2076.0,56.1
12316,197.0,2364.0,60.0
12317,157.0,1884.0,60.1
12318,154.0,1848.0,60.6
12319,173.0,2076.0,55.3
12320,178.0,2136.0,53.9
12321,160.0,1920.0,57.3
12322,143.0,1716.0,58.8
12323,159.0,1908.0,59.7
12324,128.0,1536.0,63.4
12325,150.0,1800.0,63.8
12326,134.0,1608.0,62.9
12327,159.0,1908.0,65.3
12328,128.0,1536.0,65.3
12329,154.0,1848.0,63.6
12330,139.0,1668.0,64.0
12331,155.0,1860.0,66.1
12332,154.0,1848.0,66.1
12333,141.0,1692.0,64.1
12334,134.0,1608.0,66.8
12335,115.0,1380.0,58.7
12336,141.0,1692.0,59.9
12337,110.0,1320.0,61.7
12338,124.0,1488.0,62.5
12339,114.0,1368.0,64.3
12340,124.0,1488.0,66.0
12341,120.0,1440.0,65.0
12342,128.0,1536.0,63.8
12343,102.0,1224.0,57.3
12344,110.0,1320.0,56.9
12345,92.0,1104.0,57.6
12346,110.0,1320.0,60.6
12347,85.0,1020.0,61.9
12348,102.0,1224.0,62.4
12349,98.0,1176.0,66.2
12350,114.0,1368.0,66.8
12351,83.0,996.0,66.5
12352,113.0,1356.0,66.5
12353,103.0,1236.0,63.1
12354,100.0,1200.0,63.7
12355,97.0,1164.0,63.6
12356,88.0,1056.0,65.3
12357,104.0,1248.0,65.7
12358,88.0,1056.0,65.3
12359,99.0,1188.0,69.3
12360,91.0,1092.0,61.7
12361,98.0,1176.0,62.3
12362,99.0,1188.0,66.3
12363,69.0,828.0,69.4
12364,87.0,1044.0,68.2
12365,64.0,768.0,67.0
12366,83.0,996.0,71.8
12367,84.0,1008.0,73.5
12368,76.0,912.0,72.6
12369,91.0,1092.0,66.1
12370,72.0,864.0,67.2
12371,75.0,900.0,69.4
12372,84.0,1008.0,68.0
12373,73.0,876.0,68.3
12374,66.0,792.0,68.5
12375,65.0,780.0,69.8
12376,68.0,816.0,69.4
12377,68.0,816.0,71.0
12378,69.0,828.0,64.9
12379,64.0,768.0,73.7
12380,70.0,840.0,69.7
12381,67.0,804.0,64.1
12382,53.0,636.0,67.5
12383,80.0,960.0,69.6
12384,65.0,780.0,69.0
12385,55.0,660.0,71.9
12386,71.0,852.0,67.3
12387,55.0,660.0,68.7
12388,56.0,672.0,68.2
12389,53.0,636.0,68.8
12390,56.0,672.0,70.2
12391,51.0,612.0,69.3
12392,42.0,504.0,69.8
12393,53.0,636.0,71.0
12394,48.0,576.0,73.6
12395,54.0,648.0,69.3
12396,54.0,648.0,70.6
12397,45.0,540.0,72.3
12398,46.0,552.0,71.5
12399,42.0,504.0,68.8
12400,48.0,576.0,62.6
12401,51.0,612.0,61.6
12402,52.0,624.0,66.1
12403,57.0,684.0,68.6
12404,49.0,588.0,67.5
12405,42.0,504.0,68.2
12406,56.0,672.0,67.9
12407,45.0,540.0,68.8
12408,37.0,444.0,66.6
12409,40.0,480.0,70.2
12410,39.0,468.0,66.4
12411,44.0,528.0,66.6
12412,47.0,564.0,67.9
12413,46.0,552.0,68.3
12414,44.0,528.0,70.2
12415,48.0,576.0,71.4
12416,32.0,384.0,67.6
12417,30.0,360.0,66.9
12418,39.0,468.0,67.4
12419,37.0,444.0,64.9
12420,42.0,504.0,66.3
12421,41.0,492.0,69.6
12422,41.0,492.0,70.9
12423,40.0,480.0,69.2
12424,39.0,468.0,66.6
12425,44.0,528.0,66.1
12426,33.0,396.0,66.9
12427,43.0,516.0,67.0
12428,52.0,624.0,68.2
12429,43.0,516.0,66.1
12430,52.0,624.0,63.2
12431,61.0,732.0,66.8
12432,47.0,564.0,66.9
12433,53.0,636.0,68.1
12434,53.0,636.0,71.0
12435,62.0,744.0,71.4
12436,50.0,600.0,68.6
12437,56.0,672.0,64.6
12438,53.0,636.0,68.1
12439,54.0,648.0,66.3
12440,51.0,612.0,69.2
12441,55.0,660.0,70.9
12442,66.0,792.0,69.2
12443,49.0,588.0,69.1
12444,56.0,672.0,67.5
12445,58.0,696.0,64.7
12446,54.0,648.0,66.7
12447,60.0,720.0,55.7
12448,57.0,684.0,58.7
12449,63.0,756.0,59.7
12450,58.0,696.0,63.9
12451,64.0,768.0,68.0
12452,78.0,936.0,68.6
12453,58.0,696.0,68.2
12454,69.0,828.0,65.9
12455,61.0,732.0,69.2
12456,92.0,1104.0,68.7
12457,79.0,948.0,60.5
12458,74.0,888.0,65.4
12459,96.0,1152.0,67.1
12460,93.0,1116.0,64.2
12461,96.0,1152.0,68.3
12462,84.0,1008.0,68.2
12463,104.0,1248.0,70.4
12464,99.0,1188.0,69.0
12465,104.0,1248.0,67.2
12466,111.0,1332.0,66.6
12467,105.0,1260.0,68.0
12468,108.0,1296.0,67.9
12469,83.0,996.0,67.1
12470,124.0,1488.0,66.0
12471,112.0,1344.0,63.1
12472,123.0,1476.0,67.9
12473,117.0,1404.0,65.8
12474,123.0,1476.0,68.0
12475,126.0,1512.0,64.2
12476,141.0,1692.0,62.8
12477,131.0,1572.0,61.9
12478,138.0,1656.0,64.3
12479,131.0,1572.0,67.8
12480,119.0,1428.0,63.1
12481,129.0,1548.0,63.6
12482,136.0,1632.0,59.6
12483,149.0,1788.0,62.5
12484,125.0,1500.0,59.9
12485,152.0,1824.0,60.9
12486,141.0,1692.0,57.4
12487,134.0,1608.0,55.5
12488,166.0,1992.0,58.3
12489,151.0,1812.0,53.9
12490,173.0,2076.0,54.0
12491,139.0,1668.0,53.3
12492,161.0,1932.0,50.2
12493,152.0,1824.0,51.1
12494,150.0,1800.0,53.0
12495,166.0,1992.0,53.5
12496,169.0,2028.0,55.1
12497,154.0,1848.0,57.2
12498,151.0,1812.0,52.4
12499,179.0,2148.0,49.9
12500,157.0,1884.0,49.9
12501,168.0,2016.0,54.0
12502,209.0,2508.0,55.1
12503,184.0,2208.0,54.2
12504,168.0,2016.0,60.2
12505,153.0,1836.0,58.0
12506,168.0,2016.0,52.1
12507,169.0,2028.0,52.7
12508,170.0,2040.0,52.9
12509,184.0,2208.0,53.8
12510,156.0,1872.0,55.0
12511,175.0,2100.0,56.4
12512,184.0,2208.0,53.0
12513,165.0,1980.0,49.7
12514,186.0,2232.0,48.1
12515,183.0,2196.0,47.4
12516,167.0,2004.0,53.3
12517,188.0,2256.0,51.8
12518,209.0,2508.0,51.4
12519,195.0,2340.0,53.4
12520,188.0,2256.0,53.8
12521,164.0,1968.0,50.9
12522,197.0,2364.0,48.3
12523,180.0,2160.0,52.8
12524,173.0,2076.0,53.9
12525,189.0,2268.0,55.0
12526,183.0,2196.0,56.5
12527,164.0,1968.0,54.8
12528,161.0,1932.0,55.7
12529,163.0,1956.0,53.3
12530,181.0,2172.0,51.5
12531,169.0,2028.0,51.3
12532,176.0,2112.0,53.5
12533,179.0,2148.0,48.1
12534,177.0,2124.0,53.0
12535,187.0,2244.0,57.0
12536,158.0,1896.0,57.1
12537,187.0,2244.0,55.7
12538,195.0,2340.0,55.1
12539,191.0,2292.0,54.3
12540,188.0,2256.0,56.3
12541,174.0,2088.0,57.8
12542,171.0,2052.0,57.9
12543,171.0,2052.0,52.3
12544,182.0,2184.0,52.3
12545,153.0,1836.0,49.8
12546,183.0,2196.0,53.1
12547,184.0,2208.0,51.8
12548,174.0,2088.0,52.7
12549,181.0,2172.0,50.6
12550,169.0,2028.0,54.7
12551,165.0,1980.0,57.3
12552,193.0,2316.0,56.7
12553,180.0,2160.0,56.0
12554,166.0,1992.0,54.9
12555,181.0,2172.0,57.1
12556,167.0,2004.0,53.6
12557,153.0,1836.0,52.4
12558,171.0,2052.0,52.7
12559,198.0,2376.0,48.6
12560,185.0,2220.0,47.6
12561,185.0,2220.0,49.0
12562,168.0,2016.0,50.7
12563,176.0,2112.0,51.5
12564,181.0,2172.0,50.5
12565,150.0,1800.0,50.9
12566,168.0,2016.0,49.0
12567,207.0,2484.0,50.1
12568,165.0,1980.0,52.3
12569,173.0,2076.0,52.9
12570,186.0,2232.0,53.8
12571,169.0,2028.0,55.2
12572,171.0,2052.0,53.9
12573,177.0,2124.0,55.4
12574,167.0,2004.0,55.0
12575,154.0,1848.0,56.4
12576,162.0,1944.0,55.7
12577,175.0,2100.0,57.8
12578,150.0,1800.0,56.4
12579,197.0,2364.0,55.8
12580,160.0,1920.0,56.7
12581,179.0,2148.0,55.6
12582,151.0,1812.0,56.3
12583,185.0,2220.0,56.5
12584,171.0,2052.0,54.9
12585,159.0,1908.0,51.9
12586,172.0,2064.0,46.1
12587,156.0,1872.0,50.5
12588,161.0,1932.0,56.1
12589,165.0,1980.0,56.1
12590,169.0,2028.0,55.7
12591,168.0,2016.0,56.2
12592,147.0,1764.0,53.5
12593,161.0,1932.0,52.2
12594,164.0,1968.0,56.1
12595,143.0,1716.0,54.6
12596,177.0,2124.0,58.6
12597,151.0,1812.0,58.6
12598,141.0,1692.0,60.9
12599,158.0,1896.0,59.8
12600,147.0,1764.0,57.8
12601,172.0,2064.0,57.7
12602,144.0,1728.0,55.8
12603,141.0,1692.0,53.3
12604,142.0,1704.0,56.3
12605,157.0,1884.0,58.1
12606,162.0,1944.0,58.9
12607,142.0,1704.0,59.2
12608,157.0,1884.0,55.3
12609,146.0,1752.0,57.6
12610,131.0,1572.0,58.5
12611,127.0,1524.0,60.7
12612,110.0,1320.0,61.6
12613,140.0,1680.0,61.3
12614,115.0,1380.0,58.2
12615,127.0,1524.0,54.4
12616,123.0,1476.0,54.1
12617,125.0,1500.0,50.7
12618,134.0,1608.0,57.4
12619,136.0,1632.0,60.4
12620,141.0,1692.0,62.9
12621,139.0,1668.0,61.5
12622,117.0,1404.0,57.1
12623,119.0,1428.0,59.4
12624,121.0,1452.0,61.9
12625,134.0,1608.0,62.5
12626,120.0,1440.0,61.5
12627,128.0,1536.0,64.2
12628,101.0,1212.0,56.7
12629,126.0,1512.0,60.8
12630,126.0,1512.0,59.5
12631,135.0,1620.0,57.9
12632,122.0,1464.0,58.6
12633,127.0,1524.0,59.9
12634,122.0,1464.0,64.8
12635,111.0,1332.0,67.1
12636,99.0,1188.0,68.3
12637,92.0,1104.0,68.9
12638,116.0,1392.0,68.4
12639,95.0,1140.0,67.9
12640,107.0,1284.0,68.6
12641,103.0,1236.0,65.1
12642,108.0,1296.0,61.8
12643,110.0,1320.0,64.1
12644,104.0,1248.0,68.3
12645,95.0,1140.0,65.7
12646,87.0,1044.0,67.5
12647,107.0,1284.0,67.2
12648,129.0,1548.0,66.9
12649,95.0,1140.0,71.2
12650,82.0,984.0,68.9
12651,100.0,1200.0,60.4
12652,79.0,948.0,62.2
12653,88.0,1056.0,61.6
12654,90.0,1080.0,66.9
12655,86.0,1032.0,67.2
12656,91.0,1092.0,65.0
12657,93.0,1116.0,67.8
12658,91.0,1092.0,64.2
12659,90.0,1080.0,58.5
12660,81.0,972.0,56.4
12661,80.0,960.0,56.7
12662,83.0,996.0,57.7
12663,86.0,1032.0,59.3
12664,82.0,984.0,61.7
12665,85.0,1020.0,61.5
12666,70.0,840.0,59.8
12667,85.0,1020.0,62.9
12668,67.0,804.0,63.2
12669,67.0,804.0,66.3
12670,66.0,792.0,65.8
12671,56.0,672.0,67.1
12672,69.0,828.0,68.5
12673,60.0,720.0,66.5
12674,56.0,672.0,66.7
12675,64.0,768.0,69.4
12676,44.0,528.0,64.8
12677,60.0,720.0,67.4
12678,60.0,720.0,65.2
12679,43.0,516.0,64.6
12680,60.0,720.0,67.1
12681,54.0,648.0,67.3
12682,63.0,756.0,65.0
12683,46.0,552.0,63.6
12684,46.0,552.0,65.7
12685,52.0,624.0,65.8
12686,50.0,600.0,66.2
12687,47.0,564.0,65.4
12688,39.0,468.0,61.0
12689,44.0,528.0,61.2
12690,41.0,492.0,63.4
12691,46.0,552.0,66.0
12692,48.0,576.0,67.1
12693,38.0,456.0,68.6
12694,37.0,444.0,67.3
12695,49.0,588.0,68.8
12696,38.0,456.0,69.3
12697,45.0,540.0,68.7
12698,40.0,480.0,67.7
12699,28.0,336.0,67.9
12700,39.0,468.0,65.8
12701,32.0,384.0,69.8
12702,44.0,528.0,69.3
12703,39.0,468.0,68.0
12704,40.0,480.0,67.3
12705,37.0,444.0,67.5
12706,37.0,444.0,67.0
12707,34.0,408.0,69.4
12708,47.0,564.0,69.5
12709,27.0,324.0,69.0
12710,38.0,456.0,66.3
12711,32.0,384.0,68.1
12712,37.0,444.0,68.9
12713,37.0,444.0,70.2
12714,29.0,348.0,70.3
12715,31.0,372.0,69.0
12716,41.0,492.0,70.4
12717,23.0,276.0,69.3
12718,27.0,324.0,68.3
12719,33.0,396.0,69.9
12720,24.0,288.0,68.1
12721,36.0,432.0,66.6
12722,30.0,360.0,68.9
12723,29.0,348.0,69.2
12724,26.0,312.0,68.8
12725,30.0,360.0,68.7
12726,26.0,312.0,70.0
12727,26.0,312.0,69.9
12728,35.0,420.0,63.3
12729,33.0,396.0,67.3
12730,41.0,492.0,66.3
12731,31.0,372.0,67.7
12732,38.0,456.0,69.0
12733,34.0,408.0,67.8
12734,46.0,552.0,67.9
12735,33.0,396.0,68.3
12736,51.0,612.0,68.1
12737,37.0,444.0,68.0
12738,35.0,420.0,68.5
12739,48.0,576.0,68.5
12740,40.0,480.0,70.0
12741,45.0,540.0,68.7
12742,43.0,516.0,69.4
12743,47.0,564.0,69.6
12744,48.0,576.0,64.1
12745,53.0,636.0,68.2
12746,47.0,564.0,68.9
12747,59.0,708.0,69.8
12748,49.0,588.0,72.0
12749,63.0,756.0,71.6
12750,60.0,720.0,70.1
12751,62.0,744.0,70.4
12752,76.0,912.0,69.1
12753,76.0,912.0,64.6
12754,76.0,912.0,62.7
12755,68.0,816.0,63.6
12756,69.0,828.0,63.3
12757,79.0,948.0,64.3
12758,69.0,828.0,65.6
12759,78.0,936.0,57.8
12760,71.0,852.0,64.0
12761,111.0,1332.0,64.5
12762,82.0,984.0,66.3
12763,92.0,1104.0,66.4
12764,100.0,1200.0,67.0
12765,122.0,1464.0,61.0
12766,101.0,1212.0,62.1
12767,100.0,1200.0,58.5
12768,86.0,1032.0,60.1
12769,101.0,1212.0,60.8
12770,97.0,1164.0,54.7
12771,95.0,1140.0,57.2
12772,111.0,1332.0,58.0
12773,114.0,1368.0,59.9
12774,111.0,1332.0,56.0
12775,124.0,1488.0,56.0
12776,122.0,1464.0,57.9
12777,119.0,1428.0,54.7
12778,134.0,1608.0,58.1
12779,138.0,1656.0,59.8
12780,105.0,1260.0,59.6
12781,124.0,1488.0,59.5
12782,134.0,1608.0,57.7
12783,136.0,1632.0,52.9
12784,161.0,1932.0,54.6
12785,121.0,1452.0,55.5
12786,161.0,1932.0,56.0
12787,138.0,1656.0,55.2
12788,171.0,2052.0,50.0
12789,165.0,1980.0,53.0
12790,154.0,1848.0,58.4
12791,167.0,2004.0,57.9
12792,156.0,1872.0,56.8
12793,151.0,1812.0,54.9
12794,149.0,1788.0,54.0
12795,167.0,2004.0,48.9
12796,174.0,2088.0,49.0
12797,196.0,2352.0,52.2
12798,163.0,1956.0,54.6
12799,177.0,2124.0,53.3
12800,175.0,2100.0,49.1
12801,163.0,1956.0,47.3
12802,178.0,2136.0,52.1
12803,203.0,2436.0,54.2
12804,155.0,1860.0,56.7
12805,182.0,2184.0,55.9
12806,208.0,2496.0,52.5
12807,185.0,2220.0,51.4
12808,186.0,2232.0,48.5
12809,190.0,2280.0,48.8
12810,192.0,2304.0,49.2
12811,218.0,2616.0,52.6
12812,158.0,1896.0,54.3
12813,156.0,1872.0,51.1
12814,207.0,2484.0,54.6
12815,199.0,2388.0,51.7
12816,213.0,2556.0,47.5
12817,196.0,2352.0,50.0
12818,191.0,2292.0,48.4
12819,192.0,2304.0,45.6
12820,156.0,1872.0,47.9
12821,205.0,2460.0,45.5
12822,190.0,2280.0,49.1
12823,180.0,2160.0,50.1
12824,195.0,2340.0,54.9
12825,188.0,2256.0,53.9
12826,193.0,2316.0,53.2
12827,191.0,2292.0,53.8
12828,197.0,2364.0,53.4
12829,182.0,2184.0,49.9
12830,189.0,2268.0,52.7
12831,193.0,2316.0,53.8
12832,171.0,2052.0,53.2
12833,186.0,2232.0,50.9
12834,199.0,2388.0,50.0
12835,159.0,1908.0,45.5
12836,198.0,2376.0,43.6
12837,193.0,2316.0,40.9
12838,161.0,1932.0,37.5
12839,175.0,2100.0,43.7
12840,178.0,2136.0,46.0
12841,160.0,1920.0,50.7
12842,188.0,2256.0,51.2
12843,163.0,1956.0,47.9
12844,174.0,2088.0,41.6
12845,181.0,2172.0,35.7
12846,200.0,2400.0,38.0
12847,151.0,1812.0,39.2
12848,162.0,1944.0,41.7
12849,174.0,2088.0,44.9
12850,192.0,2304.0,45.6
12851,154.0,1848.0,45.4
12852,170.0,2040.0,48.6
12853,160.0,1920.0,47.1
12854,191.0,2292.0,48.8
12855,182.0,2184.0,47.2
12856,177.0,2124.0,48.3
12857,170.0,2040.0,49.0
12858,199.0,2388.0,52.5
12859,173.0,2076.0,52.8
12860,214.0,2568.0,53.6
12861,165.0,1980.0,55.4
12862,181.0,2172.0,55.1
12863,185.0,2220.0,51.4
12864,187.0,2244.0,52.0
12865,159.0,1908.0,51.3
12866,180.0,2160.0,51.8
12867,192.0,2304.0,47.3
12868,188.0,2256.0,47.4
12869,169.0,2028.0,44.9
12870,200.0,2400.0,48.5
12871,185.0,2220.0,52.2
12872,183.0,2196.0,51.9
12873,195.0,2340.0,49.9
12874,188.0,2256.0,51.9
12875,176.0,2112.0,52.3
12876,175.0,2100.0,50.8
12877,148.0,1776.0,48.4
12878,174.0,2088.0,47.4
12879,173.0,2076.0,48.1
12880,185.0,2220.0,49.9
12881,181.0,2172.0,54.5
12882,145.0,1740.0,54.1
12883,186.0,2232.0,56.4
12884,202.0,2424.0,52.8
12885,176.0,2112.0,49.5
12886,175.0,2100.0,50.7
12887,182.0,2184.0,51.6
12888,152.0,1824.0,54.0
12889,171.0,2052.0,54.9
12890,186.0,2232.0,48.4
12891,188.0,2256.0,45.7
12892,150.0,1800.0,52.8
12893,190.0,2280.0,54.9
12894,156.0,1872.0,60.7
12895,162.0,1944.0,56.7
12896,163.0,1956.0,53.2
12897,155.0,1860.0,49.2
12898,161.0,1932.0,53.0
12899,148.0,1776.0,56.0
12900,149.0,1788.0,59.1
12901,141.0,1692.0,59.5
12902,153.0,1836.0,53.0
12903,152.0,1824.0,47.9
12904,147.0,1764.0,50.6
12905,158.0,1896.0,47.9
12906,150.0,1800.0,53.5
12907,144.0,1728.0,54.5
12908,168.0,2016.0,56.6
12909,147.0,1764.0,58.0
12910,149.0,1788.0,58.1
12911,145.0,1740.0,59.8
12912,132.0,1584.0,54.2
12913,134.0,1608.0,52.7
12914,126.0,1512.0,57.3
12915,139.0,1668.0,60.0
12916,138.0,1656.0,58.6
12917,142.0,1704.0,57.9
12918,126.0,1512.0,59.1
12919,131.0,1572.0,58.8
12920,131.0,1572.0,60.0
12921,167.0,2004.0,55.9
12922,142.0,1704.0,58.7
12923,154.0,1848.0,55.5
12924,141.0,1692.0,61.0
12925,117.0,1404.0,68.6
12926,128.0,1536.0,69.6
12927,132.0,1584.0,66.4
12928,114.0,1368.0,68.0
12929,102.0,1224.0,69.3
12930,96.0,1152.0,69.8
12931,118.0,1416.0,69.8
12932,105.0,1260.0,69.5
12933,94.0,1128.0,65.8
12934,94.0,1128.0,67.3
12935,109.0,1308.0,68.8
12936,84.0,1008.0,71.8
12937,99.0,1188.0,68.6
12938,83.0,996.0,69.8
12939,83.0,996.0,68.4
12940,74.0,888.0,66.8
12941,89.0,1068.0,68.7
12942,83.0,996.0,69.2
12943,87.0,1044.0,63.9
12944,85.0,1020.0,61.6
12945,89.0,1068.0,62.4
12946,81.0,972.0,64.8
12947,68.0,816.0,66.0
12948,73.0,876.0,63.8
12949,87.0,1044.0,65.3
12950,82.0,984.0,66.8
12951,68.0,816.0,66.7
12952,71.0,852.0,69.7
12953,76.0,912.0,67.6
12954,72.0,864.0,66.3
12955,62.0,744.0,63.1
12956,49.0,588.0,64.6
12957,56.0,672.0,64.8
12958,52.0,624.0,62.3
12959,61.0,732.0,61.4
12960,62.0,744.0,68.9
12961,45.0,540.0,69.8
12962,61.0,732.0,66.3
12963,56.0,672.0,68.5
12964,48.0,576.0,66.6
12965,32.0,384.0,67.5
12966,57.0,684.0,61.1
12967,44.0,528.0,65.8
12968,44.0,528.0,54.7
12969,34.0,408.0,62.3
12970,34.0,408.0,65.8
12971,45.0,540.0,67.8
12972,34.0,408.0,69.9
12973,41.0,492.0,71.7
12974,38.0,456.0,58.7
12975,35.0,420.0,62.5
12976,41.0,492.0,64.1
12977,41.0,492.0,64.4
12978,45.0,540.0,66.4
12979,48.0,576.0,62.7
12980,42.0,504.0,63.1
12981,25.0,300.0,64.9
12982,34.0,408.0,65.4
12983,34.0,408.0,66.2
12984,31.0,372.0,66.5
12985,38.0,456.0,67.4
12986,31.0,372.0,52.6
12987,30.0,360.0,55.3
12988,30.0,360.0,60.0
12989,44.0,528.0,62.9
12990,45.0,540.0,63.0
12991,36.0,432.0,54.9
12992,40.0,480.0,49.6
12993,30.0,360.0,37.9
12994,41.0,492.0,50.1
12995,42.0,504.0,54.4
12996,41.0,492.0,55.9
12997,43.0,516.0,57.8
12998,51.0,612.0,50.8
12999,53.0,636.0,59.6
13000,53.0,636.0,54.0
13001,67.0,804.0,51.4
13002,56.0,672.0,57.8
13003,61.0,732.0,63.9
13004,78.0,936.0,63.0
13005,64.0,768.0,67.2
13006,74.0,888.0,63.3
13007,80.0,960.0,64.0
13008,74.0,888.0,62.0
13009,91.0,1092.0,64.5
13010,102.0,1224.0,62.1
13011,118.0,1416.0,65.4
13012,98.0,1176.0,66.1
13013,89.0,1068.0,69.8
13014,110.0,1320.0,72.1
13015,88.0,1056.0,66.9
13016,113.0,1356.0,66.6
13017,75.0,900.0,64.9
13018,97.0,1164.0,65.3
13019,124.0,1488.0,64.5
13020,108.0,1296.0,62.5
13021,98.0,1176.0,62.6
13022,108.0,1296.0,63.2
13023,119.0,1428.0,63.0
13024,110.0,1320.0,56.4
13025,123.0,1476.0,55.4
13026,123.0,1476.0,55.5
13027,136.0,1632.0,62.2
13028,130.0,1560.0,63.4
13029,118.0,1416.0,64.3
13030,110.0,1320.0,62.3
13031,135.0,1620.0,66.1
13032,132.0,1584.0,60.1
13033,172.0,2064.0,60.7
13034,162.0,1944.0,62.4
13035,112.0,1344.0,63.3
13036,167.0,2004.0,63.5
13037,191.0,2292.0,64.0
13038,151.0,1812.0,66.7
13039,158.0,1896.0,67.8
13040,162.0,1944.0,70.8
13041,172.0,2064.0,69.8
13042,173.0,2076.0,70.6
13043,129.0,1548.0,68.2
13044,177.0,2124.0,66.1
13045,193.0,2316.0,65.5
13046,180.0,2160.0,65.2
13047,177.0,2124.0,67.2
13048,171.0,2052.0,68.3
13049,202.0,2424.0,66.9
13050,193.0,2316.0,67.2
13051,177.0,2124.0,63.0
13052,167.0,2004.0,65.2
13053,188.0,2256.0,62.1
13054,175.0,2100.0,61.1
13055,167.0,2004.0,57.7
13056,177.0,2124.0,57.6
13057,167.0,2004.0,57.3
13058,184.0,2208.0,56.9
13059,141.0,1692.0,61.4
13060,165.0,1980.0,58.9
13061,152.0,1824.0,56.3
13062,157.0,1884.0,53.7
13063,130.0,1560.0,50.4
13064,154.0,1848.0,50.8
13065,170.0,2040.0,52.0
13066,146.0,1752.0,54.8
13067,142.0,1704.0,53.7
13068,146.0,1752.0,55.3
13069,164.0,1968.0,56.6
13070,135.0,1620.0,58.8
13071,143.0,1716.0,55.5
13072,147.0,1764.0,54.1
13073,145.0,1740.0,49.4
13074,162.0,1944.0,50.5
13075,140.0,1680.0,48.3
13076,153.0,1836.0,49.4
13077,147.0,1764.0,48.5
13078,172.0,2064.0,52.8
13079,184.0,2208.0,54.2
13080,154.0,1848.0,53.6
13081,139.0,1668.0,53.5
13082,147.0,1764.0,55.4
13083,136.0,1632.0,53.8
13084,150.0,1800.0,56.6
13085,146.0,1752.0,57.0
13086,165.0,1980.0,54.4
13087,153.0,1836.0,54.2
13088,153.0,1836.0,51.7
13089,165.0,1980.0,54.8
13090,157.0,1884.0,50.3
13091,149.0,1788.0,52.1
13092,151.0,1812.0,53.9
13093,137.0,1644.0,52.9
13094,162.0,1944.0,51.6
13095,168.0,2016.0,52.0
13096,157.0,1884.0,51.5
13097,166.0,1992.0,46.7
13098,189.0,2268.0,51.3
13099,145.0,1740.0,51.8
13100,161.0,1932.0,48.2
13101,202.0,2424.0,48.7
13102,152.0,1824.0,53.6
13103,171.0,2052.0,55.4
13104,180.0,2160.0,56.3
13105,160.0,1920.0,53.0
13106,193.0,2316.0,52.6
13107,171.0,2052.0,52.2
13108,160.0,1920.0,48.3
13109,177.0,2124.0,51.4
13110,175.0,2100.0,51.4
13111,180.0,2160.0,49.4
13112,163.0,1956.0,45.6
13113,169.0,2028.0,41.2
13114,157.0,1884.0,43.1
13115,151.0,1812.0,42.4
13116,183.0,2196.0,45.7
13117,159.0,1908.0,48.5
13118,165.0,1980.0,50.7
13119,175.0,2100.0,51.2
13120,196.0,2352.0,49.6
13121,179.0,2148.0,50.5
13122,150.0,1800.0,52.7
13123,168.0,2016.0,55.0
13124,180.0,2160.0,52.9
13125,190.0,2280.0,55.9
13126,162.0,1944.0,57.8
13127,156.0,1872.0,53.8
13128,162.0,1944.0,53.8
13129,183.0,2196.0,51.1
13130,145.0,1740.0,45.6
13131,176.0,2112.0,48.3
13132,173.0,2076.0,50.9
13133,167.0,2004.0,54.7
13134,187.0,2244.0,51.3
13135,181.0,2172.0,52.3
13136,176.0,2112.0,53.1
13137,178.0,2136.0,49.2
13138,162.0,1944.0,49.0
13139,198.0,2376.0,51.5
13140,178.0,2136.0,53.2
13141,158.0,1896.0,48.0
13142,165.0,1980.0,52.4
13143,220.0,2640.0,52.9
13144,187.0,2244.0,55.5
13145,163.0,1956.0,58.5
13146,198.0,2376.0,58.7
13147,146.0,1752.0,55.4
13148,197.0,2364.0,54.7
13149,164.0,1968.0,55.7
13150,189.0,2268.0,53.8
13151,183.0,2196.0,57.0
13152,177.0,2124.0,58.7
13153,177.0,2124.0,56.7
13154,188.0,2256.0,54.7
13155,167.0,2004.0,55.4
13156,177.0,2124.0,54.5
13157,180.0,2160.0,55.6
13158,161.0,1932.0,54.1
13159,188.0,2256.0,54.8
13160,165.0,1980.0,56.8
13161,173.0,2076.0,53.7
13162,170.0,2040.0,48.0
13163,154.0,1848.0,51.3
13164,168.0,2016.0,49.7
13165,165.0,1980.0,49.9
13166,178.0,2136.0,52.9
13167,178.0,2136.0,54.9
13168,182.0,2184.0,51.7
13169,176.0,2112.0,54.7
13170,156.0,1872.0,53.2
13171,156.0,1872.0,53.4
13172,155.0,1860.0,49.2
13173,158.0,1896.0,49.1
13174,168.0,2016.0,51.4
13175,151.0,1812.0,53.8
13176,160.0,1920.0,53.6
13177,141.0,1692.0,57.4
13178,156.0,1872.0,55.2
13179,170.0,2040.0,52.1
13180,152.0,1824.0,55.5
13181,140.0,1680.0,55.9
13182,153.0,1836.0,52.9
13183,137.0,1644.0,52.9
13184,146.0,1752.0,47.2
13185,103.0,1236.0,44.6
13186,125.0,1500.0,49.1
13187,125.0,1500.0,52.2
13188,130.0,1560.0,53.7
13189,132.0,1584.0,49.3
13190,92.0,1104.0,53.0
13191,131.0,1572.0,50.4
13192,110.0,1320.0,49.5
13193,134.0,1608.0,49.5
13194,117.0,1404.0,50.8
13195,126.0,1512.0,49.1
13196,131.0,1572.0,49.9
13197,98.0,1176.0,54.3
13198,94.0,1128.0,54.5
13199,112.0,1344.0,57.1
13200,107.0,1284.0,59.9
13201,100.0,1200.0,64.6
13202,96.0,1152.0,52.2
13203,104.0,1248.0,51.3
13204,116.0,1392.0,52.3
13205,106.0,1272.0,57.1
13206,113.0,1356.0,58.0
13207,105.0,1260.0,55.4
13208,81.0,972.0,57.8
13209,99.0,1188.0,55.8
13210,95.0,1140.0,60.5
13211,95.0,1140.0,59.3
13212,89.0,1068.0,63.5
13213,78.0,936.0,69.4
13214,81.0,972.0,70.3
13215,99.0,1188.0,65.4
13216,75.0,900.0,64.5
13217,64.0,768.0,67.9
13218,84.0,1008.0,66.4
13219,91.0,1092.0,65.4
13220,80.0,960.0,63.4
13221,82.0,984.0,61.1
13222,75.0,900.0,64.0
13223,88.0,1056.0,66.4
13224,74.0,888.0,69.5
13225,77.0,924.0,67.4
13226,71.0,852.0,64.2
13227,59.0,708.0,62.2
13228,54.0,648.0,61.3
13229,73.0,876.0,64.6
13230,67.0,804.0,61.7
13231,63.0,756.0,61.4
13232,50.0,600.0,64.5
13233,62.0,744.0,66.9
13234,53.0,636.0,66.9
13235,48.0,576.0,64.2
13236,66.0,792.0,66.2
13237,50.0,600.0,71.1
13238,46.0,552.0,70.0
13239,53.0,636.0,72.4
13240,74.0,888.0,70.4
13241,48.0,576.0,67.5
13242,51.0,612.0,65.8
13243,46.0,552.0,68.5
13244,44.0,528.0,69.9
13245,36.0,432.0,68.4
13246,60.0,720.0,66.3
13247,40.0,480.0,65.2
13248,43.0,516.0,68.5
13249,41.0,492.0,68.7
13250,42.0,504.0,68.3
13251,37.0,444.0,68.6
13252,45.0,540.0,66.3
13253,34.0,408.0,68.6
13254,24.0,288.0,68.2
13255,36.0,432.0,68.2
13256,44.0,528.0,65.8
13257,37.0,444.0,64.4
13258,25.0,300.0,67.4
13259,22.0,264.0,65.8
13260,24.0,288.0,66.7
13261,36.0,432.0,66.7
13262,16.0,192.0,68.3
13263,29.0,348.0,67.4
13264,28.0,336.0,66.6
13265,23.0,276.0,67.4
13266,35.0,420.0,64.7
13267,36.0,432.0,67.8
13268,23.0,276.0,68.8
13269,26.0,312.0,69.0
13270,25.0,300.0,67.0
13271,31.0,372.0,63.9
13272,31.0,372.0,63.5
13273,25.0,300.0,65.1
13274,40.0,480.0,65.5
13275,35.0,420.0,63.2
13276,35.0,420.0,61.8
13277,39.0,468.0,59.1
13278,34.0,408.0,62.9
13279,33.0,396.0,65.8
13280,45.0,540.0,67.0
13281,35.0,420.0,65.9
13282,45.0,540.0,60.9
13283,32.0,384.0,65.5
13284,31.0,372.0,66.2
13285,33.0,396.0,54.3
13286,37.0,444.0,60.2
13287,50.0,600.0,60.8
13288,49.0,588.0,58.8
13289,60.0,720.0,56.9
13290,63.0,756.0,59.3
13291,67.0,804.0,55.5
13292,59.0,708.0,57.8
13293,62.0,744.0,59.2
13294,81.0,972.0,60.8
13295,77.0,924.0,57.8
13296,71.0,852.0,62.0
13297,58.0,696.0,65.1
13298,110.0,1320.0,70.6
13299,85.0,1020.0,68.6
13300,94.0,1128.0,66.4
13301,97.0,1164.0,68.6
13302,97.0,1164.0,72.5
13303,109.0,1308.0,71.5
13304,111.0,1332.0,67.8
13305,85.0,1020.0,64.6
13306,86.0,1032.0,67.2
13307,95.0,1140.0,72.0
13308,79.0,948.0,69.9
13309,115.0,1380.0,69.1
13310,94.0,1128.0,65.8
13311,116.0,1392.0,65.7
13312,121.0,1452.0,68.8
13313,109.0,1308.0,62.7
13314,107.0,1284.0,61.4
13315,117.0,1404.0,63.4
13316,122.0,1464.0,62.7
13317,121.0,1452.0,60.9
13318,125.0,1500.0,69.2
13319,119.0,1428.0,71.4
13320,138.0,1656.0,71.4
13321,113.0,1356.0,69.3
13322,176.0,2112.0,65.1
13323,167.0,2004.0,62.3
13324,139.0,1668.0,66.4
13325,148.0,1776.0,66.0
13326,166.0,1992.0,66.6
13327,159.0,1908.0,70.9
13328,170.0,2040.0,70.6
13329,172.0,2064.0,71.5
13330,180.0,2160.0,70.9
13331,203.0,2436.0,70.9
13332,147.0,1764.0,72.1
13333,167.0,2004.0,72.7
13334,186.0,2232.0,70.3
13335,195.0,2340.0,67.7
13336,179.0,2148.0,65.8
13337,182.0,2184.0,67.1
13338,183.0,2196.0,62.8
13339,166.0,1992.0,57.6
13340,174.0,2088.0,52.1
13341,171.0,2052.0,57.8
13342,167.0,2004.0,59.7
13343,188.0,2256.0,56.8
13344,162.0,1944.0,57.3
13345,148.0,1776.0,53.3
13346,179.0,2148.0,54.7
13347,166.0,1992.0,57.1
13348,187.0,2244.0,57.0
13349,179.0,2148.0,53.6
13350,161.0,1932.0,54.3
13351,181.0,2172.0,53.6
13352,177.0,2124.0,52.2
13353,177.0,2124.0,51.3
13354,162.0,1944.0,51.4
13355,151.0,1812.0,54.3
13356,194.0,2328.0,57.3
13357,154.0,1848.0,52.4
13358,156.0,1872.0,49.1
13359,143.0,1716.0,50.5
13360,155.0,1860.0,50.1
13361,174.0,2088.0,52.6
13362,170.0,2040.0,52.0
13363,164.0,1968.0,51.0
13364,155.0,1860.0,47.1
13365,173.0,2076.0,49.7
13366,182.0,2184.0,53.9
13367,166.0,1992.0,53.8
13368,149.0,1788.0,55.2
13369,157.0,1884.0,53.0
13370,146.0,1752.0,50.9
13371,139.0,1668.0,50.8
13372,167.0,2004.0,51.8
13373,133.0,1596.0,55.8
13374,157.0,1884.0,51.8
13375,151.0,1812.0,51.8
13376,155.0,1860.0,45.1
13377,161.0,1932.0,42.8
13378,149.0,1788.0,44.7
13379,140.0,1680.0,50.7
13380,162.0,1944.0,51.4
13381,132.0,1584.0,52.5
13382,165.0,1980.0,52.1
13383,163.0,1956.0,49.3
13384,146.0,1752.0,54.2
13385,178.0,2136.0,54.6
13386,163.0,1956.0,52.8
13387,148.0,1776.0,52.6
13388,144.0,1728.0,52.3
13389,151.0,1812.0,51.3
13390,131.0,1572.0,53.0
13391,125.0,1500.0,51.9
13392,166.0,1992.0,56.8
13393,136.0,1632.0,50.9
13394,139.0,1668.0,46.8
13395,160.0,1920.0,47.5
13396,134.0,1608.0,46.6
13397,185.0,2220.0,46.9
13398,176.0,2112.0,47.6
13399,156.0,1872.0,52.9
13400,139.0,1668.0,50.5
13401,159.0,1908.0,51.9
13402,170.0,2040.0,52.5
13403,145.0,1740.0,51.2
13404,158.0,1896.0,52.0
13405,154.0,1848.0,52.3
13406,161.0,1932.0,54.1
13407,153.0,1836.0,52.9
13408,149.0,1788.0,52.8
13409,148.0,1776.0,54.0
13410,154.0,1848.0,45.4
13411,159.0,1908.0,47.5
13412,170.0,2040.0,45.6
13413,152.0,1824.0,45.1
13414,177.0,2124.0,48.4
13415,160.0,1920.0,53.3
13416,165.0,1980.0,55.9
13417,161.0,1932.0,52.4
13418,157.0,1884.0,53.5
13419,171.0,2052.0,54.2
13420,172.0,2064.0,54.7
13421,183.0,2196.0,52.7
13422,173.0,2076.0,55.1
13423,187.0,2244.0,55.3
13424,159.0,1908.0,54.3
13425,160.0,1920.0,54.9
13426,167.0,2004.0,53.2
13427,188.0,2256.0,52.9
13428,168.0,2016.0,52.5
13429,178.0,2136.0,49.3
13430,188.0,2256.0,50.6
13431,192.0,2304.0,50.6
13432,188.0,2256.0,49.6
13433,181.0,2172.0,51.4
13434,147.0,1764.0,49.4
13435,190.0,2280.0,46.5
13436,190.0,2280.0,47.7
13437,193.0,2316.0,48.0
13438,192.0,2304.0,44.5
13439,210.0,2520.0,49.9
13440,168.0,2016.0,46.0
13441,160.0,1920.0,49.1
13442,200.0,2400.0,52.3
13443,153.0,1836.0,54.4
13444,200.0,2400.0,54.3
13445,191.0,2292.0,56.2
13446,175.0,2100.0,58.3
13447,189.0,2268.0,56.8
13448,201.0,2412.0,57.6
13449,181.0,2172.0,56.1
13450,162.0,1944.0,56.6
13451,182.0,2184.0,55.8
13452,189.0,2268.0,50.8
13453,170.0,2040.0,48.1
13454,206.0,2472.0,51.4
13455,165.0,1980.0,48.0
13456,133.0,1596.0,31.1
13457,125.0,1500.0,19.7
13458,167.0,2004.0,17.7
13459,202.0,2424.0,22.2
13460,169.0,2028.0,30.8
13461,162.0,1944.0,41.0
13462,171.0,2052.0,48.3
13463,162.0,1944.0,54.9
13464,137.0,1644.0,53.9
13465,157.0,1884.0,51.3
13466,169.0,2028.0,50.3
13467,136.0,1632.0,49.5
13468,156.0,1872.0,54.1
13469,132.0,1584.0,57.1
13470,145.0,1740.0,57.7
13471,153.0,1836.0,55.2
13472,139.0,1668.0,56.3
13473,134.0,1608.0,54.0
13474,149.0,1788.0,55.2
13475,141.0,1692.0,57.8
13476,136.0,1632.0,54.3
13477,155.0,1860.0,46.3
13478,133.0,1596.0,43.8
13479,152.0,1824.0,44.0
13480,133.0,1596.0,45.4
13481,164.0,1968.0,46.5
13482,133.0,1596.0,47.5
13483,123.0,1476.0,49.2
13484,132.0,1584.0,52.8
13485,113.0,1356.0,52.0
13486,121.0,1452.0,51.8
13487,126.0,1512.0,49.9
13488,129.0,1548.0,54.1
13489,96.0,1152.0,49.5
13490,81.0,972.0,53.8
13491,87.0,1044.0,59.3
13492,90.0,1080.0,57.3
13493,54.0,648.0,63.2
13494,71.0,852.0,60.3
13495,98.0,1176.0,56.0
13496,106.0,1272.0,55.1
13497,94.0,1128.0,53.0
13498,85.0,1020.0,55.7
13499,86.0,1032.0,57.8
13500,86.0,1032.0,58.1
13501,107.0,1284.0,60.5
13502,87.0,1044.0,62.2
13503,108.0,1296.0,64.1
13504,88.0,1056.0,60.9
13505,88.0,1056.0,58.5
13506,81.0,972.0,61.1
13507,82.0,984.0,64.6
13508,106.0,1272.0,62.3
13509,81.0,972.0,59.1
13510,103.0,1236.0,58.0
13511,82.0,984.0,51.4
13512,87.0,1044.0,52.6
13513,72.0,864.0,53.7
13514,51.0,612.0,63.9
13515,71.0,852.0,64.1
13516,73.0,876.0,58.1
13517,89.0,1068.0,58.0
13518,72.0,864.0,61.0
13519,70.0,840.0,61.8
13520,65.0,780.0,66.8
13521,62.0,744.0,64.6
13522,62.0,744.0,63.8
13523,63.0,756.0,61.3
13524,60.0,720.0,65.6
13525,67.0,804.0,68.8
13526,75.0,900.0,69.2
13527,62.0,744.0,65.3
13528,57.0,684.0,70.8
13529,41.0,492.0,67.3
13530,37.0,444.0,69.8
13531,56.0,672.0,71.7
13532,40.0,480.0,69.7
13533,49.0,588.0,67.7
13534,30.0,360.0,67.5
13535,49.0,588.0,68.2
13536,42.0,504.0,67.9
13537,32.0,384.0,69.9
13538,36.0,432.0,68.0
13539,28.0,336.0,68.3
13540,34.0,408.0,68.0
13541,52.0,624.0,68.2
13542,37.0,444.0,64.5
13543,39.0,468.0,61.9
13544,37.0,444.0,63.2
13545,36.0,432.0,63.5
13546,40.0,480.0,64.2
13547,33.0,396.0,59.7
13548,39.0,468.0,66.3
13549,28.0,336.0,65.4
13550,29.0,348.0,64.6
13551,38.0,456.0,66.9
13552,38.0,456.0,66.8
13553,42.0,504.0,63.3
13554,35.0,420.0,61.0
13555,42.0,504.0,63.0
13556,26.0,312.0,67.1
13557,37.0,444.0,62.8
13558,19.0,228.0,64.3
13559,32.0,384.0,64.5
13560,32.0,384.0,64.0
13561,31.0,372.0,61.8
13562,38.0,456.0,63.9
13563,36.0,432.0,60.9
13564,34.0,408.0,58.7
13565,37.0,444.0,61.5
13566,35.0,420.0,63.3
13567,43.0,516.0,66.2
13568,38.0,456.0,67.3
13569,38.0,456.0,67.4
13570,29.0,348.0,62.3
13571,37.0,444.0,60.5
13572,54.0,648.0,67.1
13573,37.0,444.0,66.3
13574,46.0,552.0,66.0
13575,52.0,624.0,67.4
13576,54.0,648.0,64.8
13577,50.0,600.0,64.2
13578,55.0,660.0,64.9
13579,66.0,792.0,72.5
13580,70.0,840.0,71.1
13581,62.0,744.0,68.7
13582,65.0,780.0,68.4
13583,67.0,804.0,71.9
13584,52.0,624.0,65.1
13585,83.0,996.0,64.4
13586,95.0,1140.0,64.7
13587,84.0,1008.0,63.9
13588,89.0,1068.0,68.9
13589,115.0,1380.0,64.5
13590,99.0,1188.0,64.8
13591,112.0,1344.0,60.8
13592,83.0,996.0,61.0
13593,105.0,1260.0,63.0
13594,81.0,972.0,68.3
13595,77.0,924.0,73.3
13596,134.0,1608.0,63.8
13597,125.0,1500.0,62.0
13598,85.0,1020.0,67.8
13599,109.0,1308.0,67.5
13600,128.0,1536.0,62.6
13601,123.0,1476.0,65.1
13602,118.0,1416.0,68.2
13603,130.0,1560.0,63.7
13604,123.0,1476.0,64.4
13605,122.0,1464.0,68.0
13606,107.0,1284.0,67.2
13607,135.0,1620.0,69.1
13608,121.0,1452.0,67.2
13609,163.0,1956.0,63.6
13610,159.0,1908.0,63.1
13611,150.0,1800.0,66.8
13612,128.0,1536.0,69.6
13613,200.0,2400.0,68.5
13614,168.0,2016.0,68.7
13615,167.0,2004.0,66.2
13616,163.0,1956.0,68.6
13617,174.0,2088.0,63.8
13618,183.0,2196.0,61.5
13619,183.0,2196.0,58.2
13620,175.0,2100.0,55.2
13621,176.0,2112.0,58.0
13622,185.0,2220.0,63.7
13623,164.0,1968.0,61.9
13624,229.0,2748.0,62.5
13625,167.0,2004.0,50.2
13626,175.0,2100.0,59.4
13627,146.0,1752.0,62.9
13628,171.0,2052.0,62.7
13629,163.0,1956.0,66.8
13630,165.0,1980.0,66.7
13631,164.0,1968.0,58.8
13632,172.0,2064.0,57.4
13633,177.0,2124.0,56.2
13634,163.0,1956.0,50.4
13635,178.0,2136.0,53.5
13636,178.0,2136.0,54.7
13637,178.0,2136.0,51.3
13638,170.0,2040.0,49.2
13639,149.0,1788.0,55.0
13640,140.0,1680.0,53.8
13641,185.0,2220.0,52.9
13642,191.0,2292.0,52.2
13643,184.0,2208.0,51.2
13644,167.0,2004.0,54.2
13645,174.0,2088.0,50.6
13646,147.0,1764.0,49.6
13647,162.0,1944.0,47.5
13648,155.0,1860.0,48.2
13649,176.0,2112.0,48.3
13650,182.0,2184.0,48.9
13651,169.0,2028.0,49.6
13652,163.0,1956.0,45.5
13653,137.0,1644.0,41.7
13654,170.0,2040.0,46.6
13655,168.0,2016.0,47.2
13656,170.0,2040.0,46.5
13657,169.0,2028.0,51.5
13658,137.0,1644.0,49.8
13659,174.0,2088.0,46.6
13660,156.0,1872.0,45.1
13661,168.0,2016.0,47.2
13662,162.0,1944.0,51.4
13663,152.0,1824.0,51.0
13664,172.0,2064.0,52.6
13665,165.0,1980.0,50.0
13666,170.0,2040.0,46.7
13667,171.0,2052.0,46.0
13668,155.0,1860.0,48.3
13669,146.0,1752.0,49.3
13670,167.0,2004.0,50.5
13671,176.0,2112.0,47.4
13672,194.0,2328.0,48.7
13673,158.0,1896.0,48.3
13674,186.0,2232.0,49.9
13675,205.0,2460.0,50.5
13676,100.0,1200.0,50.0
13677,182.0,2184.0,50.8
13678,186.0,2232.0,51.2
13679,178.0,2136.0,47.1
13680,182.0,2184.0,50.1
13681,157.0,1884.0,49.6
13682,186.0,2232.0,48.7
13683,163.0,1956.0,48.8
13684,177.0,2124.0,45.4
13685,144.0,1728.0,45.0
13686,148.0,1776.0,47.7
13687,160.0,1920.0,46.0
13688,173.0,2076.0,51.3
13689,183.0,2196.0,52.1
13690,191.0,2292.0,48.5
13691,162.0,1944.0,47.7
13692,149.0,1788.0,51.4
13693,190.0,2280.0,52.3
13694,199.0,2388.0,50.0
13695,198.0,2376.0,49.4
13696,183.0,2196.0,48.6
13697,179.0,2148.0,49.3
13698,179.0,2148.0,46.7
13699,180.0,2160.0,44.4
13700,163.0,1956.0,44.7
13701,210.0,2520.0,43.6
13702,185.0,2220.0,46.8
13703,159.0,1908.0,47.0
13704,144.0,1728.0,49.4
13705,193.0,2316.0,51.6
13706,168.0,2016.0,53.1
13707,172.0,2064.0,50.2
13708,193.0,2316.0,50.6
13709,180.0,2160.0,53.3
13710,150.0,1800.0,52.0
13711,167.0,2004.0,53.6
13712,184.0,2208.0,53.8
13713,229.0,2748.0,52.6
13714,190.0,2280.0,47.2
13715,181.0,2172.0,47.6
13716,159.0,1908.0,49.7
13717,181.0,2172.0,48.4
13718,185.0,2220.0,50.3
13719,172.0,2064.0,48.6
13720,214.0,2568.0,48.2
13721,207.0,2484.0,50.8
13722,189.0,2268.0,47.9
13723,206.0,2472.0,47.6
13724,209.0,2508.0,53.5
13725,178.0,2136.0,53.8
13726,206.0,2472.0,54.2
13727,229.0,2748.0,55.0
13728,211.0,2532.0,54.6
13729,194.0,2328.0,55.3
13730,185.0,2220.0,50.8
13731,217.0,2604.0,52.8
13732,177.0,2124.0,52.6
13733,220.0,2640.0,52.1
13734,180.0,2160.0,54.0
13735,206.0,2472.0,52.2
13736,175.0,2100.0,50.5
13737,191.0,2292.0,51.8
13738,199.0,2388.0,48.9
13739,189.0,2268.0,51.7
13740,163.0,1956.0,54.6
13741,201.0,2412.0,54.9
13742,181.0,2172.0,54.2
13743,197.0,2364.0,54.6
13744,168.0,2016.0,53.8
13745,176.0,2112.0,52.7
13746,167.0,2004.0,45.5
13747,207.0,2484.0,48.9
13748,198.0,2376.0,51.7
13749,181.0,2172.0,51.3
13750,202.0,2424.0,53.5
13751,179.0,2148.0,49.9
13752,139.0,1668.0,51.7
13753,157.0,1884.0,42.9
13754,173.0,2076.0,42.4
13755,174.0,2088.0,46.4
13756,196.0,2352.0,47.6
13757,158.0,1896.0,52.5
13758,175.0,2100.0,51.0
13759,185.0,2220.0,49.2
13760,149.0,1788.0,51.0
13761,175.0,2100.0,50.3
13762,157.0,1884.0,46.1
13763,149.0,1788.0,52.0
13764,106.0,1272.0,48.7
13765,116.0,1392.0,47.1
13766,125.0,1500.0,54.9
13767,121.0,1452.0,54.2
13768,133.0,1596.0,53.4
13769,140.0,1680.0,50.6
13770,129.0,1548.0,51.8
13771,116.0,1392.0,56.0
13772,110.0,1320.0,54.8
13773,125.0,1500.0,56.7
13774,137.0,1644.0,53.1
13775,109.0,1308.0,54.4
13776,118.0,1416.0,50.6
13777,83.0,996.0,43.3
13778,96.0,1152.0,45.7
13779,103.0,1236.0,49.7
13780,93.0,1116.0,53.7
13781,88.0,1056.0,56.5
13782,86.0,1032.0,53.9
13783,78.0,936.0,55.5
13784,111.0,1332.0,54.7
13785,89.0,1068.0,56.8
13786,91.0,1092.0,60.3
13787,91.0,1092.0,54.6
13788,81.0,972.0,54.3
13789,99.0,1188.0,57.1
13790,103.0,1236.0,61.7
13791,92.0,1104.0,65.2
13792,91.0,1092.0,61.4
13793,94.0,1128.0,56.8
13794,76.0,912.0,62.7
13795,90.0,1080.0,60.5
13796,88.0,1056.0,62.2
13797,81.0,972.0,60.5
13798,49.0,588.0,58.6
13799,50.0,600.0,64.7
13800,81.0,972.0,65.0
13801,93.0,1116.0,65.7
13802,56.0,672.0,65.4
13803,79.0,948.0,57.8
13804,70.0,840.0,60.7
13805,86.0,1032.0,63.8
13806,80.0,960.0,59.8
13807,66.0,792.0,54.1
13808,70.0,840.0,58.8
13809,68.0,816.0,56.4
13810,64.0,768.0,58.1
13811,57.0,684.0,59.2
13812,65.0,780.0,58.8
13813,59.0,708.0,62.1
13814,57.0,684.0,65.4
13815,62.0,744.0,68.2
13816,58.0,696.0,69.7
13817,44.0,528.0,62.1
13818,57.0,684.0,62.6
13819,41.0,492.0,62.7
13820,56.0,672.0,56.2
13821,55.0,660.0,52.3
13822,55.0,660.0,48.6
13823,48.0,576.0,53.8
13824,52.0,624.0,68.6
13825,36.0,432.0,65.7
13826,61.0,732.0,66.7
13827,60.0,720.0,71.8
13828,47.0,564.0,69.8
13829,53.0,636.0,68.0
13830,43.0,516.0,67.1
13831,63.0,756.0,68.8
13832,45.0,540.0,62.7
13833,42.0,504.0,63.4
13834,31.0,372.0,65.4
13835,40.0,480.0,61.0
13836,35.0,420.0,65.2
13837,30.0,360.0,66.3
13838,36.0,432.0,63.0
13839,22.0,264.0,65.0
13840,31.0,372.0,64.3
13841,34.0,408.0,60.6
13842,29.0,348.0,60.9
13843,31.0,372.0,59.6
13844,43.0,516.0,56.5
13845,35.0,420.0,59.4
13846,45.0,540.0,56.6
13847,42.0,504.0,52.7
13848,19.0,228.0,59.0
13849,39.0,468.0,60.9
13850,38.0,456.0,62.0
13851,36.0,432.0,64.3
13852,27.0,324.0,62.0
13853,50.0,600.0,58.5
13854,42.0,504.0,63.0
13855,34.0,408.0,63.0
13856,36.0,432.0,60.2
13857,47.0,564.0,61.5
13858,39.0,468.0,61.6
13859,45.0,540.0,47.3
13860,43.0,516.0,55.1
13861,48.0,576.0,57.6
13862,53.0,636.0,62.5
13863,45.0,540.0,58.3
13864,52.0,624.0,65.5
13865,52.0,624.0,69.2
13866,73.0,876.0,61.8
13867,71.0,852.0,65.2
13868,58.0,696.0,67.6
13869,67.0,804.0,64.0
13870,78.0,936.0,65.1
13871,61.0,732.0,73.7
13872,81.0,972.0,65.5
13873,70.0,840.0,65.3
13874,97.0,1164.0,59.8
13875,80.0,960.0,63.8
13876,96.0,1152.0,67.2
13877,112.0,1344.0,63.3
13878,91.0,1092.0,63.3
13879,104.0,1248.0,66.2
13880,114.0,1368.0,64.5
13881,110.0,1320.0,66.9
13882,96.0,1152.0,65.7
13883,94.0,1128.0,63.1
13884,97.0,1164.0,61.2
13885,102.0,1224.0,64.9
13886,118.0,1416.0,62.5
13887,105.0,1260.0,57.7
13888,118.0,1416.0,58.9
13889,114.0,1368.0,59.3
13890,131.0,1572.0,60.8
13891,106.0,1272.0,64.5
13892,145.0,1740.0,64.7
13893,133.0,1596.0,68.3
13894,140.0,1680.0,65.5
13895,112.0,1344.0,63.7
13896,133.0,1596.0,57.7
13897,159.0,1908.0,62.2
13898,176.0,2112.0,62.2
13899,130.0,1560.0,61.2
13900,161.0,1932.0,61.2
13901,178.0,2136.0,63.7
13902,178.0,2136.0,62.0
13903,181.0,2172.0,64.3
13904,165.0,1980.0,63.0
13905,158.0,1896.0,65.3
13906,160.0,1920.0,64.0
13907,175.0,2100.0,62.5
13908,165.0,1980.0,62.1
13909,192.0,2304.0,62.3
13910,172.0,2064.0,58.8
13911,189.0,2268.0,60.6
13912,189.0,2268.0,64.9
13913,210.0,2520.0,62.3
13914,218.0,2616.0,56.5
13915,206.0,2472.0,53.3
13916,198.0,2376.0,56.0
13917,156.0,1872.0,51.0
13918,199.0,2388.0,47.7
13919,175.0,2100.0,52.6
13920,193.0,2316.0,49.9
13921,164.0,1968.0,39.2
13922,160.0,1920.0,47.8
13923,191.0,2292.0,46.8
13924,172.0,2064.0,45.0
13925,162.0,1944.0,49.0
13926,155.0,1860.0,52.4
13927,164.0,1968.0,48.2
13928,153.0,1836.0,50.8
13929,166.0,1992.0,49.1
13930,157.0,1884.0,46.6
13931,177.0,2124.0,44.8
13932,172.0,2064.0,40.4
13933,157.0,1884.0,45.3
13934,168.0,2016.0,47.7
13935,170.0,2040.0,50.5
13936,197.0,2364.0,49.2
13937,154.0,1848.0,47.9
13938,155.0,1860.0,45.8
13939,177.0,2124.0,46.4
13940,166.0,1992.0,47.4
13941,198.0,2376.0,48.3
13942,162.0,1944.0,48.6
13943,181.0,2172.0,49.1
13944,149.0,1788.0,48.6
13945,154.0,1848.0,47.3
13946,169.0,2028.0,49.1
13947,178.0,2136.0,51.1
13948,155.0,1860.0,50.3
13949,156.0,1872.0,50.6
13950,163.0,1956.0,52.0
13951,168.0,2016.0,46.7
13952,183.0,2196.0,46.0
13953,150.0,1800.0,46.6
13954,170.0,2040.0,47.5
13955,163.0,1956.0,47.4
13956,163.0,1956.0,44.3
13957,168.0,2016.0,40.6
13958,160.0,1920.0,39.6
13959,161.0,1932.0,40.6
13960,192.0,2304.0,42.7
13961,146.0,1752.0,49.0
13962,168.0,2016.0,47.2
13963,155.0,1860.0,43.4
13964,152.0,1824.0,45.1
13965,150.0,1800.0,31.9
13966,172.0,2064.0,32.8
13967,145.0,1740.0,39.5
13968,176.0,2112.0,42.2
13969,186.0,2232.0,43.3
13970,166.0,1992.0,46.2
13971,162.0,1944.0,48.6
13972,173.0,2076.0,49.7
13973,152.0,1824.0,50.0
13974,188.0,2256.0,49.9
13975,163.0,1956.0,48.3
13976,181.0,2172.0,47.8
13977,175.0,2100.0,49.8
13978,164.0,1968.0,46.0
13979,167.0,2004.0,48.3
13980,188.0,2256.0,45.9
13981,168.0,2016.0,43.2
13982,165.0,1980.0,42.7
13983,169.0,2028.0,44.6
13984,174.0,2088.0,43.9
13985,173.0,2076.0,41.1
13986,171.0,2052.0,40.7
13987,165.0,1980.0,46.0
13988,149.0,1788.0,47.0
13989,165.0,1980.0,47.3
13990,191.0,2292.0,46.2
13991,162.0,1944.0,49.8
13992,183.0,2196.0,48.6
13993,176.0,2112.0,48.2
13994,180.0,2160.0,49.5
13995,180.0,2160.0,51.8
13996,179.0,2148.0,53.2
13997,169.0,2028.0,50.2
13998,185.0,2220.0,49.5
13999,168.0,2016.0,45.3
14000,171.0,2052.0,41.8
14001,163.0,1956.0,40.3
14002,161.0,1932.0,46.3
14003,142.0,1704.0,50.0
14004,163.0,1956.0,52.2
14005,225.0,2700.0,48.6
14006,205.0,2460.0,49.4
14007,187.0,2244.0,52.3
14008,208.0,2496.0,51.7
14009,191.0,2292.0,51.4
14010,215.0,2580.0,49.9
14011,174.0,2088.0,47.8
14012,205.0,2460.0,48.1
14013,177.0,2124.0,47.8
14014,220.0,2640.0,47.5
14015,188.0,2256.0,50.3
14016,194.0,2328.0,48.7
14017,178.0,2136.0,47.4
14018,208.0,2496.0,50.4
14019,195.0,2340.0,52.1
14020,216.0,2592.0,52.9
14021,171.0,2052.0,53.8
14022,150.0,1800.0,51.6
14023,204.0,2448.0,49.2
14024,183.0,2196.0,49.5
14025,211.0,2532.0,50.1
14026,184.0,2208.0,48.9
14027,173.0,2076.0,48.9
14028,200.0,2400.0,51.0
14029,165.0,1980.0,49.8
14030,151.0,1812.0,48.3
14031,197.0,2364.0,46.0
14032,179.0,2148.0,51.0
14033,214.0,2568.0,49.9
14034,186.0,2232.0,53.9
14035,195.0,2340.0,53.8
14036,185.0,2220.0,56.9
14037,153.0,1836.0,55.1
14038,170.0,2040.0,51.1
14039,158.0,1896.0,50.4
14040,165.0,1980.0,55.1
14041,163.0,1956.0,54.1
14042,174.0,2088.0,51.1
14043,147.0,1764.0,50.1
14044,155.0,1860.0,47.5
14045,163.0,1956.0,49.0
14046,152.0,1824.0,50.4
14047,173.0,2076.0,51.7
14048,148.0,1776.0,53.2
14049,150.0,1800.0,49.9
14050,154.0,1848.0,46.7
14051,146.0,1752.0,47.2
14052,139.0,1668.0,49.9
14053,103.0,1236.0,49.9
14054,126.0,1512.0,49.6
14055,112.0,1344.0,48.7
14056,133.0,1596.0,43.2
14057,139.0,1668.0,46.6
14058,114.0,1368.0,51.4
14059,118.0,1416.0,54.5
14060,132.0,1584.0,53.0
14061,139.0,1668.0,53.1
14062,131.0,1572.0,51.4
14063,116.0,1392.0,46.8
14064,103.0,1236.0,53.2
14065,101.0,1212.0,54.6
14066,99.0,1188.0,61.2
14067,113.0,1356.0,59.7
14068,111.0,1332.0,59.6
14069,85.0,1020.0,59.6
14070,107.0,1284.0,58.1
14071,88.0,1056.0,56.8
14072,85.0,1020.0,53.6
14073,109.0,1308.0,50.7
14074,80.0,960.0,53.3
14075,85.0,1020.0,52.1
14076,93.0,1116.0,51.9
14077,99.0,1188.0,56.4
14078,101.0,1212.0,57.5
14079,76.0,912.0,59.2
14080,80.0,960.0,59.3
14081,76.0,912.0,50.9
14082,89.0,1068.0,57.8
14083,83.0,996.0,57.3
14084,96.0,1152.0,58.9
14085,75.0,900.0,56.0
14086,99.0,1188.0,58.9
14087,82.0,984.0,54.6
14088,60.0,720.0,56.8
14089,79.0,948.0,59.4
14090,73.0,876.0,63.6
14091,79.0,948.0,60.2
14092,63.0,756.0,59.1
14093,79.0,948.0,63.9
14094,67.0,804.0,69.0
14095,70.0,840.0,66.1
14096,54.0,648.0,64.6
14097,63.0,756.0,68.0
14098,50.0,600.0,66.4
14099,50.0,600.0,69.6
14100,65.0,780.0,69.8
14101,63.0,756.0,64.7
14102,39.0,468.0,62.9
14103,70.0,840.0,66.8
14104,52.0,624.0,70.9
14105,52.0,624.0,72.1
14106,54.0,648.0,68.6
14107,53.0,636.0,72.0
14108,44.0,528.0,66.4
14109,55.0,660.0,65.6
14110,58.0,696.0,58.8
14111,36.0,432.0,63.6
14112,41.0,492.0,68.4
14113,42.0,504.0,63.7
14114,57.0,684.0,61.3
14115,40.0,480.0,66.2
14116,41.0,492.0,67.8
14117,43.0,516.0,68.4
14118,35.0,420.0,68.6
14119,38.0,456.0,67.9
14120,30.0,360.0,67.8
14121,43.0,516.0,69.0
14122,38.0,456.0,68.7
14123,31.0,372.0,66.2
14124,41.0,492.0,65.9
14125,34.0,408.0,67.2
14126,21.0,252.0,67.1
14127,21.0,252.0,67.8
14128,33.0,396.0,68.4
14129,42.0,504.0,70.4
14130,30.0,360.0,68.8
14131,35.0,420.0,70.5
14132,41.0,492.0,68.4
14133,40.0,480.0,58.8
14134,35.0,420.0,63.9
14135,32.0,384.0,62.6
14136,34.0,408.0,66.5
14137,39.0,468.0,62.7
14138,49.0,588.0,67.2
14139,27.0,324.0,67.3
14140,35.0,420.0,68.5
14141,42.0,504.0,64.7
14142,33.0,396.0,64.5
14143,35.0,420.0,61.2
14144,46.0,552.0,62.2
14145,20.0,240.0,66.0
14146,63.0,756.0,59.6
14147,40.0,480.0,66.8
14148,38.0,456.0,68.1
14149,43.0,516.0,66.4
14150,53.0,636.0,66.8
14151,43.0,516.0,67.3
14152,55.0,660.0,63.8
14153,55.0,660.0,61.0
14154,56.0,672.0,63.3
14155,56.0,672.0,67.8
14156,48.0,576.0,70.7
14157,78.0,936.0,65.6
14158,59.0,708.0,61.4
14159,82.0,984.0,66.2
14160,71.0,852.0,65.3
14161,75.0,900.0,67.5
14162,76.0,912.0,61.7
14163,97.0,1164.0,59.4
14164,90.0,1080.0,64.4
14165,104.0,1248.0,67.1
14166,101.0,1212.0,67.0
14167,91.0,1092.0,64.3
14168,92.0,1104.0,64.3
14169,86.0,1032.0,64.2
14170,107.0,1284.0,65.7
14171,90.0,1080.0,63.3
14172,94.0,1128.0,62.3
14173,100.0,1200.0,66.2
14174,89.0,1068.0,70.3
14175,118.0,1416.0,69.1
14176,103.0,1236.0,65.2
14177,101.0,1212.0,64.4
14178,99.0,1188.0,64.8
14179,104.0,1248.0,68.5
14180,122.0,1464.0,65.0
14181,140.0,1680.0,66.0
14182,85.0,1020.0,66.8
14183,120.0,1440.0,60.5
14184,129.0,1548.0,58.8
14185,161.0,1932.0,60.8
14186,141.0,1692.0,60.6
14187,139.0,1668.0,59.8
14188,147.0,1764.0,64.2
14189,152.0,1824.0,64.0
14190,148.0,1776.0,62.0
14191,160.0,1920.0,64.8
14192,156.0,1872.0,59.9
14193,152.0,1824.0,63.1
14194,140.0,1680.0,61.1
14195,185.0,2220.0,61.5
14196,165.0,1980.0,60.0
14197,142.0,1704.0,57.4
14198,183.0,2196.0,56.1
14199,170.0,2040.0,57.6
14200,202.0,2424.0,59.4
14201,181.0,2172.0,60.3
14202,173.0,2076.0,62.8
14203,175.0,2100.0,64.7
14204,182.0,2184.0,61.6
14205,198.0,2376.0,58.7
14206,189.0,2268.0,63.4
14207,174.0,2088.0,61.6
14208,184.0,2208.0,61.0
14209,185.0,2220.0,52.1
14210,186.0,2232.0,54.1
14211,157.0,1884.0,53.6
14212,177.0,2124.0,53.0
14213,169.0,2028.0,53.7
14214,152.0,1824.0,53.5
14215,175.0,2100.0,52.2
14216,161.0,1932.0,51.6
14217,166.0,1992.0,51.3
14218,175.0,2100.0,53.3
14219,182.0,2184.0,52.8
14220,162.0,1944.0,50.0
14221,155.0,1860.0,47.8
14222,150.0,1800.0,46.1
14223,149.0,1788.0,47.5
14224,156.0,1872.0,48.7
14225,166.0,1992.0,45.8
14226,174.0,2088.0,44.2
14227,169.0,2028.0,47.2
14228,167.0,2004.0,49.2
14229,188.0,2256.0,52.6
14230,184.0,2208.0,49.1
14231,181.0,2172.0,48.2
14232,158.0,1896.0,50.1
14233,152.0,1824.0,51.0
14234,147.0,1764.0,51.8
14235,189.0,2268.0,52.1
14236,174.0,2088.0,53.8
14237,155.0,1860.0,52.7
14238,181.0,2172.0,48.1
14239,180.0,2160.0,49.2
14240,170.0,2040.0,46.9
14241,173.0,2076.0,48.7
14242,193.0,2316.0,52.2
14243,170.0,2040.0,50.9
14244,170.0,2040.0,48.9
14245,153.0,1836.0,46.8
14246,146.0,1752.0,48.2
14247,174.0,2088.0,49.6
14248,175.0,2100.0,49.4
14249,184.0,2208.0,50.3
14250,161.0,1932.0,47.2
14251,186.0,2232.0,48.1
14252,162.0,1944.0,45.2
14253,138.0,1656.0,47.6
14254,183.0,2196.0,50.7
14255,193.0,2316.0,50.7
14256,194.0,2328.0,51.8
14257,150.0,1800.0,52.8
14258,194.0,2328.0,55.7
14259,187.0,2244.0,55.4
14260,149.0,1788.0,54.0
14261,191.0,2292.0,50.6
14262,194.0,2328.0,50.3
14263,160.0,1920.0,46.2
14264,191.0,2292.0,49.1
14265,178.0,2136.0,48.5
14266,194.0,2328.0,47.7
14267,190.0,2280.0,47.5
14268,190.0,2280.0,50.1
14269,190.0,2280.0,50.7
14270,190.0,2280.0,53.8
14271,204.0,2448.0,53.5
14272,173.0,2076.0,54.5
14273,198.0,2376.0,54.2
14274,177.0,2124.0,53.2
14275,190.0,2280.0,48.2
14276,172.0,2064.0,44.6
14277,193.0,2316.0,46.1
14278,209.0,2508.0,46.6
14279,156.0,1872.0,49.4
14280,200.0,2400.0,49.7
14281,195.0,2340.0,47.4
14282,186.0,2232.0,46.8
14283,181.0,2172.0,48.7
14284,177.0,2124.0,45.0
14285,189.0,2268.0,47.7
14286,195.0,2340.0,49.1
14287,187.0,2244.0,49.6
14288,194.0,2328.0,47.2
14289,195.0,2340.0,50.1
14290,169.0,2028.0,51.6
14291,184.0,2208.0,48.2
14292,202.0,2424.0,51.8
14293,187.0,2244.0,51.4
14294,170.0,2040.0,52.7
14295,194.0,2328.0,50.8
14296,211.0,2532.0,53.1
14297,215.0,2580.0,54.1
14298,213.0,2556.0,53.0
14299,255.0,3060.0,54.9
14300,209.0,2508.0,54.6
14301,195.0,2340.0,57.5
14302,181.0,2172.0,55.0
14303,184.0,2208.0,53.1
14304,205.0,2460.0,56.8
14305,181.0,2172.0,56.0
14306,183.0,2196.0,55.2
14307,203.0,2436.0,56.7
14308,179.0,2148.0,52.8
14309,217.0,2604.0,54.8
14310,155.0,1860.0,57.7
14311,161.0,1932.0,53.1
14312,169.0,2028.0,53.4
14313,183.0,2196.0,49.3
14314,184.0,2208.0,45.6
14315,184.0,2208.0,45.8
14316,188.0,2256.0,53.0
14317,187.0,2244.0,55.3
14318,208.0,2496.0,56.0
14319,194.0,2328.0,54.6
14320,156.0,1872.0,50.6
14321,196.0,2352.0,52.4
14322,175.0,2100.0,49.6
14323,181.0,2172.0,52.6
14324,178.0,2136.0,54.8
14325,183.0,2196.0,55.3
14326,196.0,2352.0,51.9
14327,199.0,2388.0,47.6
14328,172.0,2064.0,51.2
14329,162.0,1944.0,54.6
14330,159.0,1908.0,55.7
14331,154.0,1848.0,56.8
14332,164.0,1968.0,57.4
14333,172.0,2064.0,58.5
14334,160.0,1920.0,56.9
14335,193.0,2316.0,56.9
14336,193.0,2316.0,56.3
14337,179.0,2148.0,56.9
14338,155.0,1860.0,56.4
14339,149.0,1788.0,50.6
14340,163.0,1956.0,48.6
14341,133.0,1596.0,50.5
14342,149.0,1788.0,53.1
14343,168.0,2016.0,53.9
14344,170.0,2040.0,55.1
14345,144.0,1728.0,57.8
14346,165.0,1980.0,55.7
14347,145.0,1740.0,49.9
14348,143.0,1716.0,52.8
14349,139.0,1668.0,56.7
14350,148.0,1776.0,58.5
14351,137.0,1644.0,58.4
14352,129.0,1548.0,55.1
14353,97.0,1164.0,58.7
14354,107.0,1284.0,59.4
14355,125.0,1500.0,59.4
14356,148.0,1776.0,60.6
14357,131.0,1572.0,57.4
14358,119.0,1428.0,60.2
14359,89.0,1068.0,55.4
14360,123.0,1476.0,53.0
14361,107.0,1284.0,55.9
14362,118.0,1416.0,57.7
14363,103.0,1236.0,57.3
14364,88.0,1056.0,55.8
14365,115.0,1380.0,55.4
14366,94.0,1128.0,58.2
14367,114.0,1368.0,58.8
14368,112.0,1344.0,61.1
14369,94.0,1128.0,64.8
14370,99.0,1188.0,64.6
14371,107.0,1284.0,62.1
14372,104.0,1248.0,61.7
14373,95.0,1140.0,61.0
14374,81.0,972.0,66.3
14375,83.0,996.0,65.8
14376,81.0,972.0,67.5
14377,91.0,1092.0,70.4
14378,92.0,1104.0,73.0
14379,79.0,948.0,66.6
14380,55.0,660.0,72.0
14381,48.0,576.0,73.2
14382,32.0,384.0,73.5
14383,36.0,432.0,71.8
14384,42.0,504.0,75.5
14385,46.0,552.0,73.1
14386,43.0,516.0,70.9
14387,36.0,432.0,71.1
14388,42.0,504.0,70.9
14389,36.0,432.0,70.8
14390,37.0,444.0,70.7
14391,33.0,396.0,71.0
14392,27.0,324.0,70.7
14393,29.0,348.0,69.7
14394,37.0,444.0,69.5
14395,34.0,408.0,69.8
14396,32.0,384.0,70.1
14397,30.0,360.0,69.2
14398,31.0,372.0,69.9
14399,26.0,312.0,71.2
14400,29.0,348.0,68.0
14401,27.0,324.0,69.2
14402,30.0,360.0,70.8
14403,27.0,324.0,69.9
14404,32.0,384.0,69.3
14405,19.0,228.0,69.4
14406,22.0,264.0,69.8
14407,20.0,240.0,69.3
14408,27.0,324.0,69.2
14409,25.0,300.0,69.4
14410,14.0,168.0,69.7
14411,30.0,360.0,69.2
14412,18.0,216.0,69.8
14413,17.0,204.0,69.5
14414,20.0,240.0,68.8
14415,23.0,276.0,69.7
14416,26.0,312.0,69.5
14417,26.0,312.0,68.9
14418,21.0,252.0,69.7
14419,18.0,216.0,69.6
14420,27.0,324.0,69.9
14421,12.0,144.0,69.2
14422,20.0,240.0,69.0
14423,13.0,156.0,68.0
14424,16.0,192.0,69.7
14425,14.0,168.0,67.8
14426,24.0,288.0,68.9
14427,17.0,204.0,69.1
14428,16.0,192.0,69.7
14429,15.0,180.0,68.7
14430,15.0,180.0,69.5
14431,17.0,204.0,69.5
14432,15.0,180.0,69.5
14433,16.0,192.0,68.6
14434,21.0,252.0,69.4
14435,23.0,276.0,69.3
14436,19.0,228.0,69.1
14437,27.0,324.0,69.1
14438,11.0,132.0,68.7
14439,19.0,228.0,69.0
14440,19.0,228.0,69.1
14441,17.0,204.0,69.5
14442,22.0,264.0,69.1
14443,25.0,300.0,69.2
14444,22.0,264.0,68.6
14445,28.0,336.0,70.2
14446,18.0,216.0,69.1
14447,25.0,300.0,69.4
14448,19.0,228.0,68.9
14449,26.0,312.0,69.1
14450,29.0,348.0,70.3
14451,23.0,276.0,70.2
14452,41.0,492.0,69.2
14453,35.0,420.0,69.1
14454,39.0,468.0,68.1
14455,30.0,360.0,70.0
14456,31.0,372.0,68.9
14457,33.0,396.0,69.8
14458,29.0,348.0,70.1
14459,29.0,348.0,70.3
14460,28.0,336.0,70.8
14461,37.0,444.0,70.8
14462,34.0,408.0,71.4
14463,38.0,456.0,69.2
14464,33.0,396.0,69.0
14465,46.0,552.0,71.7
14466,43.0,516.0,64.7
14467,42.0,504.0,66.7
14468,38.0,456.0,69.8
14469,52.0,624.0,68.0
14470,48.0,576.0,70.2
14471,39.0,468.0,70.7
14472,43.0,516.0,70.5
14473,50.0,600.0,71.7
14474,50.0,600.0,72.5
14475,58.0,696.0,69.8
14476,57.0,684.0,69.2
14477,70.0,840.0,68.8
14478,69.0,828.0,68.9
14479,69.0,828.0,69.6
14480,76.0,912.0,71.4
14481,77.0,924.0,69.3
14482,76.0,912.0,67.2
14483,71.0,852.0,66.0
14484,71.0,852.0,66.0
14485,58.0,696.0,70.1
14486,95.0,1140.0,69.7
14487,109.0,1308.0,67.1
14488,103.0,1236.0,65.5
14489,103.0,1236.0,69.1
14490,90.0,1080.0,67.7
14491,111.0,1332.0,62.2
14492,129.0,1548.0,60.7
14493,117.0,1404.0,61.1
14494,133.0,1596.0,59.1
14495,115.0,1380.0,62.8
14496,96.0,1152.0,62.0
14497,114.0,1368.0,64.4
14498,138.0,1656.0,65.2
14499,129.0,1548.0,61.6
14500,142.0,1704.0,64.9
14501,131.0,1572.0,60.0
14502,137.0,1644.0,56.1
14503,150.0,1800.0,55.3
14504,125.0,1500.0,59.7
14505,136.0,1632.0,54.7
14506,141.0,1692.0,52.3
14507,154.0,1848.0,54.8
14508,156.0,1872.0,54.7
14509,163.0,1956.0,56.2
14510,153.0,1836.0,57.2
14511,154.0,1848.0,56.9
14512,144.0,1728.0,57.3
14513,175.0,2100.0,56.5
14514,163.0,1956.0,55.9
14515,158.0,1896.0,45.9
14516,161.0,1932.0,50.3
14517,160.0,1920.0,47.8
14518,170.0,2040.0,50.3
14519,156.0,1872.0,51.4
14520,174.0,2088.0,52.9
14521,168.0,2016.0,55.2
14522,174.0,2088.0,53.3
14523,166.0,1992.0,52.4
14524,187.0,2244.0,51.3
14525,174.0,2088.0,50.2
14526,170.0,2040.0,53.0
14527,160.0,1920.0,53.8
14528,173.0,2076.0,47.0
14529,169.0,2028.0,50.0
14530,192.0,2304.0,46.0
14531,182.0,2184.0,47.1
14532,184.0,2208.0,49.0
14533,156.0,1872.0,49.3
14534,202.0,2424.0,50.5
14535,175.0,2100.0,52.1
14536,181.0,2172.0,54.4
14537,177.0,2124.0,52.0
14538,187.0,2244.0,48.3
14539,167.0,2004.0,49.2
14540,196.0,2352.0,43.9
14541,151.0,1812.0,46.3
14542,157.0,1884.0,49.0
14543,132.0,1584.0,48.7
14544,183.0,2196.0,53.5
14545,185.0,2220.0,55.0
14546,167.0,2004.0,54.3
14547,176.0,2112.0,53.6
14548,172.0,2064.0,53.0
14549,173.0,2076.0,48.2
14550,178.0,2136.0,46.2
14551,166.0,1992.0,41.3
14552,179.0,2148.0,44.4
14553,197.0,2364.0,48.8
14554,171.0,2052.0,47.2
14555,167.0,2004.0,53.1
14556,202.0,2424.0,53.9
14557,184.0,2208.0,52.0
14558,180.0,2160.0,49.8
14559,169.0,2028.0,52.9
14560,170.0,2040.0,52.9
14561,192.0,2304.0,54.6
14562,179.0,2148.0,51.1
14563,181.0,2172.0,52.7
14564,186.0,2232.0,49.3
14565,149.0,1788.0,48.6
14566,176.0,2112.0,48.1
14567,168.0,2016.0,50.2
14568,185.0,2220.0,51.3
14569,186.0,2232.0,48.2
14570,147.0,1764.0,51.2
14571,185.0,2220.0,51.1
14572,181.0,2172.0,53.7
14573,147.0,1764.0,55.7
14574,164.0,1968.0,57.1
14575,173.0,2076.0,55.6
14576,178.0,2136.0,54.1
14577,179.0,2148.0,55.7
14578,171.0,2052.0,53.3
14579,153.0,1836.0,56.1
14580,154.0,1848.0,54.2
14581,190.0,2280.0,53.2
14582,207.0,2484.0,55.4
14583,162.0,1944.0,53.6
14584,172.0,2064.0,52.3
14585,177.0,2124.0,54.8
14586,166.0,1992.0,56.7
14587,160.0,1920.0,54.8
14588,200.0,2400.0,52.6
14589,167.0,2004.0,53.4
14590,176.0,2112.0,53.7
14591,183.0,2196.0,53.3
14592,166.0,1992.0,52.9
14593,130.0,1560.0,55.2
14594,174.0,2088.0,53.2
14595,162.0,1944.0,52.4
14596,151.0,1812.0,54.0
14597,182.0,2184.0,52.0
14598,151.0,1812.0,50.9
14599,142.0,1704.0,49.1
14600,161.0,1932.0,49.7
14601,164.0,1968.0,53.1
14602,167.0,2004.0,53.7
14603,158.0,1896.0,55.6
14604,176.0,2112.0,53.9
14605,167.0,2004.0,53.9
14606,170.0,2040.0,55.2
14607,154.0,1848.0,56.1
14608,171.0,2052.0,53.3
14609,149.0,1788.0,53.3
14610,168.0,2016.0,56.8
14611,152.0,1824.0,56.6
14612,155.0,1860.0,59.2
14613,150.0,1800.0,55.8
14614,175.0,2100.0,51.8
14615,126.0,1512.0,50.1
14616,143.0,1716.0,48.5
14617,147.0,1764.0,54.6
14618,148.0,1776.0,57.2
14619,127.0,1524.0,59.0
14620,130.0,1560.0,58.1
14621,159.0,1908.0,55.0
14622,143.0,1716.0,53.9
14623,136.0,1632.0,52.8
14624,139.0,1668.0,56.2
14625,133.0,1596.0,58.3
14626,140.0,1680.0,56.6
14627,135.0,1620.0,56.2
14628,137.0,1644.0,53.4
14629,138.0,1656.0,52.0
14630,137.0,1644.0,57.5
14631,129.0,1548.0,61.3
14632,137.0,1644.0,64.2
14633,143.0,1716.0,65.1
14634,127.0,1524.0,61.9
14635,153.0,1836.0,63.1
14636,134.0,1608.0,65.9
14637,115.0,1380.0,60.5
14638,126.0,1512.0,60.7
14639,139.0,1668.0,62.9
14640,119.0,1428.0,64.1
14641,121.0,1452.0,61.6
14642,121.0,1452.0,62.4
14643,102.0,1224.0,60.8
14644,132.0,1584.0,59.8
14645,120.0,1440.0,63.3
14646,106.0,1272.0,61.8
14647,103.0,1236.0,57.1
14648,119.0,1428.0,60.3
14649,99.0,1188.0,54.3
14650,82.0,984.0,58.9
14651,88.0,1056.0,64.4
14652,113.0,1356.0,64.7
14653,99.0,1188.0,67.4
14654,99.0,1188.0,66.3
14655,93.0,1116.0,67.6
14656,100.0,1200.0,69.4
14657,87.0,1044.0,69.4
14658,114.0,1368.0,68.7
14659,100.0,1200.0,68.1
14660,110.0,1320.0,68.3
14661,88.0,1056.0,70.1
14662,119.0,1428.0,69.8
14663,88.0,1056.0,68.7
14664,109.0,1308.0,71.0
14665,96.0,1152.0,71.1
14666,93.0,1116.0,72.8
14667,89.0,1068.0,70.5
14668,98.0,1176.0,72.5
14669,98.0,1176.0,71.8
14670,92.0,1104.0,75.5
14671,95.0,1140.0,72.3
14672,89.0,1068.0,72.0
14673,72.0,864.0,74.0
14674,83.0,996.0,72.5
14675,94.0,1128.0,69.9
14676,89.0,1068.0,69.3
14677,64.0,768.0,70.0
14678,87.0,1044.0,66.5
14679,77.0,924.0,67.2
14680,64.0,768.0,70.6
14681,83.0,996.0,70.7
14682,64.0,768.0,72.1
14683,76.0,912.0,68.9
14684,75.0,900.0,70.7
14685,57.0,684.0,72.2
14686,69.0,828.0,70.2
14687,72.0,864.0,69.7
14688,76.0,912.0,68.8
14689,64.0,768.0,68.8
14690,81.0,972.0,67.3
14691,58.0,696.0,66.6
14692,72.0,864.0,69.7
14693,56.0,672.0,67.6
14694,41.0,492.0,70.1
14695,42.0,504.0,69.5
14696,49.0,588.0,71.4
14697,54.0,648.0,69.5
14698,44.0,528.0,67.7
14699,74.0,888.0,70.4
14700,58.0,696.0,68.8
14701,51.0,612.0,69.0
14702,40.0,480.0,59.9
14703,51.0,612.0,62.8
14704,45.0,540.0,65.9
14705,46.0,552.0,66.2
14706,39.0,468.0,68.3
14707,44.0,528.0,69.5
14708,61.0,732.0,68.2
14709,32.0,384.0,68.0
14710,40.0,480.0,67.4
14711,33.0,396.0,70.2
14712,42.0,504.0,67.6
14713,34.0,408.0,68.7
14714,38.0,456.0,69.0
14715,41.0,492.0,67.9
14716,32.0,384.0,68.6
14717,32.0,384.0,68.7
14718,34.0,408.0,69.8
14719,37.0,444.0,68.9
14720,39.0,468.0,67.8
14721,32.0,384.0,68.0
14722,30.0,360.0,68.4
14723,40.0,480.0,70.3
14724,33.0,396.0,69.3
14725,29.0,348.0,70.3
14726,33.0,396.0,69.1
14727,41.0,492.0,68.3
14728,26.0,312.0,66.0
14729,33.0,396.0,67.8
14730,38.0,456.0,69.6
14731,35.0,420.0,68.3
14732,31.0,372.0,68.4
14733,20.0,240.0,68.2
14734,30.0,360.0,69.1
14735,34.0,408.0,68.8
14736,22.0,264.0,68.1
14737,30.0,360.0,66.5
14738,38.0,456.0,68.7
14739,28.0,336.0,70.5
14740,39.0,468.0,69.3
14741,28.0,336.0,67.5
14742,41.0,492.0,68.0
14743,29.0,348.0,68.3
14744,28.0,336.0,65.8
14745,40.0,480.0,65.9
14746,38.0,456.0,67.7
14747,30.0,360.0,68.5
14748,29.0,348.0,68.9
14749,36.0,432.0,68.8
14750,28.0,336.0,68.2
14751,39.0,468.0,67.9
14752,40.0,480.0,69.6
14753,42.0,504.0,66.9
14754,32.0,384.0,68.1
14755,33.0,396.0,68.3
14756,36.0,432.0,68.9
14757,41.0,492.0,66.7
14758,37.0,444.0,67.8
14759,55.0,660.0,66.4
14760,51.0,612.0,66.5
14761,57.0,684.0,66.8
14762,54.0,648.0,65.1
14763,52.0,624.0,62.5
14764,52.0,624.0,64.8
14765,56.0,672.0,63.2
14766,62.0,744.0,62.4
14767,64.0,768.0,64.1
14768,72.0,864.0,67.7
14769,65.0,780.0,66.0
14770,68.0,816.0,64.7
14771,54.0,648.0,65.5
14772,53.0,636.0,62.9
14773,53.0,636.0,67.3
14774,64.0,768.0,64.2
14775,66.0,792.0,65.8
14776,83.0,996.0,68.2
14777,81.0,972.0,68.7
14778,85.0,1020.0,66.0
14779,79.0,948.0,64.7
14780,84.0,1008.0,65.4
14781,88.0,1056.0,66.8
14782,97.0,1164.0,66.5
14783,70.0,840.0,68.2
14784,85.0,1020.0,64.5
14785,97.0,1164.0,66.3
14786,92.0,1104.0,66.2
14787,93.0,1116.0,59.4
14788,92.0,1104.0,61.6
14789,93.0,1116.0,65.7
14790,91.0,1092.0,64.8
14791,104.0,1248.0,60.7
14792,110.0,1320.0,55.7
14793,103.0,1236.0,54.0
14794,113.0,1356.0,49.5
14795,126.0,1512.0,56.3
14796,113.0,1356.0,55.2
14797,125.0,1500.0,55.2
14798,105.0,1260.0,56.2
14799,121.0,1452.0,57.6
14800,130.0,1560.0,59.0
14801,132.0,1584.0,59.7
14802,138.0,1656.0,58.1
14803,135.0,1620.0,57.2
14804,145.0,1740.0,55.3
14805,153.0,1836.0,55.3
14806,138.0,1656.0,55.6
14807,135.0,1620.0,55.4
14808,175.0,2100.0,56.0
14809,120.0,1440.0,51.9
14810,151.0,1812.0,56.3
14811,158.0,1896.0,55.0
14812,168.0,2016.0,52.2
14813,172.0,2064.0,51.2
14814,167.0,2004.0,52.4
14815,189.0,2268.0,52.2
14816,162.0,1944.0,52.9
14817,178.0,2136.0,53.1
14818,201.0,2412.0,55.8
14819,159.0,1908.0,57.9
14820,165.0,1980.0,50.2
14821,168.0,2016.0,45.2
14822,178.0,2136.0,46.3
14823,174.0,2088.0,52.0
14824,174.0,2088.0,53.2
14825,189.0,2268.0,50.8
14826,198.0,2376.0,53.9
14827,201.0,2412.0,54.9
14828,189.0,2268.0,51.8
14829,180.0,2160.0,50.8
14830,188.0,2256.0,54.9
14831,205.0,2460.0,53.2
14832,151.0,1812.0,49.5
14833,192.0,2304.0,47.7
14834,183.0,2196.0,51.0
14835,163.0,1956.0,55.4
14836,217.0,2604.0,55.2
14837,182.0,2184.0,53.7
14838,158.0,1896.0,47.6
14839,182.0,2184.0,51.3
14840,202.0,2424.0,52.6
14841,177.0,2124.0,53.0
14842,208.0,2496.0,52.2
14843,181.0,2172.0,51.1
14844,179.0,2148.0,53.3
14845,193.0,2316.0,54.0
14846,194.0,2328.0,55.0
14847,187.0,2244.0,53.0
14848,176.0,2112.0,49.6
14849,201.0,2412.0,48.3
14850,178.0,2136.0,48.2
14851,211.0,2532.0,51.9
14852,185.0,2220.0,51.2
14853,188.0,2256.0,48.9
14854,193.0,2316.0,45.1
14855,167.0,2004.0,44.1
14856,187.0,2244.0,46.6
14857,198.0,2376.0,47.6
14858,167.0,2004.0,47.4
14859,175.0,2100.0,49.2
14860,191.0,2292.0,50.5
14861,163.0,1956.0,52.3
14862,177.0,2124.0,52.0
14863,161.0,1932.0,51.6
14864,159.0,1908.0,52.3
14865,191.0,2292.0,52.7
14866,200.0,2400.0,52.1
14867,184.0,2208.0,54.4
14868,177.0,2124.0,52.1
14869,200.0,2400.0,55.0
14870,188.0,2256.0,52.7
14871,184.0,2208.0,53.4
14872,176.0,2112.0,51.4
14873,163.0,1956.0,53.7
14874,164.0,1968.0,53.8
14875,161.0,1932.0,52.6
14876,199.0,2388.0,54.6
14877,174.0,2088.0,54.0
14878,183.0,2196.0,53.2
14879,144.0,1728.0,50.0
14880,212.0,2544.0,48.2
14881,160.0,1920.0,46.0
14882,178.0,2136.0,51.0
14883,185.0,2220.0,53.0
14884,177.0,2124.0,53.2
14885,154.0,1848.0,45.7
14886,183.0,2196.0,46.1
14887,154.0,1848.0,45.9
14888,187.0,2244.0,43.6
14889,198.0,2376.0,46.9
14890,173.0,2076.0,48.4
14891,177.0,2124.0,45.3
14892,193.0,2316.0,45.3
14893,158.0,1896.0,50.8
14894,190.0,2280.0,52.9
14895,162.0,1944.0,53.0
14896,188.0,2256.0,49.1
14897,144.0,1728.0,52.7
14898,171.0,2052.0,52.1
14899,151.0,1812.0,47.1
14900,183.0,2196.0,47.3
14901,155.0,1860.0,47.3
14902,190.0,2280.0,49.4
14903,142.0,1704.0,45.8
14904,142.0,1704.0,51.0
14905,166.0,1992.0,53.8
14906,157.0,1884.0,53.6
14907,160.0,1920.0,55.5
14908,171.0,2052.0,55.5
14909,157.0,1884.0,49.7
14910,183.0,2196.0,53.4
14911,168.0,2016.0,56.4
14912,182.0,2184.0,58.1
14913,135.0,1620.0,57.4
14914,160.0,1920.0,54.7
14915,135.0,1620.0,54.3
14916,137.0,1644.0,55.9
14917,157.0,1884.0,55.7
14918,151.0,1812.0,58.9
14919,133.0,1596.0,57.9
14920,163.0,1956.0,56.4
14921,147.0,1764.0,61.7
14922,154.0,1848.0,59.9
14923,157.0,1884.0,59.2
14924,130.0,1560.0,51.7
14925,153.0,1836.0,53.8
14926,134.0,1608.0,53.9
14927,120.0,1440.0,58.4
14928,121.0,1452.0,58.3
14929,161.0,1932.0,56.8
14930,127.0,1524.0,58.8
14931,146.0,1752.0,55.5
14932,140.0,1680.0,57.8
14933,128.0,1536.0,57.2
14934,127.0,1524.0,58.1
14935,153.0,1836.0,56.2
14936,117.0,1404.0,55.7
14937,156.0,1872.0,59.8
14938,126.0,1512.0,58.3
14939,109.0,1308.0,55.4
14940,131.0,1572.0,59.5
14941,121.0,1452.0,63.2
14942,137.0,1644.0,64.5
14943,113.0,1356.0,60.2
14944,106.0,1272.0,65.4
14945,116.0,1392.0,69.0
14946,107.0,1284.0,70.9
14947,125.0,1500.0,69.5
14948,90.0,1080.0,64.9
14949,89.0,1068.0,67.3
14950,85.0,1020.0,64.8
14951,88.0,1056.0,64.9
14952,89.0,1068.0,67.0
14953,101.0,1212.0,72.2
14954,92.0,1104.0,72.9
14955,91.0,1092.0,77.9
14956,92.0,1104.0,74.3
14957,72.0,864.0,74.5
14958,83.0,996.0,75.1
14959,83.0,996.0,74.5
14960,88.0,1056.0,74.4
14961,66.0,792.0,72.2
14962,79.0,948.0,74.6
14963,56.0,672.0,70.0
14964,64.0,768.0,72.7
14965,80.0,960.0,73.1
14966,65.0,780.0,73.3
14967,65.0,780.0,72.5
14968,58.0,696.0,70.9
14969,65.0,780.0,70.8
14970,59.0,708.0,74.0
14971,67.0,804.0,72.9
14972,51.0,612.0,69.8
14973,53.0,636.0,69.3
14974,40.0,480.0,69.2
14975,60.0,720.0,69.4
14976,64.0,768.0,67.4
14977,65.0,780.0,67.8
14978,51.0,612.0,68.9
14979,44.0,528.0,69.3
14980,35.0,420.0,67.0
14981,52.0,624.0,72.0
14982,47.0,564.0,71.8
14983,48.0,576.0,67.3
14984,38.0,456.0,67.4
14985,34.0,408.0,67.1
14986,43.0,516.0,65.0
14987,24.0,288.0,67.3
14988,41.0,492.0,67.4
14989,42.0,504.0,69.8
14990,37.0,444.0,66.6
14991,31.0,372.0,67.7
14992,34.0,408.0,67.8
14993,39.0,468.0,65.5
14994,32.0,384.0,67.7
14995,45.0,540.0,65.4
14996,35.0,420.0,66.5
14997,36.0,432.0,65.8
14998,29.0,348.0,67.4
14999,31.0,372.0,64.7
15000,29.0,348.0,66.5
15001,36.0,432.0,69.0
15002,33.0,396.0,68.0
15003,31.0,372.0,67.8
15004,24.0,288.0,65.4
15005,31.0,372.0,65.2
15006,39.0,468.0,67.3
15007,36.0,432.0,62.9
15008,39.0,468.0,67.4
15009,38.0,456.0,63.9
15010,44.0,528.0,65.1
15011,40.0,480.0,67.4
15012,55.0,660.0,67.0
15013,52.0,624.0,70.6
15014,55.0,660.0,64.9
15015,41.0,492.0,67.0
15016,57.0,684.0,66.2
15017,57.0,684.0,65.0
15018,68.0,816.0,63.6
15019,62.0,744.0,65.7
15020,82.0,984.0,66.3
15021,79.0,948.0,64.8
15022,68.0,816.0,64.1
15023,92.0,1104.0,71.0
15024,84.0,1008.0,68.6
15025,81.0,972.0,69.2
15026,94.0,1128.0,65.6
15027,113.0,1356.0,62.9
15028,103.0,1236.0,61.6
15029,100.0,1200.0,66.3
15030,108.0,1296.0,64.6
15031,108.0,1296.0,65.2
15032,104.0,1248.0,64.5
15033,109.0,1308.0,60.7
15034,100.0,1200.0,59.5
15035,110.0,1320.0,61.7
15036,104.0,1248.0,68.4
15037,109.0,1308.0,65.2
15038,86.0,1032.0,71.0
15039,117.0,1404.0,67.2
15040,126.0,1512.0,67.6
15041,115.0,1380.0,65.4
15042,116.0,1392.0,70.9
15043,104.0,1248.0,66.9
15044,119.0,1428.0,65.3
15045,111.0,1332.0,65.7
15046,128.0,1536.0,62.3
15047,124.0,1488.0,65.9
15048,139.0,1668.0,63.1
15049,147.0,1764.0,62.1
15050,121.0,1452.0,62.9
15051,157.0,1884.0,62.4
15052,152.0,1824.0,63.2
15053,192.0,2304.0,62.7
15054,165.0,1980.0,64.3
15055,169.0,2028.0,63.1
15056,184.0,2208.0,61.9
15057,160.0,1920.0,64.8
15058,145.0,1740.0,68.3
15059,148.0,1776.0,67.6
15060,171.0,2052.0,67.8
15061,162.0,1944.0,66.4
15062,188.0,2256.0,66.4
15063,178.0,2136.0,66.6
15064,212.0,2544.0,64.6
15065,167.0,2004.0,66.9
15066,180.0,2160.0,72.4
15067,164.0,1968.0,73.6
15068,174.0,2088.0,70.5
15069,185.0,2220.0,72.0
15070,168.0,2016.0,69.3
15071,178.0,2136.0,70.1
15072,177.0,2124.0,69.4
15073,165.0,1980.0,68.3
15074,158.0,1896.0,66.6
15075,151.0,1812.0,63.8
15076,163.0,1956.0,63.8
15077,148.0,1776.0,63.4
15078,172.0,2064.0,61.2
15079,182.0,2184.0,60.3
15080,147.0,1764.0,57.1
15081,140.0,1680.0,52.8
15082,171.0,2052.0,54.1
15083,143.0,1716.0,54.5
15084,173.0,2076.0,55.3
15085,146.0,1752.0,56.8
15086,155.0,1860.0,58.1
15087,157.0,1884.0,52.8
15088,149.0,1788.0,52.2
15089,161.0,1932.0,53.4
15090,143.0,1716.0,58.5
15091,169.0,2028.0,58.7
15092,166.0,1992.0,55.1
15093,144.0,1728.0,50.4
15094,171.0,2052.0,46.9
15095,144.0,1728.0,51.4
15096,183.0,2196.0,52.4
15097,151.0,1812.0,52.6
15098,146.0,1752.0,55.1
15099,163.0,1956.0,49.9
15100,152.0,1824.0,46.1
15101,146.0,1752.0,50.2
15102,135.0,1620.0,50.4
15103,170.0,2040.0,53.5
15104,147.0,1764.0,52.5
15105,169.0,2028.0,56.0
15106,166.0,1992.0,50.5
15107,180.0,2160.0,48.3
15108,164.0,1968.0,48.8
15109,159.0,1908.0,49.6
15110,164.0,1968.0,51.9
15111,153.0,1836.0,54.6
15112,192.0,2304.0,54.7
15113,154.0,1848.0,50.0
15114,155.0,1860.0,48.5
15115,149.0,1788.0,46.6
15116,153.0,1836.0,47.4
15117,149.0,1788.0,47.3
15118,164.0,1968.0,49.2
15119,191.0,2292.0,48.2
15120,172.0,2064.0,48.9
15121,135.0,1620.0,52.5
15122,156.0,1872.0,51.7
15123,184.0,2208.0,50.6
15124,158.0,1896.0,49.1
15125,151.0,1812.0,48.5
15126,160.0,1920.0,44.8
15127,180.0,2160.0,46.1
15128,192.0,2304.0,48.3
15129,145.0,1740.0,50.8
15130,160.0,1920.0,51.3
15131,174.0,2088.0,52.8
15132,161.0,1932.0,54.7
15133,164.0,1968.0,53.5
15134,178.0,2136.0,51.7
15135,165.0,1980.0,49.8
15136,179.0,2148.0,51.8
15137,146.0,1752.0,53.4
15138,170.0,2040.0,56.9
15139,162.0,1944.0,56.4
15140,152.0,1824.0,55.1
15141,143.0,1716.0,49.4
15142,143.0,1716.0,47.2
15143,174.0,2088.0,44.4
15144,162.0,1944.0,46.9
15145,144.0,1728.0,48.7
15146,163.0,1956.0,46.7
15147,177.0,2124.0,50.3
15148,163.0,1956.0,51.5
15149,148.0,1776.0,53.9
15150,163.0,1956.0,53.7
15151,165.0,1980.0,51.9
15152,171.0,2052.0,50.4
15153,168.0,2016.0,48.4
15154,160.0,1920.0,45.8
15155,198.0,2376.0,48.2
15156,149.0,1788.0,44.1
15157,162.0,1944.0,42.7
15158,176.0,2112.0,47.2
15159,155.0,1860.0,47.6
15160,169.0,2028.0,47.5
15161,158.0,1896.0,47.9
15162,167.0,2004.0,49.3
15163,197.0,2364.0,50.3
15164,195.0,2340.0,48.2
15165,161.0,1932.0,47.8
15166,202.0,2424.0,50.1
15167,126.0,1512.0,51.5
15168,227.0,2724.0,53.0
15169,219.0,2628.0,52.4
15170,180.0,2160.0,55.3
15171,172.0,2064.0,55.9
15172,192.0,2304.0,54.8
15173,164.0,1968.0,54.8
15174,175.0,2100.0,53.5
15175,169.0,2028.0,47.7
15176,182.0,2184.0,44.1
15177,178.0,2136.0,43.5
15178,163.0,1956.0,50.7
15179,192.0,2304.0,52.7
15180,160.0,1920.0,50.9
15181,163.0,1956.0,52.1
15182,166.0,1992.0,52.9
15183,160.0,1920.0,49.9
15184,178.0,2136.0,48.7
15185,171.0,2052.0,51.9
15186,172.0,2064.0,53.4
15187,182.0,2184.0,55.6
15188,174.0,2088.0,54.7
15189,159.0,1908.0,53.7
15190,161.0,1932.0,49.0
15191,154.0,1848.0,50.2
15192,176.0,2112.0,54.7
15193,173.0,2076.0,54.2
15194,152.0,1824.0,53.7
15195,137.0,1644.0,54.8
15196,143.0,1716.0,54.4
15197,140.0,1680.0,56.3
15198,132.0,1584.0,56.8
15199,121.0,1452.0,57.5
15200,174.0,2088.0,57.2
15201,181.0,2172.0,51.9
15202,141.0,1692.0,49.8
15203,118.0,1416.0,59.7
15204,121.0,1452.0,54.8
15205,119.0,1428.0,58.0
15206,127.0,1524.0,54.6
15207,109.0,1308.0,55.7
15208,136.0,1632.0,55.2
15209,130.0,1560.0,55.5
15210,114.0,1368.0,55.0
15211,136.0,1632.0,52.5
15212,119.0,1428.0,62.2
15213,145.0,1740.0,61.1
15214,87.0,1044.0,59.5
15215,99.0,1188.0,57.7
15216,102.0,1224.0,57.6
15217,94.0,1128.0,56.4
15218,126.0,1512.0,61.3
15219,89.0,1068.0,63.7
15220,103.0,1236.0,60.7
15221,101.0,1212.0,55.2
15222,89.0,1068.0,57.1
15223,98.0,1176.0,61.1
15224,79.0,948.0,62.5
15225,83.0,996.0,60.6
15226,96.0,1152.0,57.8
15227,103.0,1236.0,54.5
15228,83.0,996.0,64.4
15229,96.0,1152.0,66.9
15230,84.0,1008.0,68.5
15231,86.0,1032.0,68.2
15232,61.0,732.0,67.9
15233,112.0,1344.0,64.6
15234,50.0,600.0,66.0
15235,68.0,816.0,67.3
15236,109.0,1308.0,62.3
15237,82.0,984.0,65.4
15238,74.0,888.0,70.0
15239,85.0,1020.0,70.6
15240,69.0,828.0,72.5
15241,82.0,984.0,65.8
15242,49.0,588.0,62.5
15243,74.0,888.0,63.5
15244,63.0,756.0,65.8
15245,64.0,768.0,66.6
15246,79.0,948.0,73.0
15247,49.0,588.0,73.9
15248,48.0,576.0,67.3
15249,48.0,576.0,64.4
15250,61.0,732.0,63.8
15251,53.0,636.0,59.9
15252,60.0,720.0,66.2
15253,49.0,588.0,68.9
15254,46.0,552.0,70.6
15255,60.0,720.0,66.6
15256,45.0,540.0,65.4
15257,46.0,552.0,61.5
15258,40.0,480.0,59.8
15259,48.0,576.0,65.8
15260,41.0,492.0,67.2
15261,40.0,480.0,62.7
15262,42.0,504.0,64.6
15263,44.0,528.0,66.8
15264,37.0,444.0,68.9
15265,34.0,408.0,67.3
15266,52.0,624.0,60.3
15267,39.0,468.0,63.8
15268,41.0,492.0,57.0
15269,37.0,444.0,60.4
15270,30.0,360.0,64.4
15271,39.0,468.0,66.7
15272,33.0,396.0,66.8
15273,27.0,324.0,68.2
15274,22.0,264.0,66.8
15275,29.0,348.0,61.8
15276,28.0,336.0,61.8
15277,27.0,324.0,66.0
15278,38.0,456.0,65.6
15279,41.0,492.0,63.0
15280,30.0,360.0,65.7
15281,21.0,252.0,67.7
15282,26.0,312.0,66.1
15283,37.0,444.0,64.4
15284,39.0,468.0,67.6
15285,34.0,408.0,69.2
15286,28.0,336.0,69.4
15287,40.0,480.0,65.0
15288,23.0,276.0,66.1
15289,25.0,300.0,67.0
15290,35.0,420.0,65.4
15291,45.0,540.0,67.3
15292,28.0,336.0,69.2
15293,43.0,516.0,65.5
15294,25.0,300.0,68.4
15295,36.0,432.0,68.3
15296,31.0,372.0,66.1
15297,37.0,444.0,59.5
15298,26.0,312.0,65.1
15299,34.0,408.0,62.0
15300,45.0,540.0,59.1
15301,31.0,372.0,63.5
15302,38.0,456.0,66.5
15303,57.0,684.0,64.5
15304,48.0,576.0,61.1
15305,52.0,624.0,66.1
15306,65.0,780.0,68.5
15307,60.0,720.0,69.4
15308,75.0,900.0,71.6
15309,86.0,1032.0,68.2
15310,67.0,804.0,71.7
15311,72.0,864.0,70.0
15312,80.0,960.0,60.2
15313,86.0,1032.0,60.2
15314,79.0,948.0,63.8
15315,112.0,1344.0,69.0
15316,99.0,1188.0,71.1
15317,96.0,1152.0,69.9
15318,106.0,1272.0,67.4
15319,98.0,1176.0,66.5
15320,104.0,1248.0,63.5
15321,85.0,1020.0,63.3
15322,94.0,1128.0,64.1
15323,103.0,1236.0,67.7
15324,99.0,1188.0,63.8
15325,92.0,1104.0,65.8
15326,118.0,1416.0,60.3
15327,117.0,1404.0,62.1
15328,107.0,1284.0,58.7
15329,121.0,1452.0,61.6
15330,120.0,1440.0,64.8
15331,112.0,1344.0,64.5
15332,114.0,1368.0,65.3
15333,118.0,1416.0,64.3
15334,125.0,1500.0,64.4
15335,136.0,1632.0,63.6
15336,118.0,1416.0,63.0
15337,121.0,1452.0,63.8
15338,158.0,1896.0,64.4
15339,140.0,1680.0,63.4
15340,159.0,1908.0,63.7
15341,172.0,2064.0,63.7
15342,157.0,1884.0,67.2
15343,200.0,2400.0,69.3
15344,165.0,1980.0,70.6
15345,160.0,1920.0,67.3
15346,189.0,2268.0,65.3
15347,166.0,1992.0,64.2
15348,196.0,2352.0,65.5
15349,165.0,1980.0,64.0
15350,190.0,2280.0,64.9
15351,186.0,2232.0,63.8
15352,176.0,2112.0,64.2
15353,201.0,2412.0,67.8
15354,179.0,2148.0,68.5
15355,186.0,2232.0,69.8
15356,174.0,2088.0,71.2
15357,175.0,2100.0,69.6
15358,167.0,2004.0,67.6
15359,178.0,2136.0,70.0
15360,140.0,1680.0,66.1
15361,167.0,2004.0,68.6
15362,170.0,2040.0,66.6
15363,169.0,2028.0,64.3
15364,158.0,1896.0,62.8
15365,171.0,2052.0,61.9
15366,156.0,1872.0,55.1
15367,147.0,1764.0,56.3
15368,150.0,1800.0,57.1
15369,186.0,2232.0,57.9
15370,175.0,2100.0,55.5
15371,144.0,1728.0,57.6
15372,155.0,1860.0,58.9
15373,145.0,1740.0,60.8
15374,165.0,1980.0,57.1
15375,141.0,1692.0,58.7
15376,144.0,1728.0,59.4
15377,172.0,2064.0,56.3
15378,165.0,1980.0,56.7
15379,164.0,1968.0,55.7
15380,177.0,2124.0,55.3
15381,164.0,1968.0,51.1
15382,153.0,1836.0,51.1
15383,159.0,1908.0,51.1
15384,156.0,1872.0,54.8
15385,145.0,1740.0,55.5
15386,142.0,1704.0,55.1
15387,152.0,1824.0,51.7
15388,137.0,1644.0,47.6
15389,133.0,1596.0,47.1
15390,177.0,2124.0,47.0
15391,156.0,1872.0,50.7
15392,136.0,1632.0,54.0
15393,179.0,2148.0,52.5
15394,142.0,1704.0,53.7
15395,135.0,1620.0,48.2
15396,150.0,1800.0,49.3
15397,131.0,1572.0,49.3
15398,149.0,1788.0,54.5
15399,152.0,1824.0,51.8
15400,146.0,1752.0,53.1
15401,173.0,2076.0,52.3
15402,156.0,1872.0,50.0
15403,140.0,1680.0,47.9
15404,150.0,1800.0,48.4
15405,164.0,1968.0,48.9
15406,140.0,1680.0,50.8
15407,148.0,1776.0,50.3
15408,152.0,1824.0,51.2
15409,136.0,1632.0,55.4
15410,173.0,2076.0,55.2
15411,148.0,1776.0,54.4
15412,158.0,1896.0,51.3
15413,173.0,2076.0,52.2
15414,151.0,1812.0,53.4
15415,152.0,1824.0,51.9
15416,145.0,1740.0,52.4
15417,146.0,1752.0,54.9
15418,190.0,2280.0,44.7
15419,149.0,1788.0,48.6
15420,160.0,1920.0,46.8
15421,162.0,1944.0,47.7
15422,155.0,1860.0,52.4
15423,170.0,2040.0,51.8
15424,172.0,2064.0,54.6
15425,167.0,2004.0,53.9
15426,169.0,2028.0,56.0
15427,161.0,1932.0,53.0
15428,154.0,1848.0,56.0
15429,169.0,2028.0,54.1
15430,158.0,1896.0,48.3
15431,150.0,1800.0,47.5
15432,176.0,2112.0,48.1
15433,146.0,1752.0,51.1
15434,189.0,2268.0,50.9
15435,164.0,1968.0,47.0
15436,165.0,1980.0,49.2
15437,164.0,1968.0,50.8
15438,185.0,2220.0,53.6
15439,167.0,2004.0,50.7
15440,166.0,1992.0,51.1
15441,199.0,2388.0,51.3
15442,173.0,2076.0,48.0
15443,170.0,2040.0,52.4
15444,161.0,1932.0,50.9
15445,168.0,2016.0,49.8
15446,188.0,2256.0,50.8
15447,175.0,2100.0,49.9
15448,203.0,2436.0,52.6
15449,181.0,2172.0,52.2
15450,183.0,2196.0,54.6
15451,174.0,2088.0,54.8
15452,207.0,2484.0,54.6
15453,208.0,2496.0,54.5
15454,184.0,2208.0,52.6
15455,195.0,2340.0,54.5
15456,182.0,2184.0,56.2
15457,183.0,2196.0,54.7
15458,183.0,2196.0,53.8
15459,181.0,2172.0,51.0
15460,205.0,2460.0,50.8
15461,183.0,2196.0,49.6
15462,182.0,2184.0,49.7
15463,187.0,2244.0,52.2
15464,201.0,2412.0,54.1
15465,187.0,2244.0,53.3
15466,161.0,1932.0,56.0
15467,200.0,2400.0,55.0
15468,210.0,2520.0,54.7
15469,144.0,1728.0,55.8
15470,170.0,2040.0,48.8
15471,170.0,2040.0,48.8
15472,163.0,1956.0,48.4
15473,164.0,1968.0,49.7
15474,170.0,2040.0,54.4
15475,179.0,2148.0,54.1
15476,190.0,2280.0,51.7
15477,175.0,2100.0,53.1
15478,171.0,2052.0,53.4
15479,170.0,2040.0,47.5
15480,155.0,1860.0,45.1
15481,160.0,1920.0,50.8
15482,137.0,1644.0,55.8
15483,171.0,2052.0,57.8
15484,141.0,1692.0,56.9
15485,135.0,1620.0,51.6
15486,153.0,1836.0,52.2
15487,148.0,1776.0,51.7
15488,112.0,1344.0,52.1
15489,131.0,1572.0,55.5
15490,124.0,1488.0,54.8
15491,137.0,1644.0,50.7
15492,128.0,1536.0,48.1
15493,125.0,1500.0,55.7
15494,117.0,1404.0,56.6
15495,128.0,1536.0,60.9
15496,126.0,1512.0,56.7
15497,106.0,1272.0,57.3
15498,107.0,1284.0,55.3
15499,122.0,1464.0,56.1
15500,133.0,1596.0,54.3
15501,124.0,1488.0,47.1
15502,91.0,1092.0,54.2
15503,107.0,1284.0,56.4
15504,111.0,1332.0,57.9
15505,106.0,1272.0,62.0
15506,106.0,1272.0,62.7
15507,113.0,1356.0,60.0
15508,105.0,1260.0,63.8
15509,93.0,1116.0,59.1
15510,94.0,1128.0,61.7
15511,103.0,1236.0,62.5
15512,94.0,1128.0,50.7
15513,80.0,960.0,55.1
15514,85.0,1020.0,51.3
15515,103.0,1236.0,52.5
15516,95.0,1140.0,57.9
15517,88.0,1056.0,60.8
15518,90.0,1080.0,66.8
15519,88.0,1056.0,70.6
15520,89.0,1068.0,66.1
15521,90.0,1080.0,68.3
15522,74.0,888.0,74.0
15523,79.0,948.0,71.7
15524,74.0,888.0,67.4
15525,75.0,900.0,68.6
15526,94.0,1128.0,66.7
15527,81.0,972.0,66.8
15528,83.0,996.0,63.7
15529,62.0,744.0,72.6
15530,65.0,780.0,74.6
15531,62.0,744.0,72.9
15532,84.0,1008.0,70.2
15533,59.0,708.0,71.6
15534,56.0,672.0,72.5
15535,58.0,696.0,70.7
15536,70.0,840.0,71.0
15537,63.0,756.0,69.7
15538,48.0,576.0,69.5
15539,68.0,816.0,70.9
15540,57.0,684.0,73.4
15541,55.0,660.0,69.7
15542,57.0,684.0,71.8
15543,55.0,660.0,72.2
15544,44.0,528.0,70.3
15545,50.0,600.0,71.9
15546,63.0,756.0,74.0
15547,35.0,420.0,72.1
15548,42.0,504.0,73.7
15549,25.0,300.0,68.3
15550,43.0,516.0,69.7
15551,35.0,420.0,70.1
15552,37.0,444.0,67.9
15553,47.0,564.0,68.6
15554,45.0,540.0,70.2
15555,37.0,444.0,65.0
15556,35.0,420.0,65.5
15557,41.0,492.0,68.3
15558,34.0,408.0,69.6
15559,36.0,432.0,67.2
15560,29.0,348.0,68.3
15561,28.0,336.0,67.2
15562,23.0,276.0,68.6
15563,22.0,264.0,68.7
15564,19.0,228.0,69.6
15565,28.0,336.0,70.5
15566,37.0,444.0,67.5
15567,32.0,384.0,69.0
15568,28.0,336.0,67.7
15569,43.0,516.0,66.6
15570,24.0,288.0,67.6
15571,24.0,288.0,67.7
15572,30.0,360.0,67.5
15573,35.0,420.0,67.5
15574,29.0,348.0,63.1
15575,25.0,300.0,65.6
15576,28.0,336.0,66.4
15577,17.0,204.0,66.7
15578,38.0,456.0,66.6
15579,22.0,264.0,64.3
15580,32.0,384.0,67.0
15581,30.0,360.0,67.8
15582,36.0,432.0,66.8
15583,20.0,240.0,67.8
15584,39.0,468.0,64.5
15585,37.0,444.0,68.2
15586,40.0,480.0,66.8
15587,40.0,480.0,67.2
15588,37.0,444.0,62.4
15589,40.0,480.0,65.2
15590,36.0,432.0,66.8
15591,57.0,684.0,63.1
15592,57.0,684.0,61.6
15593,53.0,636.0,60.1
15594,80.0,960.0,59.0
15595,54.0,648.0,61.0
15596,70.0,840.0,60.4
15597,71.0,852.0,64.9
15598,55.0,660.0,62.5
15599,71.0,852.0,67.8
15600,76.0,912.0,63.8
15601,74.0,888.0,63.6
15602,103.0,1236.0,63.1
15603,108.0,1296.0,63.8
15604,102.0,1224.0,61.3
15605,106.0,1272.0,63.2
15606,109.0,1308.0,67.5
15607,107.0,1284.0,67.4
15608,95.0,1140.0,65.8
15609,95.0,1140.0,68.2
15610,105.0,1260.0,59.8
15611,93.0,1116.0,64.7
15612,89.0,1068.0,63.5
15613,103.0,1236.0,63.7
15614,134.0,1608.0,63.9
15615,113.0,1356.0,64.1
15616,114.0,1368.0,64.9
15617,101.0,1212.0,63.1
15618,131.0,1572.0,61.4
15619,97.0,1164.0,61.6
15620,128.0,1536.0,62.1
15621,106.0,1272.0,63.9
15622,120.0,1440.0,65.4
15623,117.0,1404.0,69.3
15624,126.0,1512.0,63.6
15625,148.0,1776.0,61.3
15626,144.0,1728.0,63.3
15627,145.0,1740.0,63.2
15628,188.0,2256.0,67.6
15629,174.0,2088.0,68.9
15630,162.0,1944.0,67.6
15631,144.0,1728.0,66.0
15632,161.0,1932.0,67.7
15633,158.0,1896.0,62.8
15634,165.0,1980.0,65.3
15635,162.0,1944.0,64.1
15636,199.0,2388.0,64.8
15637,187.0,2244.0,66.9
15638,161.0,1932.0,63.3
15639,172.0,2064.0,68.2
15640,172.0,2064.0,69.5
15641,189.0,2268.0,66.7
15642,134.0,1608.0,66.3
15643,173.0,2076.0,66.8
15644,170.0,2040.0,66.5
15645,148.0,1776.0,67.2
15646,167.0,2004.0,67.3
15647,163.0,1956.0,66.0
15648,162.0,1944.0,65.1
15649,192.0,2304.0,66.0
15650,163.0,1956.0,68.1
15651,158.0,1896.0,64.7
15652,179.0,2148.0,60.7
15653,166.0,1992.0,61.0
15654,165.0,1980.0,65.5
15655,128.0,1536.0,61.9
15656,190.0,2280.0,57.7
15657,187.0,2244.0,56.6
15658,156.0,1872.0,60.0
15659,134.0,1608.0,55.7
15660,149.0,1788.0,59.1
15661,139.0,1668.0,57.3
15662,198.0,2376.0,56.7
15663,169.0,2028.0,56.5
15664,209.0,2508.0,58.9
15665,166.0,1992.0,57.1
15666,165.0,1980.0,58.2
15667,141.0,1692.0,55.3
15668,191.0,2292.0,55.6
15669,194.0,2328.0,56.9
15670,172.0,2064.0,55.6
15671,163.0,1956.0,54.2
15672,157.0,1884.0,48.2
15673,161.0,1932.0,49.0
15674,143.0,1716.0,46.8
15675,141.0,1692.0,51.1
15676,158.0,1896.0,55.0
15677,128.0,1536.0,50.0
15678,151.0,1812.0,53.5
15679,148.0,1776.0,48.4
15680,144.0,1728.0,48.2
15681,186.0,2232.0,50.1
15682,142.0,1704.0,45.7
15683,161.0,1932.0,46.9
15684,154.0,1848.0,47.3
15685,143.0,1716.0,46.9
15686,161.0,1932.0,48.5
15687,178.0,2136.0,49.5
15688,190.0,2280.0,54.4
15689,184.0,2208.0,54.0
15690,176.0,2112.0,52.3
15691,174.0,2088.0,53.5
15692,184.0,2208.0,48.3
15693,136.0,1632.0,51.9
15694,188.0,2256.0,54.5
15695,160.0,1920.0,51.4
15696,154.0,1848.0,52.0
15697,178.0,2136.0,58.7
15698,135.0,1620.0,56.4
15699,144.0,1728.0,55.3
15700,187.0,2244.0,55.7
15701,171.0,2052.0,56.0
15702,171.0,2052.0,51.8
15703,181.0,2172.0,51.0
15704,160.0,1920.0,50.2
15705,172.0,2064.0,50.5
15706,165.0,1980.0,52.1
15707,166.0,1992.0,50.1
15708,182.0,2184.0,53.3
15709,173.0,2076.0,55.5
15710,162.0,1944.0,55.6
15711,161.0,1932.0,56.7
15712,178.0,2136.0,53.4
15713,166.0,1992.0,52.4
15714,191.0,2292.0,53.3
15715,134.0,1608.0,50.1
15716,161.0,1932.0,45.4
15717,196.0,2352.0,47.7
15718,165.0,1980.0,49.1
15719,148.0,1776.0,45.2
15720,150.0,1800.0,49.6
15721,155.0,1860.0,53.2
15722,166.0,1992.0,53.6
15723,179.0,2148.0,54.5
15724,146.0,1752.0,51.7
15725,192.0,2304.0,52.9
15726,154.0,1848.0,50.4
15727,171.0,2052.0,51.6
15728,182.0,2184.0,51.4
15729,174.0,2088.0,52.7
15730,149.0,1788.0,47.3
15731,195.0,2340.0,46.4
15732,144.0,1728.0,46.3
15733,191.0,2292.0,46.6
15734,172.0,2064.0,45.9
15735,174.0,2088.0,47.1
15736,199.0,2388.0,44.6
15737,176.0,2112.0,42.8
15738,176.0,2112.0,43.9
15739,172.0,2064.0,46.6
15740,189.0,2268.0,46.9
15741,202.0,2424.0,47.0
15742,177.0,2124.0,49.5
15743,194.0,2328.0,47.8
15744,175.0,2100.0,46.0
15745,203.0,2436.0,44.5
15746,188.0,2256.0,49.1
15747,190.0,2280.0,54.6
15748,175.0,2100.0,53.2
15749,185.0,2220.0,52.9
15750,172.0,2064.0,53.6
15751,188.0,2256.0,55.7
15752,208.0,2496.0,56.3
15753,213.0,2556.0,57.8
15754,181.0,2172.0,53.9
15755,180.0,2160.0,49.9
15756,161.0,1932.0,55.4
15757,171.0,2052.0,55.1
15758,167.0,2004.0,59.2
15759,174.0,2088.0,59.3
15760,191.0,2292.0,56.9
15761,184.0,2208.0,59.5
15762,188.0,2256.0,54.1
15763,165.0,1980.0,53.2
15764,166.0,1992.0,56.2
15765,202.0,2424.0,54.1
15766,168.0,2016.0,56.2
15767,195.0,2340.0,54.6
15768,148.0,1776.0,51.2
15769,164.0,1968.0,54.5
15770,185.0,2220.0,54.0
15771,169.0,2028.0,53.2
15772,154.0,1848.0,53.6
15773,162.0,1944.0,50.6
15774,155.0,1860.0,51.7
15775,153.0,1836.0,54.4
15776,149.0,1788.0,57.8
15777,144.0,1728.0,56.0
15778,131.0,1572.0,55.9
15779,141.0,1692.0,53.7
15780,110.0,1320.0,59.1
15781,116.0,1392.0,61.8
15782,128.0,1536.0,59.1
15783,108.0,1296.0,53.4
15784,124.0,1488.0,59.1
15785,125.0,1500.0,60.6
15786,156.0,1872.0,57.8
15787,108.0,1296.0,63.1
15788,104.0,1248.0,68.3
15789,108.0,1296.0,61.9
15790,100.0,1200.0,66.8
15791,99.0,1188.0,65.8
15792,96.0,1152.0,67.2
15793,115.0,1380.0,63.0
15794,103.0,1236.0,63.2
15795,101.0,1212.0,67.1
15796,130.0,1560.0,62.7
15797,107.0,1284.0,61.0
15798,88.0,1056.0,60.5
15799,114.0,1368.0,59.7
15800,98.0,1176.0,50.6
15801,84.0,1008.0,53.2
15802,101.0,1212.0,52.8
15803,89.0,1068.0,55.5
15804,82.0,984.0,53.2
15805,87.0,1044.0,54.2
15806,96.0,1152.0,54.7
15807,93.0,1116.0,65.2
15808,83.0,996.0,63.6
15809,95.0,1140.0,62.1
15810,83.0,996.0,67.3
15811,83.0,996.0,69.4
15812,80.0,960.0,67.6
15813,73.0,876.0,68.9
15814,69.0,828.0,70.9
15815,81.0,972.0,66.4
15816,65.0,780.0,64.7
15817,92.0,1104.0,68.7
15818,66.0,792.0,65.8
15819,69.0,828.0,66.8
15820,62.0,744.0,65.8
15821,94.0,1128.0,66.3
15822,75.0,900.0,64.6
15823,74.0,888.0,66.0
15824,41.0,492.0,65.6
15825,83.0,996.0,66.5
15826,38.0,456.0,69.3
15827,53.0,636.0,68.7
15828,51.0,612.0,70.7
15829,55.0,660.0,69.6
15830,66.0,792.0,64.7
15831,54.0,648.0,67.9
15832,51.0,612.0,67.3
15833,50.0,600.0,70.9
15834,39.0,468.0,66.0
15835,55.0,660.0,60.1
15836,47.0,564.0,63.4
15837,45.0,540.0,65.9
15838,49.0,588.0,71.6
15839,53.0,636.0,68.3
15840,62.0,744.0,67.8
15841,38.0,456.0,70.6
15842,34.0,408.0,69.7
15843,32.0,384.0,70.2
15844,44.0,528.0,71.1
15845,34.0,408.0,70.1
15846,25.0,300.0,68.8
15847,29.0,348.0,69.0
15848,38.0,456.0,68.2
15849,27.0,324.0,66.3
15850,32.0,384.0,66.7
15851,35.0,420.0,62.9
15852,29.0,348.0,64.5
15853,28.0,336.0,62.3
15854,32.0,384.0,61.0
15855,32.0,384.0,62.5
15856,25.0,300.0,62.8
15857,28.0,336.0,66.1
15858,31.0,372.0,68.1
15859,35.0,420.0,68.2
15860,26.0,312.0,69.8
15861,38.0,456.0,67.1
15862,39.0,468.0,67.9
15863,20.0,240.0,68.0
15864,31.0,372.0,69.7
15865,21.0,252.0,68.2
15866,20.0,240.0,66.6
15867,27.0,324.0,67.1
15868,36.0,432.0,69.3
15869,41.0,492.0,69.5
15870,35.0,420.0,70.9
15871,38.0,456.0,64.2
15872,35.0,420.0,66.4
15873,42.0,504.0,65.3
15874,34.0,408.0,66.5
15875,39.0,468.0,62.0
15876,41.0,492.0,62.9
15877,47.0,564.0,60.1
15878,36.0,432.0,63.1
15879,36.0,432.0,64.6
15880,60.0,720.0,62.7
15881,51.0,612.0,67.4
15882,67.0,804.0,66.3
15883,65.0,780.0,63.7
15884,63.0,756.0,66.0
15885,70.0,840.0,66.3
15886,73.0,876.0,71.1
15887,71.0,852.0,74.5
15888,88.0,1056.0,68.0
15889,84.0,1008.0,65.9
15890,68.0,816.0,66.1
15891,132.0,1584.0,67.3
15892,104.0,1248.0,67.0
15893,91.0,1092.0,69.3
15894,95.0,1140.0,68.6
15895,113.0,1356.0,67.5
15896,108.0,1296.0,69.4
15897,80.0,960.0,70.2
15898,80.0,960.0,70.0
15899,110.0,1320.0,72.9
15900,102.0,1224.0,70.3
15901,119.0,1428.0,65.7
15902,101.0,1212.0,65.2
15903,111.0,1332.0,66.5
15904,125.0,1500.0,66.9
15905,113.0,1356.0,63.2
15906,142.0,1704.0,64.5
15907,104.0,1248.0,67.8
15908,109.0,1308.0,67.0
15909,132.0,1584.0,65.4
15910,120.0,1440.0,63.7
15911,122.0,1464.0,67.2
15912,126.0,1512.0,67.3
15913,141.0,1692.0,64.7
15914,154.0,1848.0,65.0
15915,160.0,1920.0,64.1
15916,159.0,1908.0,62.3
15917,164.0,1968.0,60.1
15918,174.0,2088.0,64.5
15919,164.0,1968.0,63.6
15920,156.0,1872.0,66.1
15921,172.0,2064.0,64.0
15922,159.0,1908.0,68.5
15923,159.0,1908.0,70.6
15924,178.0,2136.0,65.6
15925,183.0,2196.0,64.0
15926,200.0,2400.0,64.3
15927,183.0,2196.0,62.7
15928,184.0,2208.0,62.7
15929,188.0,2256.0,65.4
15930,184.0,2208.0,65.6
15931,188.0,2256.0,68.1
15932,201.0,2412.0,64.7
15933,169.0,2028.0,64.9
15934,166.0,1992.0,65.1
15935,187.0,2244.0,63.8
15936,177.0,2124.0,61.0
15937,182.0,2184.0,64.3
15938,165.0,1980.0,65.9
15939,184.0,2208.0,67.5
15940,170.0,2040.0,66.6
15941,139.0,1668.0,63.9
15942,163.0,1956.0,62.6
15943,134.0,1608.0,54.2
15944,183.0,2196.0,53.3
15945,168.0,2016.0,55.4
15946,154.0,1848.0,55.9
15947,140.0,1680.0,54.4
15948,155.0,1860.0,52.2
15949,152.0,1824.0,52.8
15950,148.0,1776.0,55.5
15951,156.0,1872.0,54.8
15952,178.0,2136.0,56.3
15953,150.0,1800.0,57.5
15954,163.0,1956.0,53.6
15955,180.0,2160.0,55.6
15956,176.0,2112.0,54.6
15957,168.0,2016.0,56.4
15958,194.0,2328.0,56.2
15959,156.0,1872.0,57.8
15960,163.0,1956.0,55.1
15961,145.0,1740.0,51.8
15962,170.0,2040.0,50.9
15963,188.0,2256.0,50.2
15964,153.0,1836.0,52.5
15965,147.0,1764.0,55.3
15966,152.0,1824.0,53.5
15967,183.0,2196.0,55.4
15968,152.0,1824.0,56.0
15969,139.0,1668.0,54.7
15970,155.0,1860.0,51.6
15971,155.0,1860.0,53.1
15972,172.0,2064.0,54.5
15973,126.0,1512.0,52.8
15974,151.0,1812.0,48.3
15975,172.0,2064.0,49.0
15976,150.0,1800.0,50.0
15977,176.0,2112.0,49.4
15978,163.0,1956.0,47.4
15979,136.0,1632.0,47.3
15980,201.0,2412.0,47.5
15981,185.0,2220.0,50.9
15982,149.0,1788.0,51.8
15983,146.0,1752.0,51.6
15984,142.0,1704.0,57.9
15985,134.0,1608.0,49.8
15986,177.0,2124.0,45.8
15987,155.0,1860.0,43.1
15988,138.0,1656.0,46.3
15989,163.0,1956.0,50.3
15990,168.0,2016.0,50.6
15991,160.0,1920.0,52.7
15992,186.0,2232.0,52.6
15993,178.0,2136.0,53.5
15994,180.0,2160.0,53.1
15995,142.0,1704.0,54.1
15996,143.0,1716.0,47.0
15997,171.0,2052.0,46.2
15998,179.0,2148.0,48.6
15999,177.0,2124.0,51.7
16000,147.0,1764.0,52.3
16001,175.0,2100.0,54.7
16002,200.0,2400.0,52.8
16003,164.0,1968.0,53.5
16004,175.0,2100.0,54.4
16005,189.0,2268.0,52.2
16006,175.0,2100.0,51.5
16007,184.0,2208.0,49.4
16008,163.0,1956.0,45.3
16009,189.0,2268.0,46.3
16010,166.0,1992.0,52.1
16011,157.0,1884.0,48.1
16012,176.0,2112.0,49.0
16013,180.0,2160.0,51.8
16014,179.0,2148.0,50.0
16015,173.0,2076.0,50.2
16016,178.0,2136.0,47.6
16017,179.0,2148.0,49.6
16018,196.0,2352.0,50.7
16019,167.0,2004.0,52.5
16020,169.0,2028.0,50.8
16021,192.0,2304.0,51.9
16022,190.0,2280.0,51.9
16023,184.0,2208.0,50.7
16024,193.0,2316.0,51.7
16025,222.0,2664.0,51.6
16026,202.0,2424.0,53.3
16027,196.0,2352.0,48.2
16028,193.0,2316.0,51.4
16029,215.0,2580.0,52.9
16030,221.0,2652.0,53.9
16031,160.0,1920.0,56.0
16032,178.0,2136.0,51.8
16033,205.0,2460.0,50.4
16034,195.0,2340.0,50.4
16035,173.0,2076.0,49.1
16036,211.0,2532.0,51.2
16037,150.0,1800.0,52.9
16038,216.0,2592.0,54.6
16039,174.0,2088.0,55.0
16040,174.0,2088.0,56.6
16041,175.0,2100.0,54.5
16042,187.0,2244.0,49.4
16043,190.0,2280.0,48.9
16044,176.0,2112.0,49.6
16045,180.0,2160.0,53.0
16046,186.0,2232.0,53.5
16047,196.0,2352.0,53.1
16048,170.0,2040.0,46.4
16049,201.0,2412.0,47.5
16050,181.0,2172.0,53.8
16051,194.0,2328.0,53.7
16052,178.0,2136.0,54.7
16053,157.0,1884.0,51.4
16054,178.0,2136.0,49.5
16055,172.0,2064.0,53.5
16056,159.0,1908.0,54.9
16057,172.0,2064.0,57.4
16058,156.0,1872.0,59.0
16059,167.0,2004.0,56.3
16060,151.0,1812.0,52.7
16061,174.0,2088.0,55.2
16062,157.0,1884.0,56.0
16063,123.0,1476.0,53.1
16064,159.0,1908.0,55.3
16065,133.0,1596.0,56.2
16066,137.0,1644.0,61.7
16067,121.0,1452.0,56.8
16068,123.0,1476.0,53.7
16069,126.0,1512.0,57.9
16070,117.0,1404.0,57.6
16071,131.0,1572.0,61.1
16072,120.0,1440.0,58.8
16073,129.0,1548.0,56.1
16074,132.0,1584.0,59.6
16075,122.0,1464.0,54.2
16076,119.0,1428.0,58.3
16077,113.0,1356.0,55.0
16078,134.0,1608.0,55.7
16079,128.0,1536.0,54.8
16080,108.0,1296.0,54.4
16081,138.0,1656.0,50.8
16082,105.0,1260.0,53.3
16083,104.0,1248.0,58.5
16084,105.0,1260.0,57.4
16085,114.0,1368.0,58.1
16086,113.0,1356.0,57.4
16087,103.0,1236.0,62.4
16088,102.0,1224.0,59.5
16089,105.0,1260.0,60.7
16090,110.0,1320.0,63.1
16091,103.0,1236.0,59.5
16092,96.0,1152.0,61.0
16093,85.0,1020.0,62.2
16094,98.0,1176.0,64.8
16095,75.0,900.0,67.2
16096,96.0,1152.0,69.1
16097,104.0,1248.0,66.5
16098,88.0,1056.0,68.7
16099,99.0,1188.0,69.8
16100,79.0,948.0,65.3
16101,87.0,1044.0,64.2
16102,93.0,1116.0,64.1
16103,81.0,972.0,65.1
16104,88.0,1056.0,63.1
16105,68.0,816.0,66.4
16106,72.0,864.0,71.6
16107,55.0,660.0,66.1
16108,82.0,984.0,66.7
16109,70.0,840.0,69.4
16110,58.0,696.0,69.7
16111,70.0,840.0,71.9
16112,76.0,912.0,71.8
16113,59.0,708.0,73.6
16114,59.0,708.0,72.6
16115,64.0,768.0,66.8
16116,57.0,684.0,66.3
16117,66.0,792.0,62.2
16118,67.0,804.0,57.2
16119,63.0,756.0,59.2
16120,65.0,780.0,58.6
16121,51.0,612.0,61.9
16122,55.0,660.0,67.0
16123,52.0,624.0,70.2
16124,63.0,756.0,61.7
16125,45.0,540.0,64.1
16126,64.0,768.0,65.8
16127,34.0,408.0,67.0
16128,41.0,492.0,68.4
16129,36.0,432.0,67.1
16130,34.0,408.0,66.2
16131,38.0,456.0,68.0
16132,31.0,372.0,65.2
16133,40.0,480.0,67.6
16134,37.0,444.0,63.0
16135,37.0,444.0,66.6
16136,37.0,444.0,68.8
16137,39.0,468.0,68.6
16138,36.0,432.0,66.6
16139,37.0,444.0,67.0
16140,21.0,252.0,68.3
16141,36.0,432.0,66.8
16142,37.0,444.0,62.7
16143,40.0,480.0,60.8
16144,32.0,384.0,60.0
16145,37.0,444.0,62.0
16146,30.0,360.0,64.1
16147,29.0,348.0,64.3
16148,33.0,396.0,61.1
16149,44.0,528.0,63.9
16150,36.0,432.0,57.6
16151,31.0,372.0,61.4
16152,40.0,480.0,61.2
16153,34.0,408.0,62.6
16154,37.0,444.0,62.3
16155,31.0,372.0,64.9
16156,31.0,372.0,67.7
16157,37.0,444.0,65.1
16158,37.0,444.0,65.2
16159,42.0,504.0,63.6
16160,40.0,480.0,67.7
16161,25.0,300.0,66.5
16162,34.0,408.0,66.8
16163,39.0,468.0,63.3
16164,45.0,540.0,65.5
16165,54.0,648.0,64.7
16166,62.0,744.0,64.0
16167,43.0,516.0,67.8
16168,49.0,588.0,61.0
16169,82.0,984.0,65.8
16170,60.0,720.0,65.9
16171,66.0,792.0,63.5
16172,65.0,780.0,67.3
16173,64.0,768.0,66.8
16174,70.0,840.0,66.5
16175,61.0,732.0,67.7
16176,91.0,1092.0,69.3
16177,82.0,984.0,69.5
16178,81.0,972.0,69.8
16179,92.0,1104.0,65.6
16180,102.0,1224.0,65.1
16181,96.0,1152.0,66.1
16182,109.0,1308.0,67.3
16183,111.0,1332.0,66.1
16184,104.0,1248.0,69.9
16185,98.0,1176.0,71.1
16186,90.0,1080.0,71.5
16187,111.0,1332.0,69.2
16188,109.0,1308.0,68.9
16189,95.0,1140.0,68.0
16190,122.0,1464.0,67.0
16191,109.0,1308.0,66.7
16192,111.0,1332.0,60.5
16193,108.0,1296.0,64.5
16194,116.0,1392.0,64.9
16195,121.0,1452.0,68.9
16196,129.0,1548.0,68.1
16197,116.0,1392.0,69.2
16198,124.0,1488.0,67.6
16199,122.0,1464.0,70.1
16200,119.0,1428.0,64.2
16201,150.0,1800.0,62.4
16202,155.0,1860.0,60.1
16203,135.0,1620.0,64.7
16204,162.0,1944.0,67.1
16205,139.0,1668.0,66.8
16206,177.0,2124.0,63.2
16207,151.0,1812.0,64.0
16208,159.0,1908.0,64.7
16209,160.0,1920.0,67.9
16210,152.0,1824.0,67.1
16211,162.0,1944.0,64.7
16212,138.0,1656.0,63.6
16213,189.0,2268.0,66.3
16214,172.0,2064.0,64.3
16215,165.0,1980.0,65.5
16216,186.0,2232.0,67.8
16217,182.0,2184.0,65.4
16218,196.0,2352.0,66.5
16219,159.0,1908.0,65.3
16220,175.0,2100.0,63.6
16221,212.0,2544.0,60.8
16222,165.0,1980.0,61.2
16223,185.0,2220.0,57.6
16224,178.0,2136.0,59.6
16225,147.0,1764.0,60.7
16226,159.0,1908.0,65.7
16227,164.0,1968.0,64.7
16228,183.0,2196.0,63.1
16229,152.0,1824.0,62.8
16230,170.0,2040.0,64.4
16231,137.0,1644.0,62.4
16232,176.0,2112.0,58.8
16233,144.0,1728.0,59.0
16234,159.0,1908.0,55.4
16235,158.0,1896.0,59.1
16236,143.0,1716.0,61.1
16237,172.0,2064.0,61.3
16238,174.0,2088.0,60.5
16239,171.0,2052.0,61.4
16240,139.0,1668.0,55.6
16241,158.0,1896.0,59.4
16242,166.0,1992.0,59.7
16243,176.0,2112.0,60.1
16244,165.0,1980.0,61.9
16245,113.0,1356.0,64.8
16246,168.0,2016.0,62.1
16247,198.0,2376.0,57.2
16248,152.0,1824.0,46.5
16249,172.0,2064.0,52.8
16250,159.0,1908.0,55.3
16251,142.0,1704.0,48.4
16252,184.0,2208.0,48.6
16253,145.0,1740.0,50.1
16254,154.0,1848.0,48.8
16255,159.0,1908.0,53.8
16256,166.0,1992.0,51.6
16257,165.0,1980.0,52.3
16258,145.0,1740.0,54.6
16259,167.0,2004.0,54.3
16260,169.0,2028.0,54.9
16261,164.0,1968.0,52.8
16262,166.0,1992.0,56.8
16263,154.0,1848.0,56.2
16264,167.0,2004.0,54.7
16265,158.0,1896.0,55.1
16266,174.0,2088.0,51.1
16267,170.0,2040.0,50.4
16268,176.0,2112.0,46.1
16269,161.0,1932.0,44.9
16270,172.0,2064.0,44.5
16271,174.0,2088.0,51.6
16272,175.0,2100.0,54.3
16273,200.0,2400.0,54.2
16274,181.0,2172.0,57.0
16275,174.0,2088.0,58.6
16276,178.0,2136.0,59.3
16277,197.0,2364.0,53.5
16278,150.0,1800.0,50.6
16279,178.0,2136.0,50.0
16280,175.0,2100.0,50.3
16281,189.0,2268.0,54.1
16282,162.0,1944.0,57.8
16283,193.0,2316.0,54.3
16284,184.0,2208.0,53.9
16285,192.0,2304.0,55.6
16286,183.0,2196.0,58.8
16287,161.0,1932.0,61.3
16288,178.0,2136.0,52.4
16289,171.0,2052.0,53.1
16290,189.0,2268.0,50.7
16291,196.0,2352.0,47.7
16292,183.0,2196.0,51.8
16293,202.0,2424.0,55.6
16294,170.0,2040.0,55.9
16295,216.0,2592.0,56.3
16296,150.0,1800.0,52.0
16297,205.0,2460.0,52.0
16298,200.0,2400.0,51.5
16299,179.0,2148.0,47.1
16300,188.0,2256.0,49.1
16301,181.0,2172.0,49.1
16302,185.0,2220.0,48.5
16303,186.0,2232.0,50.7
16304,201.0,2412.0,52.4
16305,202.0,2424.0,55.1
16306,193.0,2316.0,54.4
16307,186.0,2232.0,57.8
16308,225.0,2700.0,56.8
16309,205.0,2460.0,56.9
16310,196.0,2352.0,56.4
16311,173.0,2076.0,53.5
16312,187.0,2244.0,48.9
16313,192.0,2304.0,47.4
16314,204.0,2448.0,50.7
16315,192.0,2304.0,49.3
16316,163.0,1956.0,49.2
16317,228.0,2736.0,49.6
16318,210.0,2520.0,50.8
16319,221.0,2652.0,51.7
16320,206.0,2472.0,49.9
16321,188.0,2256.0,49.3
16322,180.0,2160.0,48.0
16323,217.0,2604.0,47.7
16324,190.0,2280.0,48.5
16325,198.0,2376.0,49.2
16326,193.0,2316.0,55.0
16327,174.0,2088.0,57.1
16328,201.0,2412.0,54.8
16329,186.0,2232.0,56.9
16330,208.0,2496.0,51.2
16331,202.0,2424.0,49.7
16332,177.0,2124.0,49.3
16333,181.0,2172.0,56.3
16334,198.0,2376.0,59.3
16335,172.0,2064.0,60.7
16336,179.0,2148.0,56.7
16337,198.0,2376.0,52.3
16338,177.0,2124.0,50.7
16339,170.0,2040.0,50.0
16340,186.0,2232.0,56.8
16341,141.0,1692.0,59.2
16342,178.0,2136.0,61.5
16343,157.0,1884.0,64.8
16344,179.0,2148.0,59.5
16345,189.0,2268.0,54.6
16346,165.0,1980.0,51.3
16347,191.0,2292.0,58.2
16348,173.0,2076.0,62.4
16349,178.0,2136.0,61.9
16350,177.0,2124.0,57.9
16351,161.0,1932.0,56.6
16352,168.0,2016.0,60.5
16353,172.0,2064.0,57.5
16354,150.0,1800.0,63.6
16355,129.0,1548.0,61.5
16356,141.0,1692.0,60.8
16357,147.0,1764.0,59.8
16358,138.0,1656.0,64.2
16359,132.0,1584.0,64.8
16360,133.0,1596.0,67.0
16361,150.0,1800.0,66.9
16362,152.0,1824.0,61.4
16363,136.0,1632.0,61.9
16364,139.0,1668.0,62.7
16365,139.0,1668.0,61.9
16366,146.0,1752.0,59.4
16367,117.0,1404.0,64.2
16368,145.0,1740.0,62.1
16369,130.0,1560.0,65.8
16370,106.0,1272.0,67.6
16371,121.0,1452.0,66.8
16372,136.0,1632.0,60.5
16373,120.0,1440.0,60.8
16374,124.0,1488.0,60.9
16375,114.0,1368.0,64.8
16376,115.0,1380.0,64.3
16377,120.0,1440.0,65.1
16378,108.0,1296.0,64.7
16379,111.0,1332.0,60.9
16380,109.0,1308.0,62.0
16381,114.0,1368.0,65.5
16382,120.0,1440.0,65.8
16383,117.0,1404.0,64.5
16384,89.0,1068.0,70.4
16385,108.0,1296.0,73.2
16386,106.0,1272.0,70.3
16387,121.0,1452.0,71.9
16388,128.0,1536.0,75.6
16389,117.0,1404.0,72.3
16390,89.0,1068.0,72.5
16391,95.0,1140.0,70.6
16392,97.0,1164.0,69.6
16393,82.0,984.0,66.5
16394,104.0,1248.0,63.7
16395,109.0,1308.0,62.1
16396,90.0,1080.0,60.1
16397,90.0,1080.0,60.2
16398,90.0,1080.0,61.9
16399,87.0,1044.0,63.7
16400,84.0,1008.0,62.4
16401,86.0,1032.0,63.1
16402,76.0,912.0,62.4
16403,73.0,876.0,64.8
16404,75.0,900.0,57.9
16405,72.0,864.0,60.9
16406,69.0,828.0,59.6
16407,66.0,792.0,59.5
16408,68.0,816.0,61.6
16409,63.0,756.0,62.7
16410,72.0,864.0,60.7
16411,72.0,864.0,61.4
16412,53.0,636.0,62.2
16413,75.0,900.0,53.9
16414,63.0,756.0,58.0
16415,49.0,588.0,59.9
16416,61.0,732.0,68.3
16417,53.0,636.0,64.5
16418,67.0,804.0,56.4
16419,57.0,684.0,58.0
16420,53.0,636.0,57.9
16421,41.0,492.0,58.2
16422,35.0,420.0,63.4
16423,53.0,636.0,60.9
16424,39.0,468.0,65.7
16425,46.0,552.0,62.6
16426,29.0,348.0,62.8
16427,32.0,384.0,65.3
16428,23.0,276.0,67.1
16429,48.0,576.0,64.1
16430,25.0,300.0,64.4
16431,36.0,432.0,66.7
16432,49.0,588.0,60.5
16433,35.0,420.0,64.3
16434,41.0,492.0,63.8
16435,45.0,540.0,59.3
16436,23.0,276.0,64.0
16437,37.0,444.0,64.5
16438,44.0,528.0,65.0
16439,34.0,408.0,63.8
16440,43.0,516.0,64.2
16441,41.0,492.0,67.4
16442,18.0,216.0,67.3
16443,36.0,432.0,63.5
16444,43.0,516.0,66.0
16445,37.0,444.0,63.9
16446,57.0,684.0,61.9
16447,34.0,408.0,64.1
16448,39.0,468.0,60.3
16449,32.0,384.0,59.7
16450,39.0,468.0,59.4
16451,36.0,432.0,63.0
16452,44.0,528.0,65.3
16453,39.0,468.0,66.0
16454,51.0,612.0,64.4
16455,39.0,468.0,58.7
16456,36.0,432.0,61.3
16457,37.0,444.0,62.2
16458,52.0,624.0,55.2
16459,52.0,624.0,56.8
16460,48.0,576.0,52.3
16461,56.0,672.0,56.7
16462,45.0,540.0,60.9
16463,47.0,564.0,63.8
16464,45.0,540.0,67.3
16465,47.0,564.0,64.1
16466,55.0,660.0,63.4
16467,42.0,504.0,61.9
16468,51.0,612.0,57.7
16469,58.0,696.0,60.1
16470,65.0,780.0,61.4
16471,50.0,600.0,61.6
16472,46.0,552.0,64.4
16473,44.0,528.0,59.2
16474,58.0,696.0,62.6
16475,52.0,624.0,61.9
16476,42.0,504.0,65.0
16477,64.0,768.0,61.2
16478,63.0,756.0,60.8
16479,46.0,552.0,62.5
16480,64.0,768.0,58.6
16481,75.0,900.0,57.4
16482,60.0,720.0,63.4
16483,61.0,732.0,67.2
16484,58.0,696.0,64.3
16485,75.0,900.0,63.0
16486,77.0,924.0,60.8
16487,64.0,768.0,59.5
16488,63.0,756.0,61.3
16489,81.0,972.0,57.6
16490,71.0,852.0,58.4
16491,82.0,984.0,60.6
16492,97.0,1164.0,55.9
16493,101.0,1212.0,59.4
16494,95.0,1140.0,61.9
16495,98.0,1176.0,62.8
16496,97.0,1164.0,58.7
16497,112.0,1344.0,58.9
16498,120.0,1440.0,59.3
16499,96.0,1152.0,60.1
16500,104.0,1248.0,62.1
16501,96.0,1152.0,62.4
16502,107.0,1284.0,63.6
16503,123.0,1476.0,64.7
16504,97.0,1164.0,61.6
16505,119.0,1428.0,59.5
16506,112.0,1344.0,60.3
16507,114.0,1368.0,61.7
16508,133.0,1596.0,64.5
16509,122.0,1464.0,62.7
16510,143.0,1716.0,63.7
16511,117.0,1404.0,63.5
16512,121.0,1452.0,63.5
16513,116.0,1392.0,62.0
16514,139.0,1668.0,62.4
16515,140.0,1680.0,66.2
16516,113.0,1356.0,66.5
16517,144.0,1728.0,64.1
16518,145.0,1740.0,64.5
16519,146.0,1752.0,62.6
16520,174.0,2088.0,63.2
16521,139.0,1668.0,63.1
16522,121.0,1452.0,64.0
16523,169.0,2028.0,59.0
16524,154.0,1848.0,56.6
16525,147.0,1764.0,54.2
16526,167.0,2004.0,57.3
16527,155.0,1860.0,57.9
16528,175.0,2100.0,59.6
16529,150.0,1800.0,59.8
16530,180.0,2160.0,58.7
16531,171.0,2052.0,59.6
16532,179.0,2148.0,59.3
16533,160.0,1920.0,60.9
16534,176.0,2112.0,61.1
16535,177.0,2124.0,61.0
16536,185.0,2220.0,62.8
16537,128.0,1536.0,63.4
16538,204.0,2448.0,61.5
16539,149.0,1788.0,63.4
16540,149.0,1788.0,60.6
16541,206.0,2472.0,53.7
16542,169.0,2028.0,54.9
16543,181.0,2172.0,56.1
16544,197.0,2364.0,52.9
16545,155.0,1860.0,49.4
16546,167.0,2004.0,53.6
16547,170.0,2040.0,54.9
16548,179.0,2148.0,55.7
16549,182.0,2184.0,55.8
16550,165.0,1980.0,60.3
16551,184.0,2208.0,52.7
16552,171.0,2052.0,52.3
16553,187.0,2244.0,53.6
16554,180.0,2160.0,52.9
16555,169.0,2028.0,50.8
16556,168.0,2016.0,52.2
16557,161.0,1932.0,54.2
16558,190.0,2280.0,54.4
16559,190.0,2280.0,55.0
16560,185.0,2220.0,55.4
16561,186.0,2232.0,55.8
16562,163.0,1956.0,51.0
16563,180.0,2160.0,50.4
16564,176.0,2112.0,50.6
16565,166.0,1992.0,51.5
16566,162.0,1944.0,48.2
16567,172.0,2064.0,50.5
16568,165.0,1980.0,50.7
16569,172.0,2064.0,56.2
16570,172.0,2064.0,57.8
16571,181.0,2172.0,57.4
16572,175.0,2100.0,58.1
16573,156.0,1872.0,60.1
16574,179.0,2148.0,58.7
16575,189.0,2268.0,55.8
16576,160.0,1920.0,54.6
16577,172.0,2064.0,53.8
16578,192.0,2304.0,53.4
16579,182.0,2184.0,55.8
16580,156.0,1872.0,58.0
16581,189.0,2268.0,60.0
16582,189.0,2268.0,58.0
16583,186.0,2232.0,56.1
16584,176.0,2112.0,53.4
16585,161.0,1932.0,51.5
16586,182.0,2184.0,45.7
16587,136.0,1632.0,45.9
16588,163.0,1956.0,49.3
16589,159.0,1908.0,50.7
16590,180.0,2160.0,56.2
16591,164.0,1968.0,56.7
16592,182.0,2184.0,55.2
16593,172.0,2064.0,57.1
16594,174.0,2088.0,55.1
16595,167.0,2004.0,55.9
16596,173.0,2076.0,48.0
16597,169.0,2028.0,53.1
16598,162.0,1944.0,52.8
16599,176.0,2112.0,48.5
16600,167.0,2004.0,51.2
16601,176.0,2112.0,49.5
16602,178.0,2136.0,48.8
16603,147.0,1764.0,52.4
16604,174.0,2088.0,50.7
16605,186.0,2232.0,53.1
16606,168.0,2016.0,53.2
16607,176.0,2112.0,55.8
16608,166.0,1992.0,55.9
16609,172.0,2064.0,53.7
16610,185.0,2220.0,54.1
16611,160.0,1920.0,55.6
16612,185.0,2220.0,55.2
16613,148.0,1776.0,55.6
16614,178.0,2136.0,54.0
16615,164.0,1968.0,55.2
16616,175.0,2100.0,53.1
16617,161.0,1932.0,51.2
16618,186.0,2232.0,49.6
16619,170.0,2040.0,50.7
16620,166.0,1992.0,53.2
16621,172.0,2064.0,53.0
16622,160.0,1920.0,56.8
16623,177.0,2124.0,58.6
16624,158.0,1896.0,59.5
16625,102.0,1224.0,55.4
16626,188.0,2256.0,53.1
16627,138.0,1656.0,52.6
16628,169.0,2028.0,57.5
16629,178.0,2136.0,60.1
16630,145.0,1740.0,61.5
16631,168.0,2016.0,59.4
16632,161.0,1932.0,55.6
16633,121.0,1452.0,58.8
16634,173.0,2076.0,58.8
16635,169.0,2028.0,61.5
16636,135.0,1620.0,61.0
16637,158.0,1896.0,63.3
16638,138.0,1656.0,66.5
16639,152.0,1824.0,67.4
16640,128.0,1536.0,55.2
16641,151.0,1812.0,62.3
16642,147.0,1764.0,60.5
16643,124.0,1488.0,63.5
16644,129.0,1548.0,65.3
16645,138.0,1656.0,61.2
16646,126.0,1512.0,64.0
16647,132.0,1584.0,66.5
16648,142.0,1704.0,65.8
16649,122.0,1464.0,64.8
16650,125.0,1500.0,63.8
16651,147.0,1764.0,65.6
16652,130.0,1560.0,60.5
16653,135.0,1620.0,60.2
16654,117.0,1404.0,64.6
16655,118.0,1416.0,65.4
16656,135.0,1620.0,61.9
16657,109.0,1308.0,66.8
16658,128.0,1536.0,67.8
16659,137.0,1644.0,66.6
16660,137.0,1644.0,66.6
16661,115.0,1380.0,64.5
16662,124.0,1488.0,65.1
16663,99.0,1188.0,63.2
16664,152.0,1824.0,62.1
16665,108.0,1296.0,66.6
16666,122.0,1464.0,66.1
16667,114.0,1368.0,63.9
16668,106.0,1272.0,66.8
16669,102.0,1224.0,69.8
16670,93.0,1116.0,70.0
16671,106.0,1272.0,71.2
16672,108.0,1296.0,67.9
16673,120.0,1440.0,69.4
16674,107.0,1284.0,69.9
16675,113.0,1356.0,72.0
16676,134.0,1608.0,68.2
16677,101.0,1212.0,70.2
16678,109.0,1308.0,70.8
16679,96.0,1152.0,68.8
16680,109.0,1308.0,66.4
16681,101.0,1212.0,67.3
16682,134.0,1608.0,66.8
16683,98.0,1176.0,68.2
16684,108.0,1296.0,67.1
16685,75.0,900.0,67.5
16686,95.0,1140.0,68.3
16687,79.0,948.0,66.9
16688,91.0,1092.0,70.3
16689,84.0,1008.0,69.2
16690,90.0,1080.0,66.8
16691,83.0,996.0,66.8
16692,63.0,756.0,66.8
16693,78.0,936.0,67.8
16694,83.0,996.0,65.5
16695,60.0,720.0,64.2
16696,66.0,792.0,62.0
16697,88.0,1056.0,58.2
16698,79.0,948.0,56.4
16699,71.0,852.0,58.9
16700,97.0,1164.0,63.5
16701,60.0,720.0,66.8
16702,72.0,864.0,69.7
16703,65.0,780.0,68.5
16704,62.0,744.0,68.9
16705,63.0,756.0,69.4
16706,64.0,768.0,69.6
16707,60.0,720.0,68.5
16708,78.0,936.0,68.2
16709,62.0,744.0,67.7
16710,67.0,804.0,68.6
16711,50.0,600.0,65.8
16712,45.0,540.0,67.1
16713,51.0,612.0,66.7
16714,45.0,540.0,67.7
16715,50.0,600.0,69.0
16716,31.0,372.0,69.5
16717,49.0,588.0,70.0
16718,49.0,588.0,70.9
16719,46.0,552.0,69.1
16720,37.0,444.0,69.6
16721,41.0,492.0,68.8
16722,45.0,540.0,69.1
16723,48.0,576.0,69.5
16724,32.0,384.0,68.4
16725,46.0,552.0,68.8
16726,30.0,360.0,69.1
16727,36.0,432.0,69.1
16728,45.0,540.0,70.2
16729,30.0,360.0,70.4
16730,34.0,408.0,67.6
16731,31.0,372.0,68.8
16732,36.0,432.0,68.9
16733,34.0,408.0,69.2
16734,38.0,456.0,69.7
16735,46.0,552.0,66.4
16736,37.0,444.0,67.7
16737,39.0,468.0,67.8
16738,25.0,300.0,66.6
16739,33.0,396.0,65.7
16740,40.0,480.0,66.9
16741,35.0,420.0,66.5
16742,26.0,312.0,69.1
16743,26.0,312.0,69.6
16744,37.0,444.0,70.0
16745,24.0,288.0,70.5
16746,34.0,408.0,69.0
16747,35.0,420.0,69.5
16748,37.0,444.0,70.2
16749,30.0,360.0,69.6
16750,37.0,444.0,67.5
16751,26.0,312.0,66.6
16752,27.0,324.0,66.8
16753,33.0,396.0,67.4
16754,32.0,384.0,67.7
16755,29.0,348.0,68.3
16756,38.0,456.0,67.2
16757,33.0,396.0,67.7
16758,32.0,384.0,68.4
16759,28.0,336.0,68.4
16760,39.0,468.0,67.6
16761,32.0,384.0,68.4
16762,30.0,360.0,67.6
16763,39.0,468.0,69.7
16764,32.0,384.0,70.0
16765,32.0,384.0,66.9
16766,38.0,456.0,67.5
16767,28.0,336.0,69.4
16768,32.0,384.0,68.4
16769,39.0,468.0,66.7
16770,42.0,504.0,66.5
16771,35.0,420.0,66.5
16772,34.0,408.0,66.2
16773,50.0,600.0,67.2
16774,42.0,504.0,67.8
16775,38.0,456.0,67.5
16776,46.0,552.0,67.4
16777,42.0,504.0,68.3
16778,57.0,684.0,67.8
16779,57.0,684.0,68.0
16780,63.0,756.0,61.9
16781,49.0,588.0,65.7
16782,64.0,768.0,69.1
16783,70.0,840.0,69.1
16784,71.0,852.0,66.0
16785,56.0,672.0,69.1
16786,57.0,684.0,69.3
16787,89.0,1068.0,66.8
16788,50.0,600.0,67.7
16789,68.0,816.0,66.6
16790,71.0,852.0,67.9
16791,82.0,984.0,67.3
16792,76.0,912.0,68.7
16793,90.0,1080.0,68.8
16794,66.0,792.0,69.7
16795,78.0,936.0,68.9
16796,84.0,1008.0,69.9
16797,76.0,912.0,69.3
16798,96.0,1152.0,67.5
16799,82.0,984.0,68.9
16800,92.0,1104.0,68.1
16801,93.0,1116.0,68.1
16802,89.0,1068.0,65.1
16803,100.0,1200.0,65.9
16804,89.0,1068.0,67.5
16805,102.0,1224.0,68.2
16806,114.0,1368.0,68.1
16807,103.0,1236.0,59.7
16808,125.0,1500.0,58.4
16809,125.0,1500.0,59.8
16810,122.0,1464.0,61.9
16811,116.0,1392.0,57.1
16812,119.0,1428.0,59.8
16813,132.0,1584.0,58.7
16814,125.0,1500.0,56.8
16815,148.0,1776.0,56.1
16816,142.0,1704.0,57.4
16817,129.0,1548.0,59.2
16818,121.0,1452.0,60.2
16819,177.0,2124.0,58.0
16820,127.0,1524.0,60.4
16821,160.0,1920.0,56.0
16822,161.0,1932.0,55.9
16823,186.0,2232.0,53.1
16824,133.0,1596.0,52.6
16825,173.0,2076.0,55.2
16826,155.0,1860.0,52.6
16827,146.0,1752.0,54.8
16828,167.0,2004.0,52.0
16829,164.0,1968.0,54.4
16830,167.0,2004.0,53.7
16831,178.0,2136.0,55.7
16832,186.0,2232.0,55.7
16833,183.0,2196.0,54.1
16834,166.0,1992.0,52.8
16835,170.0,2040.0,52.4
16836,175.0,2100.0,51.3
16837,173.0,2076.0,52.8
16838,189.0,2268.0,55.4
16839,180.0,2160.0,55.9
16840,228.0,2736.0,57.0
16841,198.0,2376.0,56.6
16842,164.0,1968.0,51.8
16843,176.0,2112.0,49.2
16844,188.0,2256.0,50.5
16845,168.0,2016.0,53.3
16846,183.0,2196.0,52.8
16847,203.0,2436.0,52.3
16848,183.0,2196.0,53.0
16849,177.0,2124.0,47.2
16850,188.0,2256.0,52.1
16851,182.0,2184.0,50.3
16852,168.0,2016.0,49.1
16853,185.0,2220.0,49.0
16854,189.0,2268.0,50.8
16855,201.0,2412.0,50.7
16856,199.0,2388.0,54.6
16857,177.0,2124.0,48.6
16858,173.0,2076.0,52.2
16859,188.0,2256.0,50.7
16860,167.0,2004.0,52.2
16861,204.0,2448.0,52.7
16862,182.0,2184.0,50.2
16863,192.0,2304.0,48.3
16864,172.0,2064.0,51.7
16865,168.0,2016.0,50.3
16866,196.0,2352.0,51.5
16867,175.0,2100.0,53.4
16868,192.0,2304.0,52.6
16869,179.0,2148.0,53.9
16870,180.0,2160.0,54.9
16871,191.0,2292.0,54.6
16872,183.0,2196.0,47.2
16873,167.0,2004.0,47.7
16874,181.0,2172.0,47.8
16875,218.0,2616.0,51.8
16876,155.0,1860.0,54.8
16877,196.0,2352.0,52.3
16878,188.0,2256.0,52.6
16879,190.0,2280.0,51.6
16880,164.0,1968.0,47.5
16881,176.0,2112.0,51.8
16882,186.0,2232.0,52.4
16883,191.0,2292.0,54.3
16884,190.0,2280.0,54.1
16885,169.0,2028.0,55.6
16886,219.0,2628.0,53.2
16887,198.0,2376.0,51.3
16888,180.0,2160.0,47.5
16889,176.0,2112.0,54.8
16890,193.0,2316.0,52.8
16891,168.0,2016.0,53.0
16892,164.0,1968.0,51.9
16893,195.0,2340.0,53.4
16894,179.0,2148.0,53.2
16895,178.0,2136.0,51.9
16896,181.0,2172.0,54.7
16897,191.0,2292.0,54.7
16898,165.0,1980.0,53.9
16899,208.0,2496.0,52.2
16900,159.0,1908.0,34.5
16901,185.0,2220.0,23.6
16902,192.0,2304.0,33.2
16903,171.0,2052.0,43.7
16904,183.0,2196.0,47.1
16905,142.0,1704.0,47.9
16906,178.0,2136.0,49.1
16907,173.0,2076.0,52.8
16908,175.0,2100.0,49.4
16909,185.0,2220.0,49.4
16910,190.0,2280.0,51.9
16911,191.0,2292.0,52.2
16912,157.0,1884.0,54.8
16913,195.0,2340.0,55.8
16914,158.0,1896.0,53.8
16915,179.0,2148.0,49.9
16916,155.0,1860.0,44.0
16917,173.0,2076.0,50.2
16918,171.0,2052.0,54.6
16919,183.0,2196.0,55.9
16920,182.0,2184.0,57.3
16921,176.0,2112.0,54.8
16922,152.0,1824.0,52.0
16923,187.0,2244.0,50.9
16924,143.0,1716.0,52.7
16925,182.0,2184.0,56.4
16926,175.0,2100.0,58.1
16927,147.0,1764.0,53.5
16928,152.0,1824.0,50.9
16929,150.0,1800.0,53.5
16930,145.0,1740.0,55.6
16931,141.0,1692.0,58.2
16932,149.0,1788.0,57.2
16933,162.0,1944.0,53.8
16934,143.0,1716.0,55.9
16935,149.0,1788.0,60.3
16936,160.0,1920.0,63.1
16937,143.0,1716.0,57.8
16938,170.0,2040.0,56.4
16939,147.0,1764.0,56.9
16940,119.0,1428.0,59.5
16941,148.0,1776.0,57.6
16942,131.0,1572.0,54.9
16943,146.0,1752.0,57.4
16944,148.0,1776.0,57.7
16945,157.0,1884.0,56.2
16946,153.0,1836.0,58.0
16947,118.0,1416.0,59.4
16948,141.0,1692.0,56.9
16949,147.0,1764.0,53.7
16950,134.0,1608.0,50.7
16951,148.0,1776.0,56.1
16952,139.0,1668.0,54.9
16953,139.0,1668.0,57.7
16954,129.0,1548.0,58.6
16955,127.0,1524.0,57.1
16956,117.0,1404.0,61.4
16957,114.0,1368.0,61.1
16958,106.0,1272.0,64.2
16959,97.0,1164.0,60.0
16960,124.0,1488.0,64.3
16961,106.0,1272.0,67.7
16962,117.0,1404.0,69.7
16963,104.0,1248.0,65.6
16964,104.0,1248.0,67.9
16965,109.0,1308.0,62.4
16966,85.0,1020.0,64.2
16967,92.0,1104.0,64.8
16968,90.0,1080.0,61.4
16969,113.0,1356.0,59.9
16970,85.0,1020.0,63.7
16971,82.0,984.0,62.9
16972,80.0,960.0,61.9
16973,92.0,1104.0,63.1
16974,87.0,1044.0,64.4
16975,71.0,852.0,65.9
16976,79.0,948.0,64.5
16977,87.0,1044.0,64.4
16978,70.0,840.0,63.2
16979,61.0,732.0,60.2
16980,91.0,1092.0,62.1
16981,65.0,780.0,65.0
16982,58.0,696.0,59.9
16983,57.0,684.0,66.2
16984,64.0,768.0,64.4
16985,60.0,720.0,65.9
16986,70.0,840.0,61.1
16987,49.0,588.0,62.1
16988,52.0,624.0,66.9
16989,61.0,732.0,65.3
16990,44.0,528.0,65.7
16991,35.0,420.0,65.2
16992,49.0,588.0,68.7
16993,40.0,480.0,65.5
16994,38.0,456.0,65.2
16995,30.0,360.0,67.6
16996,33.0,396.0,66.9
16997,37.0,444.0,64.7
16998,42.0,504.0,63.9
16999,42.0,504.0,64.6
17000,41.0,492.0,65.3
17001,42.0,504.0,63.1
17002,30.0,360.0,64.8
17003,40.0,480.0,61.3
17004,38.0,456.0,63.0
17005,45.0,540.0,63.9
17006,29.0,348.0,64.6
17007,35.0,420.0,63.9
17008,50.0,600.0,68.8
17009,31.0,372.0,69.0
17010,38.0,456.0,68.4
17011,38.0,456.0,65.3
17012,47.0,564.0,64.5
17013,41.0,492.0,64.6
17014,42.0,504.0,62.5
17015,38.0,456.0,61.6
17016,26.0,312.0,67.8
17017,31.0,372.0,67.3
17018,46.0,552.0,67.3
17019,19.0,228.0,66.3
17020,32.0,384.0,66.1
17021,32.0,384.0,67.5
17022,39.0,468.0,66.3
17023,49.0,588.0,64.3
17024,29.0,348.0,63.8
17025,48.0,576.0,64.1
17026,42.0,504.0,66.4
17027,34.0,408.0,67.6
17028,46.0,552.0,66.0
17029,44.0,528.0,68.8
17030,44.0,528.0,69.5
17031,42.0,504.0,67.8
17032,62.0,744.0,66.1
17033,56.0,672.0,66.9
17034,44.0,528.0,67.5
17035,74.0,888.0,71.3
17036,92.0,1104.0,71.0
17037,82.0,984.0,75.7
17038,77.0,924.0,72.9
17039,86.0,1032.0,69.8
17040,79.0,948.0,67.7
17041,84.0,1008.0,66.3
17042,89.0,1068.0,70.3
17043,106.0,1272.0,71.6
17044,106.0,1272.0,71.6
17045,112.0,1344.0,75.5
17046,106.0,1272.0,74.7
17047,112.0,1344.0,71.1
17048,106.0,1272.0,69.0
17049,90.0,1080.0,67.1
17050,98.0,1176.0,67.9
17051,108.0,1296.0,66.7
17052,99.0,1188.0,63.0
17053,120.0,1440.0,65.2
17054,111.0,1332.0,59.7
17055,105.0,1260.0,64.0
17056,119.0,1428.0,66.5
17057,115.0,1380.0,64.2
17058,114.0,1368.0,66.9
17059,111.0,1332.0,65.4
17060,112.0,1344.0,67.3
17061,118.0,1416.0,64.2
17062,138.0,1656.0,65.1
17063,125.0,1500.0,63.4
17064,125.0,1500.0,62.6
17065,153.0,1836.0,61.3
17066,162.0,1944.0,65.3
17067,135.0,1620.0,65.6
17068,167.0,2004.0,64.7
17069,162.0,1944.0,64.3
17070,156.0,1872.0,66.9
17071,172.0,2064.0,65.7
17072,180.0,2160.0,61.8
17073,178.0,2136.0,65.3
17074,169.0,2028.0,64.7
17075,172.0,2064.0,64.8
17076,174.0,2088.0,65.5
17077,186.0,2232.0,61.6
17078,187.0,2244.0,63.5
17079,187.0,2244.0,68.5
17080,175.0,2100.0,69.5
17081,186.0,2232.0,70.0
17082,178.0,2136.0,69.7
17083,205.0,2460.0,67.1
17084,185.0,2220.0,65.4
17085,169.0,2028.0,67.5
17086,153.0,1836.0,68.1
17087,170.0,2040.0,68.4
17088,145.0,1740.0,68.9
17089,157.0,1884.0,67.8
17090,155.0,1860.0,69.0
17091,138.0,1656.0,64.3
17092,168.0,2016.0,61.0
17093,194.0,2328.0,57.9
17094,154.0,1848.0,57.1
17095,148.0,1776.0,53.8
17096,178.0,2136.0,56.9
17097,179.0,2148.0,55.5
17098,139.0,1668.0,55.8
17099,157.0,1884.0,51.0
17100,171.0,2052.0,53.3
17101,152.0,1824.0,54.1
17102,143.0,1716.0,55.2
17103,163.0,1956.0,55.7
17104,171.0,2052.0,51.2
17105,145.0,1740.0,52.1
17106,146.0,1752.0,57.7
17107,150.0,1800.0,54.8
17108,167.0,2004.0,54.9
17109,143.0,1716.0,46.8
17110,141.0,1692.0,46.5
17111,180.0,2160.0,46.8
17112,151.0,1812.0,50.9
17113,149.0,1788.0,53.5
17114,151.0,1812.0,52.9
17115,150.0,1800.0,44.5
17116,146.0,1752.0,47.1
17117,176.0,2112.0,48.2
17118,168.0,2016.0,50.8
17119,150.0,1800.0,50.5
17120,141.0,1692.0,47.6
17121,152.0,1824.0,44.7
17122,151.0,1812.0,45.6
17123,165.0,1980.0,47.8
17124,155.0,1860.0,49.6
17125,159.0,1908.0,54.1
17126,148.0,1776.0,51.8
17127,158.0,1896.0,54.5
17128,156.0,1872.0,56.3
17129,168.0,2016.0,51.7
17130,131.0,1572.0,48.9
17131,159.0,1908.0,43.0
17132,167.0,2004.0,45.9
17133,162.0,1944.0,48.4
17134,149.0,1788.0,49.2
17135,141.0,1692.0,52.6
17136,160.0,1920.0,54.2
17137,141.0,1692.0,50.8
17138,147.0,1764.0,47.7
17139,170.0,2040.0,46.8
17140,147.0,1764.0,46.1
17141,178.0,2136.0,44.7
17142,163.0,1956.0,46.5
17143,144.0,1728.0,48.7
17144,173.0,2076.0,51.5
17145,136.0,1632.0,52.8
17146,145.0,1740.0,52.1
17147,143.0,1716.0,51.3
17148,154.0,1848.0,55.3
17149,167.0,2004.0,54.8
17150,156.0,1872.0,49.2
17151,158.0,1896.0,48.9
17152,173.0,2076.0,43.9
17153,160.0,1920.0,43.4
17154,146.0,1752.0,49.0
17155,187.0,2244.0,48.7
17156,181.0,2172.0,53.5
17157,161.0,1932.0,53.9
17158,162.0,1944.0,54.1
17159,175.0,2100.0,55.3
17160,164.0,1968.0,51.1
17161,167.0,2004.0,45.6
17162,160.0,1920.0,48.7
17163,162.0,1944.0,45.6
17164,165.0,1980.0,47.9
17165,154.0,1848.0,50.6
17166,196.0,2352.0,51.5
17167,154.0,1848.0,50.1
17168,171.0,2052.0,49.4
17169,174.0,2088.0,50.4
17170,173.0,2076.0,48.7
17171,168.0,2016.0,49.0
17172,160.0,1920.0,49.5
17173,156.0,1872.0,47.0
17174,178.0,2136.0,45.9
17175,157.0,1884.0,50.2
17176,196.0,2352.0,51.2
17177,192.0,2304.0,48.8
17178,198.0,2376.0,49.5
17179,171.0,2052.0,47.9
17180,192.0,2304.0,49.3
17181,194.0,2328.0,46.5
17182,192.0,2304.0,49.9
17183,171.0,2052.0,47.4
17184,172.0,2064.0,52.6
17185,193.0,2316.0,54.1
17186,167.0,2004.0,53.6
17187,196.0,2352.0,54.5
17188,170.0,2040.0,53.9
17189,199.0,2388.0,53.5
17190,167.0,2004.0,53.5
17191,153.0,1836.0,52.9
17192,175.0,2100.0,53.0
17193,187.0,2244.0,47.6
17194,204.0,2448.0,51.5
17195,151.0,1812.0,52.1
17196,192.0,2304.0,53.7
17197,156.0,1872.0,52.8
17198,188.0,2256.0,53.5
17199,184.0,2208.0,56.1
17200,173.0,2076.0,55.5
17201,177.0,2124.0,54.3
17202,165.0,1980.0,55.2
17203,179.0,2148.0,53.2
17204,191.0,2292.0,49.4
17205,196.0,2352.0,52.9
17206,169.0,2028.0,54.8
17207,176.0,2112.0,52.7
17208,154.0,1848.0,52.2
17209,158.0,1896.0,54.0
17210,148.0,1776.0,53.2
17211,148.0,1776.0,52.1
17212,140.0,1680.0,54.9
17213,128.0,1536.0,54.0
17214,128.0,1536.0,53.9
17215,173.0,2076.0,57.7
17216,164.0,1968.0,54.1
17217,137.0,1644.0,55.9
17218,114.0,1368.0,47.0
17219,140.0,1680.0,48.4
17220,127.0,1524.0,53.5
17221,130.0,1560.0,53.1
17222,111.0,1332.0,54.2
17223,145.0,1740.0,53.5
17224,121.0,1452.0,53.3
17225,108.0,1296.0,55.4
17226,124.0,1488.0,55.1
17227,113.0,1356.0,53.7
17228,127.0,1524.0,55.4
17229,106.0,1272.0,53.9
17230,126.0,1512.0,52.1
17231,110.0,1320.0,51.8
17232,103.0,1236.0,56.5
17233,80.0,960.0,59.0
17234,94.0,1128.0,64.3
17235,93.0,1116.0,60.9
17236,91.0,1092.0,58.5
17237,89.0,1068.0,59.0
17238,95.0,1140.0,58.0
17239,67.0,804.0,55.8
17240,92.0,1104.0,55.8
17241,87.0,1044.0,55.9
17242,81.0,972.0,60.2
17243,84.0,1008.0,59.0
17244,90.0,1080.0,62.3
17245,83.0,996.0,59.5
17246,94.0,1128.0,62.4
17247,82.0,984.0,68.0
17248,99.0,1188.0,66.5
17249,80.0,960.0,70.2
17250,87.0,1044.0,71.6
17251,75.0,900.0,64.0
17252,62.0,744.0,62.6
17253,66.0,792.0,60.6
17254,69.0,828.0,63.2
17255,75.0,900.0,61.2
17256,72.0,864.0,61.5
17257,65.0,780.0,58.3
17258,53.0,636.0,63.9
17259,66.0,792.0,70.6
17260,59.0,708.0,70.0
17261,69.0,828.0,69.8
17262,53.0,636.0,66.6
17263,62.0,744.0,57.7
17264,46.0,552.0,60.9
17265,41.0,492.0,66.2
17266,43.0,516.0,64.9
17267,40.0,480.0,66.1
17268,50.0,600.0,63.9
17269,54.0,648.0,62.9
17270,66.0,792.0,65.1
17271,50.0,600.0,67.8
17272,44.0,528.0,63.2
17273,44.0,528.0,64.7
17274,36.0,432.0,65.9
17275,40.0,480.0,68.9
17276,50.0,600.0,66.5
17277,39.0,468.0,66.6
17278,38.0,456.0,65.1
17279,45.0,540.0,65.1
17280,46.0,552.0,67.9
17281,31.0,372.0,67.9
17282,40.0,480.0,70.2
17283,41.0,492.0,66.8
17284,32.0,384.0,68.0
17285,27.0,324.0,67.4
17286,31.0,372.0,58.0
17287,31.0,372.0,61.5
17288,49.0,588.0,62.2
17289,28.0,336.0,64.7
17290,39.0,468.0,64.0
17291,32.0,384.0,65.7
17292,27.0,324.0,65.3
17293,30.0,360.0,67.7
17294,19.0,228.0,66.8
17295,23.0,276.0,66.1
17296,27.0,324.0,68.0
17297,34.0,408.0,68.3
17298,32.0,384.0,63.5
17299,36.0,432.0,64.5
17300,22.0,264.0,67.0
17301,36.0,432.0,66.4
17302,31.0,372.0,65.9
17303,25.0,300.0,66.1
17304,25.0,300.0,67.8
17305,34.0,408.0,62.3
17306,30.0,360.0,65.9
17307,25.0,300.0,65.3
17308,18.0,216.0,67.6
17309,29.0,348.0,68.5
17310,43.0,516.0,64.5
17311,28.0,336.0,66.7
17312,41.0,492.0,65.4
17313,27.0,324.0,67.2
17314,31.0,372.0,67.5
17315,34.0,408.0,65.6
17316,45.0,540.0,63.9
17317,46.0,552.0,65.8
17318,49.0,588.0,63.3
17319,43.0,516.0,59.4
17320,51.0,612.0,57.6
17321,60.0,720.0,63.5
17322,66.0,792.0,63.5
17323,61.0,732.0,65.3
17324,64.0,768.0,67.7
17325,60.0,720.0,67.8
17326,69.0,828.0,65.8
17327,77.0,924.0,69.1
17328,73.0,876.0,70.0
17329,90.0,1080.0,66.0
17330,98.0,1176.0,68.5
17331,92.0,1104.0,68.0
17332,101.0,1212.0,72.0
17333,97.0,1164.0,66.1
17334,105.0,1260.0,70.9
17335,96.0,1152.0,70.8
17336,114.0,1368.0,69.8
17337,99.0,1188.0,68.7
17338,91.0,1092.0,68.8
17339,118.0,1416.0,70.8
17340,110.0,1320.0,62.2
17341,89.0,1068.0,66.8
17342,102.0,1224.0,67.4
17343,99.0,1188.0,66.5
17344,121.0,1452.0,66.0
17345,107.0,1284.0,65.6
17346,113.0,1356.0,69.1
17347,107.0,1284.0,71.1
17348,95.0,1140.0,71.1
17349,114.0,1368.0,70.8
17350,106.0,1272.0,67.6
17351,111.0,1332.0,70.8
17352,122.0,1464.0,67.6
17353,105.0,1260.0,68.7
17354,133.0,1596.0,71.2
17355,158.0,1896.0,70.7
17356,159.0,1908.0,72.2
17357,154.0,1848.0,70.8
17358,138.0,1656.0,70.0
17359,162.0,1944.0,71.6
17360,157.0,1884.0,72.4
17361,138.0,1656.0,72.5
17362,170.0,2040.0,73.5
17363,163.0,1956.0,74.2
17364,154.0,1848.0,74.4
17365,180.0,2160.0,70.9
17366,182.0,2184.0,71.7
17367,144.0,1728.0,67.8
17368,173.0,2076.0,69.6
17369,141.0,1692.0,72.3
17370,162.0,1944.0,72.3
17371,191.0,2292.0,71.8
17372,150.0,1800.0,72.5
17373,159.0,1908.0,73.6
17374,169.0,2028.0,71.1
17375,129.0,1548.0,69.4
17376,139.0,1668.0,67.6
17377,130.0,1560.0,65.4
17378,136.0,1632.0,66.7
17379,123.0,1476.0,66.4
17380,151.0,1812.0,62.1
17381,145.0,1740.0,58.3
17382,132.0,1584.0,57.8
17383,127.0,1524.0,58.3
17384,130.0,1560.0,57.6
17385,128.0,1536.0,62.5
17386,148.0,1776.0,61.0
17387,149.0,1788.0,63.4
17388,139.0,1668.0,61.0
17389,154.0,1848.0,56.0
17390,127.0,1524.0,48.6
17391,111.0,1332.0,54.9
17392,140.0,1680.0,54.6
17393,125.0,1500.0,57.4
17394,134.0,1608.0,58.2
17395,133.0,1596.0,56.2
17396,133.0,1596.0,53.4
17397,151.0,1812.0,55.4
17398,158.0,1896.0,54.1
17399,135.0,1620.0,56.1
17400,127.0,1524.0,51.6
17401,120.0,1440.0,51.6
17402,116.0,1392.0,46.0
17403,161.0,1932.0,49.1
17404,116.0,1392.0,53.2
17405,138.0,1656.0,54.1
17406,115.0,1380.0,56.4
17407,149.0,1788.0,52.7
17408,135.0,1620.0,54.6
17409,128.0,1536.0,53.8
17410,133.0,1596.0,55.9
17411,104.0,1248.0,55.2
17412,143.0,1716.0,56.4
17413,141.0,1692.0,54.5
17414,139.0,1668.0,54.1
17415,137.0,1644.0,50.8
17416,136.0,1632.0,50.9
17417,121.0,1452.0,51.9
17418,129.0,1548.0,55.1
17419,158.0,1896.0,55.7
17420,167.0,2004.0,55.3
17421,166.0,1992.0,50.8
17422,120.0,1440.0,45.0
17423,141.0,1692.0,45.4
17424,154.0,1848.0,46.7
17425,142.0,1704.0,49.9
17426,151.0,1812.0,49.7
17427,184.0,2208.0,49.6
17428,163.0,1956.0,51.3
17429,172.0,2064.0,51.6
17430,138.0,1656.0,52.9
17431,170.0,2040.0,53.6
17432,135.0,1620.0,48.4
17433,160.0,1920.0,43.5
17434,132.0,1584.0,44.6
17435,140.0,1680.0,44.1
17436,153.0,1836.0,47.6
17437,152.0,1824.0,47.7
17438,154.0,1848.0,50.6
17439,161.0,1932.0,50.2
17440,144.0,1728.0,50.1
17441,164.0,1968.0,49.5
17442,151.0,1812.0,50.3
17443,178.0,2136.0,51.3
17444,146.0,1752.0,46.5
17445,178.0,2136.0,44.7
17446,158.0,1896.0,43.9
17447,162.0,1944.0,43.5
17448,155.0,1860.0,43.9
17449,156.0,1872.0,44.5
17450,139.0,1668.0,43.5
17451,173.0,2076.0,46.5
17452,152.0,1824.0,47.0
17453,194.0,2328.0,49.0
17454,155.0,1860.0,51.0
17455,169.0,2028.0,51.7
17456,175.0,2100.0,52.3
17457,186.0,2232.0,51.9
17458,181.0,2172.0,51.6
17459,160.0,1920.0,50.6
17460,164.0,1968.0,50.1
17461,189.0,2268.0,46.4
17462,159.0,1908.0,47.0
17463,189.0,2268.0,48.6
17464,185.0,2220.0,48.1
17465,191.0,2292.0,43.9
17466,170.0,2040.0,48.0
17467,172.0,2064.0,50.5
17468,202.0,2424.0,49.4
17469,159.0,1908.0,50.0
17470,168.0,2016.0,50.2
17471,179.0,2148.0,46.5
17472,177.0,2124.0,44.2
17473,159.0,1908.0,42.8
17474,171.0,2052.0,45.6
17475,203.0,2436.0,49.1
17476,192.0,2304.0,48.3
17477,177.0,2124.0,48.2
17478,185.0,2220.0,50.0
17479,172.0,2064.0,50.9
17480,181.0,2172.0,48.3
17481,194.0,2328.0,50.5
17482,176.0,2112.0,49.8
17483,192.0,2304.0,50.2
17484,158.0,1896.0,48.4
17485,174.0,2088.0,49.0
17486,161.0,1932.0,51.1
17487,204.0,2448.0,51.1
17488,193.0,2316.0,54.3
17489,159.0,1908.0,49.2
17490,168.0,2016.0,47.4
17491,184.0,2208.0,48.9
17492,166.0,1992.0,49.2
17493,171.0,2052.0,51.5
17494,153.0,1836.0,53.5
17495,165.0,1980.0,53.2
17496,178.0,2136.0,51.3
17497,136.0,1632.0,47.7
17498,133.0,1596.0,53.7
17499,145.0,1740.0,52.3
17500,144.0,1728.0,51.0
17501,145.0,1740.0,51.3
17502,151.0,1812.0,49.2
17503,151.0,1812.0,50.7
17504,146.0,1752.0,50.9
17505,122.0,1464.0,52.2
17506,142.0,1704.0,53.9
17507,146.0,1752.0,48.4
17508,131.0,1572.0,52.8
17509,116.0,1392.0,51.6
17510,121.0,1452.0,49.4
17511,140.0,1680.0,52.2
17512,111.0,1332.0,51.4
17513,107.0,1284.0,48.6
17514,114.0,1368.0,53.6
17515,127.0,1524.0,53.9
17516,116.0,1392.0,57.0
17517,120.0,1440.0,56.2
17518,92.0,1104.0,50.2
17519,137.0,1644.0,53.3
17520,75.0,900.0,60.0
17521,123.0,1476.0,57.3
17522,92.0,1104.0,64.3
17523,95.0,1140.0,63.2
17524,97.0,1164.0,63.8
17525,84.0,1008.0,62.2
17526,103.0,1236.0,59.9
17527,109.0,1308.0,54.3
17528,91.0,1092.0,54.5
17529,83.0,996.0,56.4
17530,93.0,1116.0,51.8
17531,68.0,816.0,47.0
17532,81.0,972.0,55.8
17533,88.0,1056.0,59.8
17534,89.0,1068.0,68.8
17535,76.0,912.0,66.1
17536,76.0,912.0,64.6
17537,81.0,972.0,68.3
17538,74.0,888.0,75.3
17539,73.0,876.0,73.5
17540,80.0,960.0,72.6
17541,72.0,864.0,58.6
17542,67.0,804.0,61.7
17543,66.0,792.0,65.7
17544,58.0,696.0,63.4
17545,73.0,876.0,71.2
17546,77.0,924.0,71.1
17547,64.0,768.0,68.8
17548,76.0,912.0,66.9
17549,49.0,588.0,70.8
17550,79.0,948.0,71.9
17551,68.0,816.0,69.3
17552,47.0,564.0,66.7
17553,68.0,816.0,65.4
17554,57.0,684.0,61.4
17555,52.0,624.0,61.8
17556,47.0,564.0,63.1
17557,48.0,576.0,66.6
17558,43.0,516.0,68.9
17559,52.0,624.0,68.0
17560,47.0,564.0,72.1
17561,37.0,444.0,70.0
17562,45.0,540.0,64.2
17563,46.0,552.0,69.8
17564,65.0,780.0,66.3
17565,39.0,468.0,63.9
17566,43.0,516.0,67.4
17567,47.0,564.0,65.3
17568,32.0,384.0,68.9
17569,53.0,636.0,68.9
17570,38.0,456.0,67.8
17571,40.0,480.0,67.4
17572,27.0,324.0,67.4
17573,33.0,396.0,64.0
17574,34.0,408.0,67.7
17575,33.0,396.0,67.5
17576,35.0,420.0,65.6
17577,34.0,408.0,65.0
17578,32.0,384.0,66.5
17579,45.0,540.0,62.9
17580,28.0,336.0,63.4
17581,28.0,336.0,61.8
17582,27.0,324.0,65.4
17583,34.0,408.0,68.2
17584,24.0,288.0,68.5
17585,30.0,360.0,68.2
17586,32.0,384.0,69.9
17587,36.0,432.0,67.8
17588,28.0,336.0,70.5
17589,37.0,444.0,66.3
17590,24.0,288.0,67.1
17591,33.0,396.0,64.9
17592,30.0,360.0,66.9
17593,31.0,372.0,65.8
17594,33.0,396.0,64.6
17595,34.0,408.0,62.8
17596,34.0,408.0,63.9
17597,35.0,420.0,65.0
17598,23.0,276.0,66.9
17599,48.0,576.0,65.2
17600,29.0,348.0,66.9
17601,48.0,576.0,64.1
17602,31.0,372.0,68.5
17603,52.0,624.0,66.9
17604,38.0,456.0,63.1
17605,53.0,636.0,59.7
17606,41.0,492.0,62.3
17607,37.0,444.0,66.8
17608,69.0,828.0,60.4
17609,69.0,828.0,66.6
17610,51.0,612.0,65.9
17611,60.0,720.0,70.7
17612,83.0,996.0,71.6
17613,77.0,924.0,63.2
17614,64.0,768.0,69.7
17615,69.0,828.0,73.8
17616,75.0,900.0,70.8
17617,76.0,912.0,69.4
17618,86.0,1032.0,69.8
17619,101.0,1212.0,64.5
17620,103.0,1236.0,70.9
17621,107.0,1284.0,70.2
17622,105.0,1260.0,62.9
17623,100.0,1200.0,71.8
17624,104.0,1248.0,72.2
17625,102.0,1224.0,71.4
17626,81.0,972.0,74.0
17627,95.0,1140.0,74.8
17628,105.0,1260.0,74.5
17629,117.0,1404.0,73.1
17630,106.0,1272.0,70.7
17631,128.0,1536.0,70.0
17632,126.0,1512.0,70.7
17633,125.0,1500.0,72.6
17634,119.0,1428.0,70.5
17635,105.0,1260.0,69.5
17636,118.0,1416.0,69.5
17637,120.0,1440.0,73.6
17638,121.0,1452.0,73.5
17639,125.0,1500.0,74.1
17640,116.0,1392.0,70.1
17641,144.0,1728.0,68.3
17642,153.0,1836.0,66.9
17643,174.0,2088.0,70.0
17644,143.0,1716.0,68.9
17645,175.0,2100.0,67.9
17646,166.0,1992.0,69.7
17647,180.0,2160.0,74.1
17648,177.0,2124.0,72.0
17649,186.0,2232.0,70.3
17650,159.0,1908.0,71.1
17651,199.0,2388.0,69.8
17652,170.0,2040.0,70.6
17653,172.0,2064.0,70.1
17654,173.0,2076.0,66.4
17655,183.0,2196.0,62.0
17656,175.0,2100.0,38.7
17657,160.0,1920.0,40.7
17658,193.0,2316.0,51.6
17659,165.0,1980.0,60.0
17660,194.0,2328.0,63.8
17661,152.0,1824.0,59.3
17662,137.0,1644.0,63.1
17663,176.0,2112.0,67.6
17664,160.0,1920.0,67.6
17665,157.0,1884.0,62.0
17666,172.0,2064.0,64.0
17667,144.0,1728.0,58.6
17668,178.0,2136.0,57.3
17669,171.0,2052.0,57.6
17670,154.0,1848.0,59.4
17671,148.0,1776.0,61.7
17672,158.0,1896.0,58.1
17673,160.0,1920.0,58.8
17674,154.0,1848.0,57.0
17675,155.0,1860.0,57.8
17676,138.0,1656.0,56.2
17677,167.0,2004.0,55.0
17678,149.0,1788.0,50.4
17679,153.0,1836.0,51.4
17680,159.0,1908.0,55.7
17681,157.0,1884.0,51.6
17682,145.0,1740.0,53.3
17683,159.0,1908.0,50.0
17684,149.0,1788.0,46.3
17685,189.0,2268.0,49.7
17686,137.0,1644.0,51.8
17687,169.0,2028.0,54.7
17688,134.0,1608.0,52.3
17689,156.0,1872.0,51.6
17690,154.0,1848.0,51.5
17691,147.0,1764.0,56.7
17692,161.0,1932.0,58.5
17693,166.0,1992.0,58.7
17694,155.0,1860.0,54.8
17695,180.0,2160.0,48.7
17696,153.0,1836.0,49.4
17697,152.0,1824.0,56.1
17698,141.0,1692.0,57.3
17699,127.0,1524.0,49.8
17700,154.0,1848.0,50.4
17701,140.0,1680.0,48.5
17702,169.0,2028.0,47.3
17703,158.0,1896.0,49.0
17704,167.0,2004.0,50.8
17705,166.0,1992.0,53.8
17706,164.0,1968.0,53.9
17707,172.0,2064.0,58.5
17708,135.0,1620.0,54.7
17709,142.0,1704.0,52.9
17710,144.0,1728.0,51.6
17711,135.0,1620.0,48.7
17712,158.0,1896.0,49.3
17713,167.0,2004.0,49.9
17714,168.0,2016.0,52.4
17715,158.0,1896.0,50.5
17716,168.0,2016.0,53.0
17717,186.0,2232.0,52.8
17718,166.0,1992.0,53.6
17719,180.0,2160.0,53.0
17720,139.0,1668.0,52.7
17721,184.0,2208.0,52.1
17722,152.0,1824.0,51.0
17723,175.0,2100.0,53.1
17724,155.0,1860.0,52.7
17725,134.0,1608.0,56.4
17726,181.0,2172.0,55.9
17727,144.0,1728.0,53.6
17728,174.0,2088.0,55.0
17729,164.0,1968.0,51.7
17730,198.0,2376.0,49.8
17731,100.0,1200.0,54.8
17732,212.0,2544.0,50.7
17733,152.0,1824.0,46.5
17734,186.0,2232.0,50.3
17735,162.0,1944.0,46.7
17736,174.0,2088.0,48.5
17737,175.0,2100.0,49.7
17738,192.0,2304.0,52.2
17739,175.0,2100.0,52.3
17740,172.0,2064.0,52.4
17741,196.0,2352.0,51.5
17742,175.0,2100.0,51.6
17743,174.0,2088.0,50.6
17744,178.0,2136.0,50.9
17745,171.0,2052.0,54.2
17746,176.0,2112.0,53.8
17747,136.0,1632.0,52.8
17748,188.0,2256.0,53.6
17749,188.0,2256.0,53.7
17750,199.0,2388.0,54.6
17751,174.0,2088.0,51.3
17752,203.0,2436.0,54.4
17753,192.0,2304.0,55.3
17754,172.0,2064.0,54.6
17755,212.0,2544.0,53.9
17756,179.0,2148.0,54.2
17757,223.0,2676.0,56.0
17758,174.0,2088.0,56.5
17759,186.0,2232.0,55.3
17760,198.0,2376.0,56.6
17761,169.0,2028.0,55.1
17762,212.0,2544.0,55.0
17763,170.0,2040.0,51.9
17764,192.0,2304.0,47.2
17765,178.0,2136.0,50.7
17766,182.0,2184.0,52.3
17767,170.0,2040.0,50.7
17768,188.0,2256.0,54.4
17769,185.0,2220.0,56.3
17770,172.0,2064.0,55.5
17771,191.0,2292.0,56.6
17772,189.0,2268.0,59.6
17773,174.0,2088.0,59.9
17774,171.0,2052.0,54.6
17775,183.0,2196.0,55.5
17776,171.0,2052.0,54.5
17777,172.0,2064.0,55.7
17778,163.0,1956.0,55.5
17779,171.0,2052.0,55.7
17780,176.0,2112.0,55.3
17781,172.0,2064.0,51.3
17782,174.0,2088.0,56.7
17783,178.0,2136.0,52.4
17784,155.0,1860.0,55.1
17785,155.0,1860.0,55.9
17786,150.0,1800.0,55.4
17787,181.0,2172.0,55.9
17788,133.0,1596.0,53.9
17789,166.0,1992.0,51.6
17790,130.0,1560.0,55.5
17791,167.0,2004.0,56.5
17792,141.0,1692.0,54.0
17793,137.0,1644.0,56.8
17794,120.0,1440.0,50.7
17795,139.0,1668.0,47.7
17796,101.0,1212.0,55.5
17797,158.0,1896.0,54.2
17798,118.0,1416.0,59.2
17799,126.0,1512.0,58.2
17800,104.0,1248.0,58.9
17801,136.0,1632.0,56.7
17802,108.0,1296.0,50.2
17803,127.0,1524.0,48.6
17804,116.0,1392.0,54.8
17805,121.0,1452.0,54.6
17806,99.0,1188.0,53.8
17807,95.0,1140.0,54.9
17808,131.0,1572.0,60.0
17809,107.0,1284.0,63.5
17810,102.0,1224.0,64.2
17811,102.0,1224.0,64.2
17812,98.0,1176.0,61.3
17813,79.0,948.0,61.9
17814,112.0,1344.0,57.4
17815,103.0,1236.0,53.3
17816,101.0,1212.0,57.7
17817,98.0,1176.0,61.8
17818,86.0,1032.0,56.4
17819,96.0,1152.0,60.1
17820,90.0,1080.0,66.2
17821,97.0,1164.0,68.2
17822,90.0,1080.0,65.2
17823,103.0,1236.0,68.1
17824,74.0,888.0,71.8
17825,64.0,768.0,67.1
17826,71.0,852.0,63.8
17827,85.0,1020.0,63.9
17828,102.0,1224.0,66.2
17829,66.0,792.0,62.2
17830,70.0,840.0,63.6
17831,71.0,852.0,59.9
17832,63.0,756.0,64.5
17833,74.0,888.0,65.0
17834,69.0,828.0,61.0
17835,79.0,948.0,64.6
17836,57.0,684.0,66.4
17837,58.0,696.0,66.3
17838,54.0,648.0,62.1
17839,59.0,708.0,60.7
17840,48.0,576.0,66.0
17841,62.0,744.0,67.6
17842,51.0,612.0,68.8
17843,54.0,648.0,65.3
17844,42.0,504.0,65.7
17845,48.0,576.0,64.9
17846,52.0,624.0,66.8
17847,52.0,624.0,65.6
17848,40.0,480.0,65.7
17849,40.0,480.0,67.1
17850,38.0,456.0,70.6
17851,44.0,528.0,65.0
17852,50.0,600.0,66.7
17853,40.0,480.0,71.2
17854,51.0,612.0,62.9
17855,63.0,756.0,67.0
