time_step,flow_5min,flow_hour,speed_kmh
0,114.0,1368.0,69.3
1,121.0,1452.0,68.6
2,120.0,1440.0,68.9
3,113.0,1356.0,68.3
4,106.0,1272.0,68.0
5,92.0,1104.0,67.6
6,90.0,1080.0,67.8
7,93.0,1116.0,67.9
8,92.0,1104.0,67.4
9,85.0,1020.0,67.5
10,80.0,960.0,67.5
11,74.0,888.0,68.0
12,76.0,912.0,68.1
13,83.0,996.0,68.1
14,72.0,864.0,67.6
15,80.0,960.0,68.4
16,72.0,864.0,68.3
17,74.0,888.0,67.7
18,69.0,828.0,67.4
19,71.0,852.0,67.7
20,74.0,888.0,67.8
21,69.0,828.0,67.7
22,64.0,768.0,67.4
23,62.0,744.0,67.3
24,63.0,756.0,67.7
25,61.0,732.0,67.8
26,62.0,744.0,67.7
27,61.0,732.0,68.1
28,72.0,864.0,67.8
29,63.0,756.0,67.6
30,60.0,720.0,67.4
31,65.0,780.0,67.6
32,59.0,708.0,67.3
33,59.0,708.0,67.4
34,60.0,720.0,67.4
35,56.0,672.0,67.3
36,53.0,636.0,67.2
37,61.0,732.0,66.8
38,59.0,708.0,67.2
39,76.0,912.0,67.3
40,67.0,804.0,67.9
41,65.0,780.0,67.7
42,67.0,804.0,67.6
43,71.0,852.0,67.5
44,79.0,948.0,67.5
45,82.0,984.0,67.8
46,79.0,948.0,67.9
47,79.0,948.0,67.7
48,83.0,996.0,67.5
49,85.0,1020.0,67.5
50,98.0,1176.0,67.5
51,106.0,1272.0,67.7
52,116.0,1392.0,67.8
53,131.0,1572.0,67.9
54,139.0,1668.0,68.3
55,158.0,1896.0,68.1
56,159.0,1908.0,68.1
57,182.0,2184.0,68.8
58,181.0,2172.0,68.6
59,178.0,2136.0,68.6
60,181.0,2172.0,68.3
61,185.0,2220.0,68.4
62,214.0,2568.0,68.5
63,230.0,2760.0,68.4
64,241.0,2892.0,68.5
65,261.0,3132.0,68.5
66,274.0,3288.0,68.8
67,291.0,3492.0,68.4
68,309.0,3708.0,68.4
69,324.0,3888.0,68.7
70,313.0,3756.0,68.8
71,294.0,3528.0,68.7
72,296.0,3552.0,66.1
73,306.0,3672.0,64.9
74,320.0,3840.0,64.6
75,340.0,4080.0,64.4
76,354.0,4248.0,64.1
77,359.0,4308.0,64.3
78,369.0,4428.0,64.4
79,373.0,4476.0,64.4
80,376.0,4512.0,64.1
81,399.0,4788.0,64.2
82,387.0,4644.0,64.2
83,369.0,4428.0,64.2
84,363.0,4356.0,64.5
85,370.0,4440.0,64.1
86,385.0,4620.0,64.0
87,396.0,4752.0,64.7
88,393.0,4716.0,64.2
89,403.0,4836.0,64.2
90,411.0,4932.0,64.1
91,411.0,4932.0,64.1
92,415.0,4980.0,63.8
93,411.0,4932.0,64.0
94,399.0,4788.0,64.0
95,392.0,4704.0,63.8
96,376.0,4512.0,63.5
97,369.0,4428.0,63.9
98,369.0,4428.0,63.7
99,376.0,4512.0,63.7
100,369.0,4428.0,63.9
101,368.0,4416.0,63.7
102,364.0,4368.0,63.7
103,366.0,4392.0,63.6
104,373.0,4476.0,63.5
105,373.0,4476.0,63.4
106,369.0,4428.0,63.3
107,364.0,4368.0,63.4
108,350.0,4200.0,63.1
109,347.0,4164.0,63.0
110,346.0,4152.0,62.5
111,350.0,4200.0,62.3
112,354.0,4248.0,62.4
113,355.0,4260.0,62.2
114,359.0,4308.0,62.4
115,361.0,4332.0,62.3
116,366.0,4392.0,62.3
117,369.0,4428.0,62.1
118,363.0,4356.0,62.1
119,357.0,4284.0,62.0
120,352.0,4224.0,61.9
121,355.0,4260.0,61.9
122,361.0,4332.0,61.9
123,369.0,4428.0,61.6
124,368.0,4416.0,61.9
125,366.0,4392.0,61.7
126,361.0,4332.0,61.8
127,366.0,4392.0,61.7
128,376.0,4512.0,61.6
129,376.0,4512.0,61.2
130,376.0,4512.0,61.4
131,370.0,4440.0,61.0
132,370.0,4440.0,61.2
133,373.0,4476.0,61.2
134,385.0,4620.0,61.1
135,376.0,4512.0,61.1
136,396.0,4752.0,60.9
137,402.0,4824.0,60.9
138,380.0,4560.0,61.0
139,382.0,4584.0,60.5
140,383.0,4596.0,60.7
141,378.0,4536.0,60.6
142,387.0,4644.0,60.8
143,380.0,4560.0,60.7
144,385.0,4620.0,61.0
145,380.0,4560.0,61.3
146,387.0,4644.0,61.3
147,392.0,4704.0,61.1
148,390.0,4680.0,61.1
149,392.0,4704.0,60.9
150,385.0,4620.0,61.1
151,387.0,4644.0,61.1
152,396.0,4752.0,60.6
153,392.0,4704.0,59.9
154,393.0,4716.0,59.4
155,385.0,4620.0,59.7
156,389.0,4668.0,60.0
157,387.0,4644.0,59.6
158,393.0,4716.0,59.9
159,402.0,4824.0,59.9
160,403.0,4836.0,59.8
161,399.0,4788.0,60.0
162,399.0,4788.0,60.0
163,405.0,4860.0,59.8
164,408.0,4896.0,60.0
165,408.0,4896.0,59.5
166,410.0,4920.0,59.8
167,407.0,4884.0,59.5
168,399.0,4788.0,59.0
169,405.0,4860.0,58.5
170,410.0,4920.0,58.6
171,410.0,4920.0,58.2
172,410.0,4920.0,57.8
173,411.0,4932.0,57.2
174,411.0,4932.0,57.2
175,408.0,4896.0,56.3
176,413.0,4956.0,56.9
177,419.0,5028.0,56.2
178,418.0,5016.0,52.5
179,415.0,4980.0,53.8
180,411.0,4932.0,53.7
181,415.0,4980.0,53.0
182,418.0,5016.0,53.6
183,422.0,5064.0,53.1
184,415.0,4980.0,53.2
185,415.0,4980.0,53.0
186,412.0,4944.0,50.7
187,410.0,4920.0,53.3
188,419.0,5028.0,50.2
189,418.0,5016.0,47.8
190,415.0,4980.0,49.3
191,407.0,4884.0,51.3
192,406.0,4872.0,53.4
193,412.0,4944.0,52.8
194,413.0,4956.0,53.2
195,415.0,4980.0,53.8
196,413.0,4956.0,55.4
197,412.0,4944.0,55.8
198,399.0,4788.0,56.1
199,412.0,4944.0,56.2
200,413.0,4956.0,56.5
201,417.0,5004.0,56.8
202,415.0,4980.0,56.9
203,407.0,4884.0,57.2
204,402.0,4824.0,57.5
205,410.0,4920.0,57.7
206,419.0,5028.0,57.9
207,425.0,5100.0,58.2
208,422.0,5064.0,58.0
209,413.0,4956.0,57.6
210,410.0,4920.0,57.7
211,397.0,4764.0,57.7
212,397.0,4764.0,58.0
213,396.0,4752.0,58.6
214,402.0,4824.0,58.6
215,380.0,4560.0,58.7
216,393.0,4716.0,59.8
217,390.0,4680.0,61.5
218,400.0,4800.0,63.8
219,393.0,4716.0,64.6
220,385.0,4620.0,65.4
221,395.0,4740.0,65.7
222,370.0,4440.0,65.8
223,385.0,4620.0,66.0
224,395.0,4740.0,65.8
225,389.0,4668.0,66.2
226,370.0,4440.0,66.6
227,366.0,4392.0,66.5
228,378.0,4536.0,66.9
229,385.0,4620.0,66.9
230,382.0,4584.0,66.6
231,380.0,4560.0,67.0
232,378.0,4536.0,66.8
233,361.0,4332.0,66.9
234,353.0,4236.0,66.7
235,355.0,4260.0,66.6
236,343.0,4116.0,66.5
237,359.0,4308.0,66.1
238,346.0,4152.0,66.2
239,338.0,4056.0,66.1
240,346.0,4152.0,66.2
241,354.0,4248.0,66.2
242,358.0,4296.0,66.4
243,321.0,3852.0,66.4
244,346.0,4152.0,66.4
245,355.0,4260.0,66.4
246,339.0,4068.0,66.5
247,331.0,3972.0,66.6
248,333.0,3996.0,66.7
249,306.0,3672.0,66.8
250,320.0,3840.0,66.9
251,320.0,3840.0,67.1
252,302.0,3624.0,67.1
253,310.0,3720.0,67.3
254,336.0,4032.0,67.5
255,320.0,3840.0,67.7
256,313.0,3756.0,68.2
257,296.0,3552.0,68.0
258,294.0,3528.0,67.9
259,287.0,3444.0,68.0
260,290.0,3480.0,68.3
261,294.0,3528.0,68.3
262,306.0,3672.0,68.4
263,272.0,3264.0,68.6
264,261.0,3132.0,68.6
265,275.0,3300.0,68.7
266,285.0,3420.0,68.7
267,278.0,3336.0,68.2
268,260.0,3120.0,68.3
269,256.0,3072.0,68.2
270,248.0,2976.0,68.3
271,248.0,2976.0,68.4
272,220.0,2640.0,68.5
273,230.0,2760.0,68.7
274,223.0,2676.0,68.7
275,218.0,2616.0,68.8
276,202.0,2424.0,68.7
277,211.0,2532.0,68.4
278,199.0,2388.0,68.8
279,196.0,2352.0,68.2
280,189.0,2268.0,68.2
281,192.0,2304.0,68.5
282,192.0,2304.0,68.3
283,174.0,2088.0,68.3
284,178.0,2136.0,68.7
285,185.0,2220.0,68.5
286,171.0,2052.0,68.6
287,171.0,2052.0,68.6
288,158.0,1896.0,68.9
289,158.0,1896.0,68.5
290,150.0,1800.0,68.7
291,165.0,1980.0,68.4
292,142.0,1704.0,68.1
293,139.0,1668.0,68.0
294,125.0,1500.0,68.1
295,121.0,1452.0,68.0
296,123.0,1476.0,68.0
297,119.0,1428.0,68.5
298,112.0,1344.0,68.2
299,106.0,1272.0,68.4
300,109.0,1308.0,68.7
301,106.0,1272.0,68.4
302,106.0,1272.0,68.4
303,105.0,1260.0,68.2
304,95.0,1140.0,68.2
305,95.0,1140.0,68.6
306,91.0,1092.0,68.4
307,91.0,1092.0,68.3
308,90.0,1080.0,68.2
309,86.0,1032.0,68.2
310,86.0,1032.0,68.7
311,86.0,1032.0,68.3
312,90.0,1080.0,68.7
313,85.0,1020.0,68.6
314,75.0,900.0,68.5
315,83.0,996.0,68.3
316,83.0,996.0,68.2
317,72.0,864.0,68.6
318,75.0,900.0,68.4
319,72.0,864.0,67.8
320,76.0,912.0,68.1
321,71.0,852.0,67.8
322,67.0,804.0,68.0
323,69.0,828.0,67.8
324,67.0,804.0,68.2
325,67.0,804.0,68.2
326,64.0,768.0,68.1
327,69.0,828.0,67.8
328,72.0,864.0,68.0
329,72.0,864.0,67.9
330,65.0,780.0,67.8
331,65.0,780.0,68.0
332,61.0,732.0,68.0
333,65.0,780.0,67.8
334,79.0,948.0,68.0
335,67.0,804.0,67.9
336,64.0,768.0,68.0
337,63.0,756.0,67.8
338,69.0,828.0,67.7
339,69.0,828.0,67.5
340,67.0,804.0,67.9
341,72.0,864.0,67.9
342,72.0,864.0,68.1
343,79.0,948.0,68.1
344,85.0,1020.0,68.2
345,86.0,1032.0,68.3
346,88.0,1056.0,68.1
347,97.0,1164.0,68.0
348,85.0,1020.0,67.9
349,89.0,1068.0,68.2
350,95.0,1140.0,67.8
351,118.0,1416.0,67.8
352,132.0,1584.0,67.9
353,118.0,1416.0,68.1
354,125.0,1500.0,68.0
355,131.0,1572.0,68.3
356,142.0,1704.0,68.3
357,167.0,2004.0,68.5
358,158.0,1896.0,68.6
359,169.0,2028.0,68.7
360,174.0,2088.0,67.8
361,188.0,2256.0,67.4
362,194.0,2328.0,67.1
363,194.0,2328.0,67.0
364,222.0,2664.0,67.4
365,204.0,2448.0,67.2
366,216.0,2592.0,67.3
367,218.0,2616.0,67.5
368,214.0,2568.0,67.8
369,230.0,2760.0,67.8
370,248.0,2976.0,68.1
371,245.0,2940.0,67.9
372,257.0,3084.0,67.3
373,258.0,3096.0,66.4
374,263.0,3156.0,66.1
375,254.0,3048.0,65.7
376,282.0,3384.0,65.8
377,297.0,3564.0,65.7
378,291.0,3492.0,65.9
379,296.0,3552.0,65.8
380,297.0,3564.0,66.1
381,296.0,3552.0,65.9
382,306.0,3672.0,65.8
383,340.0,4080.0,65.8
384,294.0,3528.0,65.6
385,303.0,3636.0,65.7
386,303.0,3636.0,65.6
387,324.0,3888.0,65.2
388,313.0,3756.0,65.5
389,340.0,4080.0,65.8
390,323.0,3876.0,65.7
391,343.0,4116.0,65.6
392,323.0,3876.0,65.8
393,330.0,3960.0,65.6
394,330.0,3960.0,65.4
395,327.0,3924.0,65.9
396,317.0,3804.0,66.0
397,316.0,3792.0,65.6
398,323.0,3876.0,65.5
399,331.0,3972.0,65.3
400,333.0,3996.0,65.4
401,338.0,4056.0,65.2
402,342.0,4104.0,65.3
403,346.0,4152.0,65.4
404,355.0,4260.0,64.8
405,359.0,4308.0,64.9
406,355.0,4260.0,65.0
407,347.0,4164.0,65.0
408,346.0,4152.0,65.1
409,336.0,4032.0,65.0
410,347.0,4164.0,64.9
411,350.0,4200.0,64.8
412,355.0,4260.0,64.9
413,360.0,4320.0,64.8
414,366.0,4392.0,64.7
415,369.0,4428.0,64.6
416,373.0,4476.0,64.4
417,372.0,4464.0,64.5
418,369.0,4428.0,64.5
419,369.0,4428.0,64.4
420,376.0,4512.0,64.1
421,376.0,4512.0,64.5
422,376.0,4512.0,64.6
423,376.0,4512.0,64.7
424,378.0,4536.0,64.6
425,378.0,4536.0,65.1
426,380.0,4560.0,65.0
427,376.0,4512.0,64.9
428,382.0,4584.0,64.8
429,383.0,4596.0,64.9
430,380.0,4560.0,64.9
431,383.0,4596.0,64.9
432,383.0,4596.0,65.1
433,385.0,4620.0,65.1
434,390.0,4680.0,65.2
435,393.0,4716.0,64.6
436,390.0,4680.0,64.6
437,388.0,4656.0,64.7
438,389.0,4668.0,64.7
439,392.0,4704.0,64.8
440,388.0,4656.0,64.2
441,388.0,4656.0,64.9
442,392.0,4704.0,64.8
443,385.0,4620.0,64.9
444,388.0,4656.0,65.1
445,385.0,4620.0,65.1
446,393.0,4716.0,65.3
447,393.0,4716.0,64.8
448,392.0,4704.0,65.1
449,393.0,4716.0,65.3
450,393.0,4716.0,65.3
451,392.0,4704.0,65.2
452,396.0,4752.0,65.2
453,396.0,4752.0,65.1
454,388.0,4656.0,65.3
455,385.0,4620.0,65.1
456,385.0,4620.0,65.2
457,383.0,4596.0,65.4
458,385.0,4620.0,65.5
459,389.0,4668.0,65.2
460,393.0,4716.0,65.4
461,392.0,4704.0,65.4
462,392.0,4704.0,65.4
463,383.0,4596.0,65.6
464,393.0,4716.0,65.5
465,392.0,4704.0,65.6
466,395.0,4740.0,65.6
467,396.0,4752.0,65.3
468,383.0,4596.0,65.5
469,387.0,4644.0,65.6
470,392.0,4704.0,65.7
471,396.0,4752.0,65.6
472,393.0,4716.0,65.4
473,393.0,4716.0,65.6
474,387.0,4644.0,65.7
475,387.0,4644.0,65.8
476,390.0,4680.0,65.7
477,393.0,4716.0,65.7
478,390.0,4680.0,66.1
479,385.0,4620.0,65.8
480,376.0,4512.0,65.8
481,380.0,4560.0,65.8
482,389.0,4668.0,65.8
483,392.0,4704.0,65.9
484,387.0,4644.0,66.0
485,390.0,4680.0,66.0
486,390.0,4680.0,66.3
487,392.0,4704.0,66.2
488,388.0,4656.0,66.3
489,392.0,4704.0,66.0
490,399.0,4788.0,66.0
491,376.0,4512.0,66.1
492,377.0,4524.0,66.2
493,377.0,4524.0,66.2
494,382.0,4584.0,66.1
495,377.0,4524.0,66.2
496,385.0,4620.0,66.7
497,378.0,4536.0,66.5
498,376.0,4512.0,66.4
499,373.0,4476.0,66.4
500,370.0,4440.0,66.5
501,369.0,4428.0,66.7
502,366.0,4392.0,66.7
503,360.0,4320.0,66.9
504,357.0,4284.0,66.6
505,357.0,4284.0,66.7
506,358.0,4296.0,66.8
507,357.0,4284.0,67.0
508,366.0,4392.0,67.0
509,368.0,4416.0,67.3
510,350.0,4200.0,67.1
511,346.0,4152.0,67.2
512,343.0,4116.0,67.4
513,336.0,4032.0,67.2
514,327.0,3924.0,67.0
515,324.0,3888.0,67.2
516,338.0,4056.0,67.2
517,320.0,3840.0,67.2
518,320.0,3840.0,67.3
519,317.0,3804.0,67.6
520,323.0,3876.0,67.4
521,310.0,3720.0,67.2
522,301.0,3612.0,67.3
523,303.0,3636.0,67.2
524,306.0,3672.0,66.8
525,310.0,3720.0,66.6
526,300.0,3600.0,66.5
527,293.0,3516.0,66.1
528,293.0,3516.0,66.3
529,291.0,3492.0,66.3
530,291.0,3492.0,66.5
531,296.0,3552.0,66.6
532,293.0,3516.0,66.6
533,286.0,3432.0,66.7
534,278.0,3336.0,66.8
535,283.0,3396.0,66.8
536,291.0,3492.0,67.0
537,283.0,3396.0,67.1
538,270.0,3240.0,67.1
539,285.0,3420.0,67.2
540,278.0,3336.0,67.7
541,283.0,3396.0,68.3
542,264.0,3168.0,68.4
543,281.0,3372.0,68.5
544,283.0,3396.0,68.6
545,294.0,3528.0,68.6
546,281.0,3372.0,68.7
547,264.0,3168.0,68.6
548,269.0,3228.0,68.5
549,257.0,3084.0,68.7
550,260.0,3120.0,68.6
551,283.0,3396.0,68.7
552,252.0,3024.0,68.4
553,253.0,3036.0,68.2
554,254.0,3048.0,68.4
555,246.0,2952.0,68.1
556,244.0,2928.0,68.4
557,267.0,3204.0,68.7
558,263.0,3156.0,68.8
559,241.0,2892.0,68.8
560,238.0,2856.0,68.8
561,227.0,2724.0,69.1
562,241.0,2892.0,68.9
563,237.0,2844.0,69.1
564,230.0,2760.0,68.7
565,220.0,2640.0,68.5
566,208.0,2496.0,68.4
567,211.0,2532.0,68.5
568,220.0,2640.0,68.3
569,185.0,2220.0,68.5
570,186.0,2232.0,68.4
571,178.0,2136.0,68.5
572,178.0,2136.0,68.4
573,169.0,2028.0,68.6
574,177.0,2124.0,68.3
575,171.0,2052.0,68.7
576,150.0,1800.0,68.8
577,159.0,1908.0,68.6
578,155.0,1860.0,68.5
579,144.0,1728.0,68.2
580,151.0,1812.0,68.4
581,142.0,1704.0,68.5
582,125.0,1500.0,68.6
583,129.0,1548.0,68.6
584,127.0,1524.0,68.8
585,114.0,1368.0,68.3
586,112.0,1344.0,68.6
587,110.0,1320.0,68.8
588,105.0,1260.0,68.7
589,98.0,1176.0,68.5
590,101.0,1212.0,68.5
591,101.0,1212.0,68.3
592,93.0,1116.0,68.3
593,90.0,1080.0,68.6
594,82.0,984.0,68.7
595,83.0,996.0,68.3
596,79.0,948.0,68.7
597,76.0,912.0,68.3
598,79.0,948.0,68.7
599,76.0,912.0,68.6
600,75.0,900.0,68.6
601,75.0,900.0,68.5
602,74.0,888.0,68.6
603,71.0,852.0,68.7
604,69.0,828.0,68.6
605,63.0,756.0,68.6
606,62.0,744.0,68.6
607,62.0,744.0,68.7
608,60.0,720.0,68.7
609,56.0,672.0,68.3
610,56.0,672.0,68.5
611,53.0,636.0,68.4
612,50.0,600.0,68.7
613,52.0,624.0,68.7
614,50.0,600.0,68.7
615,53.0,636.0,68.5
616,49.0,588.0,68.5
617,47.0,564.0,68.6
618,46.0,552.0,68.7
619,46.0,552.0,68.5
620,45.0,540.0,68.4
621,45.0,540.0,68.6
622,42.0,504.0,68.4
623,41.0,492.0,68.1
624,42.0,504.0,68.2
625,42.0,504.0,68.2
626,42.0,504.0,68.3
627,42.0,504.0,68.2
628,42.0,504.0,68.3
629,44.0,528.0,68.4
630,44.0,528.0,68.3
631,49.0,588.0,68.2
632,49.0,588.0,68.4
633,50.0,600.0,68.6
634,49.0,588.0,68.4
635,50.0,600.0,68.3
636,47.0,564.0,68.4
637,50.0,600.0,68.3
638,52.0,624.0,68.4
639,56.0,672.0,68.5
640,58.0,696.0,68.3
641,60.0,720.0,68.3
642,62.0,744.0,68.1
643,67.0,804.0,68.5
644,72.0,864.0,68.3
645,72.0,864.0,68.2
646,72.0,864.0,68.3
647,86.0,1032.0,68.4
648,72.0,864.0,68.1
649,79.0,948.0,68.3
650,82.0,984.0,68.2
651,88.0,1056.0,68.3
652,110.0,1320.0,68.4
653,106.0,1272.0,68.4
654,101.0,1212.0,68.5
655,110.0,1320.0,68.9
656,112.0,1344.0,68.9
657,122.0,1464.0,68.9
658,120.0,1440.0,69.0
659,125.0,1500.0,69.1
660,129.0,1548.0,68.7
661,142.0,1704.0,68.8
662,146.0,1752.0,68.7
663,156.0,1872.0,68.6
664,158.0,1896.0,68.5
665,161.0,1932.0,68.8
666,152.0,1824.0,68.9
667,153.0,1836.0,68.8
668,159.0,1908.0,69.0
669,169.0,2028.0,68.8
670,162.0,1944.0,69.0
671,174.0,2088.0,69.0
672,169.0,2028.0,68.4
673,178.0,2136.0,68.1
674,192.0,2304.0,68.0
675,214.0,2568.0,68.4
676,197.0,2364.0,68.2
677,188.0,2256.0,68.3
678,206.0,2472.0,68.2
679,206.0,2472.0,68.3
680,225.0,2700.0,68.1
681,221.0,2652.0,68.1
682,244.0,2928.0,67.9
683,225.0,2700.0,68.0
684,230.0,2760.0,67.6
685,230.0,2760.0,67.7
686,241.0,2892.0,67.5
687,250.0,3000.0,67.6
688,257.0,3084.0,67.4
689,263.0,3156.0,67.4
690,269.0,3228.0,67.3
691,275.0,3300.0,67.4
692,283.0,3396.0,67.3
693,290.0,3480.0,67.2
694,294.0,3528.0,67.2
695,291.0,3492.0,67.5
696,291.0,3492.0,66.9
697,287.0,3444.0,66.9
698,308.0,3696.0,66.7
699,302.0,3624.0,66.6
700,310.0,3720.0,66.6
701,313.0,3756.0,66.5
702,317.0,3804.0,66.4
703,323.0,3876.0,66.6
704,332.0,3984.0,66.5
705,334.0,4008.0,66.5
706,336.0,4032.0,66.5
707,334.0,4008.0,66.6
708,331.0,3972.0,66.5
709,324.0,3888.0,66.2
710,332.0,3984.0,66.1
711,340.0,4080.0,66.2
712,338.0,4056.0,65.9
713,343.0,4116.0,66.1
714,354.0,4248.0,65.9
715,354.0,4248.0,65.9
716,357.0,4284.0,65.7
717,358.0,4296.0,65.7
718,357.0,4284.0,65.7
719,363.0,4356.0,65.5
720,363.0,4356.0,65.5
721,358.0,4296.0,65.7
722,366.0,4392.0,65.6
723,366.0,4392.0,65.7
724,369.0,4428.0,65.3
725,372.0,4464.0,65.1
726,377.0,4524.0,65.4
727,380.0,4560.0,65.0
728,385.0,4620.0,65.0
729,383.0,4596.0,65.0
730,382.0,4584.0,64.9
731,380.0,4560.0,65.2
732,377.0,4524.0,65.2
733,373.0,4476.0,65.2
734,377.0,4524.0,65.1
735,380.0,4560.0,65.1
736,383.0,4596.0,64.8
737,385.0,4620.0,64.7
738,380.0,4560.0,64.5
739,380.0,4560.0,64.7
740,382.0,4584.0,64.7
741,382.0,4584.0,64.3
742,380.0,4560.0,64.8
743,376.0,4512.0,64.5
744,369.0,4428.0,64.7
745,369.0,4428.0,64.8
746,369.0,4428.0,64.9
747,373.0,4476.0,65.0
748,373.0,4476.0,65.1
749,369.0,4428.0,65.1
750,369.0,4428.0,64.9
751,364.0,4368.0,65.0
752,369.0,4428.0,65.1
753,369.0,4428.0,65.2
754,366.0,4392.0,65.1
755,360.0,4320.0,65.3
756,366.0,4392.0,65.4
757,360.0,4320.0,65.3
758,369.0,4428.0,65.1
759,366.0,4392.0,65.4
760,366.0,4392.0,65.0
761,362.0,4344.0,65.1
762,373.0,4476.0,65.1
763,373.0,4476.0,65.1
764,373.0,4476.0,65.1
765,370.0,4440.0,65.6
766,376.0,4512.0,65.4
767,369.0,4428.0,65.2
768,363.0,4356.0,65.4
769,364.0,4368.0,65.3
770,370.0,4440.0,65.6
771,368.0,4416.0,65.7
772,380.0,4560.0,65.2
773,368.0,4416.0,65.2
774,366.0,4392.0,65.3
775,364.0,4368.0,65.6
776,366.0,4392.0,65.5
777,362.0,4344.0,65.5
778,360.0,4320.0,65.6
779,350.0,4200.0,65.9
780,348.0,4176.0,65.7
781,357.0,4284.0,65.9
782,352.0,4224.0,66.0
783,355.0,4260.0,65.9
784,352.0,4224.0,66.5
785,350.0,4200.0,66.4
786,343.0,4116.0,66.7
787,343.0,4116.0,66.6
788,342.0,4104.0,66.4
789,340.0,4080.0,66.3
790,342.0,4104.0,66.5
791,336.0,4032.0,66.7
792,336.0,4032.0,66.5
793,340.0,4080.0,66.6
794,340.0,4080.0,66.6
795,340.0,4080.0,66.4
796,354.0,4248.0,66.1
797,329.0,3948.0,66.5
798,361.0,4332.0,66.4
799,332.0,3984.0,66.3
800,326.0,3912.0,66.3
801,324.0,3888.0,66.2
802,320.0,3840.0,66.2
803,317.0,3804.0,66.3
804,316.0,3792.0,66.1
805,313.0,3756.0,66.1
806,320.0,3840.0,65.9
807,320.0,3840.0,65.7
808,323.0,3876.0,65.7
809,316.0,3792.0,65.5
810,313.0,3756.0,65.2
811,306.0,3672.0,65.0
812,310.0,3720.0,64.7
813,320.0,3840.0,64.5
814,308.0,3696.0,64.3
815,309.0,3708.0,64.2
816,306.0,3672.0,63.9
817,304.0,3648.0,64.1
818,313.0,3756.0,64.3
819,306.0,3672.0,64.0
820,310.0,3720.0,64.4
821,308.0,3696.0,63.9
822,297.0,3564.0,63.9
823,297.0,3564.0,64.1
824,297.0,3564.0,63.9
825,287.0,3444.0,64.5
826,281.0,3372.0,64.4
827,278.0,3336.0,64.6
828,274.0,3288.0,66.5
829,274.0,3288.0,67.3
830,270.0,3240.0,67.8
831,268.0,3216.0,68.1
832,280.0,3360.0,68.4
833,267.0,3204.0,68.3
834,253.0,3036.0,68.6
835,251.0,3012.0,68.6
836,245.0,2940.0,68.6
837,246.0,2952.0,68.6
838,236.0,2832.0,68.8
839,238.0,2856.0,69.0
840,227.0,2724.0,68.7
841,221.0,2652.0,68.6
842,220.0,2640.0,68.6
843,211.0,2532.0,68.6
844,206.0,2472.0,68.5
845,196.0,2352.0,68.7
846,197.0,2364.0,68.4
847,181.0,2172.0,68.5
848,189.0,2268.0,68.7
849,171.0,2052.0,68.4
850,162.0,1944.0,68.7
851,161.0,1932.0,68.8
852,144.0,1728.0,68.7
853,146.0,1752.0,68.5
854,141.0,1692.0,68.6
855,137.0,1644.0,68.5
856,144.0,1728.0,68.3
857,135.0,1620.0,68.7
858,125.0,1500.0,68.7
859,116.0,1392.0,68.6
860,114.0,1368.0,68.8
861,113.0,1356.0,68.5
862,105.0,1260.0,68.1
863,102.0,1224.0,68.3
864,91.0,1092.0,69.5
865,89.0,1068.0,68.9
866,90.0,1080.0,68.7
867,82.0,984.0,68.9
868,85.0,1020.0,68.4
869,79.0,948.0,68.5
870,74.0,888.0,68.7
871,69.0,828.0,68.7
872,65.0,780.0,68.3
873,69.0,828.0,68.2
874,62.0,744.0,68.0
875,58.0,696.0,68.0
876,56.0,672.0,68.5
877,59.0,708.0,68.5
878,60.0,720.0,68.6
879,53.0,636.0,68.4
880,53.0,636.0,68.4
881,52.0,624.0,68.0
882,47.0,564.0,68.0
883,56.0,672.0,68.0
884,46.0,552.0,67.8
885,46.0,552.0,67.9
886,49.0,588.0,67.7
887,44.0,528.0,67.9
888,46.0,552.0,67.8
889,45.0,540.0,67.7
890,44.0,528.0,67.9
891,45.0,540.0,67.9
892,44.0,528.0,67.9
893,45.0,540.0,67.8
894,44.0,528.0,67.9
895,44.0,528.0,67.7
896,45.0,540.0,67.7
897,45.0,540.0,67.7
898,44.0,528.0,67.8
899,46.0,552.0,67.3
900,46.0,552.0,67.7
901,45.0,540.0,67.4
902,49.0,588.0,67.6
903,47.0,564.0,67.8
904,53.0,636.0,67.6
905,56.0,672.0,67.6
906,59.0,708.0,67.8
907,65.0,780.0,67.8
908,71.0,852.0,68.1
909,76.0,912.0,67.7
910,72.0,864.0,67.8
911,72.0,864.0,67.6
912,74.0,888.0,67.7
913,76.0,912.0,68.0
914,86.0,1032.0,68.0
915,95.0,1140.0,67.9
916,110.0,1320.0,68.1
917,114.0,1368.0,67.9
918,128.0,1536.0,68.3
919,146.0,1752.0,68.5
920,155.0,1860.0,68.7
921,174.0,2088.0,69.2
922,162.0,1944.0,68.8
923,162.0,1944.0,68.6
924,177.0,2124.0,68.7
925,188.0,2256.0,68.5
926,202.0,2424.0,68.6
927,230.0,2760.0,68.7
928,241.0,2892.0,69.5
929,244.0,2928.0,69.6
930,283.0,3396.0,69.3
931,291.0,3492.0,69.2
932,310.0,3720.0,69.5
933,323.0,3876.0,69.7
934,313.0,3756.0,69.6
935,297.0,3564.0,69.3
936,293.0,3516.0,66.2
937,299.0,3588.0,65.0
938,320.0,3840.0,64.9
939,339.0,4068.0,64.9
940,350.0,4200.0,64.9
941,329.0,3948.0,64.9
942,320.0,3840.0,64.9
943,310.0,3720.0,64.9
944,309.0,3708.0,65.1
945,357.0,4284.0,65.0
946,329.0,3948.0,64.9
947,343.0,4116.0,64.8
948,316.0,3792.0,64.9
949,340.0,4080.0,64.8
950,342.0,4104.0,65.0
951,329.0,3948.0,64.9
952,355.0,4260.0,64.9
953,369.0,4428.0,64.9
954,317.0,3804.0,64.9
955,388.0,4656.0,64.7
956,400.0,4800.0,64.6
957,378.0,4536.0,64.3
958,354.0,4248.0,64.2
959,400.0,4800.0,64.4
960,373.0,4476.0,64.3
961,364.0,4368.0,64.5
962,385.0,4620.0,64.5
963,383.0,4596.0,64.6
964,376.0,4512.0,64.3
965,376.0,4512.0,64.1
966,376.0,4512.0,64.3
967,377.0,4524.0,64.1
968,380.0,4560.0,64.0
969,380.0,4560.0,64.0
970,373.0,4476.0,63.8
971,361.0,4332.0,64.0
972,350.0,4200.0,63.7
973,343.0,4116.0,63.8
974,346.0,4152.0,63.1
975,355.0,4260.0,62.9
976,350.0,4200.0,63.1
977,357.0,4284.0,63.3
978,348.0,4176.0,62.8
979,354.0,4248.0,63.2
980,358.0,4296.0,62.9
981,355.0,4260.0,63.0
982,353.0,4236.0,62.4
983,348.0,4176.0,62.6
984,343.0,4116.0,62.7
985,340.0,4080.0,62.8
986,348.0,4176.0,62.8
987,348.0,4176.0,62.1
988,352.0,4224.0,62.1
989,355.0,4260.0,62.0
990,352.0,4224.0,62.1
991,359.0,4308.0,62.6
992,360.0,4320.0,62.2
993,358.0,4296.0,62.3
994,353.0,4236.0,62.7
995,350.0,4200.0,62.2
996,347.0,4164.0,62.4
997,354.0,4248.0,62.5
998,366.0,4392.0,61.8
999,359.0,4308.0,62.1
1000,362.0,4344.0,62.3
1001,357.0,4284.0,62.4
1002,361.0,4332.0,62.7
1003,359.0,4308.0,62.0
1004,363.0,4356.0,62.1
1005,361.0,4332.0,62.0
1006,362.0,4344.0,62.5
1007,359.0,4308.0,62.2
1008,359.0,4308.0,62.8
1009,359.0,4308.0,62.6
1010,368.0,4416.0,62.6
1011,366.0,4392.0,62.5
1012,364.0,4368.0,62.9
1013,364.0,4368.0,63.1
1014,366.0,4392.0,62.7
1015,376.0,4512.0,62.5
1016,377.0,4524.0,62.6
1017,376.0,4512.0,62.7
1018,370.0,4440.0,62.5
1019,372.0,4464.0,62.3
1020,361.0,4332.0,62.4
1021,373.0,4476.0,62.6
1022,370.0,4440.0,62.5
1023,380.0,4560.0,62.9
1024,383.0,4596.0,62.7
1025,385.0,4620.0,62.5
1026,380.0,4560.0,62.5
1027,383.0,4596.0,62.8
1028,388.0,4656.0,62.7
1029,389.0,4668.0,62.9
1030,383.0,4596.0,63.2
1031,383.0,4596.0,63.5
1032,383.0,4596.0,63.3
1033,385.0,4620.0,63.6
1034,399.0,4788.0,63.2
1035,402.0,4824.0,63.3
1036,403.0,4836.0,63.2
1037,422.0,5064.0,63.3
1038,407.0,4884.0,62.8
1039,412.0,4944.0,62.8
1040,422.0,5064.0,63.1
1041,440.0,5280.0,63.1
1042,438.0,5256.0,62.9
1043,443.0,5316.0,63.1
1044,471.0,5652.0,62.3
1045,440.0,5280.0,62.1
1046,441.0,5292.0,62.5
1047,441.0,5292.0,62.8
1048,453.0,5436.0,62.6
1049,452.0,5424.0,62.8
1050,442.0,5304.0,62.6
1051,426.0,5112.0,62.7
1052,433.0,5196.0,62.3
1053,443.0,5316.0,62.3
1054,435.0,5220.0,62.0
1055,440.0,5280.0,62.4
1056,441.0,5292.0,61.9
1057,441.0,5292.0,62.2
1058,435.0,5220.0,62.5
1059,435.0,5220.0,62.9
1060,423.0,5076.0,63.2
1061,419.0,5028.0,60.9
1062,410.0,4920.0,62.2
1063,412.0,4944.0,62.2
1064,429.0,5148.0,62.3
1065,438.0,5256.0,62.5
1066,431.0,5172.0,62.3
1067,422.0,5064.0,63.2
1068,425.0,5100.0,62.5
1069,436.0,5232.0,63.7
1070,455.0,5460.0,63.8
1071,449.0,5388.0,63.1
1072,445.0,5340.0,63.0
1073,431.0,5172.0,63.1
1074,441.0,5292.0,63.4
1075,461.0,5532.0,63.5
1076,455.0,5460.0,64.1
1077,441.0,5292.0,64.6
1078,432.0,5184.0,65.3
1079,435.0,5220.0,65.6
1080,419.0,5028.0,65.8
1081,399.0,4788.0,65.9
1082,406.0,4872.0,65.8
1083,399.0,4788.0,66.4
1084,397.0,4764.0,66.6
1085,403.0,4836.0,66.8
1086,395.0,4740.0,67.0
1087,343.0,4116.0,67.2
1088,338.0,4056.0,67.3
1089,321.0,3852.0,67.3
1090,347.0,4164.0,67.8
1091,327.0,3924.0,68.0
1092,306.0,3672.0,68.0
1093,317.0,3804.0,68.3
1094,321.0,3852.0,68.3
1095,327.0,3924.0,68.1
1096,304.0,3648.0,68.2
1097,297.0,3564.0,68.2
1098,297.0,3564.0,67.8
1099,287.0,3444.0,67.7
1100,278.0,3336.0,67.3
1101,291.0,3492.0,67.1
1102,267.0,3204.0,66.9
1103,274.0,3288.0,67.0
1104,258.0,3096.0,67.1
1105,253.0,3036.0,67.0
1106,264.0,3168.0,67.0
1107,252.0,3024.0,67.2
1108,269.0,3228.0,66.9
1109,261.0,3132.0,66.8
1110,245.0,2940.0,67.2
1111,246.0,2952.0,66.7
1112,252.0,3024.0,67.1
1113,232.0,2784.0,67.1
1114,251.0,3012.0,67.0
1115,234.0,2808.0,67.3
1116,230.0,2760.0,67.9
1117,214.0,2568.0,68.1
1118,224.0,2688.0,68.4
1119,225.0,2700.0,68.9
1120,234.0,2808.0,69.0
1121,230.0,2760.0,68.9
1122,234.0,2808.0,68.6
1123,218.0,2616.0,68.7
1124,218.0,2616.0,68.9
1125,204.0,2448.0,69.1
1126,211.0,2532.0,68.9
1127,199.0,2388.0,68.9
1128,196.0,2352.0,69.1
1129,201.0,2412.0,68.8
1130,196.0,2352.0,68.7
1131,204.0,2448.0,68.9
1132,192.0,2304.0,68.4
1133,184.0,2208.0,68.6
1134,158.0,1896.0,68.6
1135,167.0,2004.0,68.4
1136,161.0,1932.0,68.9
1137,156.0,1872.0,68.8
1138,144.0,1728.0,68.3
1139,142.0,1704.0,68.1
1140,139.0,1668.0,68.4
1141,139.0,1668.0,68.5
1142,148.0,1776.0,68.5
1143,135.0,1620.0,68.5
1144,149.0,1788.0,68.3
1145,141.0,1692.0,68.3
1146,119.0,1428.0,68.5
1147,116.0,1392.0,68.4
1148,123.0,1476.0,67.8
1149,110.0,1320.0,68.1
1150,116.0,1392.0,67.9
1151,99.0,1188.0,67.8
1152,95.0,1140.0,68.9
1153,95.0,1140.0,69.0
1154,97.0,1164.0,68.7
1155,95.0,1140.0,68.5
1156,88.0,1056.0,68.2
1157,88.0,1056.0,68.2
1158,82.0,984.0,68.1
1159,75.0,900.0,67.9
1160,74.0,888.0,68.1
1161,74.0,888.0,68.1
1162,76.0,912.0,67.2
1163,69.0,828.0,67.0
1164,65.0,780.0,67.4
1165,67.0,804.0,68.0
1166,62.0,744.0,68.1
1167,63.0,756.0,68.2
1168,62.0,744.0,67.5
1169,56.0,672.0,67.5
1170,59.0,708.0,67.9
1171,61.0,732.0,67.2
1172,59.0,708.0,67.2
1173,53.0,636.0,67.2
1174,56.0,672.0,67.1
1175,59.0,708.0,67.5
1176,50.0,600.0,67.6
1177,49.0,588.0,67.2
1178,56.0,672.0,67.4
1179,60.0,720.0,67.1
1180,65.0,780.0,67.2
1181,61.0,732.0,67.5
1182,56.0,672.0,67.1
1183,53.0,636.0,67.1
1184,50.0,600.0,67.1
1185,52.0,624.0,67.3
1186,52.0,624.0,67.2
1187,52.0,624.0,67.1
1188,56.0,672.0,66.9
1189,52.0,624.0,66.6
1190,60.0,720.0,66.9
1191,61.0,732.0,67.0
1192,58.0,696.0,67.1
1193,60.0,720.0,67.0
1194,63.0,756.0,67.3
1195,69.0,828.0,67.6
1196,74.0,888.0,67.9
1197,82.0,984.0,67.9
1198,79.0,948.0,67.9
1199,74.0,888.0,67.8
1200,79.0,948.0,67.2
1201,75.0,900.0,67.1
1202,88.0,1056.0,67.4
1203,95.0,1140.0,67.5
1204,106.0,1272.0,67.5
1205,118.0,1416.0,68.1
1206,132.0,1584.0,67.8
1207,149.0,1788.0,68.1
1208,166.0,1992.0,68.7
1209,174.0,2088.0,68.3
1210,167.0,2004.0,68.9
1211,167.0,2004.0,68.4
1212,178.0,2136.0,68.4
1213,192.0,2304.0,68.5
1214,216.0,2592.0,68.5
1215,238.0,2856.0,68.5
1216,258.0,3096.0,69.4
1217,268.0,3216.0,68.9
1218,290.0,3480.0,68.6
1219,309.0,3708.0,68.4
1220,326.0,3912.0,68.9
1221,342.0,4104.0,69.4
1222,336.0,4032.0,69.4
1223,308.0,3696.0,69.0
1224,301.0,3612.0,66.5
1225,310.0,3720.0,65.3
1226,324.0,3888.0,64.9
1227,342.0,4104.0,64.7
1228,276.0,3312.0,64.4
1229,278.0,3336.0,64.4
1230,286.0,3432.0,64.5
1231,260.0,3120.0,64.5
1232,283.0,3396.0,64.6
1233,296.0,3552.0,64.5
1234,320.0,3840.0,64.7
1235,342.0,4104.0,64.9
1236,339.0,4068.0,64.8
1237,326.0,3912.0,64.8
1238,343.0,4116.0,64.7
1239,317.0,3804.0,65.0
1240,306.0,3672.0,64.8
1241,290.0,3480.0,64.9
1242,280.0,3360.0,64.9
1243,338.0,4056.0,64.6
1244,380.0,4560.0,64.3
1245,364.0,4368.0,64.1
1246,359.0,4308.0,63.9
1247,343.0,4116.0,64.0
1248,317.0,3804.0,64.2
1249,378.0,4536.0,64.1
1250,377.0,4524.0,64.0
1251,336.0,4032.0,64.5
1252,352.0,4224.0,64.1
1253,378.0,4536.0,64.2
1254,378.0,4536.0,64.3
1255,380.0,4560.0,64.6
1256,380.0,4560.0,64.1
1257,383.0,4596.0,64.2
1258,376.0,4512.0,64.4
1259,364.0,4368.0,64.1
1260,358.0,4296.0,63.6
1261,348.0,4176.0,63.3
1262,354.0,4248.0,63.3
1263,354.0,4248.0,63.1
1264,352.0,4224.0,62.9
1265,354.0,4248.0,63.0
1266,348.0,4176.0,63.0
1267,350.0,4200.0,63.2
1268,353.0,4236.0,63.2
1269,355.0,4260.0,62.9
1270,346.0,4152.0,62.8
1271,340.0,4080.0,62.6
1272,330.0,3960.0,62.8
1273,332.0,3984.0,62.8
1274,336.0,4032.0,62.9
1275,342.0,4104.0,63.4
1276,334.0,4008.0,63.0
1277,336.0,4032.0,62.8
1278,339.0,4068.0,62.5
1279,343.0,4116.0,62.6
1280,347.0,4164.0,62.5
1281,343.0,4116.0,62.7
1282,343.0,4116.0,62.5
1283,336.0,4032.0,62.4
1284,329.0,3948.0,62.3
1285,340.0,4080.0,62.4
1286,343.0,4116.0,62.3
1287,350.0,4200.0,62.4
1288,347.0,4164.0,62.6
1289,347.0,4164.0,62.8
1290,342.0,4104.0,62.5
1291,354.0,4248.0,63.0
1292,358.0,4296.0,62.8
1293,355.0,4260.0,62.6
1294,347.0,4164.0,63.0
1295,346.0,4152.0,62.9
1296,343.0,4116.0,62.7
1297,346.0,4152.0,62.7
1298,354.0,4248.0,62.8
1299,355.0,4260.0,62.8
1300,353.0,4236.0,63.0
1301,354.0,4248.0,62.9
1302,359.0,4308.0,62.7
1303,360.0,4320.0,62.8
1304,355.0,4260.0,63.3
1305,354.0,4248.0,62.9
1306,352.0,4224.0,63.0
1307,354.0,4248.0,63.3
1308,346.0,4152.0,62.8
1309,343.0,4116.0,62.7
1310,355.0,4260.0,63.7
1311,362.0,4344.0,63.7
1312,358.0,4296.0,63.6
1313,363.0,4356.0,63.3
1314,360.0,4320.0,63.0
1315,366.0,4392.0,63.3
1316,369.0,4428.0,62.8
1317,376.0,4512.0,62.8
1318,376.0,4512.0,62.6
1319,376.0,4512.0,62.7
1320,376.0,4512.0,62.7
1321,378.0,4536.0,62.6
1322,385.0,4620.0,62.9
1323,395.0,4740.0,62.9
1324,396.0,4752.0,63.0
1325,402.0,4824.0,62.8
1326,402.0,4824.0,62.9
1327,410.0,4920.0,62.8
1328,417.0,5004.0,62.9
1329,436.0,5232.0,63.4
1330,459.0,5508.0,63.2
1331,466.0,5592.0,62.8
1332,469.0,5628.0,62.7
1333,468.0,5616.0,62.5
1334,452.0,5424.0,62.2
1335,468.0,5616.0,62.5
1336,479.0,5748.0,62.3
1337,463.0,5556.0,61.9
1338,471.0,5652.0,62.3
1339,459.0,5508.0,61.7
1340,445.0,5340.0,61.7
1341,432.0,5184.0,60.7
1342,455.0,5460.0,61.4
1343,442.0,5304.0,61.7
1344,434.0,5208.0,62.1
1345,453.0,5436.0,62.6
1346,449.0,5388.0,62.9
1347,426.0,5112.0,63.1
1348,427.0,5124.0,63.0
1349,445.0,5340.0,63.2
1350,427.0,5124.0,63.5
1351,413.0,4956.0,63.7
1352,440.0,5280.0,63.1
1353,425.0,5100.0,61.2
1354,449.0,5388.0,61.8
1355,432.0,5184.0,61.7
1356,426.0,5112.0,61.8
1357,438.0,5256.0,62.9
1358,461.0,5532.0,62.9
1359,442.0,5304.0,62.7
1360,459.0,5508.0,62.2
1361,464.0,5568.0,61.6
1362,449.0,5388.0,60.7
1363,448.0,5376.0,60.4
1364,438.0,5256.0,62.2
1365,438.0,5256.0,64.5
1366,432.0,5184.0,65.2
1367,459.0,5508.0,65.6
1368,431.0,5172.0,65.6
1369,396.0,4752.0,65.9
1370,380.0,4560.0,66.1
1371,392.0,4704.0,66.6
1372,380.0,4560.0,66.9
1373,385.0,4620.0,67.1
1374,352.0,4224.0,67.1
1375,336.0,4032.0,67.2
1376,364.0,4368.0,67.3
1377,350.0,4200.0,67.5
1378,340.0,4080.0,67.6
1379,320.0,3840.0,68.1
1380,309.0,3708.0,67.3
1381,313.0,3756.0,67.5
1382,317.0,3804.0,67.9
1383,326.0,3912.0,67.8
1384,320.0,3840.0,68.0
1385,313.0,3756.0,68.2
1386,310.0,3720.0,68.1
1387,293.0,3516.0,67.7
1388,297.0,3564.0,67.6
1389,293.0,3516.0,67.2
1390,296.0,3552.0,66.9
1391,290.0,3480.0,66.7
1392,278.0,3336.0,66.7
1393,287.0,3444.0,66.9
1394,278.0,3336.0,67.0
1395,263.0,3156.0,66.8
1396,275.0,3300.0,67.1
1397,278.0,3336.0,67.0
1398,271.0,3252.0,66.9
1399,258.0,3096.0,66.9
1400,258.0,3096.0,67.0
1401,241.0,2892.0,67.1
1402,254.0,3048.0,67.2
1403,231.0,2772.0,67.2
1404,241.0,2892.0,67.9
1405,241.0,2892.0,68.1
1406,227.0,2724.0,68.3
1407,244.0,2928.0,68.6
1408,238.0,2856.0,68.5
1409,248.0,2976.0,68.7
1410,223.0,2676.0,68.7
1411,216.0,2592.0,68.4
1412,218.0,2616.0,68.4
1413,234.0,2808.0,68.2
1414,208.0,2496.0,68.4
1415,216.0,2592.0,68.0
1416,204.0,2448.0,68.0
1417,214.0,2568.0,68.3
1418,197.0,2364.0,68.2
1419,215.0,2580.0,68.3
1420,200.0,2400.0,68.7
1421,186.0,2232.0,68.7
1422,169.0,2028.0,68.8
1423,174.0,2088.0,68.4
1424,169.0,2028.0,68.4
1425,166.0,1992.0,68.4
1426,165.0,1980.0,68.2
1427,142.0,1704.0,68.1
1428,139.0,1668.0,68.2
1429,144.0,1728.0,68.3
1430,152.0,1824.0,68.3
1431,144.0,1728.0,68.6
1432,144.0,1728.0,68.5
1433,127.0,1524.0,68.7
1434,125.0,1500.0,68.7
1435,119.0,1428.0,68.4
1436,116.0,1392.0,68.3
1437,118.0,1416.0,68.1
1438,112.0,1344.0,68.0
1439,102.0,1224.0,68.2
1440,95.0,1140.0,68.8
1441,97.0,1164.0,68.6
1442,105.0,1260.0,68.8
1443,105.0,1260.0,68.8
1444,95.0,1140.0,68.0
1445,86.0,1032.0,68.5
1446,79.0,948.0,68.2
1447,72.0,864.0,68.0
1448,75.0,900.0,67.8
1449,76.0,912.0,67.5
1450,69.0,828.0,67.5
1451,69.0,828.0,67.5
1452,65.0,780.0,67.7
1453,63.0,756.0,67.5
1454,69.0,828.0,67.6
1455,72.0,864.0,67.8
1456,71.0,852.0,67.7
1457,60.0,720.0,67.5
1458,62.0,744.0,67.4
1459,53.0,636.0,67.5
1460,64.0,768.0,67.4
1461,63.0,756.0,67.5
1462,63.0,756.0,67.2
1463,58.0,696.0,67.3
1464,56.0,672.0,67.6
1465,61.0,732.0,67.7
1466,62.0,744.0,67.6
1467,62.0,744.0,67.4
1468,60.0,720.0,67.6
1469,53.0,636.0,67.3
1470,49.0,588.0,67.2
1471,53.0,636.0,67.1
1472,50.0,600.0,67.2
1473,56.0,672.0,67.1
1474,56.0,672.0,67.0
1475,49.0,588.0,66.9
1476,49.0,588.0,66.8
1477,49.0,588.0,66.8
1478,56.0,672.0,66.8
1479,60.0,720.0,66.9
1480,59.0,708.0,67.0
1481,60.0,720.0,67.3
1482,62.0,744.0,67.1
1483,67.0,804.0,67.2
1484,75.0,900.0,67.3
1485,76.0,912.0,67.8
1486,75.0,900.0,67.6
1487,76.0,912.0,67.7
1488,76.0,912.0,67.5
1489,83.0,996.0,67.5
1490,95.0,1140.0,67.4
1491,98.0,1176.0,67.6
1492,106.0,1272.0,67.9
1493,122.0,1464.0,67.9
1494,136.0,1632.0,68.1
1495,142.0,1704.0,68.3
1496,169.0,2028.0,68.6
1497,178.0,2136.0,68.4
1498,171.0,2052.0,68.5
1499,165.0,1980.0,68.6
1500,167.0,2004.0,68.3
1501,184.0,2208.0,68.3
1502,218.0,2616.0,68.3
1503,241.0,2892.0,68.8
1504,251.0,3012.0,68.7
1505,267.0,3204.0,68.6
1506,287.0,3444.0,67.8
1507,306.0,3672.0,68.2
1508,329.0,3948.0,68.7
1509,339.0,4068.0,68.5
1510,331.0,3972.0,68.5
1511,308.0,3696.0,68.7
1512,308.0,3696.0,66.3
1513,310.0,3720.0,65.3
1514,316.0,3792.0,64.7
1515,294.0,3528.0,64.5
1516,329.0,3948.0,64.4
1517,309.0,3708.0,64.5
1518,306.0,3672.0,64.5
1519,316.0,3792.0,64.5
1520,368.0,4416.0,64.6
1521,324.0,3888.0,64.7
1522,324.0,3888.0,64.7
1523,359.0,4308.0,64.9
1524,383.0,4596.0,64.9
1525,361.0,4332.0,64.9
1526,327.0,3924.0,64.7
1527,347.0,4164.0,64.7
1528,366.0,4392.0,64.7
1529,297.0,3564.0,64.9
1530,336.0,4032.0,64.7
1531,369.0,4428.0,64.8
1532,396.0,4752.0,64.5
1533,419.0,5028.0,64.4
1534,415.0,4980.0,64.5
1535,390.0,4680.0,64.4
1536,380.0,4560.0,64.5
1537,382.0,4584.0,64.2
1538,385.0,4620.0,64.4
1539,388.0,4656.0,64.2
1540,385.0,4620.0,64.1
1541,380.0,4560.0,64.4
1542,373.0,4476.0,64.1
1543,385.0,4620.0,64.2
1544,383.0,4596.0,64.1
1545,380.0,4560.0,64.0
1546,382.0,4584.0,64.0
1547,366.0,4392.0,64.1
1548,353.0,4236.0,64.1
1549,347.0,4164.0,63.8
1550,350.0,4200.0,63.7
1551,353.0,4236.0,63.6
1552,352.0,4224.0,63.5
1553,354.0,4248.0,63.3
1554,353.0,4236.0,63.3
1555,353.0,4236.0,63.3
1556,358.0,4296.0,63.1
1557,350.0,4200.0,62.7
1558,347.0,4164.0,62.7
1559,339.0,4068.0,62.7
1560,332.0,3984.0,62.5
1561,327.0,3924.0,62.8
1562,336.0,4032.0,62.8
1563,336.0,4032.0,62.4
1564,336.0,4032.0,62.5
1565,339.0,4068.0,62.6
1566,340.0,4080.0,62.7
1567,343.0,4116.0,62.2
1568,347.0,4164.0,62.6
1569,348.0,4176.0,62.4
1570,346.0,4152.0,62.5
1571,340.0,4080.0,61.9
1572,333.0,3996.0,62.6
1573,340.0,4080.0,62.7
1574,350.0,4200.0,62.5
1575,347.0,4164.0,62.4
1576,340.0,4080.0,62.9
1577,340.0,4080.0,63.0
1578,340.0,4080.0,62.3
1579,343.0,4116.0,62.9
1580,343.0,4116.0,62.9
1581,350.0,4200.0,62.3
1582,350.0,4200.0,62.5
1583,346.0,4152.0,62.8
1584,354.0,4248.0,62.7
1585,357.0,4284.0,62.7
1586,358.0,4296.0,62.4
1587,364.0,4368.0,62.7
1588,360.0,4320.0,62.7
1589,361.0,4332.0,63.4
1590,360.0,4320.0,63.0
1591,360.0,4320.0,62.9
1592,369.0,4428.0,62.6
1593,364.0,4368.0,62.8
1594,362.0,4344.0,62.6
1595,366.0,4392.0,62.7
1596,362.0,4344.0,62.8
1597,364.0,4368.0,62.6
1598,366.0,4392.0,62.6
1599,376.0,4512.0,62.9
1600,376.0,4512.0,63.3
1601,383.0,4596.0,63.0
1602,376.0,4512.0,62.9
1603,382.0,4584.0,63.1
1604,387.0,4644.0,62.7
1605,395.0,4740.0,62.8
1606,392.0,4704.0,63.0
1607,390.0,4680.0,63.0
1608,385.0,4620.0,63.0
1609,389.0,4668.0,62.7
1610,397.0,4764.0,63.0
1611,403.0,4836.0,63.1
1612,407.0,4884.0,63.0
1613,411.0,4932.0,63.0
1614,418.0,5016.0,62.9
1615,413.0,4956.0,63.1
1616,425.0,5100.0,63.1
1617,448.0,5376.0,63.1
1618,434.0,5208.0,63.0
1619,429.0,5148.0,63.0
1620,449.0,5388.0,62.2
1621,429.0,5148.0,62.6
1622,432.0,5184.0,62.5
1623,443.0,5316.0,62.3
1624,442.0,5304.0,62.5
1625,447.0,5364.0,62.3
1626,463.0,5556.0,62.2
1627,438.0,5256.0,62.6
1628,431.0,5172.0,62.9
1629,436.0,5232.0,61.1
1630,438.0,5256.0,59.6
1631,443.0,5316.0,59.7
1632,449.0,5388.0,59.9
1633,441.0,5292.0,60.7
1634,465.0,5580.0,61.1
1635,445.0,5340.0,61.3
1636,431.0,5172.0,61.0
1637,441.0,5292.0,59.8
1638,449.0,5388.0,60.4
1639,459.0,5508.0,61.0
1640,443.0,5316.0,62.3
1641,433.0,5196.0,60.9
1642,432.0,5184.0,61.4
1643,425.0,5100.0,61.6
1644,418.0,5016.0,62.1
1645,432.0,5184.0,61.3
1646,445.0,5340.0,61.0
1647,443.0,5316.0,61.2
1648,443.0,5316.0,61.2
1649,436.0,5232.0,61.5
1650,429.0,5148.0,62.2
1651,447.0,5364.0,62.9
1652,445.0,5340.0,63.1
1653,415.0,4980.0,63.4
1654,410.0,4920.0,63.5
1655,434.0,5208.0,64.8
1656,422.0,5064.0,65.3
1657,405.0,4860.0,65.8
1658,419.0,5028.0,65.9
1659,407.0,4884.0,66.1
1660,392.0,4704.0,66.2
1661,407.0,4884.0,66.5
1662,403.0,4836.0,66.5
1663,377.0,4524.0,66.7
1664,354.0,4248.0,66.6
1665,358.0,4296.0,66.6
1666,346.0,4152.0,67.0
1667,327.0,3924.0,66.9
1668,313.0,3756.0,67.0
1669,329.0,3948.0,67.2
1670,330.0,3960.0,67.2
1671,340.0,4080.0,67.4
1672,326.0,3912.0,67.2
1673,330.0,3960.0,67.3
1674,323.0,3876.0,67.2
1675,296.0,3552.0,67.1
1676,294.0,3528.0,66.9
1677,290.0,3480.0,66.9
1678,293.0,3516.0,66.8
1679,300.0,3600.0,66.7
1680,275.0,3300.0,66.9
1681,285.0,3420.0,66.8
1682,287.0,3444.0,67.1
1683,303.0,3636.0,67.1
1684,268.0,3216.0,67.0
1685,269.0,3228.0,66.9
1686,280.0,3360.0,66.9
1687,281.0,3372.0,66.8
1688,254.0,3048.0,67.3
1689,260.0,3120.0,67.2
1690,261.0,3132.0,67.1
1691,264.0,3168.0,67.3
1692,267.0,3204.0,67.8
1693,248.0,2976.0,68.3
1694,246.0,2952.0,68.4
1695,248.0,2976.0,68.1
1696,244.0,2928.0,68.5
1697,254.0,3048.0,68.4
1698,238.0,2856.0,68.3
1699,238.0,2856.0,68.4
1700,234.0,2808.0,68.2
1701,232.0,2784.0,68.4
1702,238.0,2856.0,68.4
1703,218.0,2616.0,68.4
1704,216.0,2592.0,68.4
1705,199.0,2388.0,68.3
1706,208.0,2496.0,68.4
1707,208.0,2496.0,68.7
1708,195.0,2340.0,68.5
1709,195.0,2340.0,68.3
1710,177.0,2124.0,68.1
1711,186.0,2232.0,68.1
1712,178.0,2136.0,68.2
1713,174.0,2088.0,68.2
1714,162.0,1944.0,68.2
1715,156.0,1872.0,68.0
1716,152.0,1824.0,68.2
1717,136.0,1632.0,69.1
1718,153.0,1836.0,68.3
1719,158.0,1896.0,68.3
1720,141.0,1692.0,67.9
1721,141.0,1692.0,67.6
1722,128.0,1536.0,67.8
1723,128.0,1536.0,67.7
1724,131.0,1572.0,67.3
1725,125.0,1500.0,67.7
1726,113.0,1356.0,67.5
1727,113.0,1356.0,67.4
1728,105.0,1260.0,69.2
1729,105.0,1260.0,68.8
1730,106.0,1272.0,68.6
1731,109.0,1308.0,68.6
1732,95.0,1140.0,67.7
1733,82.0,984.0,67.9
1734,91.0,1092.0,67.6
1735,76.0,912.0,67.4
1736,79.0,948.0,67.7
1737,76.0,912.0,67.4
1738,71.0,852.0,67.5
1739,72.0,864.0,67.3
1740,63.0,756.0,67.7
1741,64.0,768.0,67.5
1742,72.0,864.0,67.7
1743,62.0,744.0,67.8
1744,69.0,828.0,67.5
1745,63.0,756.0,67.9
1746,60.0,720.0,67.5
1747,60.0,720.0,67.3
1748,69.0,828.0,67.2
1749,69.0,828.0,67.2
1750,67.0,804.0,67.6
1751,58.0,696.0,67.2
1752,56.0,672.0,67.3
1753,53.0,636.0,67.8
1754,61.0,732.0,67.8
1755,67.0,804.0,68.2
1756,53.0,636.0,67.7
1757,58.0,696.0,67.3
1758,53.0,636.0,67.4
1759,52.0,624.0,67.2
1760,58.0,696.0,67.3
1761,56.0,672.0,67.3
1762,58.0,696.0,66.9
1763,53.0,636.0,66.8
1764,50.0,600.0,66.9
1765,53.0,636.0,67.0
1766,56.0,672.0,67.3
1767,58.0,696.0,67.2
1768,60.0,720.0,67.5
1769,62.0,744.0,67.2
1770,64.0,768.0,67.4
1771,71.0,852.0,67.4
1772,74.0,888.0,67.6
1773,83.0,996.0,67.6
1774,80.0,960.0,67.8
1775,76.0,912.0,67.9
1776,82.0,984.0,67.5
1777,85.0,1020.0,67.2
1778,95.0,1140.0,67.4
1779,98.0,1176.0,67.3
1780,114.0,1368.0,67.7
1781,121.0,1452.0,67.7
1782,132.0,1584.0,67.8
1783,156.0,1872.0,67.8
1784,166.0,1992.0,68.4
1785,171.0,2052.0,68.5
1786,177.0,2124.0,68.5
1787,182.0,2184.0,68.5
1788,176.0,2112.0,68.5
1789,192.0,2304.0,68.4
1790,218.0,2616.0,68.2
1791,248.0,2976.0,68.3
1792,256.0,3072.0,68.3
1793,267.0,3204.0,68.2
1794,290.0,3480.0,68.3
1795,310.0,3720.0,68.7
1796,321.0,3852.0,68.6
1797,332.0,3984.0,68.8
1798,330.0,3960.0,69.5
1799,320.0,3840.0,69.0
1800,313.0,3756.0,67.0
1801,316.0,3792.0,65.6
1802,338.0,4056.0,65.1
1803,353.0,4236.0,64.9
1804,373.0,4476.0,64.9
1805,366.0,4392.0,64.7
1806,368.0,4416.0,64.7
1807,385.0,4620.0,64.7
1808,360.0,4320.0,64.8
1809,300.0,3600.0,64.7
1810,364.0,4368.0,64.9
1811,326.0,3912.0,65.0
1812,372.0,4464.0,64.9
1813,340.0,4080.0,65.1
1814,410.0,4920.0,64.9
1815,370.0,4440.0,65.1
1816,407.0,4884.0,65.0
1817,369.0,4428.0,65.0
1818,403.0,4836.0,64.9
1819,378.0,4536.0,64.6
1820,406.0,4872.0,64.7
1821,412.0,4944.0,64.4
1822,418.0,5016.0,64.5
1823,408.0,4896.0,64.6
1824,387.0,4644.0,64.5
1825,382.0,4584.0,64.3
1826,383.0,4596.0,64.2
1827,390.0,4680.0,64.2
1828,387.0,4644.0,64.2
1829,382.0,4584.0,64.1
1830,376.0,4512.0,64.1
1831,376.0,4512.0,64.1
1832,377.0,4524.0,64.1
1833,383.0,4596.0,63.7
1834,387.0,4644.0,63.7
1835,368.0,4416.0,63.9
1836,355.0,4260.0,63.5
1837,353.0,4236.0,63.6
1838,357.0,4284.0,63.3
1839,358.0,4296.0,63.1
1840,358.0,4296.0,62.8
1841,357.0,4284.0,62.9
1842,352.0,4224.0,62.9
1843,352.0,4224.0,63.1
1844,354.0,4248.0,63.2
1845,358.0,4296.0,62.8
1846,355.0,4260.0,62.9
1847,352.0,4224.0,62.7
1848,343.0,4116.0,62.8
1849,342.0,4104.0,62.4
1850,346.0,4152.0,62.5
1851,350.0,4200.0,62.4
1852,350.0,4200.0,62.4
1853,350.0,4200.0,62.4
1854,350.0,4200.0,62.4
1855,350.0,4200.0,62.4
1856,355.0,4260.0,62.4
1857,355.0,4260.0,62.3
1858,354.0,4248.0,62.5
1859,350.0,4200.0,62.7
1860,346.0,4152.0,62.8
1861,348.0,4176.0,62.3
1862,352.0,4224.0,62.2
1863,358.0,4296.0,62.2
1864,355.0,4260.0,62.4
1865,362.0,4344.0,62.4
1866,362.0,4344.0,62.4
1867,360.0,4320.0,62.4
1868,364.0,4368.0,62.6
1869,363.0,4356.0,62.8
1870,368.0,4416.0,62.5
1871,363.0,4356.0,62.5
1872,355.0,4260.0,62.9
1873,364.0,4368.0,63.0
1874,361.0,4332.0,62.5
1875,366.0,4392.0,62.7
1876,369.0,4428.0,62.7
1877,368.0,4416.0,63.5
1878,366.0,4392.0,63.5
1879,376.0,4512.0,63.4
1880,372.0,4464.0,63.4
1881,376.0,4512.0,62.7
1882,373.0,4476.0,62.9
1883,364.0,4368.0,63.1
1884,369.0,4428.0,62.6
1885,369.0,4428.0,63.4
1886,372.0,4464.0,63.6
1887,377.0,4524.0,63.0
1888,385.0,4620.0,62.7
1889,376.0,4512.0,62.3
1890,376.0,4512.0,62.4
1891,383.0,4596.0,62.7
1892,392.0,4704.0,62.7
1893,399.0,4788.0,62.8
1894,392.0,4704.0,62.6
1895,395.0,4740.0,62.4
1896,392.0,4704.0,62.0
1897,393.0,4716.0,62.2
1898,406.0,4872.0,62.1
1899,410.0,4920.0,62.3
1900,425.0,5100.0,62.3
1901,412.0,4944.0,62.5
1902,412.0,4944.0,62.3
1903,415.0,4980.0,62.4
1904,425.0,5100.0,62.3
1905,443.0,5316.0,61.8
1906,441.0,5292.0,61.3
1907,452.0,5424.0,61.2
1908,452.0,5424.0,60.5
1909,434.0,5208.0,60.0
1910,464.0,5568.0,59.4
1911,449.0,5388.0,59.5
1912,443.0,5316.0,59.2
1913,452.0,5424.0,59.0
1914,422.0,5064.0,58.6
1915,455.0,5460.0,58.6
1916,455.0,5460.0,58.6
1917,441.0,5292.0,57.7
1918,429.0,5148.0,56.3
1919,429.0,5148.0,56.6
1920,441.0,5292.0,54.8
1921,432.0,5184.0,56.2
1922,436.0,5232.0,57.5
1923,436.0,5232.0,56.9
1924,449.0,5388.0,57.2
1925,433.0,5196.0,57.7
1926,442.0,5304.0,57.7
1927,427.0,5124.0,57.7
1928,438.0,5256.0,58.0
1929,441.0,5292.0,58.4
1930,436.0,5232.0,58.4
1931,441.0,5292.0,57.6
1932,429.0,5148.0,58.0
1933,429.0,5148.0,58.4
1934,441.0,5292.0,58.1
1935,441.0,5292.0,57.3
1936,435.0,5220.0,57.0
1937,431.0,5172.0,55.8
1938,438.0,5256.0,57.6
1939,427.0,5124.0,57.7
1940,429.0,5148.0,58.1
1941,449.0,5388.0,58.4
1942,436.0,5232.0,59.1
1943,408.0,4896.0,59.8
1944,411.0,4932.0,61.1
1945,419.0,5028.0,63.8
1946,441.0,5292.0,64.5
1947,417.0,5004.0,65.1
1948,393.0,4716.0,65.5
1949,406.0,4872.0,65.8
1950,412.0,4944.0,66.2
1951,402.0,4824.0,66.5
1952,385.0,4620.0,66.4
1953,396.0,4752.0,66.6
1954,405.0,4860.0,66.8
1955,376.0,4512.0,67.1
1956,350.0,4200.0,67.2
1957,369.0,4428.0,67.5
1958,339.0,4068.0,67.3
1959,355.0,4260.0,67.4
1960,336.0,4032.0,67.5
1961,339.0,4068.0,67.3
1962,332.0,3984.0,67.1
1963,336.0,4032.0,66.8
1964,301.0,3612.0,66.8
1965,320.0,3840.0,66.7
1966,330.0,3960.0,66.6
1967,306.0,3672.0,66.5
1968,327.0,3924.0,66.8
1969,310.0,3720.0,66.7
1970,313.0,3756.0,66.8
1971,326.0,3912.0,67.0
1972,317.0,3804.0,66.7
1973,320.0,3840.0,67.0
1974,310.0,3720.0,66.8
1975,300.0,3600.0,67.1
1976,303.0,3636.0,67.0
1977,293.0,3516.0,67.6
1978,283.0,3396.0,67.7
1979,267.0,3204.0,67.3
1980,267.0,3204.0,68.0
1981,274.0,3288.0,68.1
1982,269.0,3228.0,68.0
1983,286.0,3432.0,68.4
1984,287.0,3444.0,68.5
1985,271.0,3252.0,68.2
1986,285.0,3420.0,68.0
1987,269.0,3228.0,68.5
1988,256.0,3072.0,68.6
1989,244.0,2928.0,68.5
1990,251.0,3012.0,68.6
1991,248.0,2976.0,68.7
1992,228.0,2736.0,68.4
1993,228.0,2736.0,68.9
1994,237.0,2844.0,69.0
1995,224.0,2688.0,68.6
1996,224.0,2688.0,68.5
1997,220.0,2640.0,68.2
1998,214.0,2568.0,68.6
1999,211.0,2532.0,68.7
2000,208.0,2496.0,68.3
2001,186.0,2232.0,68.6
2002,185.0,2220.0,68.2
2003,170.0,2040.0,68.4
2004,169.0,2028.0,68.1
2005,159.0,1908.0,68.5
2006,169.0,2028.0,68.3
2007,156.0,1872.0,68.7
2008,156.0,1872.0,68.4
2009,151.0,1812.0,68.4
2010,146.0,1752.0,68.3
2011,135.0,1620.0,68.1
2012,144.0,1728.0,68.2
2013,141.0,1692.0,68.0
2014,128.0,1536.0,68.3
2015,113.0,1356.0,68.1
2016,114.0,1368.0,69.3
2017,121.0,1452.0,68.6
2018,120.0,1440.0,68.9
2019,113.0,1356.0,68.3
2020,106.0,1272.0,68.0
2021,92.0,1104.0,67.6
2022,90.0,1080.0,67.8
2023,93.0,1116.0,67.9
2024,92.0,1104.0,67.4
2025,85.0,1020.0,67.5
2026,80.0,960.0,67.5
2027,74.0,888.0,68.0
2028,76.0,912.0,68.1
2029,83.0,996.0,68.1
2030,72.0,864.0,67.6
2031,80.0,960.0,68.4
2032,72.0,864.0,68.3
2033,74.0,888.0,67.7
2034,69.0,828.0,67.4
2035,71.0,852.0,67.7
2036,74.0,888.0,67.8
2037,69.0,828.0,67.7
2038,64.0,768.0,67.4
2039,62.0,744.0,67.3
2040,63.0,756.0,67.7
2041,61.0,732.0,67.8
2042,62.0,744.0,67.7
2043,61.0,732.0,68.1
2044,72.0,864.0,67.8
2045,63.0,756.0,67.6
2046,60.0,720.0,67.4
2047,65.0,780.0,67.6
2048,59.0,708.0,67.3
2049,59.0,708.0,67.4
2050,60.0,720.0,67.4
2051,56.0,672.0,67.3
2052,53.0,636.0,67.2
2053,61.0,732.0,66.8
2054,59.0,708.0,67.2
2055,76.0,912.0,67.3
2056,67.0,804.0,67.9
2057,65.0,780.0,67.7
2058,67.0,804.0,67.6
2059,71.0,852.0,67.5
2060,79.0,948.0,67.5
2061,82.0,984.0,67.8
2062,79.0,948.0,67.9
2063,79.0,948.0,67.7
2064,83.0,996.0,67.5
2065,85.0,1020.0,67.5
2066,98.0,1176.0,67.5
2067,106.0,1272.0,67.7
2068,116.0,1392.0,67.8
2069,131.0,1572.0,67.9
2070,139.0,1668.0,68.3
2071,158.0,1896.0,68.1
2072,159.0,1908.0,68.1
2073,182.0,2184.0,68.8
2074,181.0,2172.0,68.6
2075,178.0,2136.0,68.6
2076,181.0,2172.0,68.3
2077,185.0,2220.0,68.4
2078,214.0,2568.0,68.5
2079,230.0,2760.0,68.4
2080,241.0,2892.0,68.5
2081,261.0,3132.0,68.5
2082,274.0,3288.0,68.8
2083,291.0,3492.0,68.4
2084,309.0,3708.0,68.4
2085,324.0,3888.0,68.7
2086,313.0,3756.0,68.8
2087,294.0,3528.0,68.7
2088,296.0,3552.0,66.1
2089,306.0,3672.0,64.9
2090,320.0,3840.0,64.6
2091,340.0,4080.0,64.4
2092,354.0,4248.0,64.1
2093,359.0,4308.0,64.3
2094,369.0,4428.0,64.4
2095,373.0,4476.0,64.4
2096,376.0,4512.0,64.1
2097,399.0,4788.0,64.2
2098,387.0,4644.0,64.2
2099,369.0,4428.0,64.2
2100,363.0,4356.0,64.5
2101,370.0,4440.0,64.1
2102,385.0,4620.0,64.0
2103,396.0,4752.0,64.7
2104,393.0,4716.0,64.2
2105,403.0,4836.0,64.2
2106,411.0,4932.0,64.1
2107,411.0,4932.0,64.1
2108,415.0,4980.0,63.8
2109,411.0,4932.0,64.0
2110,399.0,4788.0,64.0
2111,392.0,4704.0,63.8
2112,376.0,4512.0,63.5
2113,369.0,4428.0,63.9
2114,369.0,4428.0,63.7
2115,376.0,4512.0,63.7
2116,369.0,4428.0,63.9
2117,368.0,4416.0,63.7
2118,364.0,4368.0,63.7
2119,366.0,4392.0,63.6
2120,373.0,4476.0,63.5
2121,373.0,4476.0,63.4
2122,369.0,4428.0,63.3
2123,364.0,4368.0,63.4
2124,350.0,4200.0,63.1
2125,347.0,4164.0,63.0
2126,346.0,4152.0,62.5
2127,350.0,4200.0,62.3
2128,354.0,4248.0,62.4
2129,355.0,4260.0,62.2
2130,359.0,4308.0,62.4
2131,361.0,4332.0,62.3
2132,366.0,4392.0,62.3
2133,369.0,4428.0,62.1
2134,363.0,4356.0,62.1
2135,357.0,4284.0,62.0
2136,352.0,4224.0,61.9
2137,355.0,4260.0,61.9
2138,361.0,4332.0,61.9
2139,369.0,4428.0,61.6
2140,368.0,4416.0,61.9
2141,366.0,4392.0,61.7
2142,361.0,4332.0,61.8
2143,366.0,4392.0,61.7
2144,376.0,4512.0,61.6
2145,376.0,4512.0,61.2
2146,376.0,4512.0,61.4
2147,370.0,4440.0,61.0
2148,370.0,4440.0,61.2
2149,373.0,4476.0,61.2
2150,385.0,4620.0,61.1
2151,376.0,4512.0,61.1
2152,396.0,4752.0,60.9
2153,402.0,4824.0,60.9
2154,380.0,4560.0,61.0
2155,382.0,4584.0,60.5
2156,383.0,4596.0,60.7
2157,378.0,4536.0,60.6
2158,387.0,4644.0,60.8
2159,380.0,4560.0,60.7
2160,385.0,4620.0,61.0
2161,380.0,4560.0,61.3
2162,387.0,4644.0,61.3
2163,392.0,4704.0,61.1
2164,390.0,4680.0,61.1
2165,392.0,4704.0,60.9
2166,385.0,4620.0,61.1
2167,387.0,4644.0,61.1
2168,396.0,4752.0,60.6
2169,392.0,4704.0,59.9
2170,393.0,4716.0,59.4
2171,385.0,4620.0,59.7
2172,389.0,4668.0,60.0
2173,387.0,4644.0,59.6
2174,393.0,4716.0,59.9
2175,402.0,4824.0,59.9
2176,403.0,4836.0,59.8
2177,399.0,4788.0,60.0
2178,399.0,4788.0,60.0
2179,405.0,4860.0,59.8
2180,408.0,4896.0,60.0
2181,408.0,4896.0,59.5
2182,410.0,4920.0,59.8
2183,407.0,4884.0,59.5
2184,399.0,4788.0,59.0
2185,405.0,4860.0,58.5
2186,410.0,4920.0,58.6
2187,410.0,4920.0,58.2
2188,410.0,4920.0,57.8
2189,411.0,4932.0,57.2
2190,411.0,4932.0,57.2
2191,408.0,4896.0,56.3
2192,413.0,4956.0,56.9
2193,419.0,5028.0,56.2
2194,418.0,5016.0,52.5
2195,415.0,4980.0,53.8
2196,411.0,4932.0,53.7
2197,415.0,4980.0,53.0
2198,418.0,5016.0,53.6
2199,422.0,5064.0,53.1
2200,415.0,4980.0,53.2
2201,415.0,4980.0,53.0
2202,412.0,4944.0,50.7
2203,410.0,4920.0,53.3
2204,419.0,5028.0,50.2
2205,418.0,5016.0,47.8
2206,415.0,4980.0,49.3
2207,407.0,4884.0,51.3
2208,406.0,4872.0,53.4
2209,412.0,4944.0,52.8
2210,413.0,4956.0,53.2
2211,415.0,4980.0,53.8
2212,413.0,4956.0,55.4
2213,412.0,4944.0,55.8
2214,399.0,4788.0,56.1
2215,412.0,4944.0,56.2
2216,413.0,4956.0,56.5
2217,417.0,5004.0,56.8
2218,415.0,4980.0,56.9
2219,407.0,4884.0,57.2
2220,402.0,4824.0,57.5
2221,410.0,4920.0,57.7
2222,419.0,5028.0,57.9
2223,425.0,5100.0,58.2
2224,422.0,5064.0,58.0
2225,413.0,4956.0,57.6
2226,410.0,4920.0,57.7
2227,397.0,4764.0,57.7
2228,397.0,4764.0,58.0
2229,396.0,4752.0,58.6
2230,402.0,4824.0,58.6
2231,380.0,4560.0,58.7
2232,393.0,4716.0,59.8
2233,390.0,4680.0,61.5
2234,400.0,4800.0,63.8
2235,393.0,4716.0,64.6
2236,385.0,4620.0,65.4
2237,395.0,4740.0,65.7
2238,370.0,4440.0,65.8
2239,385.0,4620.0,66.0
2240,395.0,4740.0,65.8
2241,389.0,4668.0,66.2
2242,370.0,4440.0,66.6
2243,366.0,4392.0,66.5
2244,378.0,4536.0,66.9
2245,385.0,4620.0,66.9
2246,382.0,4584.0,66.6
2247,380.0,4560.0,67.0
2248,378.0,4536.0,66.8
2249,361.0,4332.0,66.9
2250,353.0,4236.0,66.7
2251,355.0,4260.0,66.6
2252,343.0,4116.0,66.5
2253,359.0,4308.0,66.1
2254,346.0,4152.0,66.2
2255,338.0,4056.0,66.1
2256,346.0,4152.0,66.2
2257,354.0,4248.0,66.2
2258,358.0,4296.0,66.4
2259,321.0,3852.0,66.4
2260,346.0,4152.0,66.4
2261,355.0,4260.0,66.4
2262,339.0,4068.0,66.5
2263,331.0,3972.0,66.6
2264,333.0,3996.0,66.7
2265,306.0,3672.0,66.8
2266,320.0,3840.0,66.9
2267,320.0,3840.0,67.1
2268,302.0,3624.0,67.1
2269,310.0,3720.0,67.3
2270,336.0,4032.0,67.5
2271,320.0,3840.0,67.7
2272,313.0,3756.0,68.2
2273,296.0,3552.0,68.0
2274,294.0,3528.0,67.9
2275,287.0,3444.0,68.0
2276,290.0,3480.0,68.3
2277,294.0,3528.0,68.3
2278,306.0,3672.0,68.4
2279,272.0,3264.0,68.6
2280,261.0,3132.0,68.6
2281,275.0,3300.0,68.7
2282,285.0,3420.0,68.7
2283,278.0,3336.0,68.2
2284,260.0,3120.0,68.3
2285,256.0,3072.0,68.2
2286,248.0,2976.0,68.3
2287,248.0,2976.0,68.4
2288,220.0,2640.0,68.5
2289,230.0,2760.0,68.7
2290,223.0,2676.0,68.7
2291,218.0,2616.0,68.8
2292,202.0,2424.0,68.7
2293,211.0,2532.0,68.4
2294,199.0,2388.0,68.8
2295,196.0,2352.0,68.2
2296,189.0,2268.0,68.2
2297,192.0,2304.0,68.5
2298,192.0,2304.0,68.3
2299,174.0,2088.0,68.3
2300,178.0,2136.0,68.7
2301,185.0,2220.0,68.5
2302,171.0,2052.0,68.6
2303,171.0,2052.0,68.6
2304,158.0,1896.0,68.9
2305,158.0,1896.0,68.5
2306,150.0,1800.0,68.7
2307,165.0,1980.0,68.4
2308,142.0,1704.0,68.1
2309,139.0,1668.0,68.0
2310,125.0,1500.0,68.1
2311,121.0,1452.0,68.0
2312,123.0,1476.0,68.0
2313,119.0,1428.0,68.5
2314,112.0,1344.0,68.2
2315,106.0,1272.0,68.4
2316,109.0,1308.0,68.7
2317,106.0,1272.0,68.4
2318,106.0,1272.0,68.4
2319,105.0,1260.0,68.2
2320,95.0,1140.0,68.2
2321,95.0,1140.0,68.6
2322,91.0,1092.0,68.4
2323,91.0,1092.0,68.3
2324,90.0,1080.0,68.2
2325,86.0,1032.0,68.2
2326,86.0,1032.0,68.7
2327,86.0,1032.0,68.3
2328,90.0,1080.0,68.7
2329,85.0,1020.0,68.6
2330,75.0,900.0,68.5
2331,83.0,996.0,68.3
2332,83.0,996.0,68.2
2333,72.0,864.0,68.6
2334,75.0,900.0,68.4
2335,72.0,864.0,67.8
2336,76.0,912.0,68.1
2337,71.0,852.0,67.8
2338,67.0,804.0,68.0
2339,69.0,828.0,67.8
2340,67.0,804.0,68.2
2341,67.0,804.0,68.2
2342,64.0,768.0,68.1
2343,69.0,828.0,67.8
2344,72.0,864.0,68.0
2345,72.0,864.0,67.9
2346,65.0,780.0,67.8
2347,65.0,780.0,68.0
2348,61.0,732.0,68.0
2349,65.0,780.0,67.8
2350,79.0,948.0,68.0
2351,67.0,804.0,67.9
2352,64.0,768.0,68.0
2353,63.0,756.0,67.8
2354,69.0,828.0,67.7
2355,69.0,828.0,67.5
2356,67.0,804.0,67.9
2357,72.0,864.0,67.9
2358,72.0,864.0,68.1
2359,79.0,948.0,68.1
2360,85.0,1020.0,68.2
2361,86.0,1032.0,68.3
2362,88.0,1056.0,68.1
2363,97.0,1164.0,68.0
2364,85.0,1020.0,67.9
2365,89.0,1068.0,68.2
2366,95.0,1140.0,67.8
2367,118.0,1416.0,67.8
2368,132.0,1584.0,67.9
2369,118.0,1416.0,68.1
2370,125.0,1500.0,68.0
2371,131.0,1572.0,68.3
2372,142.0,1704.0,68.3
2373,167.0,2004.0,68.5
2374,158.0,1896.0,68.6
2375,169.0,2028.0,68.7
2376,174.0,2088.0,67.8
2377,188.0,2256.0,67.4
2378,194.0,2328.0,67.1
2379,194.0,2328.0,67.0
2380,222.0,2664.0,67.4
2381,204.0,2448.0,67.2
2382,216.0,2592.0,67.3
2383,218.0,2616.0,67.5
2384,214.0,2568.0,67.8
2385,230.0,2760.0,67.8
2386,248.0,2976.0,68.1
2387,245.0,2940.0,67.9
2388,257.0,3084.0,67.3
2389,258.0,3096.0,66.4
2390,263.0,3156.0,66.1
2391,254.0,3048.0,65.7
2392,282.0,3384.0,65.8
2393,297.0,3564.0,65.7
2394,291.0,3492.0,65.9
2395,296.0,3552.0,65.8
2396,297.0,3564.0,66.1
2397,296.0,3552.0,65.9
2398,306.0,3672.0,65.8
2399,340.0,4080.0,65.8
2400,294.0,3528.0,65.6
2401,303.0,3636.0,65.7
2402,303.0,3636.0,65.6
2403,324.0,3888.0,65.2
2404,313.0,3756.0,65.5
2405,340.0,4080.0,65.8
2406,323.0,3876.0,65.7
2407,343.0,4116.0,65.6
2408,323.0,3876.0,65.8
2409,330.0,3960.0,65.6
2410,330.0,3960.0,65.4
2411,327.0,3924.0,65.9
2412,317.0,3804.0,66.0
2413,316.0,3792.0,65.6
2414,323.0,3876.0,65.5
2415,331.0,3972.0,65.3
2416,333.0,3996.0,65.4
2417,338.0,4056.0,65.2
2418,342.0,4104.0,65.3
2419,346.0,4152.0,65.4
2420,355.0,4260.0,64.8
2421,359.0,4308.0,64.9
2422,355.0,4260.0,65.0
2423,347.0,4164.0,65.0
2424,346.0,4152.0,65.1
2425,336.0,4032.0,65.0
2426,347.0,4164.0,64.9
2427,350.0,4200.0,64.8
2428,355.0,4260.0,64.9
2429,360.0,4320.0,64.8
2430,366.0,4392.0,64.7
2431,369.0,4428.0,64.6
2432,373.0,4476.0,64.4
2433,372.0,4464.0,64.5
2434,369.0,4428.0,64.5
2435,369.0,4428.0,64.4
2436,376.0,4512.0,64.1
2437,376.0,4512.0,64.5
2438,376.0,4512.0,64.6
2439,376.0,4512.0,64.7
2440,378.0,4536.0,64.6
2441,378.0,4536.0,65.1
2442,380.0,4560.0,65.0
2443,376.0,4512.0,64.9
2444,382.0,4584.0,64.8
2445,383.0,4596.0,64.9
2446,380.0,4560.0,64.9
2447,383.0,4596.0,64.9
2448,383.0,4596.0,65.1
2449,385.0,4620.0,65.1
2450,390.0,4680.0,65.2
2451,393.0,4716.0,64.6
2452,390.0,4680.0,64.6
2453,388.0,4656.0,64.7
2454,389.0,4668.0,64.7
2455,392.0,4704.0,64.8
2456,388.0,4656.0,64.2
2457,388.0,4656.0,64.9
2458,392.0,4704.0,64.8
2459,385.0,4620.0,64.9
2460,388.0,4656.0,65.1
2461,385.0,4620.0,65.1
2462,393.0,4716.0,65.3
2463,393.0,4716.0,64.8
2464,392.0,4704.0,65.1
2465,393.0,4716.0,65.3
2466,393.0,4716.0,65.3
2467,392.0,4704.0,65.2
2468,396.0,4752.0,65.2
2469,396.0,4752.0,65.1
2470,388.0,4656.0,65.3
2471,385.0,4620.0,65.1
2472,385.0,4620.0,65.2
2473,383.0,4596.0,65.4
2474,385.0,4620.0,65.5
2475,389.0,4668.0,65.2
2476,393.0,4716.0,65.4
2477,392.0,4704.0,65.4
2478,392.0,4704.0,65.4
2479,383.0,4596.0,65.6
2480,393.0,4716.0,65.5
2481,392.0,4704.0,65.6
2482,395.0,4740.0,65.6
2483,396.0,4752.0,65.3
2484,383.0,4596.0,65.5
2485,387.0,4644.0,65.6
2486,392.0,4704.0,65.7
2487,396.0,4752.0,65.6
2488,393.0,4716.0,65.4
2489,393.0,4716.0,65.6
2490,387.0,4644.0,65.7
2491,387.0,4644.0,65.8
2492,390.0,4680.0,65.7
2493,393.0,4716.0,65.7
2494,390.0,4680.0,66.1
2495,385.0,4620.0,65.8
2496,376.0,4512.0,65.8
2497,380.0,4560.0,65.8
2498,389.0,4668.0,65.8
2499,392.0,4704.0,65.9
2500,387.0,4644.0,66.0
2501,390.0,4680.0,66.0
2502,390.0,4680.0,66.3
2503,392.0,4704.0,66.2
2504,388.0,4656.0,66.3
2505,392.0,4704.0,66.0
2506,399.0,4788.0,66.0
2507,376.0,4512.0,66.1
2508,377.0,4524.0,66.2
2509,377.0,4524.0,66.2
2510,382.0,4584.0,66.1
2511,377.0,4524.0,66.2
2512,385.0,4620.0,66.7
2513,378.0,4536.0,66.5
2514,376.0,4512.0,66.4
2515,373.0,4476.0,66.4
2516,370.0,4440.0,66.5
2517,369.0,4428.0,66.7
2518,366.0,4392.0,66.7
2519,360.0,4320.0,66.9
2520,357.0,4284.0,66.6
2521,357.0,4284.0,66.7
2522,358.0,4296.0,66.8
2523,357.0,4284.0,67.0
2524,366.0,4392.0,67.0
2525,368.0,4416.0,67.3
2526,350.0,4200.0,67.1
2527,346.0,4152.0,67.2
2528,343.0,4116.0,67.4
2529,336.0,4032.0,67.2
2530,327.0,3924.0,67.0
2531,324.0,3888.0,67.2
2532,338.0,4056.0,67.2
2533,320.0,3840.0,67.2
2534,320.0,3840.0,67.3
2535,317.0,3804.0,67.6
2536,323.0,3876.0,67.4
2537,310.0,3720.0,67.2
2538,301.0,3612.0,67.3
2539,303.0,3636.0,67.2
2540,306.0,3672.0,66.8
2541,310.0,3720.0,66.6
2542,300.0,3600.0,66.5
2543,293.0,3516.0,66.1
2544,293.0,3516.0,66.3
2545,291.0,3492.0,66.3
2546,291.0,3492.0,66.5
2547,296.0,3552.0,66.6
2548,293.0,3516.0,66.6
2549,286.0,3432.0,66.7
2550,278.0,3336.0,66.8
2551,283.0,3396.0,66.8
2552,291.0,3492.0,67.0
2553,283.0,3396.0,67.1
2554,270.0,3240.0,67.1
2555,285.0,3420.0,67.2
2556,278.0,3336.0,67.7
2557,283.0,3396.0,68.3
2558,264.0,3168.0,68.4
2559,281.0,3372.0,68.5
2560,283.0,3396.0,68.6
2561,294.0,3528.0,68.6
2562,281.0,3372.0,68.7
2563,264.0,3168.0,68.6
2564,269.0,3228.0,68.5
2565,257.0,3084.0,68.7
2566,260.0,3120.0,68.6
2567,283.0,3396.0,68.7
2568,252.0,3024.0,68.4
2569,253.0,3036.0,68.2
2570,254.0,3048.0,68.4
2571,246.0,2952.0,68.1
2572,244.0,2928.0,68.4
2573,267.0,3204.0,68.7
2574,263.0,3156.0,68.8
2575,241.0,2892.0,68.8
2576,238.0,2856.0,68.8
2577,227.0,2724.0,69.1
2578,241.0,2892.0,68.9
2579,237.0,2844.0,69.1
2580,230.0,2760.0,68.7
2581,220.0,2640.0,68.5
2582,208.0,2496.0,68.4
2583,211.0,2532.0,68.5
2584,220.0,2640.0,68.3
2585,185.0,2220.0,68.5
2586,186.0,2232.0,68.4
2587,178.0,2136.0,68.5
2588,178.0,2136.0,68.4
2589,169.0,2028.0,68.6
2590,177.0,2124.0,68.3
2591,171.0,2052.0,68.7
2592,150.0,1800.0,68.8
2593,159.0,1908.0,68.6
2594,155.0,1860.0,68.5
2595,144.0,1728.0,68.2
2596,151.0,1812.0,68.4
2597,142.0,1704.0,68.5
2598,125.0,1500.0,68.6
2599,129.0,1548.0,68.6
2600,127.0,1524.0,68.8
2601,114.0,1368.0,68.3
2602,112.0,1344.0,68.6
2603,110.0,1320.0,68.8
2604,105.0,1260.0,68.7
2605,98.0,1176.0,68.5
2606,101.0,1212.0,68.5
2607,101.0,1212.0,68.3
2608,93.0,1116.0,68.3
2609,90.0,1080.0,68.6
2610,82.0,984.0,68.7
2611,83.0,996.0,68.3
2612,79.0,948.0,68.7
2613,76.0,912.0,68.3
2614,79.0,948.0,68.7
2615,76.0,912.0,68.6
2616,75.0,900.0,68.6
2617,75.0,900.0,68.5
2618,74.0,888.0,68.6
2619,71.0,852.0,68.7
2620,69.0,828.0,68.6
2621,63.0,756.0,68.6
2622,62.0,744.0,68.6
2623,62.0,744.0,68.7
2624,60.0,720.0,68.7
2625,56.0,672.0,68.3
2626,56.0,672.0,68.5
2627,53.0,636.0,68.4
2628,50.0,600.0,68.7
2629,52.0,624.0,68.7
2630,50.0,600.0,68.7
2631,53.0,636.0,68.5
2632,49.0,588.0,68.5
2633,47.0,564.0,68.6
2634,46.0,552.0,68.7
2635,46.0,552.0,68.5
2636,45.0,540.0,68.4
2637,45.0,540.0,68.6
2638,42.0,504.0,68.4
2639,41.0,492.0,68.1
2640,42.0,504.0,68.2
2641,42.0,504.0,68.2
2642,42.0,504.0,68.3
2643,42.0,504.0,68.2
2644,42.0,504.0,68.3
2645,44.0,528.0,68.4
2646,44.0,528.0,68.3
2647,49.0,588.0,68.2
2648,49.0,588.0,68.4
2649,50.0,600.0,68.6
2650,49.0,588.0,68.4
2651,50.0,600.0,68.3
2652,47.0,564.0,68.4
2653,50.0,600.0,68.3
2654,52.0,624.0,68.4
2655,56.0,672.0,68.5
2656,58.0,696.0,68.3
2657,60.0,720.0,68.3
2658,62.0,744.0,68.1
2659,67.0,804.0,68.5
2660,72.0,864.0,68.3
2661,72.0,864.0,68.2
2662,72.0,864.0,68.3
2663,86.0,1032.0,68.4
2664,72.0,864.0,68.1
2665,79.0,948.0,68.3
2666,82.0,984.0,68.2
2667,88.0,1056.0,68.3
2668,110.0,1320.0,68.4
2669,106.0,1272.0,68.4
2670,101.0,1212.0,68.5
2671,110.0,1320.0,68.9
2672,112.0,1344.0,68.9
2673,122.0,1464.0,68.9
2674,120.0,1440.0,69.0
2675,125.0,1500.0,69.1
2676,129.0,1548.0,68.7
2677,142.0,1704.0,68.8
2678,146.0,1752.0,68.7
2679,156.0,1872.0,68.6
2680,158.0,1896.0,68.5
2681,161.0,1932.0,68.8
2682,152.0,1824.0,68.9
2683,153.0,1836.0,68.8
2684,159.0,1908.0,69.0
2685,169.0,2028.0,68.8
2686,162.0,1944.0,69.0
2687,174.0,2088.0,69.0
2688,169.0,2028.0,68.4
2689,178.0,2136.0,68.1
2690,192.0,2304.0,68.0
2691,214.0,2568.0,68.4
2692,197.0,2364.0,68.2
2693,188.0,2256.0,68.3
2694,206.0,2472.0,68.2
2695,206.0,2472.0,68.3
2696,225.0,2700.0,68.1
2697,221.0,2652.0,68.1
2698,244.0,2928.0,67.9
2699,225.0,2700.0,68.0
2700,230.0,2760.0,67.6
2701,230.0,2760.0,67.7
2702,241.0,2892.0,67.5
2703,250.0,3000.0,67.6
2704,257.0,3084.0,67.4
2705,263.0,3156.0,67.4
2706,269.0,3228.0,67.3
2707,275.0,3300.0,67.4
2708,283.0,3396.0,67.3
2709,290.0,3480.0,67.2
2710,294.0,3528.0,67.2
2711,291.0,3492.0,67.5
2712,291.0,3492.0,66.9
2713,287.0,3444.0,66.9
2714,308.0,3696.0,66.7
2715,302.0,3624.0,66.6
2716,310.0,3720.0,66.6
2717,313.0,3756.0,66.5
2718,317.0,3804.0,66.4
2719,323.0,3876.0,66.6
2720,332.0,3984.0,66.5
2721,334.0,4008.0,66.5
2722,336.0,4032.0,66.5
2723,334.0,4008.0,66.6
2724,331.0,3972.0,66.5
2725,324.0,3888.0,66.2
2726,332.0,3984.0,66.1
2727,340.0,4080.0,66.2
2728,338.0,4056.0,65.9
2729,343.0,4116.0,66.1
2730,354.0,4248.0,65.9
2731,354.0,4248.0,65.9
2732,357.0,4284.0,65.7
2733,358.0,4296.0,65.7
2734,357.0,4284.0,65.7
2735,363.0,4356.0,65.5
2736,363.0,4356.0,65.5
2737,358.0,4296.0,65.7
2738,366.0,4392.0,65.6
2739,366.0,4392.0,65.7
2740,369.0,4428.0,65.3
2741,372.0,4464.0,65.1
2742,377.0,4524.0,65.4
2743,380.0,4560.0,65.0
2744,385.0,4620.0,65.0
2745,383.0,4596.0,65.0
2746,382.0,4584.0,64.9
2747,380.0,4560.0,65.2
2748,377.0,4524.0,65.2
2749,373.0,4476.0,65.2
2750,377.0,4524.0,65.1
2751,380.0,4560.0,65.1
2752,383.0,4596.0,64.8
2753,385.0,4620.0,64.7
2754,380.0,4560.0,64.5
2755,380.0,4560.0,64.7
2756,382.0,4584.0,64.7
2757,382.0,4584.0,64.3
2758,380.0,4560.0,64.8
2759,376.0,4512.0,64.5
2760,369.0,4428.0,64.7
2761,369.0,4428.0,64.8
2762,369.0,4428.0,64.9
2763,373.0,4476.0,65.0
2764,373.0,4476.0,65.1
2765,369.0,4428.0,65.1
2766,369.0,4428.0,64.9
2767,364.0,4368.0,65.0
2768,369.0,4428.0,65.1
2769,369.0,4428.0,65.2
2770,366.0,4392.0,65.1
2771,360.0,4320.0,65.3
2772,366.0,4392.0,65.4
2773,360.0,4320.0,65.3
2774,369.0,4428.0,65.1
2775,366.0,4392.0,65.4
2776,366.0,4392.0,65.0
2777,362.0,4344.0,65.1
2778,373.0,4476.0,65.1
2779,373.0,4476.0,65.1
2780,373.0,4476.0,65.1
2781,370.0,4440.0,65.6
2782,376.0,4512.0,65.4
2783,369.0,4428.0,65.2
2784,363.0,4356.0,65.4
2785,364.0,4368.0,65.3
2786,370.0,4440.0,65.6
2787,368.0,4416.0,65.7
2788,380.0,4560.0,65.2
2789,368.0,4416.0,65.2
2790,366.0,4392.0,65.3
2791,364.0,4368.0,65.6
2792,366.0,4392.0,65.5
2793,362.0,4344.0,65.5
2794,360.0,4320.0,65.6
2795,350.0,4200.0,65.9
2796,348.0,4176.0,65.7
2797,357.0,4284.0,65.9
2798,352.0,4224.0,66.0
2799,355.0,4260.0,65.9
2800,352.0,4224.0,66.5
2801,350.0,4200.0,66.4
2802,343.0,4116.0,66.7
2803,343.0,4116.0,66.6
2804,342.0,4104.0,66.4
2805,340.0,4080.0,66.3
2806,342.0,4104.0,66.5
2807,336.0,4032.0,66.7
2808,336.0,4032.0,66.5
2809,340.0,4080.0,66.6
2810,340.0,4080.0,66.6
2811,340.0,4080.0,66.4
2812,354.0,4248.0,66.1
2813,329.0,3948.0,66.5
2814,361.0,4332.0,66.4
2815,332.0,3984.0,66.3
2816,326.0,3912.0,66.3
2817,324.0,3888.0,66.2
2818,320.0,3840.0,66.2
2819,317.0,3804.0,66.3
2820,316.0,3792.0,66.1
2821,313.0,3756.0,66.1
2822,320.0,3840.0,65.9
2823,320.0,3840.0,65.7
2824,323.0,3876.0,65.7
2825,316.0,3792.0,65.5
2826,313.0,3756.0,65.2
2827,306.0,3672.0,65.0
2828,310.0,3720.0,64.7
2829,320.0,3840.0,64.5
2830,308.0,3696.0,64.3
2831,309.0,3708.0,64.2
2832,306.0,3672.0,63.9
2833,304.0,3648.0,64.1
2834,313.0,3756.0,64.3
2835,306.0,3672.0,64.0
2836,310.0,3720.0,64.4
2837,308.0,3696.0,63.9
2838,297.0,3564.0,63.9
2839,297.0,3564.0,64.1
2840,297.0,3564.0,63.9
2841,287.0,3444.0,64.5
2842,281.0,3372.0,64.4
2843,278.0,3336.0,64.6
2844,274.0,3288.0,66.5
2845,274.0,3288.0,67.3
2846,270.0,3240.0,67.8
2847,268.0,3216.0,68.1
2848,280.0,3360.0,68.4
2849,267.0,3204.0,68.3
2850,253.0,3036.0,68.6
2851,251.0,3012.0,68.6
2852,245.0,2940.0,68.6
2853,246.0,2952.0,68.6
2854,236.0,2832.0,68.8
2855,238.0,2856.0,69.0
2856,227.0,2724.0,68.7
2857,221.0,2652.0,68.6
2858,220.0,2640.0,68.6
2859,211.0,2532.0,68.6
2860,206.0,2472.0,68.5
2861,196.0,2352.0,68.7
2862,197.0,2364.0,68.4
2863,181.0,2172.0,68.5
2864,189.0,2268.0,68.7
2865,171.0,2052.0,68.4
2866,162.0,1944.0,68.7
2867,161.0,1932.0,68.8
2868,144.0,1728.0,68.7
2869,146.0,1752.0,68.5
2870,141.0,1692.0,68.6
2871,137.0,1644.0,68.5
2872,144.0,1728.0,68.3
2873,135.0,1620.0,68.7
2874,125.0,1500.0,68.7
2875,116.0,1392.0,68.6
2876,114.0,1368.0,68.8
2877,113.0,1356.0,68.5
2878,105.0,1260.0,68.1
2879,102.0,1224.0,68.3
2880,91.0,1092.0,69.5
2881,89.0,1068.0,68.9
2882,90.0,1080.0,68.7
2883,82.0,984.0,68.9
2884,85.0,1020.0,68.4
2885,79.0,948.0,68.5
2886,74.0,888.0,68.7
2887,69.0,828.0,68.7
2888,65.0,780.0,68.3
2889,69.0,828.0,68.2
2890,62.0,744.0,68.0
2891,58.0,696.0,68.0
2892,56.0,672.0,68.5
2893,59.0,708.0,68.5
2894,60.0,720.0,68.6
2895,53.0,636.0,68.4
2896,53.0,636.0,68.4
2897,52.0,624.0,68.0
2898,47.0,564.0,68.0
2899,56.0,672.0,68.0
2900,46.0,552.0,67.8
2901,46.0,552.0,67.9
2902,49.0,588.0,67.7
2903,44.0,528.0,67.9
2904,46.0,552.0,67.8
2905,45.0,540.0,67.7
2906,44.0,528.0,67.9
2907,45.0,540.0,67.9
2908,44.0,528.0,67.9
2909,45.0,540.0,67.8
2910,44.0,528.0,67.9
2911,44.0,528.0,67.7
2912,45.0,540.0,67.7
2913,45.0,540.0,67.7
2914,44.0,528.0,67.8
2915,46.0,552.0,67.3
2916,46.0,552.0,67.7
2917,45.0,540.0,67.4
2918,49.0,588.0,67.6
2919,47.0,564.0,67.8
2920,53.0,636.0,67.6
2921,56.0,672.0,67.6
2922,59.0,708.0,67.8
2923,65.0,780.0,67.8
2924,71.0,852.0,68.1
2925,76.0,912.0,67.7
2926,72.0,864.0,67.8
2927,72.0,864.0,67.6
2928,74.0,888.0,67.7
2929,76.0,912.0,68.0
2930,86.0,1032.0,68.0
2931,95.0,1140.0,67.9
2932,110.0,1320.0,68.1
2933,114.0,1368.0,67.9
2934,128.0,1536.0,68.3
2935,146.0,1752.0,68.5
2936,155.0,1860.0,68.7
2937,174.0,2088.0,69.2
2938,162.0,1944.0,68.8
2939,162.0,1944.0,68.6
2940,177.0,2124.0,68.7
2941,188.0,2256.0,68.5
2942,202.0,2424.0,68.6
2943,230.0,2760.0,68.7
2944,241.0,2892.0,69.5
2945,244.0,2928.0,69.6
2946,283.0,3396.0,69.3
2947,291.0,3492.0,69.2
2948,310.0,3720.0,69.5
2949,323.0,3876.0,69.7
2950,313.0,3756.0,69.6
2951,297.0,3564.0,69.3
2952,293.0,3516.0,66.2
2953,299.0,3588.0,65.0
2954,320.0,3840.0,64.9
2955,339.0,4068.0,64.9
2956,350.0,4200.0,64.9
2957,329.0,3948.0,64.9
2958,320.0,3840.0,64.9
2959,310.0,3720.0,64.9
2960,309.0,3708.0,65.1
2961,357.0,4284.0,65.0
2962,329.0,3948.0,64.9
2963,343.0,4116.0,64.8
2964,316.0,3792.0,64.9
2965,340.0,4080.0,64.8
2966,342.0,4104.0,65.0
2967,329.0,3948.0,64.9
2968,355.0,4260.0,64.9
2969,369.0,4428.0,64.9
2970,317.0,3804.0,64.9
2971,388.0,4656.0,64.7
2972,400.0,4800.0,64.6
2973,378.0,4536.0,64.3
2974,354.0,4248.0,64.2
2975,400.0,4800.0,64.4
2976,373.0,4476.0,64.3
2977,364.0,4368.0,64.5
2978,385.0,4620.0,64.5
2979,383.0,4596.0,64.6
2980,376.0,4512.0,64.3
2981,376.0,4512.0,64.1
2982,376.0,4512.0,64.3
2983,377.0,4524.0,64.1
2984,380.0,4560.0,64.0
2985,380.0,4560.0,64.0
2986,373.0,4476.0,63.8
2987,361.0,4332.0,64.0
2988,350.0,4200.0,63.7
2989,343.0,4116.0,63.8
2990,346.0,4152.0,63.1
2991,355.0,4260.0,62.9
2992,350.0,4200.0,63.1
2993,357.0,4284.0,63.3
2994,348.0,4176.0,62.8
2995,354.0,4248.0,63.2
2996,358.0,4296.0,62.9
2997,355.0,4260.0,63.0
2998,353.0,4236.0,62.4
2999,348.0,4176.0,62.6
3000,343.0,4116.0,62.7
3001,340.0,4080.0,62.8
3002,348.0,4176.0,62.8
3003,348.0,4176.0,62.1
3004,352.0,4224.0,62.1
3005,355.0,4260.0,62.0
3006,352.0,4224.0,62.1
3007,359.0,4308.0,62.6
3008,360.0,4320.0,62.2
3009,358.0,4296.0,62.3
3010,353.0,4236.0,62.7
3011,350.0,4200.0,62.2
3012,347.0,4164.0,62.4
3013,354.0,4248.0,62.5
3014,366.0,4392.0,61.8
3015,359.0,4308.0,62.1
3016,362.0,4344.0,62.3
3017,357.0,4284.0,62.4
3018,361.0,4332.0,62.7
3019,359.0,4308.0,62.0
3020,363.0,4356.0,62.1
3021,361.0,4332.0,62.0
3022,362.0,4344.0,62.5
3023,359.0,4308.0,62.2
3024,359.0,4308.0,62.8
3025,359.0,4308.0,62.6
3026,368.0,4416.0,62.6
3027,366.0,4392.0,62.5
3028,364.0,4368.0,62.9
3029,364.0,4368.0,63.1
3030,366.0,4392.0,62.7
3031,376.0,4512.0,62.5
3032,377.0,4524.0,62.6
3033,376.0,4512.0,62.7
3034,370.0,4440.0,62.5
3035,372.0,4464.0,62.3
3036,361.0,4332.0,62.4
3037,373.0,4476.0,62.6
3038,370.0,4440.0,62.5
3039,380.0,4560.0,62.9
3040,383.0,4596.0,62.7
3041,385.0,4620.0,62.5
3042,380.0,4560.0,62.5
3043,383.0,4596.0,62.8
3044,388.0,4656.0,62.7
3045,389.0,4668.0,62.9
3046,383.0,4596.0,63.2
3047,383.0,4596.0,63.5
3048,383.0,4596.0,63.3
3049,385.0,4620.0,63.6
3050,399.0,4788.0,63.2
3051,402.0,4824.0,63.3
3052,403.0,4836.0,63.2
3053,422.0,5064.0,63.3
3054,407.0,4884.0,62.8
3055,412.0,4944.0,62.8
3056,422.0,5064.0,63.1
3057,440.0,5280.0,63.1
3058,438.0,5256.0,62.9
3059,443.0,5316.0,63.1
3060,471.0,5652.0,62.3
3061,440.0,5280.0,62.1
3062,441.0,5292.0,62.5
3063,441.0,5292.0,62.8
3064,453.0,5436.0,62.6
3065,452.0,5424.0,62.8
3066,442.0,5304.0,62.6
3067,426.0,5112.0,62.7
3068,433.0,5196.0,62.3
3069,443.0,5316.0,62.3
3070,435.0,5220.0,62.0
3071,440.0,5280.0,62.4
3072,441.0,5292.0,61.9
3073,441.0,5292.0,62.2
3074,435.0,5220.0,62.5
3075,435.0,5220.0,62.9
3076,423.0,5076.0,63.2
3077,419.0,5028.0,60.9
3078,410.0,4920.0,62.2
3079,412.0,4944.0,62.2
3080,429.0,5148.0,62.3
3081,438.0,5256.0,62.5
3082,431.0,5172.0,62.3
3083,422.0,5064.0,63.2
3084,425.0,5100.0,62.5
3085,436.0,5232.0,63.7
3086,455.0,5460.0,63.8
3087,449.0,5388.0,63.1
3088,445.0,5340.0,63.0
3089,431.0,5172.0,63.1
3090,441.0,5292.0,63.4
3091,461.0,5532.0,63.5
3092,455.0,5460.0,64.1
3093,441.0,5292.0,64.6
3094,432.0,5184.0,65.3
3095,435.0,5220.0,65.6
3096,419.0,5028.0,65.8
3097,399.0,4788.0,65.9
3098,406.0,4872.0,65.8
3099,399.0,4788.0,66.4
3100,397.0,4764.0,66.6
3101,403.0,4836.0,66.8
3102,395.0,4740.0,67.0
3103,343.0,4116.0,67.2
3104,338.0,4056.0,67.3
3105,321.0,3852.0,67.3
3106,347.0,4164.0,67.8
3107,327.0,3924.0,68.0
3108,306.0,3672.0,68.0
3109,317.0,3804.0,68.3
3110,321.0,3852.0,68.3
3111,327.0,3924.0,68.1
3112,304.0,3648.0,68.2
3113,297.0,3564.0,68.2
3114,297.0,3564.0,67.8
3115,287.0,3444.0,67.7
3116,278.0,3336.0,67.3
3117,291.0,3492.0,67.1
3118,267.0,3204.0,66.9
3119,274.0,3288.0,67.0
3120,258.0,3096.0,67.1
3121,253.0,3036.0,67.0
3122,264.0,3168.0,67.0
3123,252.0,3024.0,67.2
3124,269.0,3228.0,66.9
3125,261.0,3132.0,66.8
3126,245.0,2940.0,67.2
3127,246.0,2952.0,66.7
3128,252.0,3024.0,67.1
3129,232.0,2784.0,67.1
3130,251.0,3012.0,67.0
3131,234.0,2808.0,67.3
3132,230.0,2760.0,67.9
3133,214.0,2568.0,68.1
3134,224.0,2688.0,68.4
3135,225.0,2700.0,68.9
3136,234.0,2808.0,69.0
3137,230.0,2760.0,68.9
3138,234.0,2808.0,68.6
3139,218.0,2616.0,68.7
3140,218.0,2616.0,68.9
3141,204.0,2448.0,69.1
3142,211.0,2532.0,68.9
3143,199.0,2388.0,68.9
3144,196.0,2352.0,69.1
3145,201.0,2412.0,68.8
3146,196.0,2352.0,68.7
3147,204.0,2448.0,68.9
3148,192.0,2304.0,68.4
3149,184.0,2208.0,68.6
3150,158.0,1896.0,68.6
3151,167.0,2004.0,68.4
3152,161.0,1932.0,68.9
3153,156.0,1872.0,68.8
3154,144.0,1728.0,68.3
3155,142.0,1704.0,68.1
3156,139.0,1668.0,68.4
3157,139.0,1668.0,68.5
3158,148.0,1776.0,68.5
3159,135.0,1620.0,68.5
3160,149.0,1788.0,68.3
3161,141.0,1692.0,68.3
3162,119.0,1428.0,68.5
3163,116.0,1392.0,68.4
3164,123.0,1476.0,67.8
3165,110.0,1320.0,68.1
3166,116.0,1392.0,67.9
3167,99.0,1188.0,67.8
3168,95.0,1140.0,68.9
3169,95.0,1140.0,69.0
3170,97.0,1164.0,68.7
3171,95.0,1140.0,68.5
3172,88.0,1056.0,68.2
3173,88.0,1056.0,68.2
3174,82.0,984.0,68.1
3175,75.0,900.0,67.9
3176,74.0,888.0,68.1
3177,74.0,888.0,68.1
3178,76.0,912.0,67.2
3179,69.0,828.0,67.0
3180,65.0,780.0,67.4
3181,67.0,804.0,68.0
3182,62.0,744.0,68.1
3183,63.0,756.0,68.2
3184,62.0,744.0,67.5
3185,56.0,672.0,67.5
3186,59.0,708.0,67.9
3187,61.0,732.0,67.2
3188,59.0,708.0,67.2
3189,53.0,636.0,67.2
3190,56.0,672.0,67.1
3191,59.0,708.0,67.5
3192,50.0,600.0,67.6
3193,49.0,588.0,67.2
3194,56.0,672.0,67.4
3195,60.0,720.0,67.1
3196,65.0,780.0,67.2
3197,61.0,732.0,67.5
3198,56.0,672.0,67.1
3199,53.0,636.0,67.1
3200,50.0,600.0,67.1
3201,52.0,624.0,67.3
3202,52.0,624.0,67.2
3203,52.0,624.0,67.1
3204,56.0,672.0,66.9
3205,52.0,624.0,66.6
3206,60.0,720.0,66.9
3207,61.0,732.0,67.0
3208,58.0,696.0,67.1
3209,60.0,720.0,67.0
3210,63.0,756.0,67.3
3211,69.0,828.0,67.6
3212,74.0,888.0,67.9
3213,82.0,984.0,67.9
3214,79.0,948.0,67.9
3215,74.0,888.0,67.8
3216,79.0,948.0,67.2
3217,75.0,900.0,67.1
3218,88.0,1056.0,67.4
3219,95.0,1140.0,67.5
3220,106.0,1272.0,67.5
3221,118.0,1416.0,68.1
3222,132.0,1584.0,67.8
3223,149.0,1788.0,68.1
3224,166.0,1992.0,68.7
3225,174.0,2088.0,68.3
3226,167.0,2004.0,68.9
3227,167.0,2004.0,68.4
3228,178.0,2136.0,68.4
3229,192.0,2304.0,68.5
3230,216.0,2592.0,68.5
3231,238.0,2856.0,68.5
3232,258.0,3096.0,69.4
3233,268.0,3216.0,68.9
3234,290.0,3480.0,68.6
3235,309.0,3708.0,68.4
3236,326.0,3912.0,68.9
3237,342.0,4104.0,69.4
3238,336.0,4032.0,69.4
3239,308.0,3696.0,69.0
3240,301.0,3612.0,66.5
3241,310.0,3720.0,65.3
3242,324.0,3888.0,64.9
3243,342.0,4104.0,64.7
3244,276.0,3312.0,64.4
3245,278.0,3336.0,64.4
3246,286.0,3432.0,64.5
3247,260.0,3120.0,64.5
3248,283.0,3396.0,64.6
3249,296.0,3552.0,64.5
3250,320.0,3840.0,64.7
3251,342.0,4104.0,64.9
3252,339.0,4068.0,64.8
3253,326.0,3912.0,64.8
3254,343.0,4116.0,64.7
3255,317.0,3804.0,65.0
3256,306.0,3672.0,64.8
3257,290.0,3480.0,64.9
3258,280.0,3360.0,64.9
3259,338.0,4056.0,64.6
3260,380.0,4560.0,64.3
3261,364.0,4368.0,64.1
3262,359.0,4308.0,63.9
3263,343.0,4116.0,64.0
3264,317.0,3804.0,64.2
3265,378.0,4536.0,64.1
3266,377.0,4524.0,64.0
3267,336.0,4032.0,64.5
3268,352.0,4224.0,64.1
3269,378.0,4536.0,64.2
3270,378.0,4536.0,64.3
3271,380.0,4560.0,64.6
3272,380.0,4560.0,64.1
3273,383.0,4596.0,64.2
3274,376.0,4512.0,64.4
3275,364.0,4368.0,64.1
3276,358.0,4296.0,63.6
3277,348.0,4176.0,63.3
3278,354.0,4248.0,63.3
3279,354.0,4248.0,63.1
3280,352.0,4224.0,62.9
3281,354.0,4248.0,63.0
3282,348.0,4176.0,63.0
3283,350.0,4200.0,63.2
3284,353.0,4236.0,63.2
3285,355.0,4260.0,62.9
3286,346.0,4152.0,62.8
3287,340.0,4080.0,62.6
3288,330.0,3960.0,62.8
3289,332.0,3984.0,62.8
3290,336.0,4032.0,62.9
3291,342.0,4104.0,63.4
3292,334.0,4008.0,63.0
3293,336.0,4032.0,62.8
3294,339.0,4068.0,62.5
3295,343.0,4116.0,62.6
3296,347.0,4164.0,62.5
3297,343.0,4116.0,62.7
3298,343.0,4116.0,62.5
3299,336.0,4032.0,62.4
3300,329.0,3948.0,62.3
3301,340.0,4080.0,62.4
3302,343.0,4116.0,62.3
3303,350.0,4200.0,62.4
3304,347.0,4164.0,62.6
3305,347.0,4164.0,62.8
3306,342.0,4104.0,62.5
3307,354.0,4248.0,63.0
3308,358.0,4296.0,62.8
3309,355.0,4260.0,62.6
3310,347.0,4164.0,63.0
3311,346.0,4152.0,62.9
3312,343.0,4116.0,62.7
3313,346.0,4152.0,62.7
3314,354.0,4248.0,62.8
3315,355.0,4260.0,62.8
3316,353.0,4236.0,63.0
3317,354.0,4248.0,62.9
3318,359.0,4308.0,62.7
3319,360.0,4320.0,62.8
3320,355.0,4260.0,63.3
3321,354.0,4248.0,62.9
3322,352.0,4224.0,63.0
3323,354.0,4248.0,63.3
3324,346.0,4152.0,62.8
3325,343.0,4116.0,62.7
3326,355.0,4260.0,63.7
3327,362.0,4344.0,63.7
3328,358.0,4296.0,63.6
3329,363.0,4356.0,63.3
3330,360.0,4320.0,63.0
3331,366.0,4392.0,63.3
3332,369.0,4428.0,62.8
3333,376.0,4512.0,62.8
3334,376.0,4512.0,62.6
3335,376.0,4512.0,62.7
3336,376.0,4512.0,62.7
3337,378.0,4536.0,62.6
3338,385.0,4620.0,62.9
3339,395.0,4740.0,62.9
3340,396.0,4752.0,63.0
3341,402.0,4824.0,62.8
3342,402.0,4824.0,62.9
3343,410.0,4920.0,62.8
3344,417.0,5004.0,62.9
3345,436.0,5232.0,63.4
3346,459.0,5508.0,63.2
3347,466.0,5592.0,62.8
3348,469.0,5628.0,62.7
3349,468.0,5616.0,62.5
3350,452.0,5424.0,62.2
3351,468.0,5616.0,62.5
3352,479.0,5748.0,62.3
3353,463.0,5556.0,61.9
3354,471.0,5652.0,62.3
3355,459.0,5508.0,61.7
3356,445.0,5340.0,61.7
3357,432.0,5184.0,60.7
3358,455.0,5460.0,61.4
3359,442.0,5304.0,61.7
3360,434.0,5208.0,62.1
3361,453.0,5436.0,62.6
3362,449.0,5388.0,62.9
3363,426.0,5112.0,63.1
3364,427.0,5124.0,63.0
3365,445.0,5340.0,63.2
3366,427.0,5124.0,63.5
3367,413.0,4956.0,63.7
3368,440.0,5280.0,63.1
3369,425.0,5100.0,61.2
3370,449.0,5388.0,61.8
3371,432.0,5184.0,61.7
3372,426.0,5112.0,61.8
3373,438.0,5256.0,62.9
3374,461.0,5532.0,62.9
3375,442.0,5304.0,62.7
3376,459.0,5508.0,62.2
3377,464.0,5568.0,61.6
3378,449.0,5388.0,60.7
3379,448.0,5376.0,60.4
3380,438.0,5256.0,62.2
3381,438.0,5256.0,64.5
3382,432.0,5184.0,65.2
3383,459.0,5508.0,65.6
3384,431.0,5172.0,65.6
3385,396.0,4752.0,65.9
3386,380.0,4560.0,66.1
3387,392.0,4704.0,66.6
3388,380.0,4560.0,66.9
3389,385.0,4620.0,67.1
3390,352.0,4224.0,67.1
3391,336.0,4032.0,67.2
3392,364.0,4368.0,67.3
3393,350.0,4200.0,67.5
3394,340.0,4080.0,67.6
3395,320.0,3840.0,68.1
3396,309.0,3708.0,67.3
3397,313.0,3756.0,67.5
3398,317.0,3804.0,67.9
3399,326.0,3912.0,67.8
3400,320.0,3840.0,68.0
3401,313.0,3756.0,68.2
3402,310.0,3720.0,68.1
3403,293.0,3516.0,67.7
3404,297.0,3564.0,67.6
3405,293.0,3516.0,67.2
3406,296.0,3552.0,66.9
3407,290.0,3480.0,66.7
3408,278.0,3336.0,66.7
3409,287.0,3444.0,66.9
3410,278.0,3336.0,67.0
3411,263.0,3156.0,66.8
3412,275.0,3300.0,67.1
3413,278.0,3336.0,67.0
3414,271.0,3252.0,66.9
3415,258.0,3096.0,66.9
3416,258.0,3096.0,67.0
3417,241.0,2892.0,67.1
3418,254.0,3048.0,67.2
3419,231.0,2772.0,67.2
3420,241.0,2892.0,67.9
3421,241.0,2892.0,68.1
3422,227.0,2724.0,68.3
3423,244.0,2928.0,68.6
3424,238.0,2856.0,68.5
3425,248.0,2976.0,68.7
3426,223.0,2676.0,68.7
3427,216.0,2592.0,68.4
3428,218.0,2616.0,68.4
3429,234.0,2808.0,68.2
3430,208.0,2496.0,68.4
3431,216.0,2592.0,68.0
3432,204.0,2448.0,68.0
3433,214.0,2568.0,68.3
3434,197.0,2364.0,68.2
3435,215.0,2580.0,68.3
3436,200.0,2400.0,68.7
3437,186.0,2232.0,68.7
3438,169.0,2028.0,68.8
3439,174.0,2088.0,68.4
3440,169.0,2028.0,68.4
3441,166.0,1992.0,68.4
3442,165.0,1980.0,68.2
3443,142.0,1704.0,68.1
3444,139.0,1668.0,68.2
3445,144.0,1728.0,68.3
3446,152.0,1824.0,68.3
3447,144.0,1728.0,68.6
3448,144.0,1728.0,68.5
3449,127.0,1524.0,68.7
3450,125.0,1500.0,68.7
3451,119.0,1428.0,68.4
3452,116.0,1392.0,68.3
3453,118.0,1416.0,68.1
3454,112.0,1344.0,68.0
3455,102.0,1224.0,68.2
3456,95.0,1140.0,68.8
3457,97.0,1164.0,68.6
3458,105.0,1260.0,68.8
3459,105.0,1260.0,68.8
3460,95.0,1140.0,68.0
3461,86.0,1032.0,68.5
3462,79.0,948.0,68.2
3463,72.0,864.0,68.0
3464,75.0,900.0,67.8
3465,76.0,912.0,67.5
3466,69.0,828.0,67.5
3467,69.0,828.0,67.5
3468,65.0,780.0,67.7
3469,63.0,756.0,67.5
3470,69.0,828.0,67.6
3471,72.0,864.0,67.8
3472,71.0,852.0,67.7
3473,60.0,720.0,67.5
3474,62.0,744.0,67.4
3475,53.0,636.0,67.5
3476,64.0,768.0,67.4
3477,63.0,756.0,67.5
3478,63.0,756.0,67.2
3479,58.0,696.0,67.3
3480,56.0,672.0,67.6
3481,61.0,732.0,67.7
3482,62.0,744.0,67.6
3483,62.0,744.0,67.4
3484,60.0,720.0,67.6
3485,53.0,636.0,67.3
3486,49.0,588.0,67.2
3487,53.0,636.0,67.1
3488,50.0,600.0,67.2
3489,56.0,672.0,67.1
3490,56.0,672.0,67.0
3491,49.0,588.0,66.9
3492,49.0,588.0,66.8
3493,49.0,588.0,66.8
3494,56.0,672.0,66.8
3495,60.0,720.0,66.9
3496,59.0,708.0,67.0
3497,60.0,720.0,67.3
3498,62.0,744.0,67.1
3499,67.0,804.0,67.2
3500,75.0,900.0,67.3
3501,76.0,912.0,67.8
3502,75.0,900.0,67.6
3503,76.0,912.0,67.7
3504,76.0,912.0,67.5
3505,83.0,996.0,67.5
3506,95.0,1140.0,67.4
3507,98.0,1176.0,67.6
3508,106.0,1272.0,67.9
3509,122.0,1464.0,67.9
3510,136.0,1632.0,68.1
3511,142.0,1704.0,68.3
3512,169.0,2028.0,68.6
3513,178.0,2136.0,68.4
3514,171.0,2052.0,68.5
3515,165.0,1980.0,68.6
3516,167.0,2004.0,68.3
3517,184.0,2208.0,68.3
3518,218.0,2616.0,68.3
3519,241.0,2892.0,68.8
3520,251.0,3012.0,68.7
3521,267.0,3204.0,68.6
3522,287.0,3444.0,67.8
3523,306.0,3672.0,68.2
3524,329.0,3948.0,68.7
3525,339.0,4068.0,68.5
3526,331.0,3972.0,68.5
3527,308.0,3696.0,68.7
3528,308.0,3696.0,66.3
3529,310.0,3720.0,65.3
3530,316.0,3792.0,64.7
3531,294.0,3528.0,64.5
3532,329.0,3948.0,64.4
3533,309.0,3708.0,64.5
3534,306.0,3672.0,64.5
3535,316.0,3792.0,64.5
3536,368.0,4416.0,64.6
3537,324.0,3888.0,64.7
3538,324.0,3888.0,64.7
3539,359.0,4308.0,64.9
3540,383.0,4596.0,64.9
3541,361.0,4332.0,64.9
3542,327.0,3924.0,64.7
3543,347.0,4164.0,64.7
3544,366.0,4392.0,64.7
3545,297.0,3564.0,64.9
3546,336.0,4032.0,64.7
3547,369.0,4428.0,64.8
3548,396.0,4752.0,64.5
3549,419.0,5028.0,64.4
3550,415.0,4980.0,64.5
3551,390.0,4680.0,64.4
3552,380.0,4560.0,64.5
3553,382.0,4584.0,64.2
3554,385.0,4620.0,64.4
3555,388.0,4656.0,64.2
3556,385.0,4620.0,64.1
3557,380.0,4560.0,64.4
3558,373.0,4476.0,64.1
3559,385.0,4620.0,64.2
3560,383.0,4596.0,64.1
3561,380.0,4560.0,64.0
3562,382.0,4584.0,64.0
3563,366.0,4392.0,64.1
3564,353.0,4236.0,64.1
3565,347.0,4164.0,63.8
3566,350.0,4200.0,63.7
3567,353.0,4236.0,63.6
3568,352.0,4224.0,63.5
3569,354.0,4248.0,63.3
3570,353.0,4236.0,63.3
3571,353.0,4236.0,63.3
3572,358.0,4296.0,63.1
3573,350.0,4200.0,62.7
3574,347.0,4164.0,62.7
3575,339.0,4068.0,62.7
3576,332.0,3984.0,62.5
3577,327.0,3924.0,62.8
3578,336.0,4032.0,62.8
3579,336.0,4032.0,62.4
3580,336.0,4032.0,62.5
3581,339.0,4068.0,62.6
3582,340.0,4080.0,62.7
3583,343.0,4116.0,62.2
3584,347.0,4164.0,62.6
3585,348.0,4176.0,62.4
3586,346.0,4152.0,62.5
3587,340.0,4080.0,61.9
3588,333.0,3996.0,62.6
3589,340.0,4080.0,62.7
3590,350.0,4200.0,62.5
3591,347.0,4164.0,62.4
3592,340.0,4080.0,62.9
3593,340.0,4080.0,63.0
3594,340.0,4080.0,62.3
3595,343.0,4116.0,62.9
3596,343.0,4116.0,62.9
3597,350.0,4200.0,62.3
3598,350.0,4200.0,62.5
3599,346.0,4152.0,62.8
3600,354.0,4248.0,62.7
3601,357.0,4284.0,62.7
3602,358.0,4296.0,62.4
3603,364.0,4368.0,62.7
3604,360.0,4320.0,62.7
3605,361.0,4332.0,63.4
3606,360.0,4320.0,63.0
3607,360.0,4320.0,62.9
3608,369.0,4428.0,62.6
3609,364.0,4368.0,62.8
3610,362.0,4344.0,62.6
3611,366.0,4392.0,62.7
3612,362.0,4344.0,62.8
3613,364.0,4368.0,62.6
3614,366.0,4392.0,62.6
3615,376.0,4512.0,62.9
3616,376.0,4512.0,63.3
3617,383.0,4596.0,63.0
3618,376.0,4512.0,62.9
3619,382.0,4584.0,63.1
3620,387.0,4644.0,62.7
3621,395.0,4740.0,62.8
3622,392.0,4704.0,63.0
3623,390.0,4680.0,63.0
3624,385.0,4620.0,63.0
3625,389.0,4668.0,62.7
3626,397.0,4764.0,63.0
3627,403.0,4836.0,63.1
3628,407.0,4884.0,63.0
3629,411.0,4932.0,63.0
3630,418.0,5016.0,62.9
3631,413.0,4956.0,63.1
3632,425.0,5100.0,63.1
3633,448.0,5376.0,63.1
3634,434.0,5208.0,63.0
3635,429.0,5148.0,63.0
3636,449.0,5388.0,62.2
3637,429.0,5148.0,62.6
3638,432.0,5184.0,62.5
3639,443.0,5316.0,62.3
3640,442.0,5304.0,62.5
3641,447.0,5364.0,62.3
3642,463.0,5556.0,62.2
3643,438.0,5256.0,62.6
3644,431.0,5172.0,62.9
3645,436.0,5232.0,61.1
3646,438.0,5256.0,59.6
3647,443.0,5316.0,59.7
3648,449.0,5388.0,59.9
3649,441.0,5292.0,60.7
3650,465.0,5580.0,61.1
3651,445.0,5340.0,61.3
3652,431.0,5172.0,61.0
3653,441.0,5292.0,59.8
3654,449.0,5388.0,60.4
3655,459.0,5508.0,61.0
3656,443.0,5316.0,62.3
3657,433.0,5196.0,60.9
3658,432.0,5184.0,61.4
3659,425.0,5100.0,61.6
3660,418.0,5016.0,62.1
3661,432.0,5184.0,61.3
3662,445.0,5340.0,61.0
3663,443.0,5316.0,61.2
3664,443.0,5316.0,61.2
3665,436.0,5232.0,61.5
3666,429.0,5148.0,62.2
3667,447.0,5364.0,62.9
3668,445.0,5340.0,63.1
3669,415.0,4980.0,63.4
3670,410.0,4920.0,63.5
3671,434.0,5208.0,64.8
3672,422.0,5064.0,65.3
3673,405.0,4860.0,65.8
3674,419.0,5028.0,65.9
3675,407.0,4884.0,66.1
3676,392.0,4704.0,66.2
3677,407.0,4884.0,66.5
3678,403.0,4836.0,66.5
3679,377.0,4524.0,66.7
3680,354.0,4248.0,66.6
3681,358.0,4296.0,66.6
3682,346.0,4152.0,67.0
3683,327.0,3924.0,66.9
3684,313.0,3756.0,67.0
3685,329.0,3948.0,67.2
3686,330.0,3960.0,67.2
3687,340.0,4080.0,67.4
3688,326.0,3912.0,67.2
3689,330.0,3960.0,67.3
3690,323.0,3876.0,67.2
3691,296.0,3552.0,67.1
3692,294.0,3528.0,66.9
3693,290.0,3480.0,66.9
3694,293.0,3516.0,66.8
3695,300.0,3600.0,66.7
3696,275.0,3300.0,66.9
3697,285.0,3420.0,66.8
3698,287.0,3444.0,67.1
3699,303.0,3636.0,67.1
3700,268.0,3216.0,67.0
3701,269.0,3228.0,66.9
3702,280.0,3360.0,66.9
3703,281.0,3372.0,66.8
3704,254.0,3048.0,67.3
3705,260.0,3120.0,67.2
3706,261.0,3132.0,67.1
3707,264.0,3168.0,67.3
3708,267.0,3204.0,67.8
3709,248.0,2976.0,68.3
3710,246.0,2952.0,68.4
3711,248.0,2976.0,68.1
3712,244.0,2928.0,68.5
3713,254.0,3048.0,68.4
3714,238.0,2856.0,68.3
3715,238.0,2856.0,68.4
3716,234.0,2808.0,68.2
3717,232.0,2784.0,68.4
3718,238.0,2856.0,68.4
3719,218.0,2616.0,68.4
3720,216.0,2592.0,68.4
3721,199.0,2388.0,68.3
3722,208.0,2496.0,68.4
3723,208.0,2496.0,68.7
3724,195.0,2340.0,68.5
3725,195.0,2340.0,68.3
3726,177.0,2124.0,68.1
3727,186.0,2232.0,68.1
3728,178.0,2136.0,68.2
3729,174.0,2088.0,68.2
3730,162.0,1944.0,68.2
3731,156.0,1872.0,68.0
3732,152.0,1824.0,68.2
3733,136.0,1632.0,69.1
3734,153.0,1836.0,68.3
3735,158.0,1896.0,68.3
3736,141.0,1692.0,67.9
3737,141.0,1692.0,67.6
3738,128.0,1536.0,67.8
3739,128.0,1536.0,67.7
3740,131.0,1572.0,67.3
3741,125.0,1500.0,67.7
3742,113.0,1356.0,67.5
3743,113.0,1356.0,67.4
3744,105.0,1260.0,69.2
3745,105.0,1260.0,68.8
3746,106.0,1272.0,68.6
3747,109.0,1308.0,68.6
3748,95.0,1140.0,67.7
3749,82.0,984.0,67.9
3750,91.0,1092.0,67.6
3751,76.0,912.0,67.4
3752,79.0,948.0,67.7
3753,76.0,912.0,67.4
3754,71.0,852.0,67.5
3755,72.0,864.0,67.3
3756,63.0,756.0,67.7
3757,64.0,768.0,67.5
3758,72.0,864.0,67.7
3759,62.0,744.0,67.8
3760,69.0,828.0,67.5
3761,63.0,756.0,67.9
3762,60.0,720.0,67.5
3763,60.0,720.0,67.3
3764,69.0,828.0,67.2
3765,69.0,828.0,67.2
3766,67.0,804.0,67.6
3767,58.0,696.0,67.2
3768,56.0,672.0,67.3
3769,53.0,636.0,67.8
3770,61.0,732.0,67.8
3771,67.0,804.0,68.2
3772,53.0,636.0,67.7
3773,58.0,696.0,67.3
3774,53.0,636.0,67.4
3775,52.0,624.0,67.2
3776,58.0,696.0,67.3
3777,56.0,672.0,67.3
3778,58.0,696.0,66.9
3779,53.0,636.0,66.8
3780,50.0,600.0,66.9
3781,53.0,636.0,67.0
3782,56.0,672.0,67.3
3783,58.0,696.0,67.2
3784,60.0,720.0,67.5
3785,62.0,744.0,67.2
3786,64.0,768.0,67.4
3787,71.0,852.0,67.4
3788,74.0,888.0,67.6
3789,83.0,996.0,67.6
3790,80.0,960.0,67.8
3791,76.0,912.0,67.9
3792,82.0,984.0,67.5
3793,85.0,1020.0,67.2
3794,95.0,1140.0,67.4
3795,98.0,1176.0,67.3
3796,114.0,1368.0,67.7
3797,121.0,1452.0,67.7
3798,132.0,1584.0,67.8
3799,156.0,1872.0,67.8
3800,166.0,1992.0,68.4
3801,171.0,2052.0,68.5
3802,177.0,2124.0,68.5
3803,182.0,2184.0,68.5
3804,176.0,2112.0,68.5
3805,192.0,2304.0,68.4
3806,218.0,2616.0,68.2
3807,248.0,2976.0,68.3
3808,256.0,3072.0,68.3
3809,267.0,3204.0,68.2
3810,290.0,3480.0,68.3
3811,310.0,3720.0,68.7
3812,321.0,3852.0,68.6
3813,332.0,3984.0,68.8
3814,330.0,3960.0,69.5
3815,320.0,3840.0,69.0
3816,313.0,3756.0,67.0
3817,316.0,3792.0,65.6
3818,338.0,4056.0,65.1
3819,353.0,4236.0,64.9
3820,373.0,4476.0,64.9
3821,366.0,4392.0,64.7
3822,368.0,4416.0,64.7
3823,385.0,4620.0,64.7
3824,360.0,4320.0,64.8
3825,300.0,3600.0,64.7
3826,364.0,4368.0,64.9
3827,326.0,3912.0,65.0
3828,372.0,4464.0,64.9
3829,340.0,4080.0,65.1
3830,410.0,4920.0,64.9
3831,370.0,4440.0,65.1
3832,407.0,4884.0,65.0
3833,369.0,4428.0,65.0
3834,403.0,4836.0,64.9
3835,378.0,4536.0,64.6
3836,406.0,4872.0,64.7
3837,412.0,4944.0,64.4
3838,418.0,5016.0,64.5
3839,408.0,4896.0,64.6
3840,387.0,4644.0,64.5
3841,382.0,4584.0,64.3
3842,383.0,4596.0,64.2
3843,390.0,4680.0,64.2
3844,387.0,4644.0,64.2
3845,382.0,4584.0,64.1
3846,376.0,4512.0,64.1
3847,376.0,4512.0,64.1
3848,377.0,4524.0,64.1
3849,383.0,4596.0,63.7
3850,387.0,4644.0,63.7
3851,368.0,4416.0,63.9
3852,355.0,4260.0,63.5
3853,353.0,4236.0,63.6
3854,357.0,4284.0,63.3
3855,358.0,4296.0,63.1
3856,358.0,4296.0,62.8
3857,357.0,4284.0,62.9
3858,352.0,4224.0,62.9
3859,352.0,4224.0,63.1
3860,354.0,4248.0,63.2
3861,358.0,4296.0,62.8
3862,355.0,4260.0,62.9
3863,352.0,4224.0,62.7
3864,343.0,4116.0,62.8
3865,342.0,4104.0,62.4
3866,346.0,4152.0,62.5
3867,350.0,4200.0,62.4
3868,350.0,4200.0,62.4
3869,350.0,4200.0,62.4
3870,350.0,4200.0,62.4
3871,350.0,4200.0,62.4
3872,355.0,4260.0,62.4
3873,355.0,4260.0,62.3
3874,354.0,4248.0,62.5
3875,350.0,4200.0,62.7
3876,346.0,4152.0,62.8
3877,348.0,4176.0,62.3
3878,352.0,4224.0,62.2
3879,358.0,4296.0,62.2
3880,355.0,4260.0,62.4
3881,362.0,4344.0,62.4
3882,362.0,4344.0,62.4
3883,360.0,4320.0,62.4
3884,364.0,4368.0,62.6
3885,363.0,4356.0,62.8
3886,368.0,4416.0,62.5
3887,363.0,4356.0,62.5
3888,355.0,4260.0,62.9
3889,364.0,4368.0,63.0
3890,361.0,4332.0,62.5
3891,366.0,4392.0,62.7
3892,369.0,4428.0,62.7
3893,368.0,4416.0,63.5
3894,366.0,4392.0,63.5
3895,376.0,4512.0,63.4
3896,372.0,4464.0,63.4
3897,376.0,4512.0,62.7
3898,373.0,4476.0,62.9
3899,364.0,4368.0,63.1
3900,369.0,4428.0,62.6
3901,369.0,4428.0,63.4
3902,372.0,4464.0,63.6
3903,377.0,4524.0,63.0
3904,385.0,4620.0,62.7
3905,376.0,4512.0,62.3
3906,376.0,4512.0,62.4
3907,383.0,4596.0,62.7
3908,392.0,4704.0,62.7
3909,399.0,4788.0,62.8
3910,392.0,4704.0,62.6
3911,395.0,4740.0,62.4
3912,392.0,4704.0,62.0
3913,393.0,4716.0,62.2
3914,406.0,4872.0,62.1
3915,410.0,4920.0,62.3
3916,425.0,5100.0,62.3
3917,412.0,4944.0,62.5
3918,412.0,4944.0,62.3
3919,415.0,4980.0,62.4
3920,425.0,5100.0,62.3
3921,443.0,5316.0,61.8
3922,441.0,5292.0,61.3
3923,452.0,5424.0,61.2
3924,452.0,5424.0,60.5
3925,434.0,5208.0,60.0
3926,464.0,5568.0,59.4
3927,449.0,5388.0,59.5
3928,443.0,5316.0,59.2
3929,452.0,5424.0,59.0
3930,422.0,5064.0,58.6
3931,455.0,5460.0,58.6
3932,455.0,5460.0,58.6
3933,441.0,5292.0,57.7
3934,429.0,5148.0,56.3
3935,429.0,5148.0,56.6
3936,441.0,5292.0,54.8
3937,432.0,5184.0,56.2
3938,436.0,5232.0,57.5
3939,436.0,5232.0,56.9
3940,449.0,5388.0,57.2
3941,433.0,5196.0,57.7
3942,442.0,5304.0,57.7
3943,427.0,5124.0,57.7
3944,438.0,5256.0,58.0
3945,441.0,5292.0,58.4
3946,436.0,5232.0,58.4
3947,441.0,5292.0,57.6
3948,429.0,5148.0,58.0
3949,429.0,5148.0,58.4
3950,441.0,5292.0,58.1
3951,441.0,5292.0,57.3
3952,435.0,5220.0,57.0
3953,431.0,5172.0,55.8
3954,438.0,5256.0,57.6
3955,427.0,5124.0,57.7
3956,429.0,5148.0,58.1
3957,449.0,5388.0,58.4
3958,436.0,5232.0,59.1
3959,408.0,4896.0,59.8
3960,411.0,4932.0,61.1
3961,419.0,5028.0,63.8
3962,441.0,5292.0,64.5
3963,417.0,5004.0,65.1
3964,393.0,4716.0,65.5
3965,406.0,4872.0,65.8
3966,412.0,4944.0,66.2
3967,402.0,4824.0,66.5
3968,385.0,4620.0,66.4
3969,396.0,4752.0,66.6
3970,405.0,4860.0,66.8
3971,376.0,4512.0,67.1
3972,350.0,4200.0,67.2
3973,369.0,4428.0,67.5
3974,339.0,4068.0,67.3
3975,355.0,4260.0,67.4
3976,336.0,4032.0,67.5
3977,339.0,4068.0,67.3
3978,332.0,3984.0,67.1
3979,336.0,4032.0,66.8
3980,301.0,3612.0,66.8
3981,320.0,3840.0,66.7
3982,330.0,3960.0,66.6
3983,306.0,3672.0,66.5
3984,327.0,3924.0,66.8
3985,310.0,3720.0,66.7
3986,313.0,3756.0,66.8
3987,326.0,3912.0,67.0
3988,317.0,3804.0,66.7
3989,320.0,3840.0,67.0
3990,310.0,3720.0,66.8
3991,300.0,3600.0,67.1
3992,303.0,3636.0,67.0
3993,293.0,3516.0,67.6
3994,283.0,3396.0,67.7
3995,267.0,3204.0,67.3
3996,267.0,3204.0,68.0
3997,274.0,3288.0,68.1
3998,269.0,3228.0,68.0
3999,286.0,3432.0,68.4
4000,287.0,3444.0,68.5
4001,271.0,3252.0,68.2
4002,285.0,3420.0,68.0
4003,269.0,3228.0,68.5
4004,256.0,3072.0,68.6
4005,244.0,2928.0,68.5
4006,251.0,3012.0,68.6
4007,248.0,2976.0,68.7
4008,228.0,2736.0,68.4
4009,228.0,2736.0,68.9
4010,237.0,2844.0,69.0
4011,224.0,2688.0,68.6
4012,224.0,2688.0,68.5
4013,220.0,2640.0,68.2
4014,214.0,2568.0,68.6
4015,211.0,2532.0,68.7
4016,208.0,2496.0,68.3
4017,186.0,2232.0,68.6
4018,185.0,2220.0,68.2
4019,170.0,2040.0,68.4
4020,169.0,2028.0,68.1
4021,159.0,1908.0,68.5
4022,169.0,2028.0,68.3
4023,156.0,1872.0,68.7
4024,156.0,1872.0,68.4
4025,151.0,1812.0,68.4
4026,146.0,1752.0,68.3
4027,135.0,1620.0,68.1
4028,144.0,1728.0,68.2
4029,141.0,1692.0,68.0
4030,128.0,1536.0,68.3
4031,113.0,1356.0,68.1
4032,114.0,1368.0,69.3
4033,121.0,1452.0,68.6
4034,120.0,1440.0,68.9
4035,113.0,1356.0,68.3
4036,106.0,1272.0,68.0
4037,92.0,1104.0,67.6
4038,90.0,1080.0,67.8
4039,93.0,1116.0,67.9
4040,92.0,1104.0,67.4
4041,85.0,1020.0,67.5
4042,80.0,960.0,67.5
4043,74.0,888.0,68.0
4044,76.0,912.0,68.1
4045,83.0,996.0,68.1
4046,72.0,864.0,67.6
4047,80.0,960.0,68.4
4048,72.0,864.0,68.3
4049,74.0,888.0,67.7
4050,69.0,828.0,67.4
4051,71.0,852.0,67.7
4052,74.0,888.0,67.8
4053,69.0,828.0,67.7
4054,64.0,768.0,67.4
4055,62.0,744.0,67.3
4056,63.0,756.0,67.7
4057,61.0,732.0,67.8
4058,62.0,744.0,67.7
4059,61.0,732.0,68.1
4060,72.0,864.0,67.8
4061,63.0,756.0,67.6
4062,60.0,720.0,67.4
4063,65.0,780.0,67.6
4064,59.0,708.0,67.3
4065,59.0,708.0,67.4
4066,60.0,720.0,67.4
4067,56.0,672.0,67.3
4068,53.0,636.0,67.2
4069,61.0,732.0,66.8
4070,59.0,708.0,67.2
4071,76.0,912.0,67.3
4072,67.0,804.0,67.9
4073,65.0,780.0,67.7
4074,67.0,804.0,67.6
4075,71.0,852.0,67.5
4076,79.0,948.0,67.5
4077,82.0,984.0,67.8
4078,79.0,948.0,67.9
4079,79.0,948.0,67.7
4080,83.0,996.0,67.5
4081,85.0,1020.0,67.5
4082,98.0,1176.0,67.5
4083,106.0,1272.0,67.7
4084,116.0,1392.0,67.8
4085,131.0,1572.0,67.9
4086,139.0,1668.0,68.3
4087,158.0,1896.0,68.1
4088,159.0,1908.0,68.1
4089,182.0,2184.0,68.8
4090,181.0,2172.0,68.6
4091,178.0,2136.0,68.6
4092,181.0,2172.0,68.3
4093,185.0,2220.0,68.4
4094,214.0,2568.0,68.5
4095,230.0,2760.0,68.4
4096,241.0,2892.0,68.5
4097,261.0,3132.0,68.5
4098,274.0,3288.0,68.8
4099,291.0,3492.0,68.4
4100,309.0,3708.0,68.4
4101,324.0,3888.0,68.7
4102,313.0,3756.0,68.8
4103,294.0,3528.0,68.7
4104,296.0,3552.0,66.1
4105,306.0,3672.0,64.9
4106,320.0,3840.0,64.6
4107,340.0,4080.0,64.4
4108,354.0,4248.0,64.1
4109,359.0,4308.0,64.3
4110,369.0,4428.0,64.4
4111,373.0,4476.0,64.4
4112,376.0,4512.0,64.1
4113,399.0,4788.0,64.2
4114,387.0,4644.0,64.2
4115,369.0,4428.0,64.2
4116,363.0,4356.0,64.5
4117,370.0,4440.0,64.1
4118,385.0,4620.0,64.0
4119,396.0,4752.0,64.7
4120,393.0,4716.0,64.2
4121,403.0,4836.0,64.2
4122,411.0,4932.0,64.1
4123,411.0,4932.0,64.1
4124,415.0,4980.0,63.8
4125,411.0,4932.0,64.0
4126,399.0,4788.0,64.0
4127,392.0,4704.0,63.8
4128,376.0,4512.0,63.5
4129,369.0,4428.0,63.9
4130,369.0,4428.0,63.7
4131,376.0,4512.0,63.7
4132,369.0,4428.0,63.9
4133,368.0,4416.0,63.7
4134,364.0,4368.0,63.7
4135,366.0,4392.0,63.6
4136,373.0,4476.0,63.5
4137,373.0,4476.0,63.4
4138,369.0,4428.0,63.3
4139,364.0,4368.0,63.4
4140,350.0,4200.0,63.1
4141,347.0,4164.0,63.0
4142,346.0,4152.0,62.5
4143,350.0,4200.0,62.3
4144,354.0,4248.0,62.4
4145,355.0,4260.0,62.2
4146,359.0,4308.0,62.4
4147,361.0,4332.0,62.3
4148,366.0,4392.0,62.3
4149,369.0,4428.0,62.1
4150,363.0,4356.0,62.1
4151,357.0,4284.0,62.0
4152,352.0,4224.0,61.9
4153,355.0,4260.0,61.9
4154,361.0,4332.0,61.9
4155,369.0,4428.0,61.6
4156,368.0,4416.0,61.9
4157,366.0,4392.0,61.7
4158,361.0,4332.0,61.8
4159,366.0,4392.0,61.7
4160,376.0,4512.0,61.6
4161,376.0,4512.0,61.2
4162,376.0,4512.0,61.4
4163,370.0,4440.0,61.0
4164,370.0,4440.0,61.2
4165,373.0,4476.0,61.2
4166,385.0,4620.0,61.1
4167,376.0,4512.0,61.1
4168,396.0,4752.0,60.9
4169,402.0,4824.0,60.9
4170,380.0,4560.0,61.0
4171,382.0,4584.0,60.5
4172,383.0,4596.0,60.7
4173,378.0,4536.0,60.6
4174,387.0,4644.0,60.8
4175,380.0,4560.0,60.7
4176,385.0,4620.0,61.0
4177,380.0,4560.0,61.3
4178,387.0,4644.0,61.3
4179,392.0,4704.0,61.1
4180,390.0,4680.0,61.1
4181,392.0,4704.0,60.9
4182,385.0,4620.0,61.1
4183,387.0,4644.0,61.1
4184,396.0,4752.0,60.6
4185,392.0,4704.0,59.9
4186,393.0,4716.0,59.4
4187,385.0,4620.0,59.7
4188,389.0,4668.0,60.0
4189,387.0,4644.0,59.6
4190,393.0,4716.0,59.9
4191,402.0,4824.0,59.9
4192,403.0,4836.0,59.8
4193,399.0,4788.0,60.0
4194,399.0,4788.0,60.0
4195,405.0,4860.0,59.8
4196,408.0,4896.0,60.0
4197,408.0,4896.0,59.5
4198,410.0,4920.0,59.8
4199,407.0,4884.0,59.5
4200,399.0,4788.0,59.0
4201,405.0,4860.0,58.5
4202,410.0,4920.0,58.6
4203,410.0,4920.0,58.2
4204,410.0,4920.0,57.8
4205,411.0,4932.0,57.2
4206,411.0,4932.0,57.2
4207,408.0,4896.0,56.3
4208,413.0,4956.0,56.9
4209,419.0,5028.0,56.2
4210,418.0,5016.0,52.5
4211,415.0,4980.0,53.8
4212,411.0,4932.0,53.7
4213,415.0,4980.0,53.0
4214,418.0,5016.0,53.6
4215,422.0,5064.0,53.1
4216,415.0,4980.0,53.2
4217,415.0,4980.0,53.0
4218,412.0,4944.0,50.7
4219,410.0,4920.0,53.3
4220,419.0,5028.0,50.2
4221,418.0,5016.0,47.8
4222,415.0,4980.0,49.3
4223,407.0,4884.0,51.3
4224,406.0,4872.0,53.4
4225,412.0,4944.0,52.8
4226,413.0,4956.0,53.2
4227,415.0,4980.0,53.8
4228,413.0,4956.0,55.4
4229,412.0,4944.0,55.8
4230,399.0,4788.0,56.1
4231,412.0,4944.0,56.2
4232,413.0,4956.0,56.5
4233,417.0,5004.0,56.8
4234,415.0,4980.0,56.9
4235,407.0,4884.0,57.2
4236,402.0,4824.0,57.5
4237,410.0,4920.0,57.7
4238,419.0,5028.0,57.9
4239,425.0,5100.0,58.2
4240,422.0,5064.0,58.0
4241,413.0,4956.0,57.6
4242,410.0,4920.0,57.7
4243,397.0,4764.0,57.7
4244,397.0,4764.0,58.0
4245,396.0,4752.0,58.6
4246,402.0,4824.0,58.6
4247,380.0,4560.0,58.7
4248,393.0,4716.0,59.8
4249,390.0,4680.0,61.5
4250,400.0,4800.0,63.8
4251,393.0,4716.0,64.6
4252,385.0,4620.0,65.4
4253,395.0,4740.0,65.7
4254,370.0,4440.0,65.8
4255,385.0,4620.0,66.0
4256,395.0,4740.0,65.8
4257,389.0,4668.0,66.2
4258,370.0,4440.0,66.6
4259,366.0,4392.0,66.5
4260,378.0,4536.0,66.9
4261,385.0,4620.0,66.9
4262,382.0,4584.0,66.6
4263,380.0,4560.0,67.0
4264,378.0,4536.0,66.8
4265,361.0,4332.0,66.9
4266,353.0,4236.0,66.7
4267,355.0,4260.0,66.6
4268,343.0,4116.0,66.5
4269,359.0,4308.0,66.1
4270,346.0,4152.0,66.2
4271,338.0,4056.0,66.1
4272,346.0,4152.0,66.2
4273,354.0,4248.0,66.2
4274,358.0,4296.0,66.4
4275,321.0,3852.0,66.4
4276,346.0,4152.0,66.4
4277,355.0,4260.0,66.4
4278,339.0,4068.0,66.5
4279,331.0,3972.0,66.6
4280,333.0,3996.0,66.7
4281,306.0,3672.0,66.8
4282,320.0,3840.0,66.9
4283,320.0,3840.0,67.1
4284,302.0,3624.0,67.1
4285,310.0,3720.0,67.3
4286,336.0,4032.0,67.5
4287,320.0,3840.0,67.7
4288,313.0,3756.0,68.2
4289,296.0,3552.0,68.0
4290,294.0,3528.0,67.9
4291,287.0,3444.0,68.0
4292,290.0,3480.0,68.3
4293,294.0,3528.0,68.3
4294,306.0,3672.0,68.4
4295,272.0,3264.0,68.6
4296,261.0,3132.0,68.6
4297,275.0,3300.0,68.7
4298,285.0,3420.0,68.7
4299,278.0,3336.0,68.2
4300,260.0,3120.0,68.3
4301,256.0,3072.0,68.2
4302,248.0,2976.0,68.3
4303,248.0,2976.0,68.4
4304,220.0,2640.0,68.5
4305,230.0,2760.0,68.7
4306,223.0,2676.0,68.7
4307,218.0,2616.0,68.8
4308,202.0,2424.0,68.7
4309,211.0,2532.0,68.4
4310,199.0,2388.0,68.8
4311,196.0,2352.0,68.2
4312,189.0,2268.0,68.2
4313,192.0,2304.0,68.5
4314,192.0,2304.0,68.3
4315,174.0,2088.0,68.3
4316,178.0,2136.0,68.7
4317,185.0,2220.0,68.5
4318,171.0,2052.0,68.6
4319,171.0,2052.0,68.6
4320,158.0,1896.0,68.9
4321,158.0,1896.0,68.5
4322,150.0,1800.0,68.7
4323,165.0,1980.0,68.4
4324,142.0,1704.0,68.1
4325,139.0,1668.0,68.0
4326,125.0,1500.0,68.1
4327,121.0,1452.0,68.0
4328,123.0,1476.0,68.0
4329,119.0,1428.0,68.5
4330,112.0,1344.0,68.2
4331,106.0,1272.0,68.4
4332,109.0,1308.0,68.7
4333,106.0,1272.0,68.4
4334,106.0,1272.0,68.4
4335,105.0,1260.0,68.2
4336,95.0,1140.0,68.2
4337,95.0,1140.0,68.6
4338,91.0,1092.0,68.4
4339,91.0,1092.0,68.3
4340,90.0,1080.0,68.2
4341,86.0,1032.0,68.2
4342,86.0,1032.0,68.7
4343,86.0,1032.0,68.3
4344,90.0,1080.0,68.7
4345,85.0,1020.0,68.6
4346,75.0,900.0,68.5
4347,83.0,996.0,68.3
4348,83.0,996.0,68.2
4349,72.0,864.0,68.6
4350,75.0,900.0,68.4
4351,72.0,864.0,67.8
4352,76.0,912.0,68.1
4353,71.0,852.0,67.8
4354,67.0,804.0,68.0
4355,69.0,828.0,67.8
4356,67.0,804.0,68.2
4357,67.0,804.0,68.2
4358,64.0,768.0,68.1
4359,69.0,828.0,67.8
4360,72.0,864.0,68.0
4361,72.0,864.0,67.9
4362,65.0,780.0,67.8
4363,65.0,780.0,68.0
4364,61.0,732.0,68.0
4365,65.0,780.0,67.8
4366,79.0,948.0,68.0
4367,67.0,804.0,67.9
4368,64.0,768.0,68.0
4369,63.0,756.0,67.8
4370,69.0,828.0,67.7
4371,69.0,828.0,67.5
4372,67.0,804.0,67.9
4373,72.0,864.0,67.9
4374,72.0,864.0,68.1
4375,79.0,948.0,68.1
4376,85.0,1020.0,68.2
4377,86.0,1032.0,68.3
4378,88.0,1056.0,68.1
4379,97.0,1164.0,68.0
4380,85.0,1020.0,67.9
4381,89.0,1068.0,68.2
4382,95.0,1140.0,67.8
4383,118.0,1416.0,67.8
4384,132.0,1584.0,67.9
4385,118.0,1416.0,68.1
4386,125.0,1500.0,68.0
4387,131.0,1572.0,68.3
4388,142.0,1704.0,68.3
4389,167.0,2004.0,68.5
4390,158.0,1896.0,68.6
4391,169.0,2028.0,68.7
4392,174.0,2088.0,67.8
4393,188.0,2256.0,67.4
4394,194.0,2328.0,67.1
4395,194.0,2328.0,67.0
4396,222.0,2664.0,67.4
4397,204.0,2448.0,67.2
4398,216.0,2592.0,67.3
4399,218.0,2616.0,67.5
4400,214.0,2568.0,67.8
4401,230.0,2760.0,67.8
4402,248.0,2976.0,68.1
4403,245.0,2940.0,67.9
4404,257.0,3084.0,67.3
4405,258.0,3096.0,66.4
4406,263.0,3156.0,66.1
4407,254.0,3048.0,65.7
4408,282.0,3384.0,65.8
4409,297.0,3564.0,65.7
4410,291.0,3492.0,65.9
4411,296.0,3552.0,65.8
4412,297.0,3564.0,66.1
4413,296.0,3552.0,65.9
4414,306.0,3672.0,65.8
4415,340.0,4080.0,65.8
4416,294.0,3528.0,65.6
4417,303.0,3636.0,65.7
4418,303.0,3636.0,65.6
4419,324.0,3888.0,65.2
4420,313.0,3756.0,65.5
4421,340.0,4080.0,65.8
4422,323.0,3876.0,65.7
4423,343.0,4116.0,65.6
4424,323.0,3876.0,65.8
4425,330.0,3960.0,65.6
4426,330.0,3960.0,65.4
4427,327.0,3924.0,65.9
4428,317.0,3804.0,66.0
4429,316.0,3792.0,65.6
4430,323.0,3876.0,65.5
4431,331.0,3972.0,65.3
4432,333.0,3996.0,65.4
4433,338.0,4056.0,65.2
4434,342.0,4104.0,65.3
4435,346.0,4152.0,65.4
4436,355.0,4260.0,64.8
4437,359.0,4308.0,64.9
4438,355.0,4260.0,65.0
4439,347.0,4164.0,65.0
4440,346.0,4152.0,65.1
4441,336.0,4032.0,65.0
4442,347.0,4164.0,64.9
4443,350.0,4200.0,64.8
4444,355.0,4260.0,64.9
4445,360.0,4320.0,64.8
4446,366.0,4392.0,64.7
4447,369.0,4428.0,64.6
4448,373.0,4476.0,64.4
4449,372.0,4464.0,64.5
4450,369.0,4428.0,64.5
4451,369.0,4428.0,64.4
4452,376.0,4512.0,64.1
4453,376.0,4512.0,64.5
4454,376.0,4512.0,64.6
4455,376.0,4512.0,64.7
4456,378.0,4536.0,64.6
4457,378.0,4536.0,65.1
4458,380.0,4560.0,65.0
4459,376.0,4512.0,64.9
4460,382.0,4584.0,64.8
4461,383.0,4596.0,64.9
4462,380.0,4560.0,64.9
4463,383.0,4596.0,64.9
4464,383.0,4596.0,65.1
4465,385.0,4620.0,65.1
4466,390.0,4680.0,65.2
4467,393.0,4716.0,64.6
4468,390.0,4680.0,64.6
4469,388.0,4656.0,64.7
4470,389.0,4668.0,64.7
4471,392.0,4704.0,64.8
4472,388.0,4656.0,64.2
4473,388.0,4656.0,64.9
4474,392.0,4704.0,64.8
4475,385.0,4620.0,64.9
4476,388.0,4656.0,65.1
4477,385.0,4620.0,65.1
4478,393.0,4716.0,65.3
4479,393.0,4716.0,64.8
4480,392.0,4704.0,65.1
4481,393.0,4716.0,65.3
4482,393.0,4716.0,65.3
4483,392.0,4704.0,65.2
4484,396.0,4752.0,65.2
4485,396.0,4752.0,65.1
4486,388.0,4656.0,65.3
4487,385.0,4620.0,65.1
4488,385.0,4620.0,65.2
4489,383.0,4596.0,65.4
4490,385.0,4620.0,65.5
4491,389.0,4668.0,65.2
4492,393.0,4716.0,65.4
4493,392.0,4704.0,65.4
4494,392.0,4704.0,65.4
4495,383.0,4596.0,65.6
4496,393.0,4716.0,65.5
4497,392.0,4704.0,65.6
4498,395.0,4740.0,65.6
4499,396.0,4752.0,65.3
4500,383.0,4596.0,65.5
4501,387.0,4644.0,65.6
4502,392.0,4704.0,65.7
4503,396.0,4752.0,65.6
4504,393.0,4716.0,65.4
4505,393.0,4716.0,65.6
4506,387.0,4644.0,65.7
4507,387.0,4644.0,65.8
4508,390.0,4680.0,65.7
4509,393.0,4716.0,65.7
4510,390.0,4680.0,66.1
4511,385.0,4620.0,65.8
4512,376.0,4512.0,65.8
4513,380.0,4560.0,65.8
4514,389.0,4668.0,65.8
4515,392.0,4704.0,65.9
4516,387.0,4644.0,66.0
4517,390.0,4680.0,66.0
4518,390.0,4680.0,66.3
4519,392.0,4704.0,66.2
4520,388.0,4656.0,66.3
4521,392.0,4704.0,66.0
4522,399.0,4788.0,66.0
4523,376.0,4512.0,66.1
4524,377.0,4524.0,66.2
4525,377.0,4524.0,66.2
4526,382.0,4584.0,66.1
4527,377.0,4524.0,66.2
4528,385.0,4620.0,66.7
4529,378.0,4536.0,66.5
4530,376.0,4512.0,66.4
4531,373.0,4476.0,66.4
4532,370.0,4440.0,66.5
4533,369.0,4428.0,66.7
4534,366.0,4392.0,66.7
4535,360.0,4320.0,66.9
4536,357.0,4284.0,66.6
4537,357.0,4284.0,66.7
4538,358.0,4296.0,66.8
4539,357.0,4284.0,67.0
4540,366.0,4392.0,67.0
4541,368.0,4416.0,67.3
4542,350.0,4200.0,67.1
4543,346.0,4152.0,67.2
4544,343.0,4116.0,67.4
4545,336.0,4032.0,67.2
4546,327.0,3924.0,67.0
4547,324.0,3888.0,67.2
4548,338.0,4056.0,67.2
4549,320.0,3840.0,67.2
4550,320.0,3840.0,67.3
4551,317.0,3804.0,67.6
4552,323.0,3876.0,67.4
4553,310.0,3720.0,67.2
4554,301.0,3612.0,67.3
4555,303.0,3636.0,67.2
4556,306.0,3672.0,66.8
4557,310.0,3720.0,66.6
4558,300.0,3600.0,66.5
4559,293.0,3516.0,66.1
4560,293.0,3516.0,66.3
4561,291.0,3492.0,66.3
4562,291.0,3492.0,66.5
4563,296.0,3552.0,66.6
4564,293.0,3516.0,66.6
4565,286.0,3432.0,66.7
4566,278.0,3336.0,66.8
4567,283.0,3396.0,66.8
4568,291.0,3492.0,67.0
4569,283.0,3396.0,67.1
4570,270.0,3240.0,67.1
4571,285.0,3420.0,67.2
4572,278.0,3336.0,67.7
4573,283.0,3396.0,68.3
4574,264.0,3168.0,68.4
4575,281.0,3372.0,68.5
4576,283.0,3396.0,68.6
4577,294.0,3528.0,68.6
4578,281.0,3372.0,68.7
4579,264.0,3168.0,68.6
4580,269.0,3228.0,68.5
4581,257.0,3084.0,68.7
4582,260.0,3120.0,68.6
4583,283.0,3396.0,68.7
4584,252.0,3024.0,68.4
4585,253.0,3036.0,68.2
4586,254.0,3048.0,68.4
4587,246.0,2952.0,68.1
4588,244.0,2928.0,68.4
4589,267.0,3204.0,68.7
4590,263.0,3156.0,68.8
4591,241.0,2892.0,68.8
4592,238.0,2856.0,68.8
4593,227.0,2724.0,69.1
4594,241.0,2892.0,68.9
4595,237.0,2844.0,69.1
4596,230.0,2760.0,68.7
4597,220.0,2640.0,68.5
4598,208.0,2496.0,68.4
4599,211.0,2532.0,68.5
4600,220.0,2640.0,68.3
4601,185.0,2220.0,68.5
4602,186.0,2232.0,68.4
4603,178.0,2136.0,68.5
4604,178.0,2136.0,68.4
4605,169.0,2028.0,68.6
4606,177.0,2124.0,68.3
4607,171.0,2052.0,68.7
4608,150.0,1800.0,68.8
4609,159.0,1908.0,68.6
4610,155.0,1860.0,68.5
4611,144.0,1728.0,68.2
4612,151.0,1812.0,68.4
4613,142.0,1704.0,68.5
4614,125.0,1500.0,68.6
4615,129.0,1548.0,68.6
4616,127.0,1524.0,68.8
4617,114.0,1368.0,68.3
4618,112.0,1344.0,68.6
4619,110.0,1320.0,68.8
4620,105.0,1260.0,68.7
4621,98.0,1176.0,68.5
4622,101.0,1212.0,68.5
4623,101.0,1212.0,68.3
4624,93.0,1116.0,68.3
4625,90.0,1080.0,68.6
4626,82.0,984.0,68.7
4627,83.0,996.0,68.3
4628,79.0,948.0,68.7
4629,76.0,912.0,68.3
4630,79.0,948.0,68.7
4631,76.0,912.0,68.6
4632,75.0,900.0,68.6
4633,75.0,900.0,68.5
4634,74.0,888.0,68.6
4635,71.0,852.0,68.7
4636,69.0,828.0,68.6
4637,63.0,756.0,68.6
4638,62.0,744.0,68.6
4639,62.0,744.0,68.7
4640,60.0,720.0,68.7
4641,56.0,672.0,68.3
4642,56.0,672.0,68.5
4643,53.0,636.0,68.4
4644,50.0,600.0,68.7
4645,52.0,624.0,68.7
4646,50.0,600.0,68.7
4647,53.0,636.0,68.5
4648,49.0,588.0,68.5
4649,47.0,564.0,68.6
4650,46.0,552.0,68.7
4651,46.0,552.0,68.5
4652,45.0,540.0,68.4
4653,45.0,540.0,68.6
4654,42.0,504.0,68.4
4655,41.0,492.0,68.1
4656,42.0,504.0,68.2
4657,42.0,504.0,68.2
4658,42.0,504.0,68.3
4659,42.0,504.0,68.2
4660,42.0,504.0,68.3
4661,44.0,528.0,68.4
4662,44.0,528.0,68.3
4663,49.0,588.0,68.2
4664,49.0,588.0,68.4
4665,50.0,600.0,68.6
4666,49.0,588.0,68.4
4667,50.0,600.0,68.3
4668,47.0,564.0,68.4
4669,50.0,600.0,68.3
4670,52.0,624.0,68.4
4671,56.0,672.0,68.5
4672,58.0,696.0,68.3
4673,60.0,720.0,68.3
4674,62.0,744.0,68.1
4675,67.0,804.0,68.5
4676,72.0,864.0,68.3
4677,72.0,864.0,68.2
4678,72.0,864.0,68.3
4679,86.0,1032.0,68.4
4680,72.0,864.0,68.1
4681,79.0,948.0,68.3
4682,82.0,984.0,68.2
4683,88.0,1056.0,68.3
4684,110.0,1320.0,68.4
4685,106.0,1272.0,68.4
4686,101.0,1212.0,68.5
4687,110.0,1320.0,68.9
4688,112.0,1344.0,68.9
4689,122.0,1464.0,68.9
4690,120.0,1440.0,69.0
4691,125.0,1500.0,69.1
4692,129.0,1548.0,68.7
4693,142.0,1704.0,68.8
4694,146.0,1752.0,68.7
4695,156.0,1872.0,68.6
4696,158.0,1896.0,68.5
4697,161.0,1932.0,68.8
4698,152.0,1824.0,68.9
4699,153.0,1836.0,68.8
4700,159.0,1908.0,69.0
4701,169.0,2028.0,68.8
4702,162.0,1944.0,69.0
4703,174.0,2088.0,69.0
4704,169.0,2028.0,68.4
4705,178.0,2136.0,68.1
4706,192.0,2304.0,68.0
4707,214.0,2568.0,68.4
4708,197.0,2364.0,68.2
4709,188.0,2256.0,68.3
4710,206.0,2472.0,68.2
4711,206.0,2472.0,68.3
4712,225.0,2700.0,68.1
4713,221.0,2652.0,68.1
4714,244.0,2928.0,67.9
4715,225.0,2700.0,68.0
4716,230.0,2760.0,67.6
4717,230.0,2760.0,67.7
4718,241.0,2892.0,67.5
4719,250.0,3000.0,67.6
4720,257.0,3084.0,67.4
4721,263.0,3156.0,67.4
4722,269.0,3228.0,67.3
4723,275.0,3300.0,67.4
4724,283.0,3396.0,67.3
4725,290.0,3480.0,67.2
4726,294.0,3528.0,67.2
4727,291.0,3492.0,67.5
4728,291.0,3492.0,66.9
4729,287.0,3444.0,66.9
4730,308.0,3696.0,66.7
4731,302.0,3624.0,66.6
4732,310.0,3720.0,66.6
4733,313.0,3756.0,66.5
4734,317.0,3804.0,66.4
4735,323.0,3876.0,66.6
4736,332.0,3984.0,66.5
4737,334.0,4008.0,66.5
4738,336.0,4032.0,66.5
4739,334.0,4008.0,66.6
4740,331.0,3972.0,66.5
4741,324.0,3888.0,66.2
4742,332.0,3984.0,66.1
4743,340.0,4080.0,66.2
4744,338.0,4056.0,65.9
4745,343.0,4116.0,66.1
4746,354.0,4248.0,65.9
4747,354.0,4248.0,65.9
4748,357.0,4284.0,65.7
4749,358.0,4296.0,65.7
4750,357.0,4284.0,65.7
4751,363.0,4356.0,65.5
4752,363.0,4356.0,65.5
4753,358.0,4296.0,65.7
4754,366.0,4392.0,65.6
4755,366.0,4392.0,65.7
4756,369.0,4428.0,65.3
4757,372.0,4464.0,65.1
4758,377.0,4524.0,65.4
4759,380.0,4560.0,65.0
4760,385.0,4620.0,65.0
4761,383.0,4596.0,65.0
4762,382.0,4584.0,64.9
4763,380.0,4560.0,65.2
4764,377.0,4524.0,65.2
4765,373.0,4476.0,65.2
4766,377.0,4524.0,65.1
4767,380.0,4560.0,65.1
4768,383.0,4596.0,64.8
4769,385.0,4620.0,64.7
4770,380.0,4560.0,64.5
4771,380.0,4560.0,64.7
4772,382.0,4584.0,64.7
4773,382.0,4584.0,64.3
4774,380.0,4560.0,64.8
4775,376.0,4512.0,64.5
4776,369.0,4428.0,64.7
4777,369.0,4428.0,64.8
4778,369.0,4428.0,64.9
4779,373.0,4476.0,65.0
4780,373.0,4476.0,65.1
4781,369.0,4428.0,65.1
4782,369.0,4428.0,64.9
4783,364.0,4368.0,65.0
4784,369.0,4428.0,65.1
4785,369.0,4428.0,65.2
4786,366.0,4392.0,65.1
4787,360.0,4320.0,65.3
4788,366.0,4392.0,65.4
4789,360.0,4320.0,65.3
4790,369.0,4428.0,65.1
4791,366.0,4392.0,65.4
4792,366.0,4392.0,65.0
4793,362.0,4344.0,65.1
4794,373.0,4476.0,65.1
4795,373.0,4476.0,65.1
4796,373.0,4476.0,65.1
4797,370.0,4440.0,65.6
4798,376.0,4512.0,65.4
4799,369.0,4428.0,65.2
4800,363.0,4356.0,65.4
4801,364.0,4368.0,65.3
4802,370.0,4440.0,65.6
4803,368.0,4416.0,65.7
4804,380.0,4560.0,65.2
4805,368.0,4416.0,65.2
4806,366.0,4392.0,65.3
4807,364.0,4368.0,65.6
4808,366.0,4392.0,65.5
4809,362.0,4344.0,65.5
4810,360.0,4320.0,65.6
4811,350.0,4200.0,65.9
4812,348.0,4176.0,65.7
4813,357.0,4284.0,65.9
4814,352.0,4224.0,66.0
4815,355.0,4260.0,65.9
4816,352.0,4224.0,66.5
4817,350.0,4200.0,66.4
4818,343.0,4116.0,66.7
4819,343.0,4116.0,66.6
4820,342.0,4104.0,66.4
4821,340.0,4080.0,66.3
4822,342.0,4104.0,66.5
4823,336.0,4032.0,66.7
4824,336.0,4032.0,66.5
4825,340.0,4080.0,66.6
4826,340.0,4080.0,66.6
4827,340.0,4080.0,66.4
4828,354.0,4248.0,66.1
4829,329.0,3948.0,66.5
4830,361.0,4332.0,66.4
4831,332.0,3984.0,66.3
4832,326.0,3912.0,66.3
4833,324.0,3888.0,66.2
4834,320.0,3840.0,66.2
4835,317.0,3804.0,66.3
4836,316.0,3792.0,66.1
4837,313.0,3756.0,66.1
4838,320.0,3840.0,65.9
4839,320.0,3840.0,65.7
4840,323.0,3876.0,65.7
4841,316.0,3792.0,65.5
4842,313.0,3756.0,65.2
4843,306.0,3672.0,65.0
4844,310.0,3720.0,64.7
4845,320.0,3840.0,64.5
4846,308.0,3696.0,64.3
4847,309.0,3708.0,64.2
4848,306.0,3672.0,63.9
4849,304.0,3648.0,64.1
4850,313.0,3756.0,64.3
4851,306.0,3672.0,64.0
4852,310.0,3720.0,64.4
4853,308.0,3696.0,63.9
4854,297.0,3564.0,63.9
4855,297.0,3564.0,64.1
4856,297.0,3564.0,63.9
4857,287.0,3444.0,64.5
4858,281.0,3372.0,64.4
4859,278.0,3336.0,64.6
4860,274.0,3288.0,66.5
4861,274.0,3288.0,67.3
4862,270.0,3240.0,67.8
4863,268.0,3216.0,68.1
4864,280.0,3360.0,68.4
4865,267.0,3204.0,68.3
4866,253.0,3036.0,68.6
4867,251.0,3012.0,68.6
4868,245.0,2940.0,68.6
4869,246.0,2952.0,68.6
4870,236.0,2832.0,68.8
4871,238.0,2856.0,69.0
4872,227.0,2724.0,68.7
4873,221.0,2652.0,68.6
4874,220.0,2640.0,68.6
4875,211.0,2532.0,68.6
4876,206.0,2472.0,68.5
4877,196.0,2352.0,68.7
4878,197.0,2364.0,68.4
4879,181.0,2172.0,68.5
4880,189.0,2268.0,68.7
4881,171.0,2052.0,68.4
4882,162.0,1944.0,68.7
4883,161.0,1932.0,68.8
4884,144.0,1728.0,68.7
4885,146.0,1752.0,68.5
4886,141.0,1692.0,68.6
4887,137.0,1644.0,68.5
4888,144.0,1728.0,68.3
4889,135.0,1620.0,68.7
4890,125.0,1500.0,68.7
4891,116.0,1392.0,68.6
4892,114.0,1368.0,68.8
4893,113.0,1356.0,68.5
4894,105.0,1260.0,68.1
4895,102.0,1224.0,68.3
4896,91.0,1092.0,69.5
4897,89.0,1068.0,68.9
4898,90.0,1080.0,68.7
4899,82.0,984.0,68.9
4900,85.0,1020.0,68.4
4901,79.0,948.0,68.5
4902,74.0,888.0,68.7
4903,69.0,828.0,68.7
4904,65.0,780.0,68.3
4905,69.0,828.0,68.2
4906,62.0,744.0,68.0
4907,58.0,696.0,68.0
4908,56.0,672.0,68.5
4909,59.0,708.0,68.5
4910,60.0,720.0,68.6
4911,53.0,636.0,68.4
4912,53.0,636.0,68.4
4913,52.0,624.0,68.0
4914,47.0,564.0,68.0
4915,56.0,672.0,68.0
4916,46.0,552.0,67.8
4917,46.0,552.0,67.9
4918,49.0,588.0,67.7
4919,44.0,528.0,67.9
4920,46.0,552.0,67.8
4921,45.0,540.0,67.7
4922,44.0,528.0,67.9
4923,45.0,540.0,67.9
4924,44.0,528.0,67.9
4925,45.0,540.0,67.8
4926,44.0,528.0,67.9
4927,44.0,528.0,67.7
4928,45.0,540.0,67.7
4929,45.0,540.0,67.7
4930,44.0,528.0,67.8
4931,46.0,552.0,67.3
4932,46.0,552.0,67.7
4933,45.0,540.0,67.4
4934,49.0,588.0,67.6
4935,47.0,564.0,67.8
4936,53.0,636.0,67.6
4937,56.0,672.0,67.6
4938,59.0,708.0,67.8
4939,65.0,780.0,67.8
4940,71.0,852.0,68.1
4941,76.0,912.0,67.7
4942,72.0,864.0,67.8
4943,72.0,864.0,67.6
4944,74.0,888.0,67.7
4945,76.0,912.0,68.0
4946,86.0,1032.0,68.0
4947,95.0,1140.0,67.9
4948,110.0,1320.0,68.1
4949,114.0,1368.0,67.9
4950,128.0,1536.0,68.3
4951,146.0,1752.0,68.5
4952,155.0,1860.0,68.7
4953,174.0,2088.0,69.2
4954,162.0,1944.0,68.8
4955,162.0,1944.0,68.6
4956,177.0,2124.0,68.7
4957,188.0,2256.0,68.5
4958,202.0,2424.0,68.6
4959,230.0,2760.0,68.7
4960,241.0,2892.0,69.5
4961,244.0,2928.0,69.6
4962,283.0,3396.0,69.3
4963,291.0,3492.0,69.2
4964,310.0,3720.0,69.5
4965,323.0,3876.0,69.7
4966,313.0,3756.0,69.6
4967,297.0,3564.0,69.3
4968,293.0,3516.0,66.2
4969,299.0,3588.0,65.0
4970,320.0,3840.0,64.9
4971,339.0,4068.0,64.9
4972,350.0,4200.0,64.9
4973,329.0,3948.0,64.9
4974,320.0,3840.0,64.9
4975,310.0,3720.0,64.9
4976,309.0,3708.0,65.1
4977,357.0,4284.0,65.0
4978,329.0,3948.0,64.9
4979,343.0,4116.0,64.8
4980,316.0,3792.0,64.9
4981,340.0,4080.0,64.8
4982,342.0,4104.0,65.0
4983,329.0,3948.0,64.9
4984,355.0,4260.0,64.9
4985,369.0,4428.0,64.9
4986,317.0,3804.0,64.9
4987,388.0,4656.0,64.7
4988,400.0,4800.0,64.6
4989,378.0,4536.0,64.3
4990,354.0,4248.0,64.2
4991,400.0,4800.0,64.4
4992,373.0,4476.0,64.3
4993,364.0,4368.0,64.5
4994,385.0,4620.0,64.5
4995,383.0,4596.0,64.6
4996,376.0,4512.0,64.3
4997,376.0,4512.0,64.1
4998,376.0,4512.0,64.3
4999,377.0,4524.0,64.1
5000,380.0,4560.0,64.0
5001,380.0,4560.0,64.0
5002,373.0,4476.0,63.8
5003,361.0,4332.0,64.0
5004,350.0,4200.0,63.7
5005,343.0,4116.0,63.8
5006,346.0,4152.0,63.1
5007,355.0,4260.0,62.9
5008,350.0,4200.0,63.1
5009,357.0,4284.0,63.3
5010,348.0,4176.0,62.8
5011,354.0,4248.0,63.2
5012,358.0,4296.0,62.9
5013,355.0,4260.0,63.0
5014,353.0,4236.0,62.4
5015,348.0,4176.0,62.6
5016,343.0,4116.0,62.7
5017,340.0,4080.0,62.8
5018,348.0,4176.0,62.8
5019,348.0,4176.0,62.1
5020,352.0,4224.0,62.1
5021,355.0,4260.0,62.0
5022,352.0,4224.0,62.1
5023,359.0,4308.0,62.6
5024,360.0,4320.0,62.2
5025,358.0,4296.0,62.3
5026,353.0,4236.0,62.7
5027,350.0,4200.0,62.2
5028,347.0,4164.0,62.4
5029,354.0,4248.0,62.5
5030,366.0,4392.0,61.8
5031,359.0,4308.0,62.1
5032,362.0,4344.0,62.3
5033,357.0,4284.0,62.4
5034,361.0,4332.0,62.7
5035,359.0,4308.0,62.0
5036,363.0,4356.0,62.1
5037,361.0,4332.0,62.0
5038,362.0,4344.0,62.5
5039,359.0,4308.0,62.2
5040,359.0,4308.0,62.8
5041,359.0,4308.0,62.6
5042,368.0,4416.0,62.6
5043,366.0,4392.0,62.5
5044,364.0,4368.0,62.9
5045,364.0,4368.0,63.1
5046,366.0,4392.0,62.7
5047,376.0,4512.0,62.5
5048,377.0,4524.0,62.6
5049,376.0,4512.0,62.7
5050,370.0,4440.0,62.5
5051,372.0,4464.0,62.3
5052,361.0,4332.0,62.4
5053,373.0,4476.0,62.6
5054,370.0,4440.0,62.5
5055,380.0,4560.0,62.9
5056,383.0,4596.0,62.7
5057,385.0,4620.0,62.5
5058,380.0,4560.0,62.5
5059,383.0,4596.0,62.8
5060,388.0,4656.0,62.7
5061,389.0,4668.0,62.9
5062,383.0,4596.0,63.2
5063,383.0,4596.0,63.5
5064,383.0,4596.0,63.3
5065,385.0,4620.0,63.6
5066,399.0,4788.0,63.2
5067,402.0,4824.0,63.3
5068,403.0,4836.0,63.2
5069,422.0,5064.0,63.3
5070,407.0,4884.0,62.8
5071,412.0,4944.0,62.8
5072,422.0,5064.0,63.1
5073,440.0,5280.0,63.1
5074,438.0,5256.0,62.9
5075,443.0,5316.0,63.1
5076,471.0,5652.0,62.3
5077,440.0,5280.0,62.1
5078,441.0,5292.0,62.5
5079,441.0,5292.0,62.8
5080,453.0,5436.0,62.6
5081,452.0,5424.0,62.8
5082,442.0,5304.0,62.6
5083,426.0,5112.0,62.7
5084,433.0,5196.0,62.3
5085,443.0,5316.0,62.3
5086,435.0,5220.0,62.0
5087,440.0,5280.0,62.4
5088,441.0,5292.0,61.9
5089,441.0,5292.0,62.2
5090,435.0,5220.0,62.5
5091,435.0,5220.0,62.9
5092,423.0,5076.0,63.2
5093,419.0,5028.0,60.9
5094,410.0,4920.0,62.2
5095,412.0,4944.0,62.2
5096,429.0,5148.0,62.3
5097,438.0,5256.0,62.5
5098,431.0,5172.0,62.3
5099,422.0,5064.0,63.2
5100,425.0,5100.0,62.5
5101,436.0,5232.0,63.7
5102,455.0,5460.0,63.8
5103,449.0,5388.0,63.1
5104,445.0,5340.0,63.0
5105,431.0,5172.0,63.1
5106,441.0,5292.0,63.4
5107,461.0,5532.0,63.5
5108,455.0,5460.0,64.1
5109,441.0,5292.0,64.6
5110,432.0,5184.0,65.3
5111,435.0,5220.0,65.6
5112,419.0,5028.0,65.8
5113,399.0,4788.0,65.9
5114,406.0,4872.0,65.8
5115,399.0,4788.0,66.4
5116,397.0,4764.0,66.6
5117,403.0,4836.0,66.8
5118,395.0,4740.0,67.0
5119,343.0,4116.0,67.2
5120,338.0,4056.0,67.3
5121,321.0,3852.0,67.3
5122,347.0,4164.0,67.8
5123,327.0,3924.0,68.0
5124,306.0,3672.0,68.0
5125,317.0,3804.0,68.3
5126,321.0,3852.0,68.3
5127,327.0,3924.0,68.1
5128,304.0,3648.0,68.2
5129,297.0,3564.0,68.2
5130,297.0,3564.0,67.8
5131,287.0,3444.0,67.7
5132,278.0,3336.0,67.3
5133,291.0,3492.0,67.1
5134,267.0,3204.0,66.9
5135,274.0,3288.0,67.0
5136,258.0,3096.0,67.1
5137,253.0,3036.0,67.0
5138,264.0,3168.0,67.0
5139,252.0,3024.0,67.2
5140,269.0,3228.0,66.9
5141,261.0,3132.0,66.8
5142,245.0,2940.0,67.2
5143,246.0,2952.0,66.7
5144,252.0,3024.0,67.1
5145,232.0,2784.0,67.1
5146,251.0,3012.0,67.0
5147,234.0,2808.0,67.3
5148,230.0,2760.0,67.9
5149,214.0,2568.0,68.1
5150,224.0,2688.0,68.4
5151,225.0,2700.0,68.9
5152,234.0,2808.0,69.0
5153,230.0,2760.0,68.9
5154,234.0,2808.0,68.6
5155,218.0,2616.0,68.7
5156,218.0,2616.0,68.9
5157,204.0,2448.0,69.1
5158,211.0,2532.0,68.9
5159,199.0,2388.0,68.9
5160,196.0,2352.0,69.1
5161,201.0,2412.0,68.8
5162,196.0,2352.0,68.7
5163,204.0,2448.0,68.9
5164,192.0,2304.0,68.4
5165,184.0,2208.0,68.6
5166,158.0,1896.0,68.6
5167,167.0,2004.0,68.4
5168,161.0,1932.0,68.9
5169,156.0,1872.0,68.8
5170,144.0,1728.0,68.3
5171,142.0,1704.0,68.1
5172,139.0,1668.0,68.4
5173,139.0,1668.0,68.5
5174,148.0,1776.0,68.5
5175,135.0,1620.0,68.5
5176,149.0,1788.0,68.3
5177,141.0,1692.0,68.3
5178,119.0,1428.0,68.5
5179,116.0,1392.0,68.4
5180,123.0,1476.0,67.8
5181,110.0,1320.0,68.1
5182,116.0,1392.0,67.9
5183,99.0,1188.0,67.8
5184,95.0,1140.0,68.9
5185,95.0,1140.0,69.0
5186,97.0,1164.0,68.7
5187,95.0,1140.0,68.5
5188,88.0,1056.0,68.2
5189,88.0,1056.0,68.2
5190,82.0,984.0,68.1
5191,75.0,900.0,67.9
5192,74.0,888.0,68.1
5193,74.0,888.0,68.1
5194,76.0,912.0,67.2
5195,69.0,828.0,67.0
5196,65.0,780.0,67.4
5197,67.0,804.0,68.0
5198,62.0,744.0,68.1
5199,63.0,756.0,68.2
5200,62.0,744.0,67.5
5201,56.0,672.0,67.5
5202,59.0,708.0,67.9
5203,61.0,732.0,67.2
5204,59.0,708.0,67.2
5205,53.0,636.0,67.2
5206,56.0,672.0,67.1
5207,59.0,708.0,67.5
5208,50.0,600.0,67.6
5209,49.0,588.0,67.2
5210,56.0,672.0,67.4
5211,60.0,720.0,67.1
5212,65.0,780.0,67.2
5213,61.0,732.0,67.5
5214,56.0,672.0,67.1
5215,53.0,636.0,67.1
5216,50.0,600.0,67.1
5217,52.0,624.0,67.3
5218,52.0,624.0,67.2
5219,52.0,624.0,67.1
5220,56.0,672.0,66.9
5221,52.0,624.0,66.6
5222,60.0,720.0,66.9
5223,61.0,732.0,67.0
5224,58.0,696.0,67.1
5225,60.0,720.0,67.0
5226,63.0,756.0,67.3
5227,69.0,828.0,67.6
5228,74.0,888.0,67.9
5229,82.0,984.0,67.9
5230,79.0,948.0,67.9
5231,74.0,888.0,67.8
5232,79.0,948.0,67.2
5233,75.0,900.0,67.1
5234,88.0,1056.0,67.4
5235,95.0,1140.0,67.5
5236,106.0,1272.0,67.5
5237,118.0,1416.0,68.1
5238,132.0,1584.0,67.8
5239,149.0,1788.0,68.1
5240,166.0,1992.0,68.7
5241,174.0,2088.0,68.3
5242,167.0,2004.0,68.9
5243,167.0,2004.0,68.4
5244,178.0,2136.0,68.4
5245,192.0,2304.0,68.5
5246,216.0,2592.0,68.5
5247,238.0,2856.0,68.5
5248,258.0,3096.0,69.4
5249,268.0,3216.0,68.9
5250,290.0,3480.0,68.6
5251,309.0,3708.0,68.4
5252,326.0,3912.0,68.9
5253,342.0,4104.0,69.4
5254,336.0,4032.0,69.4
5255,308.0,3696.0,69.0
5256,301.0,3612.0,66.5
5257,310.0,3720.0,65.3
5258,324.0,3888.0,64.9
5259,342.0,4104.0,64.7
5260,276.0,3312.0,64.4
5261,278.0,3336.0,64.4
5262,286.0,3432.0,64.5
5263,260.0,3120.0,64.5
5264,283.0,3396.0,64.6
5265,296.0,3552.0,64.5
5266,320.0,3840.0,64.7
5267,342.0,4104.0,64.9
5268,339.0,4068.0,64.8
5269,326.0,3912.0,64.8
5270,343.0,4116.0,64.7
5271,317.0,3804.0,65.0
5272,306.0,3672.0,64.8
5273,290.0,3480.0,64.9
5274,280.0,3360.0,64.9
5275,338.0,4056.0,64.6
5276,380.0,4560.0,64.3
5277,364.0,4368.0,64.1
5278,359.0,4308.0,63.9
5279,343.0,4116.0,64.0
5280,317.0,3804.0,64.2
5281,378.0,4536.0,64.1
5282,377.0,4524.0,64.0
5283,336.0,4032.0,64.5
5284,352.0,4224.0,64.1
5285,378.0,4536.0,64.2
5286,378.0,4536.0,64.3
5287,380.0,4560.0,64.6
5288,380.0,4560.0,64.1
5289,383.0,4596.0,64.2
5290,376.0,4512.0,64.4
5291,364.0,4368.0,64.1
5292,358.0,4296.0,63.6
5293,348.0,4176.0,63.3
5294,354.0,4248.0,63.3
5295,354.0,4248.0,63.1
5296,352.0,4224.0,62.9
5297,354.0,4248.0,63.0
5298,348.0,4176.0,63.0
5299,350.0,4200.0,63.2
5300,353.0,4236.0,63.2
5301,355.0,4260.0,62.9
5302,346.0,4152.0,62.8
5303,340.0,4080.0,62.6
5304,330.0,3960.0,62.8
5305,332.0,3984.0,62.8
5306,336.0,4032.0,62.9
5307,342.0,4104.0,63.4
5308,334.0,4008.0,63.0
5309,336.0,4032.0,62.8
5310,339.0,4068.0,62.5
5311,343.0,4116.0,62.6
5312,347.0,4164.0,62.5
5313,343.0,4116.0,62.7
5314,343.0,4116.0,62.5
5315,336.0,4032.0,62.4
5316,329.0,3948.0,62.3
5317,340.0,4080.0,62.4
5318,343.0,4116.0,62.3
5319,350.0,4200.0,62.4
5320,347.0,4164.0,62.6
5321,347.0,4164.0,62.8
5322,342.0,4104.0,62.5
5323,354.0,4248.0,63.0
5324,358.0,4296.0,62.8
5325,355.0,4260.0,62.6
5326,347.0,4164.0,63.0
5327,346.0,4152.0,62.9
5328,343.0,4116.0,62.7
5329,346.0,4152.0,62.7
5330,354.0,4248.0,62.8
5331,355.0,4260.0,62.8
5332,353.0,4236.0,63.0
5333,354.0,4248.0,62.9
5334,359.0,4308.0,62.7
5335,360.0,4320.0,62.8
5336,355.0,4260.0,63.3
5337,354.0,4248.0,62.9
5338,352.0,4224.0,63.0
5339,354.0,4248.0,63.3
5340,346.0,4152.0,62.8
5341,343.0,4116.0,62.7
5342,355.0,4260.0,63.7
5343,362.0,4344.0,63.7
5344,358.0,4296.0,63.6
5345,363.0,4356.0,63.3
5346,360.0,4320.0,63.0
5347,366.0,4392.0,63.3
5348,369.0,4428.0,62.8
5349,376.0,4512.0,62.8
5350,376.0,4512.0,62.6
5351,376.0,4512.0,62.7
5352,376.0,4512.0,62.7
5353,378.0,4536.0,62.6
5354,385.0,4620.0,62.9
5355,395.0,4740.0,62.9
5356,396.0,4752.0,63.0
5357,402.0,4824.0,62.8
5358,402.0,4824.0,62.9
5359,410.0,4920.0,62.8
5360,417.0,5004.0,62.9
5361,436.0,5232.0,63.4
5362,459.0,5508.0,63.2
5363,466.0,5592.0,62.8
5364,469.0,5628.0,62.7
5365,468.0,5616.0,62.5
5366,452.0,5424.0,62.2
5367,468.0,5616.0,62.5
5368,479.0,5748.0,62.3
5369,463.0,5556.0,61.9
5370,471.0,5652.0,62.3
5371,459.0,5508.0,61.7
5372,445.0,5340.0,61.7
5373,432.0,5184.0,60.7
5374,455.0,5460.0,61.4
5375,442.0,5304.0,61.7
5376,434.0,5208.0,62.1
5377,453.0,5436.0,62.6
5378,449.0,5388.0,62.9
5379,426.0,5112.0,63.1
5380,427.0,5124.0,63.0
5381,445.0,5340.0,63.2
5382,427.0,5124.0,63.5
5383,413.0,4956.0,63.7
5384,440.0,5280.0,63.1
5385,425.0,5100.0,61.2
5386,449.0,5388.0,61.8
5387,432.0,5184.0,61.7
5388,426.0,5112.0,61.8
5389,438.0,5256.0,62.9
5390,461.0,5532.0,62.9
5391,442.0,5304.0,62.7
5392,459.0,5508.0,62.2
5393,464.0,5568.0,61.6
5394,449.0,5388.0,60.7
5395,448.0,5376.0,60.4
5396,438.0,5256.0,62.2
5397,438.0,5256.0,64.5
5398,432.0,5184.0,65.2
5399,459.0,5508.0,65.6
5400,431.0,5172.0,65.6
5401,396.0,4752.0,65.9
5402,380.0,4560.0,66.1
5403,392.0,4704.0,66.6
5404,380.0,4560.0,66.9
5405,385.0,4620.0,67.1
5406,352.0,4224.0,67.1
5407,336.0,4032.0,67.2
5408,364.0,4368.0,67.3
5409,350.0,4200.0,67.5
5410,340.0,4080.0,67.6
5411,320.0,3840.0,68.1
5412,309.0,3708.0,67.3
5413,313.0,3756.0,67.5
5414,317.0,3804.0,67.9
5415,326.0,3912.0,67.8
5416,320.0,3840.0,68.0
5417,313.0,3756.0,68.2
5418,310.0,3720.0,68.1
5419,293.0,3516.0,67.7
5420,297.0,3564.0,67.6
5421,293.0,3516.0,67.2
5422,296.0,3552.0,66.9
5423,290.0,3480.0,66.7
5424,278.0,3336.0,66.7
5425,287.0,3444.0,66.9
5426,278.0,3336.0,67.0
5427,263.0,3156.0,66.8
5428,275.0,3300.0,67.1
5429,278.0,3336.0,67.0
5430,271.0,3252.0,66.9
5431,258.0,3096.0,66.9
5432,258.0,3096.0,67.0
5433,241.0,2892.0,67.1
5434,254.0,3048.0,67.2
5435,231.0,2772.0,67.2
5436,241.0,2892.0,67.9
5437,241.0,2892.0,68.1
5438,227.0,2724.0,68.3
5439,244.0,2928.0,68.6
5440,238.0,2856.0,68.5
5441,248.0,2976.0,68.7
5442,223.0,2676.0,68.7
5443,216.0,2592.0,68.4
5444,218.0,2616.0,68.4
5445,234.0,2808.0,68.2
5446,208.0,2496.0,68.4
5447,216.0,2592.0,68.0
5448,204.0,2448.0,68.0
5449,214.0,2568.0,68.3
5450,197.0,2364.0,68.2
5451,215.0,2580.0,68.3
5452,200.0,2400.0,68.7
5453,186.0,2232.0,68.7
5454,169.0,2028.0,68.8
5455,174.0,2088.0,68.4
5456,169.0,2028.0,68.4
5457,166.0,1992.0,68.4
5458,165.0,1980.0,68.2
5459,142.0,1704.0,68.1
5460,139.0,1668.0,68.2
5461,144.0,1728.0,68.3
5462,152.0,1824.0,68.3
5463,144.0,1728.0,68.6
5464,144.0,1728.0,68.5
5465,127.0,1524.0,68.7
5466,125.0,1500.0,68.7
5467,119.0,1428.0,68.4
5468,116.0,1392.0,68.3
5469,118.0,1416.0,68.1
5470,112.0,1344.0,68.0
5471,102.0,1224.0,68.2
5472,95.0,1140.0,68.8
5473,97.0,1164.0,68.6
5474,105.0,1260.0,68.8
5475,105.0,1260.0,68.8
5476,95.0,1140.0,68.0
5477,86.0,1032.0,68.5
5478,79.0,948.0,68.2
5479,72.0,864.0,68.0
5480,75.0,900.0,67.8
5481,76.0,912.0,67.5
5482,69.0,828.0,67.5
5483,69.0,828.0,67.5
5484,65.0,780.0,67.7
5485,63.0,756.0,67.5
5486,69.0,828.0,67.6
5487,72.0,864.0,67.8
5488,71.0,852.0,67.7
5489,60.0,720.0,67.5
5490,62.0,744.0,67.4
5491,53.0,636.0,67.5
5492,64.0,768.0,67.4
5493,63.0,756.0,67.5
5494,63.0,756.0,67.2
5495,58.0,696.0,67.3
5496,56.0,672.0,67.6
5497,61.0,732.0,67.7
5498,62.0,744.0,67.6
5499,62.0,744.0,67.4
5500,60.0,720.0,67.6
5501,53.0,636.0,67.3
5502,49.0,588.0,67.2
5503,53.0,636.0,67.1
5504,50.0,600.0,67.2
5505,56.0,672.0,67.1
5506,56.0,672.0,67.0
5507,49.0,588.0,66.9
5508,49.0,588.0,66.8
5509,49.0,588.0,66.8
5510,56.0,672.0,66.8
5511,60.0,720.0,66.9
5512,59.0,708.0,67.0
5513,60.0,720.0,67.3
5514,62.0,744.0,67.1
5515,67.0,804.0,67.2
5516,75.0,900.0,67.3
5517,76.0,912.0,67.8
5518,75.0,900.0,67.6
5519,76.0,912.0,67.7
5520,76.0,912.0,67.5
5521,83.0,996.0,67.5
5522,95.0,1140.0,67.4
5523,98.0,1176.0,67.6
5524,106.0,1272.0,67.9
5525,122.0,1464.0,67.9
5526,136.0,1632.0,68.1
5527,142.0,1704.0,68.3
5528,169.0,2028.0,68.6
5529,178.0,2136.0,68.4
5530,171.0,2052.0,68.5
5531,165.0,1980.0,68.6
5532,167.0,2004.0,68.3
5533,184.0,2208.0,68.3
5534,218.0,2616.0,68.3
5535,241.0,2892.0,68.8
5536,251.0,3012.0,68.7
5537,267.0,3204.0,68.6
5538,287.0,3444.0,67.8
5539,306.0,3672.0,68.2
5540,329.0,3948.0,68.7
5541,339.0,4068.0,68.5
5542,331.0,3972.0,68.5
5543,308.0,3696.0,68.7
5544,308.0,3696.0,66.3
5545,310.0,3720.0,65.3
5546,316.0,3792.0,64.7
5547,294.0,3528.0,64.5
5548,329.0,3948.0,64.4
5549,309.0,3708.0,64.5
5550,306.0,3672.0,64.5
5551,316.0,3792.0,64.5
5552,368.0,4416.0,64.6
5553,324.0,3888.0,64.7
5554,324.0,3888.0,64.7
5555,359.0,4308.0,64.9
5556,383.0,4596.0,64.9
5557,361.0,4332.0,64.9
5558,327.0,3924.0,64.7
5559,347.0,4164.0,64.7
5560,366.0,4392.0,64.7
5561,297.0,3564.0,64.9
5562,336.0,4032.0,64.7
5563,369.0,4428.0,64.8
5564,396.0,4752.0,64.5
5565,419.0,5028.0,64.4
5566,415.0,4980.0,64.5
5567,390.0,4680.0,64.4
5568,380.0,4560.0,64.5
5569,382.0,4584.0,64.2
5570,385.0,4620.0,64.4
5571,388.0,4656.0,64.2
5572,385.0,4620.0,64.1
5573,380.0,4560.0,64.4
5574,373.0,4476.0,64.1
5575,385.0,4620.0,64.2
5576,383.0,4596.0,64.1
5577,380.0,4560.0,64.0
5578,382.0,4584.0,64.0
5579,366.0,4392.0,64.1
5580,353.0,4236.0,64.1
5581,347.0,4164.0,63.8
5582,350.0,4200.0,63.7
5583,353.0,4236.0,63.6
5584,352.0,4224.0,63.5
5585,354.0,4248.0,63.3
5586,353.0,4236.0,63.3
5587,353.0,4236.0,63.3
5588,358.0,4296.0,63.1
5589,350.0,4200.0,62.7
5590,347.0,4164.0,62.7
5591,339.0,4068.0,62.7
5592,332.0,3984.0,62.5
5593,327.0,3924.0,62.8
5594,336.0,4032.0,62.8
5595,336.0,4032.0,62.4
5596,336.0,4032.0,62.5
5597,339.0,4068.0,62.6
5598,340.0,4080.0,62.7
5599,343.0,4116.0,62.2
5600,347.0,4164.0,62.6
5601,348.0,4176.0,62.4
5602,346.0,4152.0,62.5
5603,340.0,4080.0,61.9
5604,333.0,3996.0,62.6
5605,340.0,4080.0,62.7
5606,350.0,4200.0,62.5
5607,347.0,4164.0,62.4
5608,340.0,4080.0,62.9
5609,340.0,4080.0,63.0
5610,340.0,4080.0,62.3
5611,343.0,4116.0,62.9
5612,343.0,4116.0,62.9
5613,350.0,4200.0,62.3
5614,350.0,4200.0,62.5
5615,346.0,4152.0,62.8
5616,354.0,4248.0,62.7
5617,357.0,4284.0,62.7
5618,358.0,4296.0,62.4
5619,364.0,4368.0,62.7
5620,360.0,4320.0,62.7
5621,361.0,4332.0,63.4
5622,360.0,4320.0,63.0
5623,360.0,4320.0,62.9
5624,369.0,4428.0,62.6
5625,364.0,4368.0,62.8
5626,362.0,4344.0,62.6
5627,366.0,4392.0,62.7
5628,362.0,4344.0,62.8
5629,364.0,4368.0,62.6
5630,366.0,4392.0,62.6
5631,376.0,4512.0,62.9
5632,376.0,4512.0,63.3
5633,383.0,4596.0,63.0
5634,376.0,4512.0,62.9
5635,382.0,4584.0,63.1
5636,387.0,4644.0,62.7
5637,395.0,4740.0,62.8
5638,392.0,4704.0,63.0
5639,390.0,4680.0,63.0
5640,385.0,4620.0,63.0
5641,389.0,4668.0,62.7
5642,397.0,4764.0,63.0
5643,403.0,4836.0,63.1
5644,407.0,4884.0,63.0
5645,411.0,4932.0,63.0
5646,418.0,5016.0,62.9
5647,413.0,4956.0,63.1
5648,425.0,5100.0,63.1
5649,448.0,5376.0,63.1
5650,434.0,5208.0,63.0
5651,429.0,5148.0,63.0
5652,449.0,5388.0,62.2
5653,429.0,5148.0,62.6
5654,432.0,5184.0,62.5
5655,443.0,5316.0,62.3
5656,442.0,5304.0,62.5
5657,447.0,5364.0,62.3
5658,463.0,5556.0,62.2
5659,438.0,5256.0,62.6
5660,431.0,5172.0,62.9
5661,436.0,5232.0,61.1
5662,438.0,5256.0,59.6
5663,443.0,5316.0,59.7
5664,449.0,5388.0,59.9
5665,441.0,5292.0,60.7
5666,465.0,5580.0,61.1
5667,445.0,5340.0,61.3
5668,431.0,5172.0,61.0
5669,441.0,5292.0,59.8
5670,449.0,5388.0,60.4
5671,459.0,5508.0,61.0
5672,443.0,5316.0,62.3
5673,433.0,5196.0,60.9
5674,432.0,5184.0,61.4
5675,425.0,5100.0,61.6
5676,418.0,5016.0,62.1
5677,432.0,5184.0,61.3
5678,445.0,5340.0,61.0
5679,443.0,5316.0,61.2
5680,443.0,5316.0,61.2
5681,436.0,5232.0,61.5
5682,429.0,5148.0,62.2
5683,447.0,5364.0,62.9
5684,445.0,5340.0,63.1
5685,415.0,4980.0,63.4
5686,410.0,4920.0,63.5
5687,434.0,5208.0,64.8
5688,422.0,5064.0,65.3
5689,405.0,4860.0,65.8
5690,419.0,5028.0,65.9
5691,407.0,4884.0,66.1
5692,392.0,4704.0,66.2
5693,407.0,4884.0,66.5
5694,403.0,4836.0,66.5
5695,377.0,4524.0,66.7
5696,354.0,4248.0,66.6
5697,358.0,4296.0,66.6
5698,346.0,4152.0,67.0
5699,327.0,3924.0,66.9
5700,313.0,3756.0,67.0
5701,329.0,3948.0,67.2
5702,330.0,3960.0,67.2
5703,340.0,4080.0,67.4
5704,326.0,3912.0,67.2
5705,330.0,3960.0,67.3
5706,323.0,3876.0,67.2
5707,296.0,3552.0,67.1
5708,294.0,3528.0,66.9
5709,290.0,3480.0,66.9
5710,293.0,3516.0,66.8
5711,300.0,3600.0,66.7
5712,275.0,3300.0,66.9
5713,285.0,3420.0,66.8
5714,287.0,3444.0,67.1
5715,303.0,3636.0,67.1
5716,268.0,3216.0,67.0
5717,269.0,3228.0,66.9
5718,280.0,3360.0,66.9
5719,281.0,3372.0,66.8
5720,254.0,3048.0,67.3
5721,260.0,3120.0,67.2
5722,261.0,3132.0,67.1
5723,264.0,3168.0,67.3
5724,267.0,3204.0,67.8
5725,248.0,2976.0,68.3
5726,246.0,2952.0,68.4
5727,248.0,2976.0,68.1
5728,244.0,2928.0,68.5
5729,254.0,3048.0,68.4
5730,238.0,2856.0,68.3
5731,238.0,2856.0,68.4
5732,234.0,2808.0,68.2
5733,232.0,2784.0,68.4
5734,238.0,2856.0,68.4
5735,218.0,2616.0,68.4
5736,216.0,2592.0,68.4
5737,199.0,2388.0,68.3
5738,208.0,2496.0,68.4
5739,208.0,2496.0,68.7
5740,195.0,2340.0,68.5
5741,195.0,2340.0,68.3
5742,177.0,2124.0,68.1
5743,186.0,2232.0,68.1
5744,178.0,2136.0,68.2
5745,174.0,2088.0,68.2
5746,162.0,1944.0,68.2
5747,156.0,1872.0,68.0
5748,152.0,1824.0,68.2
5749,136.0,1632.0,69.1
5750,153.0,1836.0,68.3
5751,158.0,1896.0,68.3
5752,141.0,1692.0,67.9
5753,141.0,1692.0,67.6
5754,128.0,1536.0,67.8
5755,128.0,1536.0,67.7
5756,131.0,1572.0,67.3
5757,125.0,1500.0,67.7
5758,113.0,1356.0,67.5
5759,113.0,1356.0,67.4
5760,105.0,1260.0,69.2
5761,105.0,1260.0,68.8
5762,106.0,1272.0,68.6
5763,109.0,1308.0,68.6
5764,95.0,1140.0,67.7
5765,82.0,984.0,67.9
5766,91.0,1092.0,67.6
5767,76.0,912.0,67.4
5768,79.0,948.0,67.7
5769,76.0,912.0,67.4
5770,71.0,852.0,67.5
5771,72.0,864.0,67.3
5772,63.0,756.0,67.7
5773,64.0,768.0,67.5
5774,72.0,864.0,67.7
5775,62.0,744.0,67.8
5776,69.0,828.0,67.5
5777,63.0,756.0,67.9
5778,60.0,720.0,67.5
5779,60.0,720.0,67.3
5780,69.0,828.0,67.2
5781,69.0,828.0,67.2
5782,67.0,804.0,67.6
5783,58.0,696.0,67.2
5784,56.0,672.0,67.3
5785,53.0,636.0,67.8
5786,61.0,732.0,67.8
5787,67.0,804.0,68.2
5788,53.0,636.0,67.7
5789,58.0,696.0,67.3
5790,53.0,636.0,67.4
5791,52.0,624.0,67.2
5792,58.0,696.0,67.3
5793,56.0,672.0,67.3
5794,58.0,696.0,66.9
5795,53.0,636.0,66.8
5796,50.0,600.0,66.9
5797,53.0,636.0,67.0
5798,56.0,672.0,67.3
5799,58.0,696.0,67.2
5800,60.0,720.0,67.5
5801,62.0,744.0,67.2
5802,64.0,768.0,67.4
5803,71.0,852.0,67.4
5804,74.0,888.0,67.6
5805,83.0,996.0,67.6
5806,80.0,960.0,67.8
5807,76.0,912.0,67.9
5808,82.0,984.0,67.5
5809,85.0,1020.0,67.2
5810,95.0,1140.0,67.4
5811,98.0,1176.0,67.3
5812,114.0,1368.0,67.7
5813,121.0,1452.0,67.7
5814,132.0,1584.0,67.8
5815,156.0,1872.0,67.8
5816,166.0,1992.0,68.4
5817,171.0,2052.0,68.5
5818,177.0,2124.0,68.5
5819,182.0,2184.0,68.5
5820,176.0,2112.0,68.5
5821,192.0,2304.0,68.4
5822,218.0,2616.0,68.2
5823,248.0,2976.0,68.3
5824,256.0,3072.0,68.3
5825,267.0,3204.0,68.2
5826,290.0,3480.0,68.3
5827,310.0,3720.0,68.7
5828,321.0,3852.0,68.6
5829,332.0,3984.0,68.8
5830,330.0,3960.0,69.5
5831,320.0,3840.0,69.0
5832,313.0,3756.0,67.0
5833,316.0,3792.0,65.6
5834,338.0,4056.0,65.1
5835,353.0,4236.0,64.9
5836,373.0,4476.0,64.9
5837,366.0,4392.0,64.7
5838,368.0,4416.0,64.7
5839,385.0,4620.0,64.7
5840,360.0,4320.0,64.8
5841,300.0,3600.0,64.7
5842,364.0,4368.0,64.9
5843,326.0,3912.0,65.0
5844,372.0,4464.0,64.9
5845,340.0,4080.0,65.1
5846,410.0,4920.0,64.9
5847,370.0,4440.0,65.1
5848,407.0,4884.0,65.0
5849,369.0,4428.0,65.0
5850,403.0,4836.0,64.9
5851,378.0,4536.0,64.6
5852,406.0,4872.0,64.7
5853,412.0,4944.0,64.4
5854,418.0,5016.0,64.5
5855,408.0,4896.0,64.6
5856,387.0,4644.0,64.5
5857,382.0,4584.0,64.3
5858,383.0,4596.0,64.2
5859,390.0,4680.0,64.2
5860,387.0,4644.0,64.2
5861,382.0,4584.0,64.1
5862,376.0,4512.0,64.1
5863,376.0,4512.0,64.1
5864,377.0,4524.0,64.1
5865,383.0,4596.0,63.7
5866,387.0,4644.0,63.7
5867,368.0,4416.0,63.9
5868,355.0,4260.0,63.5
5869,353.0,4236.0,63.6
5870,357.0,4284.0,63.3
5871,358.0,4296.0,63.1
5872,358.0,4296.0,62.8
5873,357.0,4284.0,62.9
5874,352.0,4224.0,62.9
5875,352.0,4224.0,63.1
5876,354.0,4248.0,63.2
5877,358.0,4296.0,62.8
5878,355.0,4260.0,62.9
5879,352.0,4224.0,62.7
5880,343.0,4116.0,62.8
5881,342.0,4104.0,62.4
5882,346.0,4152.0,62.5
5883,350.0,4200.0,62.4
5884,350.0,4200.0,62.4
5885,350.0,4200.0,62.4
5886,350.0,4200.0,62.4
5887,350.0,4200.0,62.4
5888,355.0,4260.0,62.4
5889,355.0,4260.0,62.3
5890,354.0,4248.0,62.5
5891,350.0,4200.0,62.7
5892,346.0,4152.0,62.8
5893,348.0,4176.0,62.3
5894,352.0,4224.0,62.2
5895,358.0,4296.0,62.2
5896,355.0,4260.0,62.4
5897,362.0,4344.0,62.4
5898,362.0,4344.0,62.4
5899,360.0,4320.0,62.4
5900,364.0,4368.0,62.6
5901,363.0,4356.0,62.8
5902,368.0,4416.0,62.5
5903,363.0,4356.0,62.5
5904,355.0,4260.0,62.9
5905,364.0,4368.0,63.0
5906,361.0,4332.0,62.5
5907,366.0,4392.0,62.7
5908,369.0,4428.0,62.7
5909,368.0,4416.0,63.5
5910,366.0,4392.0,63.5
5911,376.0,4512.0,63.4
5912,372.0,4464.0,63.4
5913,376.0,4512.0,62.7
5914,373.0,4476.0,62.9
5915,364.0,4368.0,63.1
5916,369.0,4428.0,62.6
5917,369.0,4428.0,63.4
5918,372.0,4464.0,63.6
5919,377.0,4524.0,63.0
5920,385.0,4620.0,62.7
5921,376.0,4512.0,62.3
5922,376.0,4512.0,62.4
5923,383.0,4596.0,62.7
5924,392.0,4704.0,62.7
5925,399.0,4788.0,62.8
5926,392.0,4704.0,62.6
5927,395.0,4740.0,62.4
5928,392.0,4704.0,62.0
5929,393.0,4716.0,62.2
5930,406.0,4872.0,62.1
5931,410.0,4920.0,62.3
5932,425.0,5100.0,62.3
5933,412.0,4944.0,62.5
5934,412.0,4944.0,62.3
5935,415.0,4980.0,62.4
5936,425.0,5100.0,62.3
5937,443.0,5316.0,61.8
5938,441.0,5292.0,61.3
5939,452.0,5424.0,61.2
5940,452.0,5424.0,60.5
5941,434.0,5208.0,60.0
5942,464.0,5568.0,59.4
5943,449.0,5388.0,59.5
5944,443.0,5316.0,59.2
5945,452.0,5424.0,59.0
5946,422.0,5064.0,58.6
5947,455.0,5460.0,58.6
5948,455.0,5460.0,58.6
5949,441.0,5292.0,57.7
5950,429.0,5148.0,56.3
5951,429.0,5148.0,56.6
5952,441.0,5292.0,54.8
5953,432.0,5184.0,56.2
5954,436.0,5232.0,57.5
5955,436.0,5232.0,56.9
5956,449.0,5388.0,57.2
5957,433.0,5196.0,57.7
5958,442.0,5304.0,57.7
5959,427.0,5124.0,57.7
5960,438.0,5256.0,58.0
5961,441.0,5292.0,58.4
5962,436.0,5232.0,58.4
5963,441.0,5292.0,57.6
5964,429.0,5148.0,58.0
5965,429.0,5148.0,58.4
5966,441.0,5292.0,58.1
5967,441.0,5292.0,57.3
5968,435.0,5220.0,57.0
5969,431.0,5172.0,55.8
5970,438.0,5256.0,57.6
5971,427.0,5124.0,57.7
5972,429.0,5148.0,58.1
5973,449.0,5388.0,58.4
5974,436.0,5232.0,59.1
5975,408.0,4896.0,59.8
5976,411.0,4932.0,61.1
5977,419.0,5028.0,63.8
5978,441.0,5292.0,64.5
5979,417.0,5004.0,65.1
5980,393.0,4716.0,65.5
5981,406.0,4872.0,65.8
5982,412.0,4944.0,66.2
5983,402.0,4824.0,66.5
5984,385.0,4620.0,66.4
5985,396.0,4752.0,66.6
5986,405.0,4860.0,66.8
5987,376.0,4512.0,67.1
5988,350.0,4200.0,67.2
5989,369.0,4428.0,67.5
5990,339.0,4068.0,67.3
5991,355.0,4260.0,67.4
5992,336.0,4032.0,67.5
5993,339.0,4068.0,67.3
5994,332.0,3984.0,67.1
5995,336.0,4032.0,66.8
5996,301.0,3612.0,66.8
5997,320.0,3840.0,66.7
5998,330.0,3960.0,66.6
5999,306.0,3672.0,66.5
6000,327.0,3924.0,66.8
6001,310.0,3720.0,66.7
6002,313.0,3756.0,66.8
6003,326.0,3912.0,67.0
6004,317.0,3804.0,66.7
6005,320.0,3840.0,67.0
6006,310.0,3720.0,66.8
6007,300.0,3600.0,67.1
6008,303.0,3636.0,67.0
6009,293.0,3516.0,67.6
6010,283.0,3396.0,67.7
6011,267.0,3204.0,67.3
6012,267.0,3204.0,68.0
6013,274.0,3288.0,68.1
6014,269.0,3228.0,68.0
6015,286.0,3432.0,68.4
6016,287.0,3444.0,68.5
6017,271.0,3252.0,68.2
6018,285.0,3420.0,68.0
6019,269.0,3228.0,68.5
6020,256.0,3072.0,68.6
6021,244.0,2928.0,68.5
6022,251.0,3012.0,68.6
6023,248.0,2976.0,68.7
6024,228.0,2736.0,68.4
6025,228.0,2736.0,68.9
6026,237.0,2844.0,69.0
6027,224.0,2688.0,68.6
6028,224.0,2688.0,68.5
6029,220.0,2640.0,68.2
6030,214.0,2568.0,68.6
6031,211.0,2532.0,68.7
6032,208.0,2496.0,68.3
6033,186.0,2232.0,68.6
6034,185.0,2220.0,68.2
6035,170.0,2040.0,68.4
6036,169.0,2028.0,68.1
6037,159.0,1908.0,68.5
6038,169.0,2028.0,68.3
6039,156.0,1872.0,68.7
6040,156.0,1872.0,68.4
6041,151.0,1812.0,68.4
6042,146.0,1752.0,68.3
6043,135.0,1620.0,68.1
6044,144.0,1728.0,68.2
6045,141.0,1692.0,68.0
6046,128.0,1536.0,68.3
6047,113.0,1356.0,68.1
6048,114.0,1368.0,69.3
6049,121.0,1452.0,68.6
6050,120.0,1440.0,68.9
6051,113.0,1356.0,68.3
6052,106.0,1272.0,68.0
6053,92.0,1104.0,67.6
6054,90.0,1080.0,67.8
6055,93.0,1116.0,67.9
6056,92.0,1104.0,67.4
6057,85.0,1020.0,67.5
6058,80.0,960.0,67.5
6059,74.0,888.0,68.0
6060,76.0,912.0,68.1
6061,83.0,996.0,68.1
6062,72.0,864.0,67.6
6063,80.0,960.0,68.4
6064,72.0,864.0,68.3
6065,74.0,888.0,67.7
6066,69.0,828.0,67.4
6067,71.0,852.0,67.7
6068,74.0,888.0,67.8
6069,69.0,828.0,67.7
6070,64.0,768.0,67.4
6071,62.0,744.0,67.3
6072,63.0,756.0,67.7
6073,61.0,732.0,67.8
6074,62.0,744.0,67.7
6075,61.0,732.0,68.1
6076,72.0,864.0,67.8
6077,63.0,756.0,67.6
6078,60.0,720.0,67.4
6079,65.0,780.0,67.6
6080,59.0,708.0,67.3
6081,59.0,708.0,67.4
6082,60.0,720.0,67.4
6083,56.0,672.0,67.3
6084,53.0,636.0,67.2
6085,61.0,732.0,66.8
6086,59.0,708.0,67.2
6087,76.0,912.0,67.3
6088,67.0,804.0,67.9
6089,65.0,780.0,67.7
6090,67.0,804.0,67.6
6091,71.0,852.0,67.5
6092,79.0,948.0,67.5
6093,82.0,984.0,67.8
6094,79.0,948.0,67.9
6095,79.0,948.0,67.7
6096,83.0,996.0,67.5
6097,85.0,1020.0,67.5
6098,98.0,1176.0,67.5
6099,106.0,1272.0,67.7
6100,116.0,1392.0,67.8
6101,131.0,1572.0,67.9
6102,139.0,1668.0,68.3
6103,158.0,1896.0,68.1
6104,159.0,1908.0,68.1
6105,182.0,2184.0,68.8
6106,181.0,2172.0,68.6
6107,178.0,2136.0,68.6
6108,181.0,2172.0,68.3
6109,185.0,2220.0,68.4
6110,214.0,2568.0,68.5
6111,230.0,2760.0,68.4
6112,241.0,2892.0,68.5
6113,261.0,3132.0,68.5
6114,274.0,3288.0,68.8
6115,291.0,3492.0,68.4
6116,309.0,3708.0,68.4
6117,324.0,3888.0,68.7
6118,313.0,3756.0,68.8
6119,294.0,3528.0,68.7
6120,296.0,3552.0,66.1
6121,306.0,3672.0,64.9
6122,320.0,3840.0,64.6
6123,340.0,4080.0,64.4
6124,354.0,4248.0,64.1
6125,359.0,4308.0,64.3
6126,369.0,4428.0,64.4
6127,373.0,4476.0,64.4
6128,376.0,4512.0,64.1
6129,399.0,4788.0,64.2
6130,387.0,4644.0,64.2
6131,369.0,4428.0,64.2
6132,363.0,4356.0,64.5
6133,370.0,4440.0,64.1
6134,385.0,4620.0,64.0
6135,396.0,4752.0,64.7
6136,393.0,4716.0,64.2
6137,403.0,4836.0,64.2
6138,411.0,4932.0,64.1
6139,411.0,4932.0,64.1
6140,415.0,4980.0,63.8
6141,411.0,4932.0,64.0
6142,399.0,4788.0,64.0
6143,392.0,4704.0,63.8
6144,376.0,4512.0,63.5
6145,369.0,4428.0,63.9
6146,369.0,4428.0,63.7
6147,376.0,4512.0,63.7
6148,369.0,4428.0,63.9
6149,368.0,4416.0,63.7
6150,364.0,4368.0,63.7
6151,366.0,4392.0,63.6
6152,373.0,4476.0,63.5
6153,373.0,4476.0,63.4
6154,369.0,4428.0,63.3
6155,364.0,4368.0,63.4
6156,350.0,4200.0,63.1
6157,347.0,4164.0,63.0
6158,346.0,4152.0,62.5
6159,350.0,4200.0,62.3
6160,354.0,4248.0,62.4
6161,355.0,4260.0,62.2
6162,359.0,4308.0,62.4
6163,361.0,4332.0,62.3
6164,366.0,4392.0,62.3
6165,369.0,4428.0,62.1
6166,363.0,4356.0,62.1
6167,357.0,4284.0,62.0
6168,352.0,4224.0,61.9
6169,355.0,4260.0,61.9
6170,361.0,4332.0,61.9
6171,369.0,4428.0,61.6
6172,368.0,4416.0,61.9
6173,366.0,4392.0,61.7
6174,361.0,4332.0,61.8
6175,366.0,4392.0,61.7
6176,376.0,4512.0,61.6
6177,376.0,4512.0,61.2
6178,376.0,4512.0,61.4
6179,370.0,4440.0,61.0
6180,370.0,4440.0,61.2
6181,373.0,4476.0,61.2
6182,385.0,4620.0,61.1
6183,376.0,4512.0,61.1
6184,396.0,4752.0,60.9
6185,402.0,4824.0,60.9
6186,380.0,4560.0,61.0
6187,382.0,4584.0,60.5
6188,383.0,4596.0,60.7
6189,378.0,4536.0,60.6
6190,387.0,4644.0,60.8
6191,380.0,4560.0,60.7
6192,385.0,4620.0,61.0
6193,380.0,4560.0,61.3
6194,387.0,4644.0,61.3
6195,392.0,4704.0,61.1
6196,390.0,4680.0,61.1
6197,392.0,4704.0,60.9
6198,385.0,4620.0,61.1
6199,387.0,4644.0,61.1
6200,396.0,4752.0,60.6
6201,392.0,4704.0,59.9
6202,393.0,4716.0,59.4
6203,385.0,4620.0,59.7
6204,389.0,4668.0,60.0
6205,387.0,4644.0,59.6
6206,393.0,4716.0,59.9
6207,402.0,4824.0,59.9
6208,403.0,4836.0,59.8
6209,399.0,4788.0,60.0
6210,399.0,4788.0,60.0
6211,405.0,4860.0,59.8
6212,408.0,4896.0,60.0
6213,408.0,4896.0,59.5
6214,410.0,4920.0,59.8
6215,407.0,4884.0,59.5
6216,399.0,4788.0,59.0
6217,405.0,4860.0,58.5
6218,410.0,4920.0,58.6
6219,410.0,4920.0,58.2
6220,410.0,4920.0,57.8
6221,411.0,4932.0,57.2
6222,411.0,4932.0,57.2
6223,408.0,4896.0,56.3
6224,413.0,4956.0,56.9
6225,419.0,5028.0,56.2
6226,418.0,5016.0,52.5
6227,415.0,4980.0,53.8
6228,411.0,4932.0,53.7
6229,415.0,4980.0,53.0
6230,418.0,5016.0,53.6
6231,422.0,5064.0,53.1
6232,415.0,4980.0,53.2
6233,415.0,4980.0,53.0
6234,412.0,4944.0,50.7
6235,410.0,4920.0,53.3
6236,419.0,5028.0,50.2
6237,418.0,5016.0,47.8
6238,415.0,4980.0,49.3
6239,407.0,4884.0,51.3
6240,406.0,4872.0,53.4
6241,412.0,4944.0,52.8
6242,413.0,4956.0,53.2
6243,415.0,4980.0,53.8
6244,413.0,4956.0,55.4
6245,412.0,4944.0,55.8
6246,399.0,4788.0,56.1
6247,412.0,4944.0,56.2
6248,413.0,4956.0,56.5
6249,417.0,5004.0,56.8
6250,415.0,4980.0,56.9
6251,407.0,4884.0,57.2
6252,402.0,4824.0,57.5
6253,410.0,4920.0,57.7
6254,419.0,5028.0,57.9
6255,425.0,5100.0,58.2
6256,422.0,5064.0,58.0
6257,413.0,4956.0,57.6
6258,410.0,4920.0,57.7
6259,397.0,4764.0,57.7
6260,397.0,4764.0,58.0
6261,396.0,4752.0,58.6
6262,402.0,4824.0,58.6
6263,380.0,4560.0,58.7
6264,393.0,4716.0,59.8
6265,390.0,4680.0,61.5
6266,400.0,4800.0,63.8
6267,393.0,4716.0,64.6
6268,385.0,4620.0,65.4
6269,395.0,4740.0,65.7
6270,370.0,4440.0,65.8
6271,385.0,4620.0,66.0
6272,395.0,4740.0,65.8
6273,389.0,4668.0,66.2
6274,370.0,4440.0,66.6
6275,366.0,4392.0,66.5
6276,378.0,4536.0,66.9
6277,385.0,4620.0,66.9
6278,382.0,4584.0,66.6
6279,380.0,4560.0,67.0
6280,378.0,4536.0,66.8
6281,361.0,4332.0,66.9
6282,353.0,4236.0,66.7
6283,355.0,4260.0,66.6
6284,343.0,4116.0,66.5
6285,359.0,4308.0,66.1
6286,346.0,4152.0,66.2
6287,338.0,4056.0,66.1
6288,346.0,4152.0,66.2
6289,354.0,4248.0,66.2
6290,358.0,4296.0,66.4
6291,321.0,3852.0,66.4
6292,346.0,4152.0,66.4
6293,355.0,4260.0,66.4
6294,339.0,4068.0,66.5
6295,331.0,3972.0,66.6
6296,333.0,3996.0,66.7
6297,306.0,3672.0,66.8
6298,320.0,3840.0,66.9
6299,320.0,3840.0,67.1
6300,302.0,3624.0,67.1
6301,310.0,3720.0,67.3
6302,336.0,4032.0,67.5
6303,320.0,3840.0,67.7
6304,313.0,3756.0,68.2
6305,296.0,3552.0,68.0
6306,294.0,3528.0,67.9
6307,287.0,3444.0,68.0
6308,290.0,3480.0,68.3
6309,294.0,3528.0,68.3
6310,306.0,3672.0,68.4
6311,272.0,3264.0,68.6
6312,261.0,3132.0,68.6
6313,275.0,3300.0,68.7
6314,285.0,3420.0,68.7
6315,278.0,3336.0,68.2
6316,260.0,3120.0,68.3
6317,256.0,3072.0,68.2
6318,248.0,2976.0,68.3
6319,248.0,2976.0,68.4
6320,220.0,2640.0,68.5
6321,230.0,2760.0,68.7
6322,223.0,2676.0,68.7
6323,218.0,2616.0,68.8
6324,202.0,2424.0,68.7
6325,211.0,2532.0,68.4
6326,199.0,2388.0,68.8
6327,196.0,2352.0,68.2
6328,189.0,2268.0,68.2
6329,192.0,2304.0,68.5
6330,192.0,2304.0,68.3
6331,174.0,2088.0,68.3
6332,178.0,2136.0,68.7
6333,185.0,2220.0,68.5
6334,171.0,2052.0,68.6
6335,171.0,2052.0,68.6
6336,158.0,1896.0,68.9
6337,158.0,1896.0,68.5
6338,150.0,1800.0,68.7
6339,165.0,1980.0,68.4
6340,142.0,1704.0,68.1
6341,139.0,1668.0,68.0
6342,125.0,1500.0,68.1
6343,121.0,1452.0,68.0
6344,123.0,1476.0,68.0
6345,119.0,1428.0,68.5
6346,112.0,1344.0,68.2
6347,106.0,1272.0,68.4
6348,109.0,1308.0,68.7
6349,106.0,1272.0,68.4
6350,106.0,1272.0,68.4
6351,105.0,1260.0,68.2
6352,95.0,1140.0,68.2
6353,95.0,1140.0,68.6
6354,91.0,1092.0,68.4
6355,91.0,1092.0,68.3
6356,90.0,1080.0,68.2
6357,86.0,1032.0,68.2
6358,86.0,1032.0,68.7
6359,86.0,1032.0,68.3
6360,90.0,1080.0,68.7
6361,85.0,1020.0,68.6
6362,75.0,900.0,68.5
6363,83.0,996.0,68.3
6364,83.0,996.0,68.2
6365,72.0,864.0,68.6
6366,75.0,900.0,68.4
6367,72.0,864.0,67.8
6368,76.0,912.0,68.1
6369,71.0,852.0,67.8
6370,67.0,804.0,68.0
6371,69.0,828.0,67.8
6372,67.0,804.0,68.2
6373,67.0,804.0,68.2
6374,64.0,768.0,68.1
6375,69.0,828.0,67.8
6376,72.0,864.0,68.0
6377,72.0,864.0,67.9
6378,65.0,780.0,67.8
6379,65.0,780.0,68.0
6380,61.0,732.0,68.0
6381,65.0,780.0,67.8
6382,79.0,948.0,68.0
6383,67.0,804.0,67.9
6384,64.0,768.0,68.0
6385,63.0,756.0,67.8
6386,69.0,828.0,67.7
6387,69.0,828.0,67.5
6388,67.0,804.0,67.9
6389,72.0,864.0,67.9
6390,72.0,864.0,68.1
6391,79.0,948.0,68.1
6392,85.0,1020.0,68.2
6393,86.0,1032.0,68.3
6394,88.0,1056.0,68.1
6395,97.0,1164.0,68.0
6396,85.0,1020.0,67.9
6397,89.0,1068.0,68.2
6398,95.0,1140.0,67.8
6399,118.0,1416.0,67.8
6400,132.0,1584.0,67.9
6401,118.0,1416.0,68.1
6402,125.0,1500.0,68.0
6403,131.0,1572.0,68.3
6404,142.0,1704.0,68.3
6405,167.0,2004.0,68.5
6406,158.0,1896.0,68.6
6407,169.0,2028.0,68.7
6408,174.0,2088.0,67.8
6409,188.0,2256.0,67.4
6410,194.0,2328.0,67.1
6411,194.0,2328.0,67.0
6412,222.0,2664.0,67.4
6413,204.0,2448.0,67.2
6414,216.0,2592.0,67.3
6415,218.0,2616.0,67.5
6416,214.0,2568.0,67.8
6417,230.0,2760.0,67.8
6418,248.0,2976.0,68.1
6419,245.0,2940.0,67.9
6420,257.0,3084.0,67.3
6421,258.0,3096.0,66.4
6422,263.0,3156.0,66.1
6423,254.0,3048.0,65.7
6424,282.0,3384.0,65.8
6425,297.0,3564.0,65.7
6426,291.0,3492.0,65.9
6427,296.0,3552.0,65.8
6428,297.0,3564.0,66.1
6429,296.0,3552.0,65.9
6430,306.0,3672.0,65.8
6431,340.0,4080.0,65.8
6432,294.0,3528.0,65.6
6433,303.0,3636.0,65.7
6434,303.0,3636.0,65.6
6435,324.0,3888.0,65.2
6436,313.0,3756.0,65.5
6437,340.0,4080.0,65.8
6438,323.0,3876.0,65.7
6439,343.0,4116.0,65.6
6440,323.0,3876.0,65.8
6441,330.0,3960.0,65.6
6442,330.0,3960.0,65.4
6443,327.0,3924.0,65.9
6444,317.0,3804.0,66.0
6445,316.0,3792.0,65.6
6446,323.0,3876.0,65.5
6447,331.0,3972.0,65.3
6448,333.0,3996.0,65.4
6449,338.0,4056.0,65.2
6450,342.0,4104.0,65.3
6451,346.0,4152.0,65.4
6452,355.0,4260.0,64.8
6453,359.0,4308.0,64.9
6454,355.0,4260.0,65.0
6455,347.0,4164.0,65.0
6456,346.0,4152.0,65.1
6457,336.0,4032.0,65.0
6458,347.0,4164.0,64.9
6459,350.0,4200.0,64.8
6460,355.0,4260.0,64.9
6461,360.0,4320.0,64.8
6462,366.0,4392.0,64.7
6463,369.0,4428.0,64.6
6464,373.0,4476.0,64.4
6465,372.0,4464.0,64.5
6466,369.0,4428.0,64.5
6467,369.0,4428.0,64.4
6468,376.0,4512.0,64.1
6469,376.0,4512.0,64.5
6470,376.0,4512.0,64.6
6471,376.0,4512.0,64.7
6472,378.0,4536.0,64.6
6473,378.0,4536.0,65.1
6474,380.0,4560.0,65.0
6475,376.0,4512.0,64.9
6476,382.0,4584.0,64.8
6477,383.0,4596.0,64.9
6478,380.0,4560.0,64.9
6479,383.0,4596.0,64.9
6480,383.0,4596.0,65.1
6481,385.0,4620.0,65.1
6482,390.0,4680.0,65.2
6483,393.0,4716.0,64.6
6484,390.0,4680.0,64.6
6485,388.0,4656.0,64.7
6486,389.0,4668.0,64.7
6487,392.0,4704.0,64.8
6488,388.0,4656.0,64.2
6489,388.0,4656.0,64.9
6490,392.0,4704.0,64.8
6491,385.0,4620.0,64.9
6492,388.0,4656.0,65.1
6493,385.0,4620.0,65.1
6494,393.0,4716.0,65.3
6495,393.0,4716.0,64.8
6496,392.0,4704.0,65.1
6497,393.0,4716.0,65.3
6498,393.0,4716.0,65.3
6499,392.0,4704.0,65.2
6500,396.0,4752.0,65.2
6501,396.0,4752.0,65.1
6502,388.0,4656.0,65.3
6503,385.0,4620.0,65.1
6504,385.0,4620.0,65.2
6505,383.0,4596.0,65.4
6506,385.0,4620.0,65.5
6507,389.0,4668.0,65.2
6508,393.0,4716.0,65.4
6509,392.0,4704.0,65.4
6510,392.0,4704.0,65.4
6511,383.0,4596.0,65.6
6512,393.0,4716.0,65.5
6513,392.0,4704.0,65.6
6514,395.0,4740.0,65.6
6515,396.0,4752.0,65.3
6516,383.0,4596.0,65.5
6517,387.0,4644.0,65.6
6518,392.0,4704.0,65.7
6519,396.0,4752.0,65.6
6520,393.0,4716.0,65.4
6521,393.0,4716.0,65.6
6522,387.0,4644.0,65.7
6523,387.0,4644.0,65.8
6524,390.0,4680.0,65.7
6525,393.0,4716.0,65.7
6526,390.0,4680.0,66.1
6527,385.0,4620.0,65.8
6528,376.0,4512.0,65.8
6529,380.0,4560.0,65.8
6530,389.0,4668.0,65.8
6531,392.0,4704.0,65.9
6532,387.0,4644.0,66.0
6533,390.0,4680.0,66.0
6534,390.0,4680.0,66.3
6535,392.0,4704.0,66.2
6536,388.0,4656.0,66.3
6537,392.0,4704.0,66.0
6538,399.0,4788.0,66.0
6539,376.0,4512.0,66.1
6540,377.0,4524.0,66.2
6541,377.0,4524.0,66.2
6542,382.0,4584.0,66.1
6543,377.0,4524.0,66.2
6544,385.0,4620.0,66.7
6545,378.0,4536.0,66.5
6546,376.0,4512.0,66.4
6547,373.0,4476.0,66.4
6548,370.0,4440.0,66.5
6549,369.0,4428.0,66.7
6550,366.0,4392.0,66.7
6551,360.0,4320.0,66.9
6552,357.0,4284.0,66.6
6553,357.0,4284.0,66.7
6554,358.0,4296.0,66.8
6555,357.0,4284.0,67.0
6556,366.0,4392.0,67.0
6557,368.0,4416.0,67.3
6558,350.0,4200.0,67.1
6559,346.0,4152.0,67.2
6560,343.0,4116.0,67.4
6561,336.0,4032.0,67.2
6562,327.0,3924.0,67.0
6563,324.0,3888.0,67.2
6564,338.0,4056.0,67.2
6565,320.0,3840.0,67.2
6566,320.0,3840.0,67.3
6567,317.0,3804.0,67.6
6568,323.0,3876.0,67.4
6569,310.0,3720.0,67.2
6570,301.0,3612.0,67.3
6571,303.0,3636.0,67.2
6572,306.0,3672.0,66.8
6573,310.0,3720.0,66.6
6574,300.0,3600.0,66.5
6575,293.0,3516.0,66.1
6576,293.0,3516.0,66.3
6577,291.0,3492.0,66.3
6578,291.0,3492.0,66.5
6579,296.0,3552.0,66.6
6580,293.0,3516.0,66.6
6581,286.0,3432.0,66.7
6582,278.0,3336.0,66.8
6583,283.0,3396.0,66.8
6584,291.0,3492.0,67.0
6585,283.0,3396.0,67.1
6586,270.0,3240.0,67.1
6587,285.0,3420.0,67.2
6588,278.0,3336.0,67.7
6589,283.0,3396.0,68.3
6590,264.0,3168.0,68.4
6591,281.0,3372.0,68.5
6592,283.0,3396.0,68.6
6593,294.0,3528.0,68.6
6594,281.0,3372.0,68.7
6595,264.0,3168.0,68.6
6596,269.0,3228.0,68.5
6597,257.0,3084.0,68.7
6598,260.0,3120.0,68.6
6599,283.0,3396.0,68.7
6600,252.0,3024.0,68.4
6601,253.0,3036.0,68.2
6602,254.0,3048.0,68.4
6603,246.0,2952.0,68.1
6604,244.0,2928.0,68.4
6605,267.0,3204.0,68.7
6606,263.0,3156.0,68.8
6607,241.0,2892.0,68.8
6608,238.0,2856.0,68.8
6609,227.0,2724.0,69.1
6610,241.0,2892.0,68.9
6611,237.0,2844.0,69.1
6612,230.0,2760.0,68.7
6613,220.0,2640.0,68.5
6614,208.0,2496.0,68.4
6615,211.0,2532.0,68.5
6616,220.0,2640.0,68.3
6617,185.0,2220.0,68.5
6618,186.0,2232.0,68.4
6619,178.0,2136.0,68.5
6620,178.0,2136.0,68.4
6621,169.0,2028.0,68.6
6622,177.0,2124.0,68.3
6623,171.0,2052.0,68.7
6624,150.0,1800.0,68.8
6625,159.0,1908.0,68.6
6626,155.0,1860.0,68.5
6627,144.0,1728.0,68.2
6628,151.0,1812.0,68.4
6629,142.0,1704.0,68.5
6630,125.0,1500.0,68.6
6631,129.0,1548.0,68.6
6632,127.0,1524.0,68.8
6633,114.0,1368.0,68.3
6634,112.0,1344.0,68.6
6635,110.0,1320.0,68.8
6636,105.0,1260.0,68.7
6637,98.0,1176.0,68.5
6638,101.0,1212.0,68.5
6639,101.0,1212.0,68.3
6640,93.0,1116.0,68.3
6641,90.0,1080.0,68.6
6642,82.0,984.0,68.7
6643,83.0,996.0,68.3
6644,79.0,948.0,68.7
6645,76.0,912.0,68.3
6646,79.0,948.0,68.7
6647,76.0,912.0,68.6
6648,75.0,900.0,68.6
6649,75.0,900.0,68.5
6650,74.0,888.0,68.6
6651,71.0,852.0,68.7
6652,69.0,828.0,68.6
6653,63.0,756.0,68.6
6654,62.0,744.0,68.6
6655,62.0,744.0,68.7
6656,60.0,720.0,68.7
6657,56.0,672.0,68.3
6658,56.0,672.0,68.5
6659,53.0,636.0,68.4
6660,50.0,600.0,68.7
6661,52.0,624.0,68.7
6662,50.0,600.0,68.7
6663,53.0,636.0,68.5
6664,49.0,588.0,68.5
6665,47.0,564.0,68.6
6666,46.0,552.0,68.7
6667,46.0,552.0,68.5
6668,45.0,540.0,68.4
6669,45.0,540.0,68.6
6670,42.0,504.0,68.4
6671,41.0,492.0,68.1
6672,42.0,504.0,68.2
6673,42.0,504.0,68.2
6674,42.0,504.0,68.3
6675,42.0,504.0,68.2
6676,42.0,504.0,68.3
6677,44.0,528.0,68.4
6678,44.0,528.0,68.3
6679,49.0,588.0,68.2
6680,49.0,588.0,68.4
6681,50.0,600.0,68.6
6682,49.0,588.0,68.4
6683,50.0,600.0,68.3
6684,47.0,564.0,68.4
6685,50.0,600.0,68.3
6686,52.0,624.0,68.4
6687,56.0,672.0,68.5
6688,58.0,696.0,68.3
6689,60.0,720.0,68.3
6690,62.0,744.0,68.1
6691,67.0,804.0,68.5
6692,72.0,864.0,68.3
6693,72.0,864.0,68.2
6694,72.0,864.0,68.3
6695,86.0,1032.0,68.4
6696,72.0,864.0,68.1
6697,79.0,948.0,68.3
6698,82.0,984.0,68.2
6699,88.0,1056.0,68.3
6700,110.0,1320.0,68.4
6701,106.0,1272.0,68.4
6702,101.0,1212.0,68.5
6703,110.0,1320.0,68.9
6704,112.0,1344.0,68.9
6705,122.0,1464.0,68.9
6706,120.0,1440.0,69.0
6707,125.0,1500.0,69.1
6708,129.0,1548.0,68.7
6709,142.0,1704.0,68.8
6710,146.0,1752.0,68.7
6711,156.0,1872.0,68.6
6712,158.0,1896.0,68.5
6713,161.0,1932.0,68.8
6714,152.0,1824.0,68.9
6715,153.0,1836.0,68.8
6716,159.0,1908.0,69.0
6717,169.0,2028.0,68.8
6718,162.0,1944.0,69.0
6719,174.0,2088.0,69.0
6720,169.0,2028.0,68.4
6721,178.0,2136.0,68.1
6722,192.0,2304.0,68.0
6723,214.0,2568.0,68.4
6724,197.0,2364.0,68.2
6725,188.0,2256.0,68.3
6726,206.0,2472.0,68.2
6727,206.0,2472.0,68.3
6728,225.0,2700.0,68.1
6729,221.0,2652.0,68.1
6730,244.0,2928.0,67.9
6731,225.0,2700.0,68.0
6732,230.0,2760.0,67.6
6733,230.0,2760.0,67.7
6734,241.0,2892.0,67.5
6735,250.0,3000.0,67.6
6736,257.0,3084.0,67.4
6737,263.0,3156.0,67.4
6738,269.0,3228.0,67.3
6739,275.0,3300.0,67.4
6740,283.0,3396.0,67.3
6741,290.0,3480.0,67.2
6742,294.0,3528.0,67.2
6743,291.0,3492.0,67.5
6744,291.0,3492.0,66.9
6745,287.0,3444.0,66.9
6746,308.0,3696.0,66.7
6747,302.0,3624.0,66.6
6748,310.0,3720.0,66.6
6749,313.0,3756.0,66.5
6750,317.0,3804.0,66.4
6751,323.0,3876.0,66.6
6752,332.0,3984.0,66.5
6753,334.0,4008.0,66.5
6754,336.0,4032.0,66.5
6755,334.0,4008.0,66.6
6756,331.0,3972.0,66.5
6757,324.0,3888.0,66.2
6758,332.0,3984.0,66.1
6759,340.0,4080.0,66.2
6760,338.0,4056.0,65.9
6761,343.0,4116.0,66.1
6762,354.0,4248.0,65.9
6763,354.0,4248.0,65.9
6764,357.0,4284.0,65.7
6765,358.0,4296.0,65.7
6766,357.0,4284.0,65.7
6767,363.0,4356.0,65.5
6768,363.0,4356.0,65.5
6769,358.0,4296.0,65.7
6770,366.0,4392.0,65.6
6771,366.0,4392.0,65.7
6772,369.0,4428.0,65.3
6773,372.0,4464.0,65.1
6774,377.0,4524.0,65.4
6775,380.0,4560.0,65.0
6776,385.0,4620.0,65.0
6777,383.0,4596.0,65.0
6778,382.0,4584.0,64.9
6779,380.0,4560.0,65.2
6780,377.0,4524.0,65.2
6781,373.0,4476.0,65.2
6782,377.0,4524.0,65.1
6783,380.0,4560.0,65.1
6784,383.0,4596.0,64.8
6785,385.0,4620.0,64.7
6786,380.0,4560.0,64.5
6787,380.0,4560.0,64.7
6788,382.0,4584.0,64.7
6789,382.0,4584.0,64.3
6790,380.0,4560.0,64.8
6791,376.0,4512.0,64.5
6792,369.0,4428.0,64.7
6793,369.0,4428.0,64.8
6794,369.0,4428.0,64.9
6795,373.0,4476.0,65.0
6796,373.0,4476.0,65.1
6797,369.0,4428.0,65.1
6798,369.0,4428.0,64.9
6799,364.0,4368.0,65.0
6800,369.0,4428.0,65.1
6801,369.0,4428.0,65.2
6802,366.0,4392.0,65.1
6803,360.0,4320.0,65.3
6804,366.0,4392.0,65.4
6805,360.0,4320.0,65.3
6806,369.0,4428.0,65.1
6807,366.0,4392.0,65.4
6808,366.0,4392.0,65.0
6809,362.0,4344.0,65.1
6810,373.0,4476.0,65.1
6811,373.0,4476.0,65.1
6812,373.0,4476.0,65.1
6813,370.0,4440.0,65.6
6814,376.0,4512.0,65.4
6815,369.0,4428.0,65.2
6816,363.0,4356.0,65.4
6817,364.0,4368.0,65.3
6818,370.0,4440.0,65.6
6819,368.0,4416.0,65.7
6820,380.0,4560.0,65.2
6821,368.0,4416.0,65.2
6822,366.0,4392.0,65.3
6823,364.0,4368.0,65.6
6824,366.0,4392.0,65.5
6825,362.0,4344.0,65.5
6826,360.0,4320.0,65.6
6827,350.0,4200.0,65.9
6828,348.0,4176.0,65.7
6829,357.0,4284.0,65.9
6830,352.0,4224.0,66.0
6831,355.0,4260.0,65.9
6832,352.0,4224.0,66.5
6833,350.0,4200.0,66.4
6834,343.0,4116.0,66.7
6835,343.0,4116.0,66.6
6836,342.0,4104.0,66.4
6837,340.0,4080.0,66.3
6838,342.0,4104.0,66.5
6839,336.0,4032.0,66.7
6840,336.0,4032.0,66.5
6841,340.0,4080.0,66.6
6842,340.0,4080.0,66.6
6843,340.0,4080.0,66.4
6844,354.0,4248.0,66.1
6845,329.0,3948.0,66.5
6846,361.0,4332.0,66.4
6847,332.0,3984.0,66.3
6848,326.0,3912.0,66.3
6849,324.0,3888.0,66.2
6850,320.0,3840.0,66.2
6851,317.0,3804.0,66.3
6852,316.0,3792.0,66.1
6853,313.0,3756.0,66.1
6854,320.0,3840.0,65.9
6855,320.0,3840.0,65.7
6856,323.0,3876.0,65.7
6857,316.0,3792.0,65.5
6858,313.0,3756.0,65.2
6859,306.0,3672.0,65.0
6860,310.0,3720.0,64.7
6861,320.0,3840.0,64.5
6862,308.0,3696.0,64.3
6863,309.0,3708.0,64.2
6864,306.0,3672.0,63.9
6865,304.0,3648.0,64.1
6866,313.0,3756.0,64.3
6867,306.0,3672.0,64.0
6868,310.0,3720.0,64.4
6869,308.0,3696.0,63.9
6870,297.0,3564.0,63.9
6871,297.0,3564.0,64.1
6872,297.0,3564.0,63.9
6873,287.0,3444.0,64.5
6874,281.0,3372.0,64.4
6875,278.0,3336.0,64.6
6876,274.0,3288.0,66.5
6877,274.0,3288.0,67.3
6878,270.0,3240.0,67.8
6879,268.0,3216.0,68.1
6880,280.0,3360.0,68.4
6881,267.0,3204.0,68.3
6882,253.0,3036.0,68.6
6883,251.0,3012.0,68.6
6884,245.0,2940.0,68.6
6885,246.0,2952.0,68.6
6886,236.0,2832.0,68.8
6887,238.0,2856.0,69.0
6888,227.0,2724.0,68.7
6889,221.0,2652.0,68.6
6890,220.0,2640.0,68.6
6891,211.0,2532.0,68.6
6892,206.0,2472.0,68.5
6893,196.0,2352.0,68.7
6894,197.0,2364.0,68.4
6895,181.0,2172.0,68.5
6896,189.0,2268.0,68.7
6897,171.0,2052.0,68.4
6898,162.0,1944.0,68.7
6899,161.0,1932.0,68.8
6900,144.0,1728.0,68.7
6901,146.0,1752.0,68.5
6902,141.0,1692.0,68.6
6903,137.0,1644.0,68.5
6904,144.0,1728.0,68.3
6905,135.0,1620.0,68.7
6906,125.0,1500.0,68.7
6907,116.0,1392.0,68.6
6908,114.0,1368.0,68.8
6909,113.0,1356.0,68.5
6910,105.0,1260.0,68.1
6911,102.0,1224.0,68.3
6912,91.0,1092.0,69.5
6913,89.0,1068.0,68.9
6914,90.0,1080.0,68.7
6915,82.0,984.0,68.9
6916,85.0,1020.0,68.4
6917,79.0,948.0,68.5
6918,74.0,888.0,68.7
6919,69.0,828.0,68.7
6920,65.0,780.0,68.3
6921,69.0,828.0,68.2
6922,62.0,744.0,68.0
6923,58.0,696.0,68.0
6924,56.0,672.0,68.5
6925,59.0,708.0,68.5
6926,60.0,720.0,68.6
6927,53.0,636.0,68.4
6928,53.0,636.0,68.4
6929,52.0,624.0,68.0
6930,47.0,564.0,68.0
6931,56.0,672.0,68.0
6932,46.0,552.0,67.8
6933,46.0,552.0,67.9
6934,49.0,588.0,67.7
6935,44.0,528.0,67.9
6936,46.0,552.0,67.8
6937,45.0,540.0,67.7
6938,44.0,528.0,67.9
6939,45.0,540.0,67.9
6940,44.0,528.0,67.9
6941,45.0,540.0,67.8
6942,44.0,528.0,67.9
6943,44.0,528.0,67.7
6944,45.0,540.0,67.7
6945,45.0,540.0,67.7
6946,44.0,528.0,67.8
6947,46.0,552.0,67.3
6948,46.0,552.0,67.7
6949,45.0,540.0,67.4
6950,49.0,588.0,67.6
6951,47.0,564.0,67.8
6952,53.0,636.0,67.6
6953,56.0,672.0,67.6
6954,59.0,708.0,67.8
6955,65.0,780.0,67.8
6956,71.0,852.0,68.1
6957,76.0,912.0,67.7
6958,72.0,864.0,67.8
6959,72.0,864.0,67.6
6960,74.0,888.0,67.7
6961,76.0,912.0,68.0
6962,86.0,1032.0,68.0
6963,95.0,1140.0,67.9
6964,110.0,1320.0,68.1
6965,114.0,1368.0,67.9
6966,128.0,1536.0,68.3
6967,146.0,1752.0,68.5
6968,155.0,1860.0,68.7
6969,174.0,2088.0,69.2
6970,162.0,1944.0,68.8
6971,162.0,1944.0,68.6
6972,177.0,2124.0,68.7
6973,188.0,2256.0,68.5
6974,202.0,2424.0,68.6
6975,230.0,2760.0,68.7
6976,241.0,2892.0,69.5
6977,244.0,2928.0,69.6
6978,283.0,3396.0,69.3
6979,291.0,3492.0,69.2
6980,310.0,3720.0,69.5
6981,323.0,3876.0,69.7
6982,313.0,3756.0,69.6
6983,297.0,3564.0,69.3
6984,293.0,3516.0,66.2
6985,299.0,3588.0,65.0
6986,320.0,3840.0,64.9
6987,339.0,4068.0,64.9
6988,350.0,4200.0,64.9
6989,329.0,3948.0,64.9
6990,320.0,3840.0,64.9
6991,310.0,3720.0,64.9
6992,309.0,3708.0,65.1
6993,357.0,4284.0,65.0
6994,329.0,3948.0,64.9
6995,343.0,4116.0,64.8
6996,316.0,3792.0,64.9
6997,340.0,4080.0,64.8
6998,342.0,4104.0,65.0
6999,329.0,3948.0,64.9
7000,355.0,4260.0,64.9
7001,369.0,4428.0,64.9
7002,317.0,3804.0,64.9
7003,388.0,4656.0,64.7
7004,400.0,4800.0,64.6
7005,378.0,4536.0,64.3
7006,354.0,4248.0,64.2
7007,400.0,4800.0,64.4
7008,373.0,4476.0,64.3
7009,364.0,4368.0,64.5
7010,385.0,4620.0,64.5
7011,383.0,4596.0,64.6
7012,376.0,4512.0,64.3
7013,376.0,4512.0,64.1
7014,376.0,4512.0,64.3
7015,377.0,4524.0,64.1
7016,380.0,4560.0,64.0
7017,380.0,4560.0,64.0
7018,373.0,4476.0,63.8
7019,361.0,4332.0,64.0
7020,350.0,4200.0,63.7
7021,343.0,4116.0,63.8
7022,346.0,4152.0,63.1
7023,355.0,4260.0,62.9
7024,350.0,4200.0,63.1
7025,357.0,4284.0,63.3
7026,348.0,4176.0,62.8
7027,354.0,4248.0,63.2
7028,358.0,4296.0,62.9
7029,355.0,4260.0,63.0
7030,353.0,4236.0,62.4
7031,348.0,4176.0,62.6
7032,343.0,4116.0,62.7
7033,340.0,4080.0,62.8
7034,348.0,4176.0,62.8
7035,348.0,4176.0,62.1
7036,352.0,4224.0,62.1
7037,355.0,4260.0,62.0
7038,352.0,4224.0,62.1
7039,359.0,4308.0,62.6
7040,360.0,4320.0,62.2
7041,358.0,4296.0,62.3
7042,353.0,4236.0,62.7
7043,350.0,4200.0,62.2
7044,347.0,4164.0,62.4
7045,354.0,4248.0,62.5
7046,366.0,4392.0,61.8
7047,359.0,4308.0,62.1
7048,362.0,4344.0,62.3
7049,357.0,4284.0,62.4
7050,361.0,4332.0,62.7
7051,359.0,4308.0,62.0
7052,363.0,4356.0,62.1
7053,361.0,4332.0,62.0
7054,362.0,4344.0,62.5
7055,359.0,4308.0,62.2
7056,359.0,4308.0,62.8
7057,359.0,4308.0,62.6
7058,368.0,4416.0,62.6
7059,366.0,4392.0,62.5
7060,364.0,4368.0,62.9
7061,364.0,4368.0,63.1
7062,366.0,4392.0,62.7
7063,376.0,4512.0,62.5
7064,377.0,4524.0,62.6
7065,376.0,4512.0,62.7
7066,370.0,4440.0,62.5
7067,372.0,4464.0,62.3
7068,361.0,4332.0,62.4
7069,373.0,4476.0,62.6
7070,370.0,4440.0,62.5
7071,380.0,4560.0,62.9
7072,383.0,4596.0,62.7
7073,385.0,4620.0,62.5
7074,380.0,4560.0,62.5
7075,383.0,4596.0,62.8
7076,388.0,4656.0,62.7
7077,389.0,4668.0,62.9
7078,383.0,4596.0,63.2
7079,383.0,4596.0,63.5
7080,383.0,4596.0,63.3
7081,385.0,4620.0,63.6
7082,399.0,4788.0,63.2
7083,402.0,4824.0,63.3
7084,403.0,4836.0,63.2
7085,422.0,5064.0,63.3
7086,407.0,4884.0,62.8
7087,412.0,4944.0,62.8
7088,422.0,5064.0,63.1
7089,440.0,5280.0,63.1
7090,438.0,5256.0,62.9
7091,443.0,5316.0,63.1
7092,471.0,5652.0,62.3
7093,440.0,5280.0,62.1
7094,441.0,5292.0,62.5
7095,441.0,5292.0,62.8
7096,453.0,5436.0,62.6
7097,452.0,5424.0,62.8
7098,442.0,5304.0,62.6
7099,426.0,5112.0,62.7
7100,433.0,5196.0,62.3
7101,443.0,5316.0,62.3
7102,435.0,5220.0,62.0
7103,440.0,5280.0,62.4
7104,441.0,5292.0,61.9
7105,441.0,5292.0,62.2
7106,435.0,5220.0,62.5
7107,435.0,5220.0,62.9
7108,423.0,5076.0,63.2
7109,419.0,5028.0,60.9
7110,410.0,4920.0,62.2
7111,412.0,4944.0,62.2
7112,429.0,5148.0,62.3
7113,438.0,5256.0,62.5
7114,431.0,5172.0,62.3
7115,422.0,5064.0,63.2
7116,425.0,5100.0,62.5
7117,436.0,5232.0,63.7
7118,455.0,5460.0,63.8
7119,449.0,5388.0,63.1
7120,445.0,5340.0,63.0
7121,431.0,5172.0,63.1
7122,441.0,5292.0,63.4
7123,461.0,5532.0,63.5
7124,455.0,5460.0,64.1
7125,441.0,5292.0,64.6
7126,432.0,5184.0,65.3
7127,435.0,5220.0,65.6
7128,419.0,5028.0,65.8
7129,399.0,4788.0,65.9
7130,406.0,4872.0,65.8
7131,399.0,4788.0,66.4
7132,397.0,4764.0,66.6
7133,403.0,4836.0,66.8
7134,395.0,4740.0,67.0
7135,343.0,4116.0,67.2
7136,338.0,4056.0,67.3
7137,321.0,3852.0,67.3
7138,347.0,4164.0,67.8
7139,327.0,3924.0,68.0
7140,306.0,3672.0,68.0
7141,317.0,3804.0,68.3
7142,321.0,3852.0,68.3
7143,327.0,3924.0,68.1
7144,304.0,3648.0,68.2
7145,297.0,3564.0,68.2
7146,297.0,3564.0,67.8
7147,287.0,3444.0,67.7
7148,278.0,3336.0,67.3
7149,291.0,3492.0,67.1
7150,267.0,3204.0,66.9
7151,274.0,3288.0,67.0
7152,258.0,3096.0,67.1
7153,253.0,3036.0,67.0
7154,264.0,3168.0,67.0
7155,252.0,3024.0,67.2
7156,269.0,3228.0,66.9
7157,261.0,3132.0,66.8
7158,245.0,2940.0,67.2
7159,246.0,2952.0,66.7
7160,252.0,3024.0,67.1
7161,232.0,2784.0,67.1
7162,251.0,3012.0,67.0
7163,234.0,2808.0,67.3
7164,230.0,2760.0,67.9
7165,214.0,2568.0,68.1
7166,224.0,2688.0,68.4
7167,225.0,2700.0,68.9
7168,234.0,2808.0,69.0
7169,230.0,2760.0,68.9
7170,234.0,2808.0,68.6
7171,218.0,2616.0,68.7
7172,218.0,2616.0,68.9
7173,204.0,2448.0,69.1
7174,211.0,2532.0,68.9
7175,199.0,2388.0,68.9
7176,196.0,2352.0,69.1
7177,201.0,2412.0,68.8
7178,196.0,2352.0,68.7
7179,204.0,2448.0,68.9
7180,192.0,2304.0,68.4
7181,184.0,2208.0,68.6
7182,158.0,1896.0,68.6
7183,167.0,2004.0,68.4
7184,161.0,1932.0,68.9
7185,156.0,1872.0,68.8
7186,144.0,1728.0,68.3
7187,142.0,1704.0,68.1
7188,139.0,1668.0,68.4
7189,139.0,1668.0,68.5
7190,148.0,1776.0,68.5
7191,135.0,1620.0,68.5
7192,149.0,1788.0,68.3
7193,141.0,1692.0,68.3
7194,119.0,1428.0,68.5
7195,116.0,1392.0,68.4
7196,123.0,1476.0,67.8
7197,110.0,1320.0,68.1
7198,116.0,1392.0,67.9
7199,99.0,1188.0,67.8
7200,95.0,1140.0,68.9
7201,95.0,1140.0,69.0
7202,97.0,1164.0,68.7
7203,95.0,1140.0,68.5
7204,88.0,1056.0,68.2
7205,88.0,1056.0,68.2
7206,82.0,984.0,68.1
7207,75.0,900.0,67.9
7208,74.0,888.0,68.1
7209,74.0,888.0,68.1
7210,76.0,912.0,67.2
7211,69.0,828.0,67.0
7212,65.0,780.0,67.4
7213,67.0,804.0,68.0
7214,62.0,744.0,68.1
7215,63.0,756.0,68.2
7216,62.0,744.0,67.5
7217,56.0,672.0,67.5
7218,59.0,708.0,67.9
7219,61.0,732.0,67.2
7220,59.0,708.0,67.2
7221,53.0,636.0,67.2
7222,56.0,672.0,67.1
7223,59.0,708.0,67.5
7224,50.0,600.0,67.6
7225,49.0,588.0,67.2
7226,56.0,672.0,67.4
7227,60.0,720.0,67.1
7228,65.0,780.0,67.2
7229,61.0,732.0,67.5
7230,56.0,672.0,67.1
7231,53.0,636.0,67.1
7232,50.0,600.0,67.1
7233,52.0,624.0,67.3
7234,52.0,624.0,67.2
7235,52.0,624.0,67.1
7236,56.0,672.0,66.9
7237,52.0,624.0,66.6
7238,60.0,720.0,66.9
7239,61.0,732.0,67.0
7240,58.0,696.0,67.1
7241,60.0,720.0,67.0
7242,63.0,756.0,67.3
7243,69.0,828.0,67.6
7244,74.0,888.0,67.9
7245,82.0,984.0,67.9
7246,79.0,948.0,67.9
7247,74.0,888.0,67.8
7248,79.0,948.0,67.2
7249,75.0,900.0,67.1
7250,88.0,1056.0,67.4
7251,95.0,1140.0,67.5
7252,106.0,1272.0,67.5
7253,118.0,1416.0,68.1
7254,132.0,1584.0,67.8
7255,149.0,1788.0,68.1
7256,166.0,1992.0,68.7
7257,174.0,2088.0,68.3
7258,167.0,2004.0,68.9
7259,167.0,2004.0,68.4
7260,178.0,2136.0,68.4
7261,192.0,2304.0,68.5
7262,216.0,2592.0,68.5
7263,238.0,2856.0,68.5
7264,258.0,3096.0,69.4
7265,268.0,3216.0,68.9
7266,290.0,3480.0,68.6
7267,309.0,3708.0,68.4
7268,326.0,3912.0,68.9
7269,342.0,4104.0,69.4
7270,336.0,4032.0,69.4
7271,308.0,3696.0,69.0
7272,301.0,3612.0,66.5
7273,310.0,3720.0,65.3
7274,324.0,3888.0,64.9
7275,342.0,4104.0,64.7
7276,276.0,3312.0,64.4
7277,278.0,3336.0,64.4
7278,286.0,3432.0,64.5
7279,260.0,3120.0,64.5
7280,283.0,3396.0,64.6
7281,296.0,3552.0,64.5
7282,320.0,3840.0,64.7
7283,342.0,4104.0,64.9
7284,339.0,4068.0,64.8
7285,326.0,3912.0,64.8
7286,343.0,4116.0,64.7
7287,317.0,3804.0,65.0
7288,306.0,3672.0,64.8
7289,290.0,3480.0,64.9
7290,280.0,3360.0,64.9
7291,338.0,4056.0,64.6
7292,380.0,4560.0,64.3
7293,364.0,4368.0,64.1
7294,359.0,4308.0,63.9
7295,343.0,4116.0,64.0
7296,317.0,3804.0,64.2
7297,378.0,4536.0,64.1
7298,377.0,4524.0,64.0
7299,336.0,4032.0,64.5
7300,352.0,4224.0,64.1
7301,378.0,4536.0,64.2
7302,378.0,4536.0,64.3
7303,380.0,4560.0,64.6
7304,380.0,4560.0,64.1
7305,383.0,4596.0,64.2
7306,376.0,4512.0,64.4
7307,364.0,4368.0,64.1
7308,358.0,4296.0,63.6
7309,348.0,4176.0,63.3
7310,354.0,4248.0,63.3
7311,354.0,4248.0,63.1
7312,352.0,4224.0,62.9
7313,354.0,4248.0,63.0
7314,348.0,4176.0,63.0
7315,350.0,4200.0,63.2
7316,353.0,4236.0,63.2
7317,355.0,4260.0,62.9
7318,346.0,4152.0,62.8
7319,340.0,4080.0,62.6
7320,330.0,3960.0,62.8
7321,332.0,3984.0,62.8
7322,336.0,4032.0,62.9
7323,342.0,4104.0,63.4
7324,334.0,4008.0,63.0
7325,336.0,4032.0,62.8
7326,339.0,4068.0,62.5
7327,343.0,4116.0,62.6
7328,347.0,4164.0,62.5
7329,343.0,4116.0,62.7
7330,343.0,4116.0,62.5
7331,336.0,4032.0,62.4
7332,329.0,3948.0,62.3
7333,340.0,4080.0,62.4
7334,343.0,4116.0,62.3
7335,350.0,4200.0,62.4
7336,347.0,4164.0,62.6
7337,347.0,4164.0,62.8
7338,342.0,4104.0,62.5
7339,354.0,4248.0,63.0
7340,358.0,4296.0,62.8
7341,355.0,4260.0,62.6
7342,347.0,4164.0,63.0
7343,346.0,4152.0,62.9
7344,343.0,4116.0,62.7
7345,346.0,4152.0,62.7
7346,354.0,4248.0,62.8
7347,355.0,4260.0,62.8
7348,353.0,4236.0,63.0
7349,354.0,4248.0,62.9
7350,359.0,4308.0,62.7
7351,360.0,4320.0,62.8
7352,355.0,4260.0,63.3
7353,354.0,4248.0,62.9
7354,352.0,4224.0,63.0
7355,354.0,4248.0,63.3
7356,346.0,4152.0,62.8
7357,343.0,4116.0,62.7
7358,355.0,4260.0,63.7
7359,362.0,4344.0,63.7
7360,358.0,4296.0,63.6
7361,363.0,4356.0,63.3
7362,360.0,4320.0,63.0
7363,366.0,4392.0,63.3
7364,369.0,4428.0,62.8
7365,376.0,4512.0,62.8
7366,376.0,4512.0,62.6
7367,376.0,4512.0,62.7
7368,376.0,4512.0,62.7
7369,378.0,4536.0,62.6
7370,385.0,4620.0,62.9
7371,395.0,4740.0,62.9
7372,396.0,4752.0,63.0
7373,402.0,4824.0,62.8
7374,402.0,4824.0,62.9
7375,410.0,4920.0,62.8
7376,417.0,5004.0,62.9
7377,436.0,5232.0,63.4
7378,459.0,5508.0,63.2
7379,466.0,5592.0,62.8
7380,469.0,5628.0,62.7
7381,468.0,5616.0,62.5
7382,452.0,5424.0,62.2
7383,468.0,5616.0,62.5
7384,479.0,5748.0,62.3
7385,463.0,5556.0,61.9
7386,471.0,5652.0,62.3
7387,459.0,5508.0,61.7
7388,445.0,5340.0,61.7
7389,432.0,5184.0,60.7
7390,455.0,5460.0,61.4
7391,442.0,5304.0,61.7
7392,434.0,5208.0,62.1
7393,453.0,5436.0,62.6
7394,449.0,5388.0,62.9
7395,426.0,5112.0,63.1
7396,427.0,5124.0,63.0
7397,445.0,5340.0,63.2
7398,427.0,5124.0,63.5
7399,413.0,4956.0,63.7
7400,440.0,5280.0,63.1
7401,425.0,5100.0,61.2
7402,449.0,5388.0,61.8
7403,432.0,5184.0,61.7
7404,426.0,5112.0,61.8
7405,438.0,5256.0,62.9
7406,461.0,5532.0,62.9
7407,442.0,5304.0,62.7
7408,459.0,5508.0,62.2
7409,464.0,5568.0,61.6
7410,449.0,5388.0,60.7
7411,448.0,5376.0,60.4
7412,438.0,5256.0,62.2
7413,438.0,5256.0,64.5
7414,432.0,5184.0,65.2
7415,459.0,5508.0,65.6
7416,431.0,5172.0,65.6
7417,396.0,4752.0,65.9
7418,380.0,4560.0,66.1
7419,392.0,4704.0,66.6
7420,380.0,4560.0,66.9
7421,385.0,4620.0,67.1
7422,352.0,4224.0,67.1
7423,336.0,4032.0,67.2
7424,364.0,4368.0,67.3
7425,350.0,4200.0,67.5
7426,340.0,4080.0,67.6
7427,320.0,3840.0,68.1
7428,309.0,3708.0,67.3
7429,313.0,3756.0,67.5
7430,317.0,3804.0,67.9
7431,326.0,3912.0,67.8
7432,320.0,3840.0,68.0
7433,313.0,3756.0,68.2
7434,310.0,3720.0,68.1
7435,293.0,3516.0,67.7
7436,297.0,3564.0,67.6
7437,293.0,3516.0,67.2
7438,296.0,3552.0,66.9
7439,290.0,3480.0,66.7
7440,278.0,3336.0,66.7
7441,287.0,3444.0,66.9
7442,278.0,3336.0,67.0
7443,263.0,3156.0,66.8
7444,275.0,3300.0,67.1
7445,278.0,3336.0,67.0
7446,271.0,3252.0,66.9
7447,258.0,3096.0,66.9
7448,258.0,3096.0,67.0
7449,241.0,2892.0,67.1
7450,254.0,3048.0,67.2
7451,231.0,2772.0,67.2
7452,241.0,2892.0,67.9
7453,241.0,2892.0,68.1
7454,227.0,2724.0,68.3
7455,244.0,2928.0,68.6
7456,238.0,2856.0,68.5
7457,248.0,2976.0,68.7
7458,223.0,2676.0,68.7
7459,216.0,2592.0,68.4
7460,218.0,2616.0,68.4
7461,234.0,2808.0,68.2
7462,208.0,2496.0,68.4
7463,216.0,2592.0,68.0
7464,204.0,2448.0,68.0
7465,214.0,2568.0,68.3
7466,197.0,2364.0,68.2
7467,215.0,2580.0,68.3
7468,200.0,2400.0,68.7
7469,186.0,2232.0,68.7
7470,169.0,2028.0,68.8
7471,174.0,2088.0,68.4
7472,169.0,2028.0,68.4
7473,166.0,1992.0,68.4
7474,165.0,1980.0,68.2
7475,142.0,1704.0,68.1
7476,139.0,1668.0,68.2
7477,144.0,1728.0,68.3
7478,152.0,1824.0,68.3
7479,144.0,1728.0,68.6
7480,144.0,1728.0,68.5
7481,127.0,1524.0,68.7
7482,125.0,1500.0,68.7
7483,119.0,1428.0,68.4
7484,116.0,1392.0,68.3
7485,118.0,1416.0,68.1
7486,112.0,1344.0,68.0
7487,102.0,1224.0,68.2
7488,95.0,1140.0,68.8
7489,97.0,1164.0,68.6
7490,105.0,1260.0,68.8
7491,105.0,1260.0,68.8
7492,95.0,1140.0,68.0
7493,86.0,1032.0,68.5
7494,79.0,948.0,68.2
7495,72.0,864.0,68.0
7496,75.0,900.0,67.8
7497,76.0,912.0,67.5
7498,69.0,828.0,67.5
7499,69.0,828.0,67.5
7500,65.0,780.0,67.7
7501,63.0,756.0,67.5
7502,69.0,828.0,67.6
7503,72.0,864.0,67.8
7504,71.0,852.0,67.7
7505,60.0,720.0,67.5
7506,62.0,744.0,67.4
7507,53.0,636.0,67.5
7508,64.0,768.0,67.4
7509,63.0,756.0,67.5
7510,63.0,756.0,67.2
7511,58.0,696.0,67.3
7512,56.0,672.0,67.6
7513,61.0,732.0,67.7
7514,62.0,744.0,67.6
7515,62.0,744.0,67.4
7516,60.0,720.0,67.6
7517,53.0,636.0,67.3
7518,49.0,588.0,67.2
7519,53.0,636.0,67.1
7520,50.0,600.0,67.2
7521,56.0,672.0,67.1
7522,56.0,672.0,67.0
7523,49.0,588.0,66.9
7524,49.0,588.0,66.8
7525,49.0,588.0,66.8
7526,56.0,672.0,66.8
7527,60.0,720.0,66.9
7528,59.0,708.0,67.0
7529,60.0,720.0,67.3
7530,62.0,744.0,67.1
7531,67.0,804.0,67.2
7532,75.0,900.0,67.3
7533,76.0,912.0,67.8
7534,75.0,900.0,67.6
7535,76.0,912.0,67.7
7536,76.0,912.0,67.5
7537,83.0,996.0,67.5
7538,95.0,1140.0,67.4
7539,98.0,1176.0,67.6
7540,106.0,1272.0,67.9
7541,122.0,1464.0,67.9
7542,136.0,1632.0,68.1
7543,142.0,1704.0,68.3
7544,169.0,2028.0,68.6
7545,178.0,2136.0,68.4
7546,171.0,2052.0,68.5
7547,165.0,1980.0,68.6
7548,167.0,2004.0,68.3
7549,184.0,2208.0,68.3
7550,218.0,2616.0,68.3
7551,241.0,2892.0,68.8
7552,251.0,3012.0,68.7
7553,267.0,3204.0,68.6
7554,287.0,3444.0,67.8
7555,306.0,3672.0,68.2
7556,329.0,3948.0,68.7
7557,339.0,4068.0,68.5
7558,331.0,3972.0,68.5
7559,308.0,3696.0,68.7
7560,308.0,3696.0,66.3
7561,310.0,3720.0,65.3
7562,316.0,3792.0,64.7
7563,294.0,3528.0,64.5
7564,329.0,3948.0,64.4
7565,309.0,3708.0,64.5
7566,306.0,3672.0,64.5
7567,316.0,3792.0,64.5
7568,368.0,4416.0,64.6
7569,324.0,3888.0,64.7
7570,324.0,3888.0,64.7
7571,359.0,4308.0,64.9
7572,383.0,4596.0,64.9
7573,361.0,4332.0,64.9
7574,327.0,3924.0,64.7
7575,347.0,4164.0,64.7
7576,366.0,4392.0,64.7
7577,297.0,3564.0,64.9
7578,336.0,4032.0,64.7
7579,369.0,4428.0,64.8
7580,396.0,4752.0,64.5
7581,419.0,5028.0,64.4
7582,415.0,4980.0,64.5
7583,390.0,4680.0,64.4
7584,380.0,4560.0,64.5
7585,382.0,4584.0,64.2
7586,385.0,4620.0,64.4
7587,388.0,4656.0,64.2
7588,385.0,4620.0,64.1
7589,380.0,4560.0,64.4
7590,373.0,4476.0,64.1
7591,385.0,4620.0,64.2
7592,383.0,4596.0,64.1
7593,380.0,4560.0,64.0
7594,382.0,4584.0,64.0
7595,366.0,4392.0,64.1
7596,353.0,4236.0,64.1
7597,347.0,4164.0,63.8
7598,350.0,4200.0,63.7
7599,353.0,4236.0,63.6
7600,352.0,4224.0,63.5
7601,354.0,4248.0,63.3
7602,353.0,4236.0,63.3
7603,353.0,4236.0,63.3
7604,358.0,4296.0,63.1
7605,350.0,4200.0,62.7
7606,347.0,4164.0,62.7
7607,339.0,4068.0,62.7
7608,332.0,3984.0,62.5
7609,327.0,3924.0,62.8
7610,336.0,4032.0,62.8
7611,336.0,4032.0,62.4
7612,336.0,4032.0,62.5
7613,339.0,4068.0,62.6
7614,340.0,4080.0,62.7
7615,343.0,4116.0,62.2
7616,347.0,4164.0,62.6
7617,348.0,4176.0,62.4
7618,346.0,4152.0,62.5
7619,340.0,4080.0,61.9
7620,333.0,3996.0,62.6
7621,340.0,4080.0,62.7
7622,350.0,4200.0,62.5
7623,347.0,4164.0,62.4
7624,340.0,4080.0,62.9
7625,340.0,4080.0,63.0
7626,340.0,4080.0,62.3
7627,343.0,4116.0,62.9
7628,343.0,4116.0,62.9
7629,350.0,4200.0,62.3
7630,350.0,4200.0,62.5
7631,346.0,4152.0,62.8
7632,354.0,4248.0,62.7
7633,357.0,4284.0,62.7
7634,358.0,4296.0,62.4
7635,364.0,4368.0,62.7
7636,360.0,4320.0,62.7
7637,361.0,4332.0,63.4
7638,360.0,4320.0,63.0
7639,360.0,4320.0,62.9
7640,369.0,4428.0,62.6
7641,364.0,4368.0,62.8
7642,362.0,4344.0,62.6
7643,366.0,4392.0,62.7
7644,362.0,4344.0,62.8
7645,364.0,4368.0,62.6
7646,366.0,4392.0,62.6
7647,376.0,4512.0,62.9
7648,376.0,4512.0,63.3
7649,383.0,4596.0,63.0
7650,376.0,4512.0,62.9
7651,382.0,4584.0,63.1
7652,387.0,4644.0,62.7
7653,395.0,4740.0,62.8
7654,392.0,4704.0,63.0
7655,390.0,4680.0,63.0
7656,385.0,4620.0,63.0
7657,389.0,4668.0,62.7
7658,397.0,4764.0,63.0
7659,403.0,4836.0,63.1
7660,407.0,4884.0,63.0
7661,411.0,4932.0,63.0
7662,418.0,5016.0,62.9
7663,413.0,4956.0,63.1
7664,425.0,5100.0,63.1
7665,448.0,5376.0,63.1
7666,434.0,5208.0,63.0
7667,429.0,5148.0,63.0
7668,449.0,5388.0,62.2
7669,429.0,5148.0,62.6
7670,432.0,5184.0,62.5
7671,443.0,5316.0,62.3
7672,442.0,5304.0,62.5
7673,447.0,5364.0,62.3
7674,463.0,5556.0,62.2
7675,438.0,5256.0,62.6
7676,431.0,5172.0,62.9
7677,436.0,5232.0,61.1
7678,438.0,5256.0,59.6
7679,443.0,5316.0,59.7
7680,449.0,5388.0,59.9
7681,441.0,5292.0,60.7
7682,465.0,5580.0,61.1
7683,445.0,5340.0,61.3
7684,431.0,5172.0,61.0
7685,441.0,5292.0,59.8
7686,449.0,5388.0,60.4
7687,459.0,5508.0,61.0
7688,443.0,5316.0,62.3
7689,433.0,5196.0,60.9
7690,432.0,5184.0,61.4
7691,425.0,5100.0,61.6
7692,418.0,5016.0,62.1
7693,432.0,5184.0,61.3
7694,445.0,5340.0,61.0
7695,443.0,5316.0,61.2
7696,443.0,5316.0,61.2
7697,436.0,5232.0,61.5
7698,429.0,5148.0,62.2
7699,447.0,5364.0,62.9
7700,445.0,5340.0,63.1
7701,415.0,4980.0,63.4
7702,410.0,4920.0,63.5
7703,434.0,5208.0,64.8
7704,422.0,5064.0,65.3
7705,405.0,4860.0,65.8
7706,419.0,5028.0,65.9
7707,407.0,4884.0,66.1
7708,392.0,4704.0,66.2
7709,407.0,4884.0,66.5
7710,403.0,4836.0,66.5
7711,377.0,4524.0,66.7
7712,354.0,4248.0,66.6
7713,358.0,4296.0,66.6
7714,346.0,4152.0,67.0
7715,327.0,3924.0,66.9
7716,313.0,3756.0,67.0
7717,329.0,3948.0,67.2
7718,330.0,3960.0,67.2
7719,340.0,4080.0,67.4
7720,326.0,3912.0,67.2
7721,330.0,3960.0,67.3
7722,323.0,3876.0,67.2
7723,296.0,3552.0,67.1
7724,294.0,3528.0,66.9
7725,290.0,3480.0,66.9
7726,293.0,3516.0,66.8
7727,300.0,3600.0,66.7
7728,275.0,3300.0,66.9
7729,285.0,3420.0,66.8
7730,287.0,3444.0,67.1
7731,303.0,3636.0,67.1
7732,268.0,3216.0,67.0
7733,269.0,3228.0,66.9
7734,280.0,3360.0,66.9
7735,281.0,3372.0,66.8
7736,254.0,3048.0,67.3
7737,260.0,3120.0,67.2
7738,261.0,3132.0,67.1
7739,264.0,3168.0,67.3
7740,267.0,3204.0,67.8
7741,248.0,2976.0,68.3
7742,246.0,2952.0,68.4
7743,248.0,2976.0,68.1
7744,244.0,2928.0,68.5
7745,254.0,3048.0,68.4
7746,238.0,2856.0,68.3
7747,238.0,2856.0,68.4
7748,234.0,2808.0,68.2
7749,232.0,2784.0,68.4
7750,238.0,2856.0,68.4
7751,218.0,2616.0,68.4
7752,216.0,2592.0,68.4
7753,199.0,2388.0,68.3
7754,208.0,2496.0,68.4
7755,208.0,2496.0,68.7
7756,195.0,2340.0,68.5
7757,195.0,2340.0,68.3
7758,177.0,2124.0,68.1
7759,186.0,2232.0,68.1
7760,178.0,2136.0,68.2
7761,174.0,2088.0,68.2
7762,162.0,1944.0,68.2
7763,156.0,1872.0,68.0
7764,152.0,1824.0,68.2
7765,136.0,1632.0,69.1
7766,153.0,1836.0,68.3
7767,158.0,1896.0,68.3
7768,141.0,1692.0,67.9
7769,141.0,1692.0,67.6
7770,128.0,1536.0,67.8
7771,128.0,1536.0,67.7
7772,131.0,1572.0,67.3
7773,125.0,1500.0,67.7
7774,113.0,1356.0,67.5
7775,113.0,1356.0,67.4
7776,105.0,1260.0,69.2
7777,105.0,1260.0,68.8
7778,106.0,1272.0,68.6
7779,109.0,1308.0,68.6
7780,95.0,1140.0,67.7
7781,82.0,984.0,67.9
7782,91.0,1092.0,67.6
7783,76.0,912.0,67.4
7784,79.0,948.0,67.7
7785,76.0,912.0,67.4
7786,71.0,852.0,67.5
7787,72.0,864.0,67.3
7788,63.0,756.0,67.7
7789,64.0,768.0,67.5
7790,72.0,864.0,67.7
7791,62.0,744.0,67.8
7792,69.0,828.0,67.5
7793,63.0,756.0,67.9
7794,60.0,720.0,67.5
7795,60.0,720.0,67.3
7796,69.0,828.0,67.2
7797,69.0,828.0,67.2
7798,67.0,804.0,67.6
7799,58.0,696.0,67.2
7800,56.0,672.0,67.3
7801,53.0,636.0,67.8
7802,61.0,732.0,67.8
7803,67.0,804.0,68.2
7804,53.0,636.0,67.7
7805,58.0,696.0,67.3
7806,53.0,636.0,67.4
7807,52.0,624.0,67.2
7808,58.0,696.0,67.3
7809,56.0,672.0,67.3
7810,58.0,696.0,66.9
7811,53.0,636.0,66.8
7812,50.0,600.0,66.9
7813,53.0,636.0,67.0
7814,56.0,672.0,67.3
7815,58.0,696.0,67.2
7816,60.0,720.0,67.5
7817,62.0,744.0,67.2
7818,64.0,768.0,67.4
7819,71.0,852.0,67.4
7820,74.0,888.0,67.6
7821,83.0,996.0,67.6
7822,80.0,960.0,67.8
7823,76.0,912.0,67.9
7824,82.0,984.0,67.5
7825,85.0,1020.0,67.2
7826,95.0,1140.0,67.4
7827,98.0,1176.0,67.3
7828,114.0,1368.0,67.7
7829,121.0,1452.0,67.7
7830,132.0,1584.0,67.8
7831,156.0,1872.0,67.8
7832,166.0,1992.0,68.4
7833,171.0,2052.0,68.5
7834,177.0,2124.0,68.5
7835,182.0,2184.0,68.5
7836,176.0,2112.0,68.5
7837,192.0,2304.0,68.4
7838,218.0,2616.0,68.2
7839,248.0,2976.0,68.3
7840,256.0,3072.0,68.3
7841,267.0,3204.0,68.2
7842,290.0,3480.0,68.3
7843,310.0,3720.0,68.7
7844,321.0,3852.0,68.6
7845,332.0,3984.0,68.8
7846,330.0,3960.0,69.5
7847,320.0,3840.0,69.0
7848,313.0,3756.0,67.0
7849,316.0,3792.0,65.6
7850,338.0,4056.0,65.1
7851,353.0,4236.0,64.9
7852,373.0,4476.0,64.9
7853,366.0,4392.0,64.7
7854,368.0,4416.0,64.7
7855,385.0,4620.0,64.7
7856,360.0,4320.0,64.8
7857,300.0,3600.0,64.7
7858,364.0,4368.0,64.9
7859,326.0,3912.0,65.0
7860,372.0,4464.0,64.9
7861,340.0,4080.0,65.1
7862,410.0,4920.0,64.9
7863,370.0,4440.0,65.1
7864,407.0,4884.0,65.0
7865,369.0,4428.0,65.0
7866,403.0,4836.0,64.9
7867,378.0,4536.0,64.6
7868,406.0,4872.0,64.7
7869,412.0,4944.0,64.4
7870,418.0,5016.0,64.5
7871,408.0,4896.0,64.6
7872,387.0,4644.0,64.5
7873,382.0,4584.0,64.3
7874,383.0,4596.0,64.2
7875,390.0,4680.0,64.2
7876,387.0,4644.0,64.2
7877,382.0,4584.0,64.1
7878,376.0,4512.0,64.1
7879,376.0,4512.0,64.1
7880,377.0,4524.0,64.1
7881,383.0,4596.0,63.7
7882,387.0,4644.0,63.7
7883,368.0,4416.0,63.9
7884,355.0,4260.0,63.5
7885,353.0,4236.0,63.6
7886,357.0,4284.0,63.3
7887,358.0,4296.0,63.1
7888,358.0,4296.0,62.8
7889,357.0,4284.0,62.9
7890,352.0,4224.0,62.9
7891,352.0,4224.0,63.1
7892,354.0,4248.0,63.2
7893,358.0,4296.0,62.8
7894,355.0,4260.0,62.9
7895,352.0,4224.0,62.7
7896,343.0,4116.0,62.8
7897,342.0,4104.0,62.4
7898,346.0,4152.0,62.5
7899,350.0,4200.0,62.4
7900,350.0,4200.0,62.4
7901,350.0,4200.0,62.4
7902,350.0,4200.0,62.4
7903,350.0,4200.0,62.4
7904,355.0,4260.0,62.4
7905,355.0,4260.0,62.3
7906,354.0,4248.0,62.5
7907,350.0,4200.0,62.7
7908,346.0,4152.0,62.8
7909,348.0,4176.0,62.3
7910,352.0,4224.0,62.2
7911,358.0,4296.0,62.2
7912,355.0,4260.0,62.4
7913,362.0,4344.0,62.4
7914,362.0,4344.0,62.4
7915,360.0,4320.0,62.4
7916,364.0,4368.0,62.6
7917,363.0,4356.0,62.8
7918,368.0,4416.0,62.5
7919,363.0,4356.0,62.5
7920,355.0,4260.0,62.9
7921,364.0,4368.0,63.0
7922,361.0,4332.0,62.5
7923,366.0,4392.0,62.7
7924,369.0,4428.0,62.7
7925,368.0,4416.0,63.5
7926,366.0,4392.0,63.5
7927,376.0,4512.0,63.4
7928,372.0,4464.0,63.4
7929,376.0,4512.0,62.7
7930,373.0,4476.0,62.9
7931,364.0,4368.0,63.1
7932,369.0,4428.0,62.6
7933,369.0,4428.0,63.4
7934,372.0,4464.0,63.6
7935,377.0,4524.0,63.0
7936,385.0,4620.0,62.7
7937,376.0,4512.0,62.3
7938,376.0,4512.0,62.4
7939,383.0,4596.0,62.7
7940,392.0,4704.0,62.7
7941,399.0,4788.0,62.8
7942,392.0,4704.0,62.6
7943,395.0,4740.0,62.4
7944,392.0,4704.0,62.0
7945,393.0,4716.0,62.2
7946,406.0,4872.0,62.1
7947,410.0,4920.0,62.3
7948,425.0,5100.0,62.3
7949,412.0,4944.0,62.5
7950,412.0,4944.0,62.3
7951,415.0,4980.0,62.4
7952,425.0,5100.0,62.3
7953,443.0,5316.0,61.8
7954,441.0,5292.0,61.3
7955,452.0,5424.0,61.2
7956,452.0,5424.0,60.5
7957,434.0,5208.0,60.0
7958,464.0,5568.0,59.4
7959,449.0,5388.0,59.5
7960,443.0,5316.0,59.2
7961,452.0,5424.0,59.0
7962,422.0,5064.0,58.6
7963,455.0,5460.0,58.6
7964,455.0,5460.0,58.6
7965,441.0,5292.0,57.7
7966,429.0,5148.0,56.3
7967,429.0,5148.0,56.6
7968,441.0,5292.0,54.8
7969,432.0,5184.0,56.2
7970,436.0,5232.0,57.5
7971,436.0,5232.0,56.9
7972,449.0,5388.0,57.2
7973,433.0,5196.0,57.7
7974,442.0,5304.0,57.7
7975,427.0,5124.0,57.7
7976,438.0,5256.0,58.0
7977,441.0,5292.0,58.4
7978,436.0,5232.0,58.4
7979,441.0,5292.0,57.6
7980,429.0,5148.0,58.0
7981,429.0,5148.0,58.4
7982,441.0,5292.0,58.1
7983,441.0,5292.0,57.3
7984,435.0,5220.0,57.0
7985,431.0,5172.0,55.8
7986,438.0,5256.0,57.6
7987,427.0,5124.0,57.7
7988,429.0,5148.0,58.1
7989,449.0,5388.0,58.4
7990,436.0,5232.0,59.1
7991,408.0,4896.0,59.8
7992,411.0,4932.0,61.1
7993,419.0,5028.0,63.8
7994,441.0,5292.0,64.5
7995,417.0,5004.0,65.1
7996,393.0,4716.0,65.5
7997,406.0,4872.0,65.8
7998,412.0,4944.0,66.2
7999,402.0,4824.0,66.5
8000,385.0,4620.0,66.4
8001,396.0,4752.0,66.6
8002,405.0,4860.0,66.8
8003,376.0,4512.0,67.1
8004,350.0,4200.0,67.2
8005,369.0,4428.0,67.5
8006,339.0,4068.0,67.3
8007,355.0,4260.0,67.4
8008,336.0,4032.0,67.5
8009,339.0,4068.0,67.3
8010,332.0,3984.0,67.1
8011,336.0,4032.0,66.8
8012,301.0,3612.0,66.8
8013,320.0,3840.0,66.7
8014,330.0,3960.0,66.6
8015,306.0,3672.0,66.5
8016,327.0,3924.0,66.8
8017,310.0,3720.0,66.7
8018,313.0,3756.0,66.8
8019,326.0,3912.0,67.0
8020,317.0,3804.0,66.7
8021,320.0,3840.0,67.0
8022,310.0,3720.0,66.8
8023,300.0,3600.0,67.1
8024,303.0,3636.0,67.0
8025,293.0,3516.0,67.6
8026,283.0,3396.0,67.7
8027,267.0,3204.0,67.3
8028,267.0,3204.0,68.0
8029,274.0,3288.0,68.1
8030,269.0,3228.0,68.0
8031,286.0,3432.0,68.4
8032,287.0,3444.0,68.5
8033,271.0,3252.0,68.2
8034,285.0,3420.0,68.0
8035,269.0,3228.0,68.5
8036,256.0,3072.0,68.6
8037,244.0,2928.0,68.5
8038,251.0,3012.0,68.6
8039,248.0,2976.0,68.7
8040,228.0,2736.0,68.4
8041,228.0,2736.0,68.9
8042,237.0,2844.0,69.0
8043,224.0,2688.0,68.6
8044,224.0,2688.0,68.5
8045,220.0,2640.0,68.2
8046,214.0,2568.0,68.6
8047,211.0,2532.0,68.7
8048,208.0,2496.0,68.3
8049,186.0,2232.0,68.6
8050,185.0,2220.0,68.2
8051,170.0,2040.0,68.4
8052,169.0,2028.0,68.1
8053,159.0,1908.0,68.5
8054,169.0,2028.0,68.3
8055,156.0,1872.0,68.7
8056,156.0,1872.0,68.4
8057,151.0,1812.0,68.4
8058,146.0,1752.0,68.3
8059,135.0,1620.0,68.1
8060,144.0,1728.0,68.2
8061,141.0,1692.0,68.0
8062,128.0,1536.0,68.3
8063,113.0,1356.0,68.1
8064,114.0,1368.0,69.3
8065,121.0,1452.0,68.6
8066,120.0,1440.0,68.9
8067,113.0,1356.0,68.3
8068,106.0,1272.0,68.0
8069,92.0,1104.0,67.6
8070,90.0,1080.0,67.8
8071,93.0,1116.0,67.9
8072,92.0,1104.0,67.4
8073,85.0,1020.0,67.5
8074,80.0,960.0,67.5
8075,74.0,888.0,68.0
8076,76.0,912.0,68.1
8077,83.0,996.0,68.1
8078,72.0,864.0,67.6
8079,80.0,960.0,68.4
8080,72.0,864.0,68.3
8081,74.0,888.0,67.7
8082,69.0,828.0,67.4
8083,71.0,852.0,67.7
8084,74.0,888.0,67.8
8085,69.0,828.0,67.7
8086,64.0,768.0,67.4
8087,62.0,744.0,67.3
8088,63.0,756.0,67.7
8089,61.0,732.0,67.8
8090,62.0,744.0,67.7
8091,61.0,732.0,68.1
8092,72.0,864.0,67.8
8093,63.0,756.0,67.6
8094,60.0,720.0,67.4
8095,65.0,780.0,67.6
8096,59.0,708.0,67.3
8097,59.0,708.0,67.4
8098,60.0,720.0,67.4
8099,56.0,672.0,67.3
8100,53.0,636.0,67.2
8101,61.0,732.0,66.8
8102,59.0,708.0,67.2
8103,76.0,912.0,67.3
8104,67.0,804.0,67.9
8105,65.0,780.0,67.7
8106,67.0,804.0,67.6
8107,71.0,852.0,67.5
8108,79.0,948.0,67.5
8109,82.0,984.0,67.8
8110,79.0,948.0,67.9
8111,79.0,948.0,67.7
8112,83.0,996.0,67.5
8113,85.0,1020.0,67.5
8114,98.0,1176.0,67.5
8115,106.0,1272.0,67.7
8116,116.0,1392.0,67.8
8117,131.0,1572.0,67.9
8118,139.0,1668.0,68.3
8119,158.0,1896.0,68.1
8120,159.0,1908.0,68.1
8121,182.0,2184.0,68.8
8122,181.0,2172.0,68.6
8123,178.0,2136.0,68.6
8124,181.0,2172.0,68.3
8125,185.0,2220.0,68.4
8126,214.0,2568.0,68.5
8127,230.0,2760.0,68.4
8128,241.0,2892.0,68.5
8129,261.0,3132.0,68.5
8130,274.0,3288.0,68.8
8131,291.0,3492.0,68.4
8132,309.0,3708.0,68.4
8133,324.0,3888.0,68.7
8134,313.0,3756.0,68.8
8135,294.0,3528.0,68.7
8136,296.0,3552.0,66.1
8137,306.0,3672.0,64.9
8138,320.0,3840.0,64.6
8139,340.0,4080.0,64.4
8140,354.0,4248.0,64.1
8141,359.0,4308.0,64.3
8142,369.0,4428.0,64.4
8143,373.0,4476.0,64.4
8144,376.0,4512.0,64.1
8145,399.0,4788.0,64.2
8146,387.0,4644.0,64.2
8147,369.0,4428.0,64.2
8148,363.0,4356.0,64.5
8149,370.0,4440.0,64.1
8150,385.0,4620.0,64.0
8151,396.0,4752.0,64.7
8152,393.0,4716.0,64.2
8153,403.0,4836.0,64.2
8154,411.0,4932.0,64.1
8155,411.0,4932.0,64.1
8156,415.0,4980.0,63.8
8157,411.0,4932.0,64.0
8158,399.0,4788.0,64.0
8159,392.0,4704.0,63.8
8160,376.0,4512.0,63.5
8161,369.0,4428.0,63.9
8162,369.0,4428.0,63.7
8163,376.0,4512.0,63.7
8164,369.0,4428.0,63.9
8165,368.0,4416.0,63.7
8166,364.0,4368.0,63.7
8167,366.0,4392.0,63.6
8168,373.0,4476.0,63.5
8169,373.0,4476.0,63.4
8170,369.0,4428.0,63.3
8171,364.0,4368.0,63.4
8172,350.0,4200.0,63.1
8173,347.0,4164.0,63.0
8174,346.0,4152.0,62.5
8175,350.0,4200.0,62.3
8176,354.0,4248.0,62.4
8177,355.0,4260.0,62.2
8178,359.0,4308.0,62.4
8179,361.0,4332.0,62.3
8180,366.0,4392.0,62.3
8181,369.0,4428.0,62.1
8182,363.0,4356.0,62.1
8183,357.0,4284.0,62.0
8184,352.0,4224.0,61.9
8185,355.0,4260.0,61.9
8186,361.0,4332.0,61.9
8187,369.0,4428.0,61.6
8188,368.0,4416.0,61.9
8189,366.0,4392.0,61.7
8190,361.0,4332.0,61.8
8191,366.0,4392.0,61.7
8192,376.0,4512.0,61.6
8193,376.0,4512.0,61.2
8194,376.0,4512.0,61.4
8195,370.0,4440.0,61.0
8196,370.0,4440.0,61.2
8197,373.0,4476.0,61.2
8198,385.0,4620.0,61.1
8199,376.0,4512.0,61.1
8200,396.0,4752.0,60.9
8201,402.0,4824.0,60.9
8202,380.0,4560.0,61.0
8203,382.0,4584.0,60.5
8204,383.0,4596.0,60.7
8205,378.0,4536.0,60.6
8206,387.0,4644.0,60.8
8207,380.0,4560.0,60.7
8208,385.0,4620.0,61.0
8209,380.0,4560.0,61.3
8210,387.0,4644.0,61.3
8211,392.0,4704.0,61.1
8212,390.0,4680.0,61.1
8213,392.0,4704.0,60.9
8214,385.0,4620.0,61.1
8215,387.0,4644.0,61.1
8216,396.0,4752.0,60.6
8217,392.0,4704.0,59.9
8218,393.0,4716.0,59.4
8219,385.0,4620.0,59.7
8220,389.0,4668.0,60.0
8221,387.0,4644.0,59.6
8222,393.0,4716.0,59.9
8223,402.0,4824.0,59.9
8224,403.0,4836.0,59.8
8225,399.0,4788.0,60.0
8226,399.0,4788.0,60.0
8227,405.0,4860.0,59.8
8228,408.0,4896.0,60.0
8229,408.0,4896.0,59.5
8230,410.0,4920.0,59.8
8231,407.0,4884.0,59.5
8232,399.0,4788.0,59.0
8233,405.0,4860.0,58.5
8234,410.0,4920.0,58.6
8235,410.0,4920.0,58.2
8236,410.0,4920.0,57.8
8237,411.0,4932.0,57.2
8238,411.0,4932.0,57.2
8239,408.0,4896.0,56.3
8240,413.0,4956.0,56.9
8241,419.0,5028.0,56.2
8242,418.0,5016.0,52.5
8243,415.0,4980.0,53.8
8244,411.0,4932.0,53.7
8245,415.0,4980.0,53.0
8246,418.0,5016.0,53.6
8247,422.0,5064.0,53.1
8248,415.0,4980.0,53.2
8249,415.0,4980.0,53.0
8250,412.0,4944.0,50.7
8251,410.0,4920.0,53.3
8252,419.0,5028.0,50.2
8253,418.0,5016.0,47.8
8254,415.0,4980.0,49.3
8255,407.0,4884.0,51.3
8256,406.0,4872.0,53.4
8257,412.0,4944.0,52.8
8258,413.0,4956.0,53.2
8259,415.0,4980.0,53.8
8260,413.0,4956.0,55.4
8261,412.0,4944.0,55.8
8262,399.0,4788.0,56.1
8263,412.0,4944.0,56.2
8264,413.0,4956.0,56.5
8265,417.0,5004.0,56.8
8266,415.0,4980.0,56.9
8267,407.0,4884.0,57.2
8268,402.0,4824.0,57.5
8269,410.0,4920.0,57.7
8270,419.0,5028.0,57.9
8271,425.0,5100.0,58.2
8272,422.0,5064.0,58.0
8273,413.0,4956.0,57.6
8274,410.0,4920.0,57.7
8275,397.0,4764.0,57.7
8276,397.0,4764.0,58.0
8277,396.0,4752.0,58.6
8278,402.0,4824.0,58.6
8279,380.0,4560.0,58.7
8280,393.0,4716.0,59.8
8281,390.0,4680.0,61.5
8282,400.0,4800.0,63.8
8283,393.0,4716.0,64.6
8284,385.0,4620.0,65.4
8285,395.0,4740.0,65.7
8286,370.0,4440.0,65.8
8287,385.0,4620.0,66.0
8288,395.0,4740.0,65.8
8289,389.0,4668.0,66.2
8290,370.0,4440.0,66.6
8291,366.0,4392.0,66.5
8292,378.0,4536.0,66.9
8293,385.0,4620.0,66.9
8294,382.0,4584.0,66.6
8295,380.0,4560.0,67.0
8296,378.0,4536.0,66.8
8297,361.0,4332.0,66.9
8298,353.0,4236.0,66.7
8299,355.0,4260.0,66.6
8300,343.0,4116.0,66.5
8301,359.0,4308.0,66.1
8302,346.0,4152.0,66.2
8303,338.0,4056.0,66.1
8304,346.0,4152.0,66.2
8305,354.0,4248.0,66.2
8306,358.0,4296.0,66.4
8307,321.0,3852.0,66.4
8308,346.0,4152.0,66.4
8309,355.0,4260.0,66.4
8310,339.0,4068.0,66.5
8311,331.0,3972.0,66.6
8312,333.0,3996.0,66.7
8313,306.0,3672.0,66.8
8314,320.0,3840.0,66.9
8315,320.0,3840.0,67.1
8316,302.0,3624.0,67.1
8317,310.0,3720.0,67.3
8318,336.0,4032.0,67.5
8319,320.0,3840.0,67.7
8320,313.0,3756.0,68.2
8321,296.0,3552.0,68.0
8322,294.0,3528.0,67.9
8323,287.0,3444.0,68.0
8324,290.0,3480.0,68.3
8325,294.0,3528.0,68.3
8326,306.0,3672.0,68.4
8327,272.0,3264.0,68.6
8328,261.0,3132.0,68.6
8329,275.0,3300.0,68.7
8330,285.0,3420.0,68.7
8331,278.0,3336.0,68.2
8332,260.0,3120.0,68.3
8333,256.0,3072.0,68.2
8334,248.0,2976.0,68.3
8335,248.0,2976.0,68.4
8336,220.0,2640.0,68.5
8337,230.0,2760.0,68.7
8338,223.0,2676.0,68.7
8339,218.0,2616.0,68.8
8340,202.0,2424.0,68.7
8341,211.0,2532.0,68.4
8342,199.0,2388.0,68.8
8343,196.0,2352.0,68.2
8344,189.0,2268.0,68.2
8345,192.0,2304.0,68.5
8346,192.0,2304.0,68.3
8347,174.0,2088.0,68.3
8348,178.0,2136.0,68.7
8349,185.0,2220.0,68.5
8350,171.0,2052.0,68.6
8351,171.0,2052.0,68.6
8352,158.0,1896.0,68.9
8353,158.0,1896.0,68.5
8354,150.0,1800.0,68.7
8355,165.0,1980.0,68.4
8356,142.0,1704.0,68.1
8357,139.0,1668.0,68.0
8358,125.0,1500.0,68.1
8359,121.0,1452.0,68.0
8360,123.0,1476.0,68.0
8361,119.0,1428.0,68.5
8362,112.0,1344.0,68.2
8363,106.0,1272.0,68.4
8364,109.0,1308.0,68.7
8365,106.0,1272.0,68.4
8366,106.0,1272.0,68.4
8367,105.0,1260.0,68.2
8368,95.0,1140.0,68.2
8369,95.0,1140.0,68.6
8370,91.0,1092.0,68.4
8371,91.0,1092.0,68.3
8372,90.0,1080.0,68.2
8373,86.0,1032.0,68.2
8374,86.0,1032.0,68.7
8375,86.0,1032.0,68.3
8376,90.0,1080.0,68.7
8377,85.0,1020.0,68.6
8378,75.0,900.0,68.5
8379,83.0,996.0,68.3
8380,83.0,996.0,68.2
8381,72.0,864.0,68.6
8382,75.0,900.0,68.4
8383,72.0,864.0,67.8
8384,76.0,912.0,68.1
8385,71.0,852.0,67.8
8386,67.0,804.0,68.0
8387,69.0,828.0,67.8
8388,67.0,804.0,68.2
8389,67.0,804.0,68.2
8390,64.0,768.0,68.1
8391,69.0,828.0,67.8
8392,72.0,864.0,68.0
8393,72.0,864.0,67.9
8394,65.0,780.0,67.8
8395,65.0,780.0,68.0
8396,61.0,732.0,68.0
8397,65.0,780.0,67.8
8398,79.0,948.0,68.0
8399,67.0,804.0,67.9
8400,64.0,768.0,68.0
8401,63.0,756.0,67.8
8402,69.0,828.0,67.7
8403,69.0,828.0,67.5
8404,67.0,804.0,67.9
8405,72.0,864.0,67.9
8406,72.0,864.0,68.1
8407,79.0,948.0,68.1
8408,85.0,1020.0,68.2
8409,86.0,1032.0,68.3
8410,88.0,1056.0,68.1
8411,97.0,1164.0,68.0
8412,85.0,1020.0,67.9
8413,89.0,1068.0,68.2
8414,95.0,1140.0,67.8
8415,118.0,1416.0,67.8
8416,132.0,1584.0,67.9
8417,118.0,1416.0,68.1
8418,125.0,1500.0,68.0
8419,131.0,1572.0,68.3
8420,142.0,1704.0,68.3
8421,167.0,2004.0,68.5
8422,158.0,1896.0,68.6
8423,169.0,2028.0,68.7
8424,174.0,2088.0,67.8
8425,188.0,2256.0,67.4
8426,194.0,2328.0,67.1
8427,194.0,2328.0,67.0
8428,222.0,2664.0,67.4
8429,204.0,2448.0,67.2
8430,216.0,2592.0,67.3
8431,218.0,2616.0,67.5
8432,214.0,2568.0,67.8
8433,230.0,2760.0,67.8
8434,248.0,2976.0,68.1
8435,245.0,2940.0,67.9
8436,257.0,3084.0,67.3
8437,258.0,3096.0,66.4
8438,263.0,3156.0,66.1
8439,254.0,3048.0,65.7
8440,282.0,3384.0,65.8
8441,297.0,3564.0,65.7
8442,291.0,3492.0,65.9
8443,296.0,3552.0,65.8
8444,297.0,3564.0,66.1
8445,296.0,3552.0,65.9
8446,306.0,3672.0,65.8
8447,340.0,4080.0,65.8
8448,294.0,3528.0,65.6
8449,303.0,3636.0,65.7
8450,303.0,3636.0,65.6
8451,324.0,3888.0,65.2
8452,313.0,3756.0,65.5
8453,340.0,4080.0,65.8
8454,323.0,3876.0,65.7
8455,343.0,4116.0,65.6
8456,323.0,3876.0,65.8
8457,330.0,3960.0,65.6
8458,330.0,3960.0,65.4
8459,327.0,3924.0,65.9
8460,317.0,3804.0,66.0
8461,316.0,3792.0,65.6
8462,323.0,3876.0,65.5
8463,331.0,3972.0,65.3
8464,333.0,3996.0,65.4
8465,338.0,4056.0,65.2
8466,342.0,4104.0,65.3
8467,346.0,4152.0,65.4
8468,355.0,4260.0,64.8
8469,359.0,4308.0,64.9
8470,355.0,4260.0,65.0
8471,347.0,4164.0,65.0
8472,346.0,4152.0,65.1
8473,336.0,4032.0,65.0
8474,347.0,4164.0,64.9
8475,350.0,4200.0,64.8
8476,355.0,4260.0,64.9
8477,360.0,4320.0,64.8
8478,366.0,4392.0,64.7
8479,369.0,4428.0,64.6
8480,373.0,4476.0,64.4
8481,372.0,4464.0,64.5
8482,369.0,4428.0,64.5
8483,369.0,4428.0,64.4
8484,376.0,4512.0,64.1
8485,376.0,4512.0,64.5
8486,376.0,4512.0,64.6
8487,376.0,4512.0,64.7
8488,378.0,4536.0,64.6
8489,378.0,4536.0,65.1
8490,380.0,4560.0,65.0
8491,376.0,4512.0,64.9
8492,382.0,4584.0,64.8
8493,383.0,4596.0,64.9
8494,380.0,4560.0,64.9
8495,383.0,4596.0,64.9
8496,383.0,4596.0,65.1
8497,385.0,4620.0,65.1
8498,390.0,4680.0,65.2
8499,393.0,4716.0,64.6
8500,390.0,4680.0,64.6
8501,388.0,4656.0,64.7
8502,389.0,4668.0,64.7
8503,392.0,4704.0,64.8
8504,388.0,4656.0,64.2
8505,388.0,4656.0,64.9
8506,392.0,4704.0,64.8
8507,385.0,4620.0,64.9
8508,388.0,4656.0,65.1
8509,385.0,4620.0,65.1
8510,393.0,4716.0,65.3
8511,393.0,4716.0,64.8
8512,392.0,4704.0,65.1
8513,393.0,4716.0,65.3
8514,393.0,4716.0,65.3
8515,392.0,4704.0,65.2
8516,396.0,4752.0,65.2
8517,396.0,4752.0,65.1
8518,388.0,4656.0,65.3
8519,385.0,4620.0,65.1
8520,385.0,4620.0,65.2
8521,383.0,4596.0,65.4
8522,385.0,4620.0,65.5
8523,389.0,4668.0,65.2
8524,393.0,4716.0,65.4
8525,392.0,4704.0,65.4
8526,392.0,4704.0,65.4
8527,383.0,4596.0,65.6
8528,393.0,4716.0,65.5
8529,392.0,4704.0,65.6
8530,395.0,4740.0,65.6
8531,396.0,4752.0,65.3
8532,383.0,4596.0,65.5
8533,387.0,4644.0,65.6
8534,392.0,4704.0,65.7
8535,396.0,4752.0,65.6
8536,393.0,4716.0,65.4
8537,393.0,4716.0,65.6
8538,387.0,4644.0,65.7
8539,387.0,4644.0,65.8
8540,390.0,4680.0,65.7
8541,393.0,4716.0,65.7
8542,390.0,4680.0,66.1
8543,385.0,4620.0,65.8
8544,376.0,4512.0,65.8
8545,380.0,4560.0,65.8
8546,389.0,4668.0,65.8
8547,392.0,4704.0,65.9
8548,387.0,4644.0,66.0
8549,390.0,4680.0,66.0
8550,390.0,4680.0,66.3
8551,392.0,4704.0,66.2
8552,388.0,4656.0,66.3
8553,392.0,4704.0,66.0
8554,399.0,4788.0,66.0
8555,376.0,4512.0,66.1
8556,377.0,4524.0,66.2
8557,377.0,4524.0,66.2
8558,382.0,4584.0,66.1
8559,377.0,4524.0,66.2
8560,385.0,4620.0,66.7
8561,378.0,4536.0,66.5
8562,376.0,4512.0,66.4
8563,373.0,4476.0,66.4
8564,370.0,4440.0,66.5
8565,369.0,4428.0,66.7
8566,366.0,4392.0,66.7
8567,360.0,4320.0,66.9
8568,357.0,4284.0,66.6
8569,357.0,4284.0,66.7
8570,358.0,4296.0,66.8
8571,357.0,4284.0,67.0
8572,366.0,4392.0,67.0
8573,368.0,4416.0,67.3
8574,350.0,4200.0,67.1
8575,346.0,4152.0,67.2
8576,343.0,4116.0,67.4
8577,336.0,4032.0,67.2
8578,327.0,3924.0,67.0
8579,324.0,3888.0,67.2
8580,338.0,4056.0,67.2
8581,320.0,3840.0,67.2
8582,320.0,3840.0,67.3
8583,317.0,3804.0,67.6
8584,323.0,3876.0,67.4
8585,310.0,3720.0,67.2
8586,301.0,3612.0,67.3
8587,303.0,3636.0,67.2
8588,306.0,3672.0,66.8
8589,310.0,3720.0,66.6
8590,300.0,3600.0,66.5
8591,293.0,3516.0,66.1
8592,293.0,3516.0,66.3
8593,291.0,3492.0,66.3
8594,291.0,3492.0,66.5
8595,296.0,3552.0,66.6
8596,293.0,3516.0,66.6
8597,286.0,3432.0,66.7
8598,278.0,3336.0,66.8
8599,283.0,3396.0,66.8
8600,291.0,3492.0,67.0
8601,283.0,3396.0,67.1
8602,270.0,3240.0,67.1
8603,285.0,3420.0,67.2
8604,278.0,3336.0,67.7
8605,283.0,3396.0,68.3
8606,264.0,3168.0,68.4
8607,281.0,3372.0,68.5
8608,283.0,3396.0,68.6
8609,294.0,3528.0,68.6
8610,281.0,3372.0,68.7
8611,264.0,3168.0,68.6
8612,269.0,3228.0,68.5
8613,257.0,3084.0,68.7
8614,260.0,3120.0,68.6
8615,283.0,3396.0,68.7
8616,252.0,3024.0,68.4
8617,253.0,3036.0,68.2
8618,254.0,3048.0,68.4
8619,246.0,2952.0,68.1
8620,244.0,2928.0,68.4
8621,267.0,3204.0,68.7
8622,263.0,3156.0,68.8
8623,241.0,2892.0,68.8
8624,238.0,2856.0,68.8
8625,227.0,2724.0,69.1
8626,241.0,2892.0,68.9
8627,237.0,2844.0,69.1
8628,230.0,2760.0,68.7
8629,220.0,2640.0,68.5
8630,208.0,2496.0,68.4
8631,211.0,2532.0,68.5
8632,220.0,2640.0,68.3
8633,185.0,2220.0,68.5
8634,186.0,2232.0,68.4
8635,178.0,2136.0,68.5
8636,178.0,2136.0,68.4
8637,169.0,2028.0,68.6
8638,177.0,2124.0,68.3
8639,171.0,2052.0,68.7
8640,150.0,1800.0,68.8
8641,159.0,1908.0,68.6
8642,155.0,1860.0,68.5
8643,144.0,1728.0,68.2
8644,151.0,1812.0,68.4
8645,142.0,1704.0,68.5
8646,125.0,1500.0,68.6
8647,129.0,1548.0,68.6
8648,127.0,1524.0,68.8
8649,114.0,1368.0,68.3
8650,112.0,1344.0,68.6
8651,110.0,1320.0,68.8
8652,105.0,1260.0,68.7
8653,98.0,1176.0,68.5
8654,101.0,1212.0,68.5
8655,101.0,1212.0,68.3
8656,93.0,1116.0,68.3
8657,90.0,1080.0,68.6
8658,82.0,984.0,68.7
8659,83.0,996.0,68.3
8660,79.0,948.0,68.7
8661,76.0,912.0,68.3
8662,79.0,948.0,68.7
8663,76.0,912.0,68.6
8664,75.0,900.0,68.6
8665,75.0,900.0,68.5
8666,74.0,888.0,68.6
8667,71.0,852.0,68.7
8668,69.0,828.0,68.6
8669,63.0,756.0,68.6
8670,62.0,744.0,68.6
8671,62.0,744.0,68.7
8672,60.0,720.0,68.7
8673,56.0,672.0,68.3
8674,56.0,672.0,68.5
8675,53.0,636.0,68.4
8676,50.0,600.0,68.7
8677,52.0,624.0,68.7
8678,50.0,600.0,68.7
8679,53.0,636.0,68.5
8680,49.0,588.0,68.5
8681,47.0,564.0,68.6
8682,46.0,552.0,68.7
8683,46.0,552.0,68.5
8684,45.0,540.0,68.4
8685,45.0,540.0,68.6
8686,42.0,504.0,68.4
8687,41.0,492.0,68.1
8688,42.0,504.0,68.2
8689,42.0,504.0,68.2
8690,42.0,504.0,68.3
8691,42.0,504.0,68.2
8692,42.0,504.0,68.3
8693,44.0,528.0,68.4
8694,44.0,528.0,68.3
8695,49.0,588.0,68.2
8696,49.0,588.0,68.4
8697,50.0,600.0,68.6
8698,49.0,588.0,68.4
8699,50.0,600.0,68.3
8700,47.0,564.0,68.4
8701,50.0,600.0,68.3
8702,52.0,624.0,68.4
8703,56.0,672.0,68.5
8704,58.0,696.0,68.3
8705,60.0,720.0,68.3
8706,62.0,744.0,68.1
8707,67.0,804.0,68.5
8708,72.0,864.0,68.3
8709,72.0,864.0,68.2
8710,72.0,864.0,68.3
8711,86.0,1032.0,68.4
8712,72.0,864.0,68.1
8713,79.0,948.0,68.3
8714,82.0,984.0,68.2
8715,88.0,1056.0,68.3
8716,110.0,1320.0,68.4
8717,106.0,1272.0,68.4
8718,101.0,1212.0,68.5
8719,110.0,1320.0,68.9
8720,112.0,1344.0,68.9
8721,122.0,1464.0,68.9
8722,120.0,1440.0,69.0
8723,125.0,1500.0,69.1
8724,129.0,1548.0,68.7
8725,142.0,1704.0,68.8
8726,146.0,1752.0,68.7
8727,156.0,1872.0,68.6
8728,158.0,1896.0,68.5
8729,161.0,1932.0,68.8
8730,152.0,1824.0,68.9
8731,153.0,1836.0,68.8
8732,159.0,1908.0,69.0
8733,169.0,2028.0,68.8
8734,162.0,1944.0,69.0
8735,174.0,2088.0,69.0
8736,169.0,2028.0,68.4
8737,178.0,2136.0,68.1
8738,192.0,2304.0,68.0
8739,214.0,2568.0,68.4
8740,197.0,2364.0,68.2
8741,188.0,2256.0,68.3
8742,206.0,2472.0,68.2
8743,206.0,2472.0,68.3
8744,225.0,2700.0,68.1
8745,221.0,2652.0,68.1
8746,244.0,2928.0,67.9
8747,225.0,2700.0,68.0
8748,230.0,2760.0,67.6
8749,230.0,2760.0,67.7
8750,241.0,2892.0,67.5
8751,250.0,3000.0,67.6
8752,257.0,3084.0,67.4
8753,263.0,3156.0,67.4
8754,269.0,3228.0,67.3
8755,275.0,3300.0,67.4
8756,283.0,3396.0,67.3
8757,290.0,3480.0,67.2
8758,294.0,3528.0,67.2
8759,291.0,3492.0,67.5
8760,291.0,3492.0,66.9
8761,287.0,3444.0,66.9
8762,308.0,3696.0,66.7
8763,302.0,3624.0,66.6
8764,310.0,3720.0,66.6
8765,313.0,3756.0,66.5
8766,317.0,3804.0,66.4
8767,323.0,3876.0,66.6
8768,332.0,3984.0,66.5
8769,334.0,4008.0,66.5
8770,336.0,4032.0,66.5
8771,334.0,4008.0,66.6
8772,331.0,3972.0,66.5
8773,324.0,3888.0,66.2
8774,332.0,3984.0,66.1
8775,340.0,4080.0,66.2
8776,338.0,4056.0,65.9
8777,343.0,4116.0,66.1
8778,354.0,4248.0,65.9
8779,354.0,4248.0,65.9
8780,357.0,4284.0,65.7
8781,358.0,4296.0,65.7
8782,357.0,4284.0,65.7
8783,363.0,4356.0,65.5
8784,363.0,4356.0,65.5
8785,358.0,4296.0,65.7
8786,366.0,4392.0,65.6
8787,366.0,4392.0,65.7
8788,369.0,4428.0,65.3
8789,372.0,4464.0,65.1
8790,377.0,4524.0,65.4
8791,380.0,4560.0,65.0
8792,385.0,4620.0,65.0
8793,383.0,4596.0,65.0
8794,382.0,4584.0,64.9
8795,380.0,4560.0,65.2
8796,377.0,4524.0,65.2
8797,373.0,4476.0,65.2
8798,377.0,4524.0,65.1
8799,380.0,4560.0,65.1
8800,383.0,4596.0,64.8
8801,385.0,4620.0,64.7
8802,380.0,4560.0,64.5
8803,380.0,4560.0,64.7
8804,382.0,4584.0,64.7
8805,382.0,4584.0,64.3
8806,380.0,4560.0,64.8
8807,376.0,4512.0,64.5
8808,369.0,4428.0,64.7
8809,369.0,4428.0,64.8
8810,369.0,4428.0,64.9
8811,373.0,4476.0,65.0
8812,373.0,4476.0,65.1
8813,369.0,4428.0,65.1
8814,369.0,4428.0,64.9
8815,364.0,4368.0,65.0
8816,369.0,4428.0,65.1
8817,369.0,4428.0,65.2
8818,366.0,4392.0,65.1
8819,360.0,4320.0,65.3
8820,366.0,4392.0,65.4
8821,360.0,4320.0,65.3
8822,369.0,4428.0,65.1
8823,366.0,4392.0,65.4
8824,366.0,4392.0,65.0
8825,362.0,4344.0,65.1
8826,373.0,4476.0,65.1
8827,373.0,4476.0,65.1
8828,373.0,4476.0,65.1
8829,370.0,4440.0,65.6
8830,376.0,4512.0,65.4
8831,369.0,4428.0,65.2
8832,363.0,4356.0,65.4
8833,364.0,4368.0,65.3
8834,370.0,4440.0,65.6
8835,368.0,4416.0,65.7
8836,380.0,4560.0,65.2
8837,368.0,4416.0,65.2
8838,366.0,4392.0,65.3
8839,364.0,4368.0,65.6
8840,366.0,4392.0,65.5
8841,362.0,4344.0,65.5
8842,360.0,4320.0,65.6
8843,350.0,4200.0,65.9
8844,348.0,4176.0,65.7
8845,357.0,4284.0,65.9
8846,352.0,4224.0,66.0
8847,355.0,4260.0,65.9
8848,352.0,4224.0,66.5
8849,350.0,4200.0,66.4
8850,343.0,4116.0,66.7
8851,343.0,4116.0,66.6
8852,342.0,4104.0,66.4
8853,340.0,4080.0,66.3
8854,342.0,4104.0,66.5
8855,336.0,4032.0,66.7
8856,336.0,4032.0,66.5
8857,340.0,4080.0,66.6
8858,340.0,4080.0,66.6
8859,340.0,4080.0,66.4
8860,354.0,4248.0,66.1
8861,329.0,3948.0,66.5
8862,361.0,4332.0,66.4
8863,332.0,3984.0,66.3
8864,326.0,3912.0,66.3
8865,324.0,3888.0,66.2
8866,320.0,3840.0,66.2
8867,317.0,3804.0,66.3
8868,316.0,3792.0,66.1
8869,313.0,3756.0,66.1
8870,320.0,3840.0,65.9
8871,320.0,3840.0,65.7
8872,323.0,3876.0,65.7
8873,316.0,3792.0,65.5
8874,313.0,3756.0,65.2
8875,306.0,3672.0,65.0
8876,310.0,3720.0,64.7
8877,320.0,3840.0,64.5
8878,308.0,3696.0,64.3
8879,309.0,3708.0,64.2
8880,306.0,3672.0,63.9
8881,304.0,3648.0,64.1
8882,313.0,3756.0,64.3
8883,306.0,3672.0,64.0
8884,310.0,3720.0,64.4
8885,308.0,3696.0,63.9
8886,297.0,3564.0,63.9
8887,297.0,3564.0,64.1
8888,297.0,3564.0,63.9
8889,287.0,3444.0,64.5
8890,281.0,3372.0,64.4
8891,278.0,3336.0,64.6
8892,274.0,3288.0,66.5
8893,274.0,3288.0,67.3
8894,270.0,3240.0,67.8
8895,268.0,3216.0,68.1
8896,280.0,3360.0,68.4
8897,267.0,3204.0,68.3
8898,253.0,3036.0,68.6
8899,251.0,3012.0,68.6
8900,245.0,2940.0,68.6
8901,246.0,2952.0,68.6
8902,236.0,2832.0,68.8
8903,238.0,2856.0,69.0
8904,227.0,2724.0,68.7
8905,221.0,2652.0,68.6
8906,220.0,2640.0,68.6
8907,211.0,2532.0,68.6
8908,206.0,2472.0,68.5
8909,196.0,2352.0,68.7
8910,197.0,2364.0,68.4
8911,181.0,2172.0,68.5
8912,189.0,2268.0,68.7
8913,171.0,2052.0,68.4
8914,162.0,1944.0,68.7
8915,161.0,1932.0,68.8
8916,144.0,1728.0,68.7
8917,146.0,1752.0,68.5
8918,141.0,1692.0,68.6
8919,137.0,1644.0,68.5
8920,144.0,1728.0,68.3
8921,135.0,1620.0,68.7
8922,125.0,1500.0,68.7
8923,116.0,1392.0,68.6
8924,114.0,1368.0,68.8
8925,113.0,1356.0,68.5
8926,105.0,1260.0,68.1
8927,102.0,1224.0,68.3
8928,91.0,1092.0,69.5
8929,89.0,1068.0,68.9
8930,90.0,1080.0,68.7
8931,82.0,984.0,68.9
8932,85.0,1020.0,68.4
8933,79.0,948.0,68.5
8934,74.0,888.0,68.7
8935,69.0,828.0,68.7
8936,65.0,780.0,68.3
8937,69.0,828.0,68.2
8938,62.0,744.0,68.0
8939,58.0,696.0,68.0
8940,56.0,672.0,68.5
8941,59.0,708.0,68.5
8942,60.0,720.0,68.6
8943,53.0,636.0,68.4
8944,53.0,636.0,68.4
8945,52.0,624.0,68.0
8946,47.0,564.0,68.0
8947,56.0,672.0,68.0
8948,46.0,552.0,67.8
8949,46.0,552.0,67.9
8950,49.0,588.0,67.7
8951,44.0,528.0,67.9
8952,46.0,552.0,67.8
8953,45.0,540.0,67.7
8954,44.0,528.0,67.9
8955,45.0,540.0,67.9
8956,44.0,528.0,67.9
8957,45.0,540.0,67.8
8958,44.0,528.0,67.9
8959,44.0,528.0,67.7
8960,45.0,540.0,67.7
8961,45.0,540.0,67.7
8962,44.0,528.0,67.8
8963,46.0,552.0,67.3
8964,46.0,552.0,67.7
8965,45.0,540.0,67.4
8966,49.0,588.0,67.6
8967,47.0,564.0,67.8
8968,53.0,636.0,67.6
8969,56.0,672.0,67.6
8970,59.0,708.0,67.8
8971,65.0,780.0,67.8
8972,71.0,852.0,68.1
8973,76.0,912.0,67.7
8974,72.0,864.0,67.8
8975,72.0,864.0,67.6
8976,74.0,888.0,67.7
8977,76.0,912.0,68.0
8978,86.0,1032.0,68.0
8979,95.0,1140.0,67.9
8980,110.0,1320.0,68.1
8981,114.0,1368.0,67.9
8982,128.0,1536.0,68.3
8983,146.0,1752.0,68.5
8984,155.0,1860.0,68.7
8985,174.0,2088.0,69.2
8986,162.0,1944.0,68.8
8987,162.0,1944.0,68.6
8988,177.0,2124.0,68.7
8989,188.0,2256.0,68.5
8990,202.0,2424.0,68.6
8991,230.0,2760.0,68.7
8992,241.0,2892.0,69.5
8993,244.0,2928.0,69.6
8994,283.0,3396.0,69.3
8995,291.0,3492.0,69.2
8996,310.0,3720.0,69.5
8997,323.0,3876.0,69.7
8998,313.0,3756.0,69.6
8999,297.0,3564.0,69.3
9000,293.0,3516.0,66.2
9001,299.0,3588.0,65.0
9002,320.0,3840.0,64.9
9003,339.0,4068.0,64.9
9004,350.0,4200.0,64.9
9005,329.0,3948.0,64.9
9006,320.0,3840.0,64.9
9007,310.0,3720.0,64.9
9008,309.0,3708.0,65.1
9009,357.0,4284.0,65.0
9010,329.0,3948.0,64.9
9011,343.0,4116.0,64.8
9012,316.0,3792.0,64.9
9013,340.0,4080.0,64.8
9014,342.0,4104.0,65.0
9015,329.0,3948.0,64.9
9016,355.0,4260.0,64.9
9017,369.0,4428.0,64.9
9018,317.0,3804.0,64.9
9019,388.0,4656.0,64.7
9020,400.0,4800.0,64.6
9021,378.0,4536.0,64.3
9022,354.0,4248.0,64.2
9023,400.0,4800.0,64.4
9024,373.0,4476.0,64.3
9025,364.0,4368.0,64.5
9026,385.0,4620.0,64.5
9027,383.0,4596.0,64.6
9028,376.0,4512.0,64.3
9029,376.0,4512.0,64.1
9030,376.0,4512.0,64.3
9031,377.0,4524.0,64.1
9032,380.0,4560.0,64.0
9033,380.0,4560.0,64.0
9034,373.0,4476.0,63.8
9035,361.0,4332.0,64.0
9036,350.0,4200.0,63.7
9037,343.0,4116.0,63.8
9038,346.0,4152.0,63.1
9039,355.0,4260.0,62.9
9040,350.0,4200.0,63.1
9041,357.0,4284.0,63.3
9042,348.0,4176.0,62.8
9043,354.0,4248.0,63.2
9044,358.0,4296.0,62.9
9045,355.0,4260.0,63.0
9046,353.0,4236.0,62.4
9047,348.0,4176.0,62.6
9048,343.0,4116.0,62.7
9049,340.0,4080.0,62.8
9050,348.0,4176.0,62.8
9051,348.0,4176.0,62.1
9052,352.0,4224.0,62.1
9053,355.0,4260.0,62.0
9054,352.0,4224.0,62.1
9055,359.0,4308.0,62.6
9056,360.0,4320.0,62.2
9057,358.0,4296.0,62.3
9058,353.0,4236.0,62.7
9059,350.0,4200.0,62.2
9060,347.0,4164.0,62.4
9061,354.0,4248.0,62.5
9062,366.0,4392.0,61.8
9063,359.0,4308.0,62.1
9064,362.0,4344.0,62.3
9065,357.0,4284.0,62.4
9066,361.0,4332.0,62.7
9067,359.0,4308.0,62.0
9068,363.0,4356.0,62.1
9069,361.0,4332.0,62.0
9070,362.0,4344.0,62.5
9071,359.0,4308.0,62.2
9072,359.0,4308.0,62.8
9073,359.0,4308.0,62.6
9074,368.0,4416.0,62.6
9075,366.0,4392.0,62.5
9076,364.0,4368.0,62.9
9077,364.0,4368.0,63.1
9078,366.0,4392.0,62.7
9079,376.0,4512.0,62.5
9080,377.0,4524.0,62.6
9081,376.0,4512.0,62.7
9082,370.0,4440.0,62.5
9083,372.0,4464.0,62.3
9084,361.0,4332.0,62.4
9085,373.0,4476.0,62.6
9086,370.0,4440.0,62.5
9087,380.0,4560.0,62.9
9088,383.0,4596.0,62.7
9089,385.0,4620.0,62.5
9090,380.0,4560.0,62.5
9091,383.0,4596.0,62.8
9092,388.0,4656.0,62.7
9093,389.0,4668.0,62.9
9094,383.0,4596.0,63.2
9095,383.0,4596.0,63.5
9096,383.0,4596.0,63.3
9097,385.0,4620.0,63.6
9098,399.0,4788.0,63.2
9099,402.0,4824.0,63.3
9100,403.0,4836.0,63.2
9101,422.0,5064.0,63.3
9102,407.0,4884.0,62.8
9103,412.0,4944.0,62.8
9104,422.0,5064.0,63.1
9105,440.0,5280.0,63.1
9106,438.0,5256.0,62.9
9107,443.0,5316.0,63.1
9108,471.0,5652.0,62.3
9109,440.0,5280.0,62.1
9110,441.0,5292.0,62.5
9111,441.0,5292.0,62.8
9112,453.0,5436.0,62.6
9113,452.0,5424.0,62.8
9114,442.0,5304.0,62.6
9115,426.0,5112.0,62.7
9116,433.0,5196.0,62.3
9117,443.0,5316.0,62.3
9118,435.0,5220.0,62.0
9119,440.0,5280.0,62.4
9120,441.0,5292.0,61.9
9121,441.0,5292.0,62.2
9122,435.0,5220.0,62.5
9123,435.0,5220.0,62.9
9124,423.0,5076.0,63.2
9125,419.0,5028.0,60.9
9126,410.0,4920.0,62.2
9127,412.0,4944.0,62.2
9128,429.0,5148.0,62.3
9129,438.0,5256.0,62.5
9130,431.0,5172.0,62.3
9131,422.0,5064.0,63.2
9132,425.0,5100.0,62.5
9133,436.0,5232.0,63.7
9134,455.0,5460.0,63.8
9135,449.0,5388.0,63.1
9136,445.0,5340.0,63.0
9137,431.0,5172.0,63.1
9138,441.0,5292.0,63.4
9139,461.0,5532.0,63.5
9140,455.0,5460.0,64.1
9141,441.0,5292.0,64.6
9142,432.0,5184.0,65.3
9143,435.0,5220.0,65.6
9144,419.0,5028.0,65.8
9145,399.0,4788.0,65.9
9146,406.0,4872.0,65.8
9147,399.0,4788.0,66.4
9148,397.0,4764.0,66.6
9149,403.0,4836.0,66.8
9150,395.0,4740.0,67.0
9151,343.0,4116.0,67.2
9152,338.0,4056.0,67.3
9153,321.0,3852.0,67.3
9154,347.0,4164.0,67.8
9155,327.0,3924.0,68.0
9156,306.0,3672.0,68.0
9157,317.0,3804.0,68.3
9158,321.0,3852.0,68.3
9159,327.0,3924.0,68.1
9160,304.0,3648.0,68.2
9161,297.0,3564.0,68.2
9162,297.0,3564.0,67.8
9163,287.0,3444.0,67.7
9164,278.0,3336.0,67.3
9165,291.0,3492.0,67.1
9166,267.0,3204.0,66.9
9167,274.0,3288.0,67.0
9168,258.0,3096.0,67.1
9169,253.0,3036.0,67.0
9170,264.0,3168.0,67.0
9171,252.0,3024.0,67.2
9172,269.0,3228.0,66.9
9173,261.0,3132.0,66.8
9174,245.0,2940.0,67.2
9175,246.0,2952.0,66.7
9176,252.0,3024.0,67.1
9177,232.0,2784.0,67.1
9178,251.0,3012.0,67.0
9179,234.0,2808.0,67.3
9180,230.0,2760.0,67.9
9181,214.0,2568.0,68.1
9182,224.0,2688.0,68.4
9183,225.0,2700.0,68.9
9184,234.0,2808.0,69.0
9185,230.0,2760.0,68.9
9186,234.0,2808.0,68.6
9187,218.0,2616.0,68.7
9188,218.0,2616.0,68.9
9189,204.0,2448.0,69.1
9190,211.0,2532.0,68.9
9191,199.0,2388.0,68.9
9192,196.0,2352.0,69.1
9193,201.0,2412.0,68.8
9194,196.0,2352.0,68.7
9195,204.0,2448.0,68.9
9196,192.0,2304.0,68.4
9197,184.0,2208.0,68.6
9198,158.0,1896.0,68.6
9199,167.0,2004.0,68.4
9200,161.0,1932.0,68.9
9201,156.0,1872.0,68.8
9202,144.0,1728.0,68.3
9203,142.0,1704.0,68.1
9204,139.0,1668.0,68.4
9205,139.0,1668.0,68.5
9206,148.0,1776.0,68.5
9207,135.0,1620.0,68.5
9208,149.0,1788.0,68.3
9209,141.0,1692.0,68.3
9210,119.0,1428.0,68.5
9211,116.0,1392.0,68.4
9212,123.0,1476.0,67.8
9213,110.0,1320.0,68.1
9214,116.0,1392.0,67.9
9215,99.0,1188.0,67.8
9216,95.0,1140.0,68.9
9217,95.0,1140.0,69.0
9218,97.0,1164.0,68.7
9219,95.0,1140.0,68.5
9220,88.0,1056.0,68.2
9221,88.0,1056.0,68.2
9222,82.0,984.0,68.1
9223,75.0,900.0,67.9
9224,74.0,888.0,68.1
9225,74.0,888.0,68.1
9226,76.0,912.0,67.2
9227,69.0,828.0,67.0
9228,65.0,780.0,67.4
9229,67.0,804.0,68.0
9230,62.0,744.0,68.1
9231,63.0,756.0,68.2
9232,62.0,744.0,67.5
9233,56.0,672.0,67.5
9234,59.0,708.0,67.9
9235,61.0,732.0,67.2
9236,59.0,708.0,67.2
9237,53.0,636.0,67.2
9238,56.0,672.0,67.1
9239,59.0,708.0,67.5
9240,50.0,600.0,67.6
9241,49.0,588.0,67.2
9242,56.0,672.0,67.4
9243,60.0,720.0,67.1
9244,65.0,780.0,67.2
9245,61.0,732.0,67.5
9246,56.0,672.0,67.1
9247,53.0,636.0,67.1
9248,50.0,600.0,67.1
9249,52.0,624.0,67.3
9250,52.0,624.0,67.2
9251,52.0,624.0,67.1
9252,56.0,672.0,66.9
9253,52.0,624.0,66.6
9254,60.0,720.0,66.9
9255,61.0,732.0,67.0
9256,58.0,696.0,67.1
9257,60.0,720.0,67.0
9258,63.0,756.0,67.3
9259,69.0,828.0,67.6
9260,74.0,888.0,67.9
9261,82.0,984.0,67.9
9262,79.0,948.0,67.9
9263,74.0,888.0,67.8
9264,79.0,948.0,67.2
9265,75.0,900.0,67.1
9266,88.0,1056.0,67.4
9267,95.0,1140.0,67.5
9268,106.0,1272.0,67.5
9269,118.0,1416.0,68.1
9270,132.0,1584.0,67.8
9271,149.0,1788.0,68.1
9272,166.0,1992.0,68.7
9273,174.0,2088.0,68.3
9274,167.0,2004.0,68.9
9275,167.0,2004.0,68.4
9276,178.0,2136.0,68.4
9277,192.0,2304.0,68.5
9278,216.0,2592.0,68.5
9279,238.0,2856.0,68.5
9280,258.0,3096.0,69.4
9281,268.0,3216.0,68.9
9282,290.0,3480.0,68.6
9283,309.0,3708.0,68.4
9284,326.0,3912.0,68.9
9285,342.0,4104.0,69.4
9286,336.0,4032.0,69.4
9287,308.0,3696.0,69.0
9288,301.0,3612.0,66.5
9289,310.0,3720.0,65.3
9290,324.0,3888.0,64.9
9291,342.0,4104.0,64.7
9292,276.0,3312.0,64.4
9293,278.0,3336.0,64.4
9294,286.0,3432.0,64.5
9295,260.0,3120.0,64.5
9296,283.0,3396.0,64.6
9297,296.0,3552.0,64.5
9298,320.0,3840.0,64.7
9299,342.0,4104.0,64.9
9300,339.0,4068.0,64.8
9301,326.0,3912.0,64.8
9302,343.0,4116.0,64.7
9303,317.0,3804.0,65.0
9304,306.0,3672.0,64.8
9305,290.0,3480.0,64.9
9306,280.0,3360.0,64.9
9307,338.0,4056.0,64.6
9308,380.0,4560.0,64.3
9309,364.0,4368.0,64.1
9310,359.0,4308.0,63.9
9311,343.0,4116.0,64.0
9312,317.0,3804.0,64.2
9313,378.0,4536.0,64.1
9314,377.0,4524.0,64.0
9315,336.0,4032.0,64.5
9316,352.0,4224.0,64.1
9317,378.0,4536.0,64.2
9318,378.0,4536.0,64.3
9319,380.0,4560.0,64.6
9320,380.0,4560.0,64.1
9321,383.0,4596.0,64.2
9322,376.0,4512.0,64.4
9323,364.0,4368.0,64.1
9324,358.0,4296.0,63.6
9325,348.0,4176.0,63.3
9326,354.0,4248.0,63.3
9327,354.0,4248.0,63.1
9328,352.0,4224.0,62.9
9329,354.0,4248.0,63.0
9330,348.0,4176.0,63.0
9331,350.0,4200.0,63.2
9332,353.0,4236.0,63.2
9333,355.0,4260.0,62.9
9334,346.0,4152.0,62.8
9335,340.0,4080.0,62.6
9336,330.0,3960.0,62.8
9337,332.0,3984.0,62.8
9338,336.0,4032.0,62.9
9339,342.0,4104.0,63.4
9340,334.0,4008.0,63.0
9341,336.0,4032.0,62.8
9342,339.0,4068.0,62.5
9343,343.0,4116.0,62.6
9344,347.0,4164.0,62.5
9345,343.0,4116.0,62.7
9346,343.0,4116.0,62.5
9347,336.0,4032.0,62.4
9348,329.0,3948.0,62.3
9349,340.0,4080.0,62.4
9350,343.0,4116.0,62.3
9351,350.0,4200.0,62.4
9352,347.0,4164.0,62.6
9353,347.0,4164.0,62.8
9354,342.0,4104.0,62.5
9355,354.0,4248.0,63.0
9356,358.0,4296.0,62.8
9357,355.0,4260.0,62.6
9358,347.0,4164.0,63.0
9359,346.0,4152.0,62.9
9360,343.0,4116.0,62.7
9361,346.0,4152.0,62.7
9362,354.0,4248.0,62.8
9363,355.0,4260.0,62.8
9364,353.0,4236.0,63.0
9365,354.0,4248.0,62.9
9366,359.0,4308.0,62.7
9367,360.0,4320.0,62.8
9368,355.0,4260.0,63.3
9369,354.0,4248.0,62.9
9370,352.0,4224.0,63.0
9371,354.0,4248.0,63.3
9372,346.0,4152.0,62.8
9373,343.0,4116.0,62.7
9374,355.0,4260.0,63.7
9375,362.0,4344.0,63.7
9376,358.0,4296.0,63.6
9377,363.0,4356.0,63.3
9378,360.0,4320.0,63.0
9379,366.0,4392.0,63.3
9380,369.0,4428.0,62.8
9381,376.0,4512.0,62.8
9382,376.0,4512.0,62.6
9383,376.0,4512.0,62.7
9384,376.0,4512.0,62.7
9385,378.0,4536.0,62.6
9386,385.0,4620.0,62.9
9387,395.0,4740.0,62.9
9388,396.0,4752.0,63.0
9389,402.0,4824.0,62.8
9390,402.0,4824.0,62.9
9391,410.0,4920.0,62.8
9392,417.0,5004.0,62.9
9393,436.0,5232.0,63.4
9394,459.0,5508.0,63.2
9395,466.0,5592.0,62.8
9396,469.0,5628.0,62.7
9397,468.0,5616.0,62.5
9398,452.0,5424.0,62.2
9399,468.0,5616.0,62.5
9400,479.0,5748.0,62.3
9401,463.0,5556.0,61.9
9402,471.0,5652.0,62.3
9403,459.0,5508.0,61.7
9404,445.0,5340.0,61.7
9405,432.0,5184.0,60.7
9406,455.0,5460.0,61.4
9407,442.0,5304.0,61.7
9408,434.0,5208.0,62.1
9409,453.0,5436.0,62.6
9410,449.0,5388.0,62.9
9411,426.0,5112.0,63.1
9412,427.0,5124.0,63.0
9413,445.0,5340.0,63.2
9414,427.0,5124.0,63.5
9415,413.0,4956.0,63.7
9416,440.0,5280.0,63.1
9417,425.0,5100.0,61.2
9418,449.0,5388.0,61.8
9419,432.0,5184.0,61.7
9420,426.0,5112.0,61.8
9421,438.0,5256.0,62.9
9422,461.0,5532.0,62.9
9423,442.0,5304.0,62.7
9424,459.0,5508.0,62.2
9425,464.0,5568.0,61.6
9426,449.0,5388.0,60.7
9427,448.0,5376.0,60.4
9428,438.0,5256.0,62.2
9429,438.0,5256.0,64.5
9430,432.0,5184.0,65.2
9431,459.0,5508.0,65.6
9432,431.0,5172.0,65.6
9433,396.0,4752.0,65.9
9434,380.0,4560.0,66.1
9435,392.0,4704.0,66.6
9436,380.0,4560.0,66.9
9437,385.0,4620.0,67.1
9438,352.0,4224.0,67.1
9439,336.0,4032.0,67.2
9440,364.0,4368.0,67.3
9441,350.0,4200.0,67.5
9442,340.0,4080.0,67.6
9443,320.0,3840.0,68.1
9444,309.0,3708.0,67.3
9445,313.0,3756.0,67.5
9446,317.0,3804.0,67.9
9447,326.0,3912.0,67.8
9448,320.0,3840.0,68.0
9449,313.0,3756.0,68.2
9450,310.0,3720.0,68.1
9451,293.0,3516.0,67.7
9452,297.0,3564.0,67.6
9453,293.0,3516.0,67.2
9454,296.0,3552.0,66.9
9455,290.0,3480.0,66.7
9456,278.0,3336.0,66.7
9457,287.0,3444.0,66.9
9458,278.0,3336.0,67.0
9459,263.0,3156.0,66.8
9460,275.0,3300.0,67.1
9461,278.0,3336.0,67.0
9462,271.0,3252.0,66.9
9463,258.0,3096.0,66.9
9464,258.0,3096.0,67.0
9465,241.0,2892.0,67.1
9466,254.0,3048.0,67.2
9467,231.0,2772.0,67.2
9468,241.0,2892.0,67.9
9469,241.0,2892.0,68.1
9470,227.0,2724.0,68.3
9471,244.0,2928.0,68.6
9472,238.0,2856.0,68.5
9473,248.0,2976.0,68.7
9474,223.0,2676.0,68.7
9475,216.0,2592.0,68.4
9476,218.0,2616.0,68.4
9477,234.0,2808.0,68.2
9478,208.0,2496.0,68.4
9479,216.0,2592.0,68.0
9480,204.0,2448.0,68.0
9481,214.0,2568.0,68.3
9482,197.0,2364.0,68.2
9483,215.0,2580.0,68.3
9484,200.0,2400.0,68.7
9485,186.0,2232.0,68.7
9486,169.0,2028.0,68.8
9487,174.0,2088.0,68.4
9488,169.0,2028.0,68.4
9489,166.0,1992.0,68.4
9490,165.0,1980.0,68.2
9491,142.0,1704.0,68.1
9492,139.0,1668.0,68.2
9493,144.0,1728.0,68.3
9494,152.0,1824.0,68.3
9495,144.0,1728.0,68.6
9496,144.0,1728.0,68.5
9497,127.0,1524.0,68.7
9498,125.0,1500.0,68.7
9499,119.0,1428.0,68.4
9500,116.0,1392.0,68.3
9501,118.0,1416.0,68.1
9502,112.0,1344.0,68.0
9503,102.0,1224.0,68.2
9504,95.0,1140.0,68.8
9505,97.0,1164.0,68.6
9506,105.0,1260.0,68.8
9507,105.0,1260.0,68.8
9508,95.0,1140.0,68.0
9509,86.0,1032.0,68.5
9510,79.0,948.0,68.2
9511,72.0,864.0,68.0
9512,75.0,900.0,67.8
9513,76.0,912.0,67.5
9514,69.0,828.0,67.5
9515,69.0,828.0,67.5
9516,65.0,780.0,67.7
9517,63.0,756.0,67.5
9518,69.0,828.0,67.6
9519,72.0,864.0,67.8
9520,71.0,852.0,67.7
9521,60.0,720.0,67.5
9522,62.0,744.0,67.4
9523,53.0,636.0,67.5
9524,64.0,768.0,67.4
9525,63.0,756.0,67.5
9526,63.0,756.0,67.2
9527,58.0,696.0,67.3
9528,56.0,672.0,67.6
9529,61.0,732.0,67.7
9530,62.0,744.0,67.6
9531,62.0,744.0,67.4
9532,60.0,720.0,67.6
9533,53.0,636.0,67.3
9534,49.0,588.0,67.2
9535,53.0,636.0,67.1
9536,50.0,600.0,67.2
9537,56.0,672.0,67.1
9538,56.0,672.0,67.0
9539,49.0,588.0,66.9
9540,49.0,588.0,66.8
9541,49.0,588.0,66.8
9542,56.0,672.0,66.8
9543,60.0,720.0,66.9
9544,59.0,708.0,67.0
9545,60.0,720.0,67.3
9546,62.0,744.0,67.1
9547,67.0,804.0,67.2
9548,75.0,900.0,67.3
9549,76.0,912.0,67.8
9550,75.0,900.0,67.6
9551,76.0,912.0,67.7
9552,76.0,912.0,67.5
9553,83.0,996.0,67.5
9554,95.0,1140.0,67.4
9555,98.0,1176.0,67.6
9556,106.0,1272.0,67.9
9557,122.0,1464.0,67.9
9558,136.0,1632.0,68.1
9559,142.0,1704.0,68.3
9560,169.0,2028.0,68.6
9561,178.0,2136.0,68.4
9562,171.0,2052.0,68.5
9563,165.0,1980.0,68.6
9564,167.0,2004.0,68.3
9565,184.0,2208.0,68.3
9566,218.0,2616.0,68.3
9567,241.0,2892.0,68.8
9568,251.0,3012.0,68.7
9569,267.0,3204.0,68.6
9570,287.0,3444.0,67.8
9571,306.0,3672.0,68.2
9572,329.0,3948.0,68.7
9573,339.0,4068.0,68.5
9574,331.0,3972.0,68.5
9575,308.0,3696.0,68.7
9576,308.0,3696.0,66.3
9577,310.0,3720.0,65.3
9578,316.0,3792.0,64.7
9579,294.0,3528.0,64.5
9580,329.0,3948.0,64.4
9581,309.0,3708.0,64.5
9582,306.0,3672.0,64.5
9583,316.0,3792.0,64.5
9584,368.0,4416.0,64.6
9585,324.0,3888.0,64.7
9586,324.0,3888.0,64.7
9587,359.0,4308.0,64.9
9588,383.0,4596.0,64.9
9589,361.0,4332.0,64.9
9590,327.0,3924.0,64.7
9591,347.0,4164.0,64.7
9592,366.0,4392.0,64.7
9593,297.0,3564.0,64.9
9594,336.0,4032.0,64.7
9595,369.0,4428.0,64.8
9596,396.0,4752.0,64.5
9597,419.0,5028.0,64.4
9598,415.0,4980.0,64.5
9599,390.0,4680.0,64.4
9600,380.0,4560.0,64.5
9601,382.0,4584.0,64.2
9602,385.0,4620.0,64.4
9603,388.0,4656.0,64.2
9604,385.0,4620.0,64.1
9605,380.0,4560.0,64.4
9606,373.0,4476.0,64.1
9607,385.0,4620.0,64.2
9608,383.0,4596.0,64.1
9609,380.0,4560.0,64.0
9610,382.0,4584.0,64.0
9611,366.0,4392.0,64.1
9612,353.0,4236.0,64.1
9613,347.0,4164.0,63.8
9614,350.0,4200.0,63.7
9615,353.0,4236.0,63.6
9616,352.0,4224.0,63.5
9617,354.0,4248.0,63.3
9618,353.0,4236.0,63.3
9619,353.0,4236.0,63.3
9620,358.0,4296.0,63.1
9621,350.0,4200.0,62.7
9622,347.0,4164.0,62.7
9623,339.0,4068.0,62.7
9624,332.0,3984.0,62.5
9625,327.0,3924.0,62.8
9626,336.0,4032.0,62.8
9627,336.0,4032.0,62.4
9628,336.0,4032.0,62.5
9629,339.0,4068.0,62.6
9630,340.0,4080.0,62.7
9631,343.0,4116.0,62.2
9632,347.0,4164.0,62.6
9633,348.0,4176.0,62.4
9634,346.0,4152.0,62.5
9635,340.0,4080.0,61.9
9636,333.0,3996.0,62.6
9637,340.0,4080.0,62.7
9638,350.0,4200.0,62.5
9639,347.0,4164.0,62.4
9640,340.0,4080.0,62.9
9641,340.0,4080.0,63.0
9642,340.0,4080.0,62.3
9643,343.0,4116.0,62.9
9644,343.0,4116.0,62.9
9645,350.0,4200.0,62.3
9646,350.0,4200.0,62.5
9647,346.0,4152.0,62.8
9648,354.0,4248.0,62.7
9649,357.0,4284.0,62.7
9650,358.0,4296.0,62.4
9651,364.0,4368.0,62.7
9652,360.0,4320.0,62.7
9653,361.0,4332.0,63.4
9654,360.0,4320.0,63.0
9655,360.0,4320.0,62.9
9656,369.0,4428.0,62.6
9657,364.0,4368.0,62.8
9658,362.0,4344.0,62.6
9659,366.0,4392.0,62.7
9660,362.0,4344.0,62.8
9661,364.0,4368.0,62.6
9662,366.0,4392.0,62.6
9663,376.0,4512.0,62.9
9664,376.0,4512.0,63.3
9665,383.0,4596.0,63.0
9666,376.0,4512.0,62.9
9667,382.0,4584.0,63.1
9668,387.0,4644.0,62.7
9669,395.0,4740.0,62.8
9670,392.0,4704.0,63.0
9671,390.0,4680.0,63.0
9672,385.0,4620.0,63.0
9673,389.0,4668.0,62.7
9674,397.0,4764.0,63.0
9675,403.0,4836.0,63.1
9676,407.0,4884.0,63.0
9677,411.0,4932.0,63.0
9678,418.0,5016.0,62.9
9679,413.0,4956.0,63.1
9680,425.0,5100.0,63.1
9681,448.0,5376.0,63.1
9682,434.0,5208.0,63.0
9683,429.0,5148.0,63.0
9684,449.0,5388.0,62.2
9685,429.0,5148.0,62.6
9686,432.0,5184.0,62.5
9687,443.0,5316.0,62.3
9688,442.0,5304.0,62.5
9689,447.0,5364.0,62.3
9690,463.0,5556.0,62.2
9691,438.0,5256.0,62.6
9692,431.0,5172.0,62.9
9693,436.0,5232.0,61.1
9694,438.0,5256.0,59.6
9695,443.0,5316.0,59.7
9696,449.0,5388.0,59.9
9697,441.0,5292.0,60.7
9698,465.0,5580.0,61.1
9699,445.0,5340.0,61.3
9700,431.0,5172.0,61.0
9701,441.0,5292.0,59.8
9702,449.0,5388.0,60.4
9703,459.0,5508.0,61.0
9704,443.0,5316.0,62.3
9705,433.0,5196.0,60.9
9706,432.0,5184.0,61.4
9707,425.0,5100.0,61.6
9708,418.0,5016.0,62.1
9709,432.0,5184.0,61.3
9710,445.0,5340.0,61.0
9711,443.0,5316.0,61.2
9712,443.0,5316.0,61.2
9713,436.0,5232.0,61.5
9714,429.0,5148.0,62.2
9715,447.0,5364.0,62.9
9716,445.0,5340.0,63.1
9717,415.0,4980.0,63.4
9718,410.0,4920.0,63.5
9719,434.0,5208.0,64.8
9720,422.0,5064.0,65.3
9721,405.0,4860.0,65.8
9722,419.0,5028.0,65.9
9723,407.0,4884.0,66.1
9724,392.0,4704.0,66.2
9725,407.0,4884.0,66.5
9726,403.0,4836.0,66.5
9727,377.0,4524.0,66.7
9728,354.0,4248.0,66.6
9729,358.0,4296.0,66.6
9730,346.0,4152.0,67.0
9731,327.0,3924.0,66.9
9732,313.0,3756.0,67.0
9733,329.0,3948.0,67.2
9734,330.0,3960.0,67.2
9735,340.0,4080.0,67.4
9736,326.0,3912.0,67.2
9737,330.0,3960.0,67.3
9738,323.0,3876.0,67.2
9739,296.0,3552.0,67.1
9740,294.0,3528.0,66.9
9741,290.0,3480.0,66.9
9742,293.0,3516.0,66.8
9743,300.0,3600.0,66.7
9744,275.0,3300.0,66.9
9745,285.0,3420.0,66.8
9746,287.0,3444.0,67.1
9747,303.0,3636.0,67.1
9748,268.0,3216.0,67.0
9749,269.0,3228.0,66.9
9750,280.0,3360.0,66.9
9751,281.0,3372.0,66.8
9752,254.0,3048.0,67.3
9753,260.0,3120.0,67.2
9754,261.0,3132.0,67.1
9755,264.0,3168.0,67.3
9756,267.0,3204.0,67.8
9757,248.0,2976.0,68.3
9758,246.0,2952.0,68.4
9759,248.0,2976.0,68.1
9760,244.0,2928.0,68.5
9761,254.0,3048.0,68.4
9762,238.0,2856.0,68.3
9763,238.0,2856.0,68.4
9764,234.0,2808.0,68.2
9765,232.0,2784.0,68.4
9766,238.0,2856.0,68.4
9767,218.0,2616.0,68.4
9768,216.0,2592.0,68.4
9769,199.0,2388.0,68.3
9770,208.0,2496.0,68.4
9771,208.0,2496.0,68.7
9772,195.0,2340.0,68.5
9773,195.0,2340.0,68.3
9774,177.0,2124.0,68.1
9775,186.0,2232.0,68.1
9776,178.0,2136.0,68.2
9777,174.0,2088.0,68.2
9778,162.0,1944.0,68.2
9779,156.0,1872.0,68.0
9780,152.0,1824.0,68.2
9781,136.0,1632.0,69.1
9782,153.0,1836.0,68.3
9783,158.0,1896.0,68.3
9784,141.0,1692.0,67.9
9785,141.0,1692.0,67.6
9786,128.0,1536.0,67.8
9787,128.0,1536.0,67.7
9788,131.0,1572.0,67.3
9789,125.0,1500.0,67.7
9790,113.0,1356.0,67.5
9791,113.0,1356.0,67.4
9792,105.0,1260.0,69.2
9793,105.0,1260.0,68.8
9794,106.0,1272.0,68.6
9795,109.0,1308.0,68.6
9796,95.0,1140.0,67.7
9797,82.0,984.0,67.9
9798,91.0,1092.0,67.6
9799,76.0,912.0,67.4
9800,79.0,948.0,67.7
9801,76.0,912.0,67.4
9802,71.0,852.0,67.5
9803,72.0,864.0,67.3
9804,63.0,756.0,67.7
9805,64.0,768.0,67.5
9806,72.0,864.0,67.7
9807,62.0,744.0,67.8
9808,69.0,828.0,67.5
9809,63.0,756.0,67.9
9810,60.0,720.0,67.5
9811,60.0,720.0,67.3
9812,69.0,828.0,67.2
9813,69.0,828.0,67.2
9814,67.0,804.0,67.6
9815,58.0,696.0,67.2
9816,56.0,672.0,67.3
9817,53.0,636.0,67.8
9818,61.0,732.0,67.8
9819,67.0,804.0,68.2
9820,53.0,636.0,67.7
9821,58.0,696.0,67.3
9822,53.0,636.0,67.4
9823,52.0,624.0,67.2
9824,58.0,696.0,67.3
9825,56.0,672.0,67.3
9826,58.0,696.0,66.9
9827,53.0,636.0,66.8
9828,50.0,600.0,66.9
9829,53.0,636.0,67.0
9830,56.0,672.0,67.3
9831,58.0,696.0,67.2
9832,60.0,720.0,67.5
9833,62.0,744.0,67.2
9834,64.0,768.0,67.4
9835,71.0,852.0,67.4
9836,74.0,888.0,67.6
9837,83.0,996.0,67.6
9838,80.0,960.0,67.8
9839,76.0,912.0,67.9
9840,82.0,984.0,67.5
9841,85.0,1020.0,67.2
9842,95.0,1140.0,67.4
9843,98.0,1176.0,67.3
9844,114.0,1368.0,67.7
9845,121.0,1452.0,67.7
9846,132.0,1584.0,67.8
9847,156.0,1872.0,67.8
9848,166.0,1992.0,68.4
9849,171.0,2052.0,68.5
9850,177.0,2124.0,68.5
9851,182.0,2184.0,68.5
9852,176.0,2112.0,68.5
9853,192.0,2304.0,68.4
9854,218.0,2616.0,68.2
9855,248.0,2976.0,68.3
9856,256.0,3072.0,68.3
9857,267.0,3204.0,68.2
9858,290.0,3480.0,68.3
9859,310.0,3720.0,68.7
9860,321.0,3852.0,68.6
9861,332.0,3984.0,68.8
9862,330.0,3960.0,69.5
9863,320.0,3840.0,69.0
9864,313.0,3756.0,67.0
9865,316.0,3792.0,65.6
9866,338.0,4056.0,65.1
9867,353.0,4236.0,64.9
9868,373.0,4476.0,64.9
9869,366.0,4392.0,64.7
9870,368.0,4416.0,64.7
9871,385.0,4620.0,64.7
9872,360.0,4320.0,64.8
9873,300.0,3600.0,64.7
9874,364.0,4368.0,64.9
9875,326.0,3912.0,65.0
9876,372.0,4464.0,64.9
9877,340.0,4080.0,65.1
9878,410.0,4920.0,64.9
9879,370.0,4440.0,65.1
9880,407.0,4884.0,65.0
9881,369.0,4428.0,65.0
9882,403.0,4836.0,64.9
9883,378.0,4536.0,64.6
9884,406.0,4872.0,64.7
9885,412.0,4944.0,64.4
9886,418.0,5016.0,64.5
9887,408.0,4896.0,64.6
9888,387.0,4644.0,64.5
9889,382.0,4584.0,64.3
9890,383.0,4596.0,64.2
9891,390.0,4680.0,64.2
9892,387.0,4644.0,64.2
9893,382.0,4584.0,64.1
9894,376.0,4512.0,64.1
9895,376.0,4512.0,64.1
9896,377.0,4524.0,64.1
9897,383.0,4596.0,63.7
9898,387.0,4644.0,63.7
9899,368.0,4416.0,63.9
9900,355.0,4260.0,63.5
9901,353.0,4236.0,63.6
9902,357.0,4284.0,63.3
9903,358.0,4296.0,63.1
9904,358.0,4296.0,62.8
9905,357.0,4284.0,62.9
9906,352.0,4224.0,62.9
9907,352.0,4224.0,63.1
9908,354.0,4248.0,63.2
9909,358.0,4296.0,62.8
9910,355.0,4260.0,62.9
9911,352.0,4224.0,62.7
9912,343.0,4116.0,62.8
9913,342.0,4104.0,62.4
9914,346.0,4152.0,62.5
9915,350.0,4200.0,62.4
9916,350.0,4200.0,62.4
9917,350.0,4200.0,62.4
9918,350.0,4200.0,62.4
9919,350.0,4200.0,62.4
9920,355.0,4260.0,62.4
9921,355.0,4260.0,62.3
9922,354.0,4248.0,62.5
9923,350.0,4200.0,62.7
9924,346.0,4152.0,62.8
9925,348.0,4176.0,62.3
9926,352.0,4224.0,62.2
9927,358.0,4296.0,62.2
9928,355.0,4260.0,62.4
9929,362.0,4344.0,62.4
9930,362.0,4344.0,62.4
9931,360.0,4320.0,62.4
9932,364.0,4368.0,62.6
9933,363.0,4356.0,62.8
9934,368.0,4416.0,62.5
9935,363.0,4356.0,62.5
9936,355.0,4260.0,62.9
9937,364.0,4368.0,63.0
9938,361.0,4332.0,62.5
9939,366.0,4392.0,62.7
9940,369.0,4428.0,62.7
9941,368.0,4416.0,63.5
9942,366.0,4392.0,63.5
9943,376.0,4512.0,63.4
9944,372.0,4464.0,63.4
9945,376.0,4512.0,62.7
9946,373.0,4476.0,62.9
9947,364.0,4368.0,63.1
9948,369.0,4428.0,62.6
9949,369.0,4428.0,63.4
9950,372.0,4464.0,63.6
9951,377.0,4524.0,63.0
9952,385.0,4620.0,62.7
9953,376.0,4512.0,62.3
9954,376.0,4512.0,62.4
9955,383.0,4596.0,62.7
9956,392.0,4704.0,62.7
9957,399.0,4788.0,62.8
9958,392.0,4704.0,62.6
9959,395.0,4740.0,62.4
9960,392.0,4704.0,62.0
9961,393.0,4716.0,62.2
9962,406.0,4872.0,62.1
9963,410.0,4920.0,62.3
9964,425.0,5100.0,62.3
9965,412.0,4944.0,62.5
9966,412.0,4944.0,62.3
9967,415.0,4980.0,62.4
9968,425.0,5100.0,62.3
9969,443.0,5316.0,61.8
9970,441.0,5292.0,61.3
9971,452.0,5424.0,61.2
9972,452.0,5424.0,60.5
9973,434.0,5208.0,60.0
9974,464.0,5568.0,59.4
9975,449.0,5388.0,59.5
9976,443.0,5316.0,59.2
9977,452.0,5424.0,59.0
9978,422.0,5064.0,58.6
9979,455.0,5460.0,58.6
9980,455.0,5460.0,58.6
9981,441.0,5292.0,57.7
9982,429.0,5148.0,56.3
9983,429.0,5148.0,56.6
9984,441.0,5292.0,54.8
9985,432.0,5184.0,56.2
9986,436.0,5232.0,57.5
9987,436.0,5232.0,56.9
9988,449.0,5388.0,57.2
9989,433.0,5196.0,57.7
9990,442.0,5304.0,57.7
9991,427.0,5124.0,57.7
9992,438.0,5256.0,58.0
9993,441.0,5292.0,58.4
9994,436.0,5232.0,58.4
9995,441.0,5292.0,57.6
9996,429.0,5148.0,58.0
9997,429.0,5148.0,58.4
9998,441.0,5292.0,58.1
9999,441.0,5292.0,57.3
10000,435.0,5220.0,57.0
10001,431.0,5172.0,55.8
10002,438.0,5256.0,57.6
10003,427.0,5124.0,57.7
10004,429.0,5148.0,58.1
10005,449.0,5388.0,58.4
10006,436.0,5232.0,59.1
10007,408.0,4896.0,59.8
10008,411.0,4932.0,61.1
10009,419.0,5028.0,63.8
10010,441.0,5292.0,64.5
10011,417.0,5004.0,65.1
10012,393.0,4716.0,65.5
10013,406.0,4872.0,65.8
10014,412.0,4944.0,66.2
10015,402.0,4824.0,66.5
10016,385.0,4620.0,66.4
10017,396.0,4752.0,66.6
10018,405.0,4860.0,66.8
10019,376.0,4512.0,67.1
10020,350.0,4200.0,67.2
10021,369.0,4428.0,67.5
10022,339.0,4068.0,67.3
10023,355.0,4260.0,67.4
10024,336.0,4032.0,67.5
10025,339.0,4068.0,67.3
10026,332.0,3984.0,67.1
10027,336.0,4032.0,66.8
10028,301.0,3612.0,66.8
10029,320.0,3840.0,66.7
10030,330.0,3960.0,66.6
10031,306.0,3672.0,66.5
10032,327.0,3924.0,66.8
10033,310.0,3720.0,66.7
10034,313.0,3756.0,66.8
10035,326.0,3912.0,67.0
10036,317.0,3804.0,66.7
10037,320.0,3840.0,67.0
10038,310.0,3720.0,66.8
10039,300.0,3600.0,67.1
10040,303.0,3636.0,67.0
10041,293.0,3516.0,67.6
10042,283.0,3396.0,67.7
10043,267.0,3204.0,67.3
10044,267.0,3204.0,68.0
10045,274.0,3288.0,68.1
10046,269.0,3228.0,68.0
10047,286.0,3432.0,68.4
10048,287.0,3444.0,68.5
10049,271.0,3252.0,68.2
10050,285.0,3420.0,68.0
10051,269.0,3228.0,68.5
10052,256.0,3072.0,68.6
10053,244.0,2928.0,68.5
10054,251.0,3012.0,68.6
10055,248.0,2976.0,68.7
10056,228.0,2736.0,68.4
10057,228.0,2736.0,68.9
10058,237.0,2844.0,69.0
10059,224.0,2688.0,68.6
10060,224.0,2688.0,68.5
10061,220.0,2640.0,68.2
10062,214.0,2568.0,68.6
10063,211.0,2532.0,68.7
10064,208.0,2496.0,68.3
10065,186.0,2232.0,68.6
10066,185.0,2220.0,68.2
10067,170.0,2040.0,68.4
10068,169.0,2028.0,68.1
10069,159.0,1908.0,68.5
10070,169.0,2028.0,68.3
10071,156.0,1872.0,68.7
10072,156.0,1872.0,68.4
10073,151.0,1812.0,68.4
10074,146.0,1752.0,68.3
10075,135.0,1620.0,68.1
10076,144.0,1728.0,68.2
10077,141.0,1692.0,68.0
10078,128.0,1536.0,68.3
10079,113.0,1356.0,68.1
10080,114.0,1368.0,69.3
10081,121.0,1452.0,68.6
10082,120.0,1440.0,68.9
10083,113.0,1356.0,68.3
10084,106.0,1272.0,68.0
10085,92.0,1104.0,67.6
10086,90.0,1080.0,67.8
10087,93.0,1116.0,67.9
10088,92.0,1104.0,67.4
10089,85.0,1020.0,67.5
10090,80.0,960.0,67.5
10091,74.0,888.0,68.0
10092,76.0,912.0,68.1
10093,83.0,996.0,68.1
10094,72.0,864.0,67.6
10095,80.0,960.0,68.4
10096,72.0,864.0,68.3
10097,74.0,888.0,67.7
10098,69.0,828.0,67.4
10099,71.0,852.0,67.7
10100,74.0,888.0,67.8
10101,69.0,828.0,67.7
10102,64.0,768.0,67.4
10103,62.0,744.0,67.3
10104,63.0,756.0,67.7
10105,61.0,732.0,67.8
10106,62.0,744.0,67.7
10107,61.0,732.0,68.1
10108,72.0,864.0,67.8
10109,63.0,756.0,67.6
10110,60.0,720.0,67.4
10111,65.0,780.0,67.6
10112,59.0,708.0,67.3
10113,59.0,708.0,67.4
10114,60.0,720.0,67.4
10115,56.0,672.0,67.3
10116,53.0,636.0,67.2
10117,61.0,732.0,66.8
10118,59.0,708.0,67.2
10119,76.0,912.0,67.3
10120,67.0,804.0,67.9
10121,65.0,780.0,67.7
10122,67.0,804.0,67.6
10123,71.0,852.0,67.5
10124,79.0,948.0,67.5
10125,82.0,984.0,67.8
10126,79.0,948.0,67.9
10127,79.0,948.0,67.7
10128,83.0,996.0,67.5
10129,85.0,1020.0,67.5
10130,98.0,1176.0,67.5
10131,106.0,1272.0,67.7
10132,116.0,1392.0,67.8
10133,131.0,1572.0,67.9
10134,139.0,1668.0,68.3
10135,158.0,1896.0,68.1
10136,159.0,1908.0,68.1
10137,182.0,2184.0,68.8
10138,181.0,2172.0,68.6
10139,178.0,2136.0,68.6
10140,181.0,2172.0,68.3
10141,185.0,2220.0,68.4
10142,214.0,2568.0,68.5
10143,230.0,2760.0,68.4
10144,241.0,2892.0,68.5
10145,261.0,3132.0,68.5
10146,274.0,3288.0,68.8
10147,291.0,3492.0,68.4
10148,309.0,3708.0,68.4
10149,324.0,3888.0,68.7
10150,313.0,3756.0,68.8
10151,294.0,3528.0,68.7
10152,296.0,3552.0,66.1
10153,306.0,3672.0,64.9
10154,320.0,3840.0,64.6
10155,340.0,4080.0,64.4
10156,354.0,4248.0,64.1
10157,359.0,4308.0,64.3
10158,369.0,4428.0,64.4
10159,373.0,4476.0,64.4
10160,376.0,4512.0,64.1
10161,399.0,4788.0,64.2
10162,387.0,4644.0,64.2
10163,369.0,4428.0,64.2
10164,363.0,4356.0,64.5
10165,370.0,4440.0,64.1
10166,385.0,4620.0,64.0
10167,396.0,4752.0,64.7
10168,393.0,4716.0,64.2
10169,403.0,4836.0,64.2
10170,411.0,4932.0,64.1
10171,411.0,4932.0,64.1
10172,415.0,4980.0,63.8
10173,411.0,4932.0,64.0
10174,399.0,4788.0,64.0
10175,392.0,4704.0,63.8
10176,376.0,4512.0,63.5
10177,369.0,4428.0,63.9
10178,369.0,4428.0,63.7
10179,376.0,4512.0,63.7
10180,369.0,4428.0,63.9
10181,368.0,4416.0,63.7
10182,364.0,4368.0,63.7
10183,366.0,4392.0,63.6
10184,373.0,4476.0,63.5
10185,373.0,4476.0,63.4
10186,369.0,4428.0,63.3
10187,364.0,4368.0,63.4
10188,350.0,4200.0,63.1
10189,347.0,4164.0,63.0
10190,346.0,4152.0,62.5
10191,350.0,4200.0,62.3
10192,354.0,4248.0,62.4
10193,355.0,4260.0,62.2
10194,359.0,4308.0,62.4
10195,361.0,4332.0,62.3
10196,366.0,4392.0,62.3
10197,369.0,4428.0,62.1
10198,363.0,4356.0,62.1
10199,357.0,4284.0,62.0
10200,352.0,4224.0,61.9
10201,355.0,4260.0,61.9
10202,361.0,4332.0,61.9
10203,369.0,4428.0,61.6
10204,368.0,4416.0,61.9
10205,366.0,4392.0,61.7
10206,361.0,4332.0,61.8
10207,366.0,4392.0,61.7
10208,376.0,4512.0,61.6
10209,376.0,4512.0,61.2
10210,376.0,4512.0,61.4
10211,370.0,4440.0,61.0
10212,370.0,4440.0,61.2
10213,373.0,4476.0,61.2
10214,385.0,4620.0,61.1
10215,376.0,4512.0,61.1
10216,396.0,4752.0,60.9
10217,402.0,4824.0,60.9
10218,380.0,4560.0,61.0
10219,382.0,4584.0,60.5
10220,383.0,4596.0,60.7
10221,378.0,4536.0,60.6
10222,387.0,4644.0,60.8
10223,380.0,4560.0,60.7
10224,385.0,4620.0,61.0
10225,380.0,4560.0,61.3
10226,387.0,4644.0,61.3
10227,392.0,4704.0,61.1
10228,390.0,4680.0,61.1
10229,392.0,4704.0,60.9
10230,385.0,4620.0,61.1
10231,387.0,4644.0,61.1
10232,396.0,4752.0,60.6
10233,392.0,4704.0,59.9
10234,393.0,4716.0,59.4
10235,385.0,4620.0,59.7
10236,389.0,4668.0,60.0
10237,387.0,4644.0,59.6
10238,393.0,4716.0,59.9
10239,402.0,4824.0,59.9
10240,403.0,4836.0,59.8
10241,399.0,4788.0,60.0
10242,399.0,4788.0,60.0
10243,405.0,4860.0,59.8
10244,408.0,4896.0,60.0
10245,408.0,4896.0,59.5
10246,410.0,4920.0,59.8
10247,407.0,4884.0,59.5
10248,399.0,4788.0,59.0
10249,405.0,4860.0,58.5
10250,410.0,4920.0,58.6
10251,410.0,4920.0,58.2
10252,410.0,4920.0,57.8
10253,411.0,4932.0,57.2
10254,411.0,4932.0,57.2
10255,408.0,4896.0,56.3
10256,413.0,4956.0,56.9
10257,419.0,5028.0,56.2
10258,418.0,5016.0,52.5
10259,415.0,4980.0,53.8
10260,411.0,4932.0,53.7
10261,415.0,4980.0,53.0
10262,418.0,5016.0,53.6
10263,422.0,5064.0,53.1
10264,415.0,4980.0,53.2
10265,415.0,4980.0,53.0
10266,412.0,4944.0,50.7
10267,410.0,4920.0,53.3
10268,419.0,5028.0,50.2
10269,418.0,5016.0,47.8
10270,415.0,4980.0,49.3
10271,407.0,4884.0,51.3
10272,406.0,4872.0,53.4
10273,412.0,4944.0,52.8
10274,413.0,4956.0,53.2
10275,415.0,4980.0,53.8
10276,413.0,4956.0,55.4
10277,412.0,4944.0,55.8
10278,399.0,4788.0,56.1
10279,412.0,4944.0,56.2
10280,413.0,4956.0,56.5
10281,417.0,5004.0,56.8
10282,415.0,4980.0,56.9
10283,407.0,4884.0,57.2
10284,402.0,4824.0,57.5
10285,410.0,4920.0,57.7
10286,419.0,5028.0,57.9
10287,425.0,5100.0,58.2
10288,422.0,5064.0,58.0
10289,413.0,4956.0,57.6
10290,410.0,4920.0,57.7
10291,397.0,4764.0,57.7
10292,397.0,4764.0,58.0
10293,396.0,4752.0,58.6
10294,402.0,4824.0,58.6
10295,380.0,4560.0,58.7
10296,393.0,4716.0,59.8
10297,390.0,4680.0,61.5
10298,400.0,4800.0,63.8
10299,393.0,4716.0,64.6
10300,385.0,4620.0,65.4
10301,395.0,4740.0,65.7
10302,370.0,4440.0,65.8
10303,385.0,4620.0,66.0
10304,395.0,4740.0,65.8
10305,389.0,4668.0,66.2
10306,370.0,4440.0,66.6
10307,366.0,4392.0,66.5
10308,378.0,4536.0,66.9
10309,385.0,4620.0,66.9
10310,382.0,4584.0,66.6
10311,380.0,4560.0,67.0
10312,378.0,4536.0,66.8
10313,361.0,4332.0,66.9
10314,353.0,4236.0,66.7
10315,355.0,4260.0,66.6
10316,343.0,4116.0,66.5
10317,359.0,4308.0,66.1
10318,346.0,4152.0,66.2
10319,338.0,4056.0,66.1
10320,346.0,4152.0,66.2
10321,354.0,4248.0,66.2
10322,358.0,4296.0,66.4
10323,321.0,3852.0,66.4
10324,346.0,4152.0,66.4
10325,355.0,4260.0,66.4
10326,339.0,4068.0,66.5
10327,331.0,3972.0,66.6
10328,333.0,3996.0,66.7
10329,306.0,3672.0,66.8
10330,320.0,3840.0,66.9
10331,320.0,3840.0,67.1
10332,302.0,3624.0,67.1
10333,310.0,3720.0,67.3
10334,336.0,4032.0,67.5
10335,320.0,3840.0,67.7
10336,313.0,3756.0,68.2
10337,296.0,3552.0,68.0
10338,294.0,3528.0,67.9
10339,287.0,3444.0,68.0
10340,290.0,3480.0,68.3
10341,294.0,3528.0,68.3
10342,306.0,3672.0,68.4
10343,272.0,3264.0,68.6
10344,261.0,3132.0,68.6
10345,275.0,3300.0,68.7
10346,285.0,3420.0,68.7
10347,278.0,3336.0,68.2
10348,260.0,3120.0,68.3
10349,256.0,3072.0,68.2
10350,248.0,2976.0,68.3
10351,248.0,2976.0,68.4
10352,220.0,2640.0,68.5
10353,230.0,2760.0,68.7
10354,223.0,2676.0,68.7
10355,218.0,2616.0,68.8
10356,202.0,2424.0,68.7
10357,211.0,2532.0,68.4
10358,199.0,2388.0,68.8
10359,196.0,2352.0,68.2
10360,189.0,2268.0,68.2
10361,192.0,2304.0,68.5
10362,192.0,2304.0,68.3
10363,174.0,2088.0,68.3
10364,178.0,2136.0,68.7
10365,185.0,2220.0,68.5
10366,171.0,2052.0,68.6
10367,171.0,2052.0,68.6
10368,158.0,1896.0,68.9
10369,158.0,1896.0,68.5
10370,150.0,1800.0,68.7
10371,165.0,1980.0,68.4
10372,142.0,1704.0,68.1
10373,139.0,1668.0,68.0
10374,125.0,1500.0,68.1
10375,121.0,1452.0,68.0
10376,123.0,1476.0,68.0
10377,119.0,1428.0,68.5
10378,112.0,1344.0,68.2
10379,106.0,1272.0,68.4
10380,109.0,1308.0,68.7
10381,106.0,1272.0,68.4
10382,106.0,1272.0,68.4
10383,105.0,1260.0,68.2
10384,95.0,1140.0,68.2
10385,95.0,1140.0,68.6
10386,91.0,1092.0,68.4
10387,91.0,1092.0,68.3
10388,90.0,1080.0,68.2
10389,86.0,1032.0,68.2
10390,86.0,1032.0,68.7
10391,86.0,1032.0,68.3
10392,90.0,1080.0,68.7
10393,85.0,1020.0,68.6
10394,75.0,900.0,68.5
10395,83.0,996.0,68.3
10396,83.0,996.0,68.2
10397,72.0,864.0,68.6
10398,75.0,900.0,68.4
10399,72.0,864.0,67.8
10400,76.0,912.0,68.1
10401,71.0,852.0,67.8
10402,67.0,804.0,68.0
10403,69.0,828.0,67.8
10404,67.0,804.0,68.2
10405,67.0,804.0,68.2
10406,64.0,768.0,68.1
10407,69.0,828.0,67.8
10408,72.0,864.0,68.0
10409,72.0,864.0,67.9
10410,65.0,780.0,67.8
10411,65.0,780.0,68.0
10412,61.0,732.0,68.0
10413,65.0,780.0,67.8
10414,79.0,948.0,68.0
10415,67.0,804.0,67.9
10416,64.0,768.0,68.0
10417,63.0,756.0,67.8
10418,69.0,828.0,67.7
10419,69.0,828.0,67.5
10420,67.0,804.0,67.9
10421,72.0,864.0,67.9
10422,72.0,864.0,68.1
10423,79.0,948.0,68.1
10424,85.0,1020.0,68.2
10425,86.0,1032.0,68.3
10426,88.0,1056.0,68.1
10427,97.0,1164.0,68.0
10428,85.0,1020.0,67.9
10429,89.0,1068.0,68.2
10430,95.0,1140.0,67.8
10431,118.0,1416.0,67.8
10432,132.0,1584.0,67.9
10433,118.0,1416.0,68.1
10434,125.0,1500.0,68.0
10435,131.0,1572.0,68.3
10436,142.0,1704.0,68.3
10437,167.0,2004.0,68.5
10438,158.0,1896.0,68.6
10439,169.0,2028.0,68.7
10440,174.0,2088.0,67.8
10441,188.0,2256.0,67.4
10442,194.0,2328.0,67.1
10443,194.0,2328.0,67.0
10444,222.0,2664.0,67.4
10445,204.0,2448.0,67.2
10446,216.0,2592.0,67.3
10447,218.0,2616.0,67.5
10448,214.0,2568.0,67.8
10449,230.0,2760.0,67.8
10450,248.0,2976.0,68.1
10451,245.0,2940.0,67.9
10452,257.0,3084.0,67.3
10453,258.0,3096.0,66.4
10454,263.0,3156.0,66.1
10455,254.0,3048.0,65.7
10456,282.0,3384.0,65.8
10457,297.0,3564.0,65.7
10458,291.0,3492.0,65.9
10459,296.0,3552.0,65.8
10460,297.0,3564.0,66.1
10461,296.0,3552.0,65.9
10462,306.0,3672.0,65.8
10463,340.0,4080.0,65.8
10464,294.0,3528.0,65.6
10465,303.0,3636.0,65.7
10466,303.0,3636.0,65.6
10467,324.0,3888.0,65.2
10468,313.0,3756.0,65.5
10469,340.0,4080.0,65.8
10470,323.0,3876.0,65.7
10471,343.0,4116.0,65.6
10472,323.0,3876.0,65.8
10473,330.0,3960.0,65.6
10474,330.0,3960.0,65.4
10475,327.0,3924.0,65.9
10476,317.0,3804.0,66.0
10477,316.0,3792.0,65.6
10478,323.0,3876.0,65.5
10479,331.0,3972.0,65.3
10480,333.0,3996.0,65.4
10481,338.0,4056.0,65.2
10482,342.0,4104.0,65.3
10483,346.0,4152.0,65.4
10484,355.0,4260.0,64.8
10485,359.0,4308.0,64.9
10486,355.0,4260.0,65.0
10487,347.0,4164.0,65.0
10488,346.0,4152.0,65.1
10489,336.0,4032.0,65.0
10490,347.0,4164.0,64.9
10491,350.0,4200.0,64.8
10492,355.0,4260.0,64.9
10493,360.0,4320.0,64.8
10494,366.0,4392.0,64.7
10495,369.0,4428.0,64.6
10496,373.0,4476.0,64.4
10497,372.0,4464.0,64.5
10498,369.0,4428.0,64.5
10499,369.0,4428.0,64.4
10500,376.0,4512.0,64.1
10501,376.0,4512.0,64.5
10502,376.0,4512.0,64.6
10503,376.0,4512.0,64.7
10504,378.0,4536.0,64.6
10505,378.0,4536.0,65.1
10506,380.0,4560.0,65.0
10507,376.0,4512.0,64.9
10508,382.0,4584.0,64.8
10509,383.0,4596.0,64.9
10510,380.0,4560.0,64.9
10511,383.0,4596.0,64.9
10512,383.0,4596.0,65.1
10513,385.0,4620.0,65.1
10514,390.0,4680.0,65.2
10515,393.0,4716.0,64.6
10516,390.0,4680.0,64.6
10517,388.0,4656.0,64.7
10518,389.0,4668.0,64.7
10519,392.0,4704.0,64.8
10520,388.0,4656.0,64.2
10521,388.0,4656.0,64.9
10522,392.0,4704.0,64.8
10523,385.0,4620.0,64.9
10524,388.0,4656.0,65.1
10525,385.0,4620.0,65.1
10526,393.0,4716.0,65.3
10527,393.0,4716.0,64.8
10528,392.0,4704.0,65.1
10529,393.0,4716.0,65.3
10530,393.0,4716.0,65.3
10531,392.0,4704.0,65.2
10532,396.0,4752.0,65.2
10533,396.0,4752.0,65.1
10534,388.0,4656.0,65.3
10535,385.0,4620.0,65.1
10536,385.0,4620.0,65.2
10537,383.0,4596.0,65.4
10538,385.0,4620.0,65.5
10539,389.0,4668.0,65.2
10540,393.0,4716.0,65.4
10541,392.0,4704.0,65.4
10542,392.0,4704.0,65.4
10543,383.0,4596.0,65.6
10544,393.0,4716.0,65.5
10545,392.0,4704.0,65.6
10546,395.0,4740.0,65.6
10547,396.0,4752.0,65.3
10548,383.0,4596.0,65.5
10549,387.0,4644.0,65.6
10550,392.0,4704.0,65.7
10551,396.0,4752.0,65.6
10552,393.0,4716.0,65.4
10553,393.0,4716.0,65.6
10554,387.0,4644.0,65.7
10555,387.0,4644.0,65.8
10556,390.0,4680.0,65.7
10557,393.0,4716.0,65.7
10558,390.0,4680.0,66.1
10559,385.0,4620.0,65.8
10560,376.0,4512.0,65.8
10561,380.0,4560.0,65.8
10562,389.0,4668.0,65.8
10563,392.0,4704.0,65.9
10564,387.0,4644.0,66.0
10565,390.0,4680.0,66.0
10566,390.0,4680.0,66.3
10567,392.0,4704.0,66.2
10568,388.0,4656.0,66.3
10569,392.0,4704.0,66.0
10570,399.0,4788.0,66.0
10571,376.0,4512.0,66.1
10572,377.0,4524.0,66.2
10573,377.0,4524.0,66.2
10574,382.0,4584.0,66.1
10575,377.0,4524.0,66.2
10576,385.0,4620.0,66.7
10577,378.0,4536.0,66.5
10578,376.0,4512.0,66.4
10579,373.0,4476.0,66.4
10580,370.0,4440.0,66.5
10581,369.0,4428.0,66.7
10582,366.0,4392.0,66.7
10583,360.0,4320.0,66.9
10584,357.0,4284.0,66.6
10585,357.0,4284.0,66.7
10586,358.0,4296.0,66.8
10587,357.0,4284.0,67.0
10588,366.0,4392.0,67.0
10589,368.0,4416.0,67.3
10590,350.0,4200.0,67.1
10591,346.0,4152.0,67.2
10592,343.0,4116.0,67.4
10593,336.0,4032.0,67.2
10594,327.0,3924.0,67.0
10595,324.0,3888.0,67.2
10596,338.0,4056.0,67.2
10597,320.0,3840.0,67.2
10598,320.0,3840.0,67.3
10599,317.0,3804.0,67.6
10600,323.0,3876.0,67.4
10601,310.0,3720.0,67.2
10602,301.0,3612.0,67.3
10603,303.0,3636.0,67.2
10604,306.0,3672.0,66.8
10605,310.0,3720.0,66.6
10606,300.0,3600.0,66.5
10607,293.0,3516.0,66.1
10608,293.0,3516.0,66.3
10609,291.0,3492.0,66.3
10610,291.0,3492.0,66.5
10611,296.0,3552.0,66.6
10612,293.0,3516.0,66.6
10613,286.0,3432.0,66.7
10614,278.0,3336.0,66.8
10615,283.0,3396.0,66.8
10616,291.0,3492.0,67.0
10617,283.0,3396.0,67.1
10618,270.0,3240.0,67.1
10619,285.0,3420.0,67.2
10620,278.0,3336.0,67.7
10621,283.0,3396.0,68.3
10622,264.0,3168.0,68.4
10623,281.0,3372.0,68.5
10624,283.0,3396.0,68.6
10625,294.0,3528.0,68.6
10626,281.0,3372.0,68.7
10627,264.0,3168.0,68.6
10628,269.0,3228.0,68.5
10629,257.0,3084.0,68.7
10630,260.0,3120.0,68.6
10631,283.0,3396.0,68.7
10632,252.0,3024.0,68.4
10633,253.0,3036.0,68.2
10634,254.0,3048.0,68.4
10635,246.0,2952.0,68.1
10636,244.0,2928.0,68.4
10637,267.0,3204.0,68.7
10638,263.0,3156.0,68.8
10639,241.0,2892.0,68.8
10640,238.0,2856.0,68.8
10641,227.0,2724.0,69.1
10642,241.0,2892.0,68.9
10643,237.0,2844.0,69.1
10644,230.0,2760.0,68.7
10645,220.0,2640.0,68.5
10646,208.0,2496.0,68.4
10647,211.0,2532.0,68.5
10648,220.0,2640.0,68.3
10649,185.0,2220.0,68.5
10650,186.0,2232.0,68.4
10651,178.0,2136.0,68.5
10652,178.0,2136.0,68.4
10653,169.0,2028.0,68.6
10654,177.0,2124.0,68.3
10655,171.0,2052.0,68.7
10656,150.0,1800.0,68.8
10657,159.0,1908.0,68.6
10658,155.0,1860.0,68.5
10659,144.0,1728.0,68.2
10660,151.0,1812.0,68.4
10661,142.0,1704.0,68.5
10662,125.0,1500.0,68.6
10663,129.0,1548.0,68.6
10664,127.0,1524.0,68.8
10665,114.0,1368.0,68.3
10666,112.0,1344.0,68.6
10667,110.0,1320.0,68.8
10668,105.0,1260.0,68.7
10669,98.0,1176.0,68.5
10670,101.0,1212.0,68.5
10671,101.0,1212.0,68.3
10672,93.0,1116.0,68.3
10673,90.0,1080.0,68.6
10674,82.0,984.0,68.7
10675,83.0,996.0,68.3
10676,79.0,948.0,68.7
10677,76.0,912.0,68.3
10678,79.0,948.0,68.7
10679,76.0,912.0,68.6
10680,75.0,900.0,68.6
10681,75.0,900.0,68.5
10682,74.0,888.0,68.6
10683,71.0,852.0,68.7
10684,69.0,828.0,68.6
10685,63.0,756.0,68.6
10686,62.0,744.0,68.6
10687,62.0,744.0,68.7
10688,60.0,720.0,68.7
10689,56.0,672.0,68.3
10690,56.0,672.0,68.5
10691,53.0,636.0,68.4
10692,50.0,600.0,68.7
10693,52.0,624.0,68.7
10694,50.0,600.0,68.7
10695,53.0,636.0,68.5
10696,49.0,588.0,68.5
10697,47.0,564.0,68.6
10698,46.0,552.0,68.7
10699,46.0,552.0,68.5
10700,45.0,540.0,68.4
10701,45.0,540.0,68.6
10702,42.0,504.0,68.4
10703,41.0,492.0,68.1
10704,42.0,504.0,68.2
10705,42.0,504.0,68.2
10706,42.0,504.0,68.3
10707,42.0,504.0,68.2
10708,42.0,504.0,68.3
10709,44.0,528.0,68.4
10710,44.0,528.0,68.3
10711,49.0,588.0,68.2
10712,49.0,588.0,68.4
10713,50.0,600.0,68.6
10714,49.0,588.0,68.4
10715,50.0,600.0,68.3
10716,47.0,564.0,68.4
10717,50.0,600.0,68.3
10718,52.0,624.0,68.4
10719,56.0,672.0,68.5
10720,58.0,696.0,68.3
10721,60.0,720.0,68.3
10722,62.0,744.0,68.1
10723,67.0,804.0,68.5
10724,72.0,864.0,68.3
10725,72.0,864.0,68.2
10726,72.0,864.0,68.3
10727,86.0,1032.0,68.4
10728,72.0,864.0,68.1
10729,79.0,948.0,68.3
10730,82.0,984.0,68.2
10731,88.0,1056.0,68.3
10732,110.0,1320.0,68.4
10733,106.0,1272.0,68.4
10734,101.0,1212.0,68.5
10735,110.0,1320.0,68.9
10736,112.0,1344.0,68.9
10737,122.0,1464.0,68.9
10738,120.0,1440.0,69.0
10739,125.0,1500.0,69.1
10740,129.0,1548.0,68.7
10741,142.0,1704.0,68.8
10742,146.0,1752.0,68.7
10743,156.0,1872.0,68.6
10744,158.0,1896.0,68.5
10745,161.0,1932.0,68.8
10746,152.0,1824.0,68.9
10747,153.0,1836.0,68.8
10748,159.0,1908.0,69.0
10749,169.0,2028.0,68.8
10750,162.0,1944.0,69.0
10751,174.0,2088.0,69.0
10752,169.0,2028.0,68.4
10753,178.0,2136.0,68.1
10754,192.0,2304.0,68.0
10755,214.0,2568.0,68.4
10756,197.0,2364.0,68.2
10757,188.0,2256.0,68.3
10758,206.0,2472.0,68.2
10759,206.0,2472.0,68.3
10760,225.0,2700.0,68.1
10761,221.0,2652.0,68.1
10762,244.0,2928.0,67.9
10763,225.0,2700.0,68.0
10764,230.0,2760.0,67.6
10765,230.0,2760.0,67.7
10766,241.0,2892.0,67.5
10767,250.0,3000.0,67.6
10768,257.0,3084.0,67.4
10769,263.0,3156.0,67.4
10770,269.0,3228.0,67.3
10771,275.0,3300.0,67.4
10772,283.0,3396.0,67.3
10773,290.0,3480.0,67.2
10774,294.0,3528.0,67.2
10775,291.0,3492.0,67.5
10776,291.0,3492.0,66.9
10777,287.0,3444.0,66.9
10778,308.0,3696.0,66.7
10779,302.0,3624.0,66.6
10780,310.0,3720.0,66.6
10781,313.0,3756.0,66.5
10782,317.0,3804.0,66.4
10783,323.0,3876.0,66.6
10784,332.0,3984.0,66.5
10785,334.0,4008.0,66.5
10786,336.0,4032.0,66.5
10787,334.0,4008.0,66.6
10788,331.0,3972.0,66.5
10789,324.0,3888.0,66.2
10790,332.0,3984.0,66.1
10791,340.0,4080.0,66.2
10792,338.0,4056.0,65.9
10793,343.0,4116.0,66.1
10794,354.0,4248.0,65.9
10795,354.0,4248.0,65.9
10796,357.0,4284.0,65.7
10797,358.0,4296.0,65.7
10798,357.0,4284.0,65.7
10799,363.0,4356.0,65.5
10800,363.0,4356.0,65.5
10801,358.0,4296.0,65.7
10802,366.0,4392.0,65.6
10803,366.0,4392.0,65.7
10804,369.0,4428.0,65.3
10805,372.0,4464.0,65.1
10806,377.0,4524.0,65.4
10807,380.0,4560.0,65.0
10808,385.0,4620.0,65.0
10809,383.0,4596.0,65.0
10810,382.0,4584.0,64.9
10811,380.0,4560.0,65.2
10812,377.0,4524.0,65.2
10813,373.0,4476.0,65.2
10814,377.0,4524.0,65.1
10815,380.0,4560.0,65.1
10816,383.0,4596.0,64.8
10817,385.0,4620.0,64.7
10818,380.0,4560.0,64.5
10819,380.0,4560.0,64.7
10820,382.0,4584.0,64.7
10821,382.0,4584.0,64.3
10822,380.0,4560.0,64.8
10823,376.0,4512.0,64.5
10824,369.0,4428.0,64.7
10825,369.0,4428.0,64.8
10826,369.0,4428.0,64.9
10827,373.0,4476.0,65.0
10828,373.0,4476.0,65.1
10829,369.0,4428.0,65.1
10830,369.0,4428.0,64.9
10831,364.0,4368.0,65.0
10832,369.0,4428.0,65.1
10833,369.0,4428.0,65.2
10834,366.0,4392.0,65.1
10835,360.0,4320.0,65.3
10836,366.0,4392.0,65.4
10837,360.0,4320.0,65.3
10838,369.0,4428.0,65.1
10839,366.0,4392.0,65.4
10840,366.0,4392.0,65.0
10841,362.0,4344.0,65.1
10842,373.0,4476.0,65.1
10843,373.0,4476.0,65.1
10844,373.0,4476.0,65.1
10845,370.0,4440.0,65.6
10846,376.0,4512.0,65.4
10847,369.0,4428.0,65.2
10848,363.0,4356.0,65.4
10849,364.0,4368.0,65.3
10850,370.0,4440.0,65.6
10851,368.0,4416.0,65.7
10852,380.0,4560.0,65.2
10853,368.0,4416.0,65.2
10854,366.0,4392.0,65.3
10855,364.0,4368.0,65.6
10856,366.0,4392.0,65.5
10857,362.0,4344.0,65.5
10858,360.0,4320.0,65.6
10859,350.0,4200.0,65.9
10860,348.0,4176.0,65.7
10861,357.0,4284.0,65.9
10862,352.0,4224.0,66.0
10863,355.0,4260.0,65.9
10864,352.0,4224.0,66.5
10865,350.0,4200.0,66.4
10866,343.0,4116.0,66.7
10867,343.0,4116.0,66.6
10868,342.0,4104.0,66.4
10869,340.0,4080.0,66.3
10870,342.0,4104.0,66.5
10871,336.0,4032.0,66.7
10872,336.0,4032.0,66.5
10873,340.0,4080.0,66.6
10874,340.0,4080.0,66.6
10875,340.0,4080.0,66.4
10876,354.0,4248.0,66.1
10877,329.0,3948.0,66.5
10878,361.0,4332.0,66.4
10879,332.0,3984.0,66.3
10880,326.0,3912.0,66.3
10881,324.0,3888.0,66.2
10882,320.0,3840.0,66.2
10883,317.0,3804.0,66.3
10884,316.0,3792.0,66.1
10885,313.0,3756.0,66.1
10886,320.0,3840.0,65.9
10887,320.0,3840.0,65.7
10888,323.0,3876.0,65.7
10889,316.0,3792.0,65.5
10890,313.0,3756.0,65.2
10891,306.0,3672.0,65.0
10892,310.0,3720.0,64.7
10893,320.0,3840.0,64.5
10894,308.0,3696.0,64.3
10895,309.0,3708.0,64.2
10896,306.0,3672.0,63.9
10897,304.0,3648.0,64.1
10898,313.0,3756.0,64.3
10899,306.0,3672.0,64.0
10900,310.0,3720.0,64.4
10901,308.0,3696.0,63.9
10902,297.0,3564.0,63.9
10903,297.0,3564.0,64.1
10904,297.0,3564.0,63.9
10905,287.0,3444.0,64.5
10906,281.0,3372.0,64.4
10907,278.0,3336.0,64.6
10908,274.0,3288.0,66.5
10909,274.0,3288.0,67.3
10910,270.0,3240.0,67.8
10911,268.0,3216.0,68.1
10912,280.0,3360.0,68.4
10913,267.0,3204.0,68.3
10914,253.0,3036.0,68.6
10915,251.0,3012.0,68.6
10916,245.0,2940.0,68.6
10917,246.0,2952.0,68.6
10918,236.0,2832.0,68.8
10919,238.0,2856.0,69.0
10920,227.0,2724.0,68.7
10921,221.0,2652.0,68.6
10922,220.0,2640.0,68.6
10923,211.0,2532.0,68.6
10924,206.0,2472.0,68.5
10925,196.0,2352.0,68.7
10926,197.0,2364.0,68.4
10927,181.0,2172.0,68.5
10928,189.0,2268.0,68.7
10929,171.0,2052.0,68.4
10930,162.0,1944.0,68.7
10931,161.0,1932.0,68.8
10932,144.0,1728.0,68.7
10933,146.0,1752.0,68.5
10934,141.0,1692.0,68.6
10935,137.0,1644.0,68.5
10936,144.0,1728.0,68.3
10937,135.0,1620.0,68.7
10938,125.0,1500.0,68.7
10939,116.0,1392.0,68.6
10940,114.0,1368.0,68.8
10941,113.0,1356.0,68.5
10942,105.0,1260.0,68.1
10943,102.0,1224.0,68.3
10944,91.0,1092.0,69.5
10945,89.0,1068.0,68.9
10946,90.0,1080.0,68.7
10947,82.0,984.0,68.9
10948,85.0,1020.0,68.4
10949,79.0,948.0,68.5
10950,74.0,888.0,68.7
10951,69.0,828.0,68.7
10952,65.0,780.0,68.3
10953,69.0,828.0,68.2
10954,62.0,744.0,68.0
10955,58.0,696.0,68.0
10956,56.0,672.0,68.5
10957,59.0,708.0,68.5
10958,60.0,720.0,68.6
10959,53.0,636.0,68.4
10960,53.0,636.0,68.4
10961,52.0,624.0,68.0
10962,47.0,564.0,68.0
10963,56.0,672.0,68.0
10964,46.0,552.0,67.8
10965,46.0,552.0,67.9
10966,49.0,588.0,67.7
10967,44.0,528.0,67.9
10968,46.0,552.0,67.8
10969,45.0,540.0,67.7
10970,44.0,528.0,67.9
10971,45.0,540.0,67.9
10972,44.0,528.0,67.9
10973,45.0,540.0,67.8
10974,44.0,528.0,67.9
10975,44.0,528.0,67.7
10976,45.0,540.0,67.7
10977,45.0,540.0,67.7
10978,44.0,528.0,67.8
10979,46.0,552.0,67.3
10980,46.0,552.0,67.7
10981,45.0,540.0,67.4
10982,49.0,588.0,67.6
10983,47.0,564.0,67.8
10984,53.0,636.0,67.6
10985,56.0,672.0,67.6
10986,59.0,708.0,67.8
10987,65.0,780.0,67.8
10988,71.0,852.0,68.1
10989,76.0,912.0,67.7
10990,72.0,864.0,67.8
10991,72.0,864.0,67.6
10992,74.0,888.0,67.7
10993,76.0,912.0,68.0
10994,86.0,1032.0,68.0
10995,95.0,1140.0,67.9
10996,110.0,1320.0,68.1
10997,114.0,1368.0,67.9
10998,128.0,1536.0,68.3
10999,146.0,1752.0,68.5
11000,155.0,1860.0,68.7
11001,174.0,2088.0,69.2
11002,162.0,1944.0,68.8
11003,162.0,1944.0,68.6
11004,177.0,2124.0,68.7
11005,188.0,2256.0,68.5
11006,202.0,2424.0,68.6
11007,230.0,2760.0,68.7
11008,241.0,2892.0,69.5
11009,244.0,2928.0,69.6
11010,283.0,3396.0,69.3
11011,291.0,3492.0,69.2
11012,310.0,3720.0,69.5
11013,323.0,3876.0,69.7
11014,313.0,3756.0,69.6
11015,297.0,3564.0,69.3
11016,293.0,3516.0,66.2
11017,299.0,3588.0,65.0
11018,320.0,3840.0,64.9
11019,339.0,4068.0,64.9
11020,350.0,4200.0,64.9
11021,329.0,3948.0,64.9
11022,320.0,3840.0,64.9
11023,310.0,3720.0,64.9
11024,309.0,3708.0,65.1
11025,357.0,4284.0,65.0
11026,329.0,3948.0,64.9
11027,343.0,4116.0,64.8
11028,316.0,3792.0,64.9
11029,340.0,4080.0,64.8
11030,342.0,4104.0,65.0
11031,329.0,3948.0,64.9
11032,355.0,4260.0,64.9
11033,369.0,4428.0,64.9
11034,317.0,3804.0,64.9
11035,388.0,4656.0,64.7
11036,400.0,4800.0,64.6
11037,378.0,4536.0,64.3
11038,354.0,4248.0,64.2
11039,400.0,4800.0,64.4
11040,373.0,4476.0,64.3
11041,364.0,4368.0,64.5
11042,385.0,4620.0,64.5
11043,383.0,4596.0,64.6
11044,376.0,4512.0,64.3
11045,376.0,4512.0,64.1
11046,376.0,4512.0,64.3
11047,377.0,4524.0,64.1
11048,380.0,4560.0,64.0
11049,380.0,4560.0,64.0
11050,373.0,4476.0,63.8
11051,361.0,4332.0,64.0
11052,350.0,4200.0,63.7
11053,343.0,4116.0,63.8
11054,346.0,4152.0,63.1
11055,355.0,4260.0,62.9
11056,350.0,4200.0,63.1
11057,357.0,4284.0,63.3
11058,348.0,4176.0,62.8
11059,354.0,4248.0,63.2
11060,358.0,4296.0,62.9
11061,355.0,4260.0,63.0
11062,353.0,4236.0,62.4
11063,348.0,4176.0,62.6
11064,343.0,4116.0,62.7
11065,340.0,4080.0,62.8
11066,348.0,4176.0,62.8
11067,348.0,4176.0,62.1
11068,352.0,4224.0,62.1
11069,355.0,4260.0,62.0
11070,352.0,4224.0,62.1
11071,359.0,4308.0,62.6
11072,360.0,4320.0,62.2
11073,358.0,4296.0,62.3
11074,353.0,4236.0,62.7
11075,350.0,4200.0,62.2
11076,347.0,4164.0,62.4
11077,354.0,4248.0,62.5
11078,366.0,4392.0,61.8
11079,359.0,4308.0,62.1
11080,362.0,4344.0,62.3
11081,357.0,4284.0,62.4
11082,361.0,4332.0,62.7
11083,359.0,4308.0,62.0
11084,363.0,4356.0,62.1
11085,361.0,4332.0,62.0
11086,362.0,4344.0,62.5
11087,359.0,4308.0,62.2
11088,359.0,4308.0,62.8
11089,359.0,4308.0,62.6
11090,368.0,4416.0,62.6
11091,366.0,4392.0,62.5
11092,364.0,4368.0,62.9
11093,364.0,4368.0,63.1
11094,366.0,4392.0,62.7
11095,376.0,4512.0,62.5
11096,377.0,4524.0,62.6
11097,376.0,4512.0,62.7
11098,370.0,4440.0,62.5
11099,372.0,4464.0,62.3
11100,361.0,4332.0,62.4
11101,373.0,4476.0,62.6
11102,370.0,4440.0,62.5
11103,380.0,4560.0,62.9
11104,383.0,4596.0,62.7
11105,385.0,4620.0,62.5
11106,380.0,4560.0,62.5
11107,383.0,4596.0,62.8
11108,388.0,4656.0,62.7
11109,389.0,4668.0,62.9
11110,383.0,4596.0,63.2
11111,383.0,4596.0,63.5
11112,383.0,4596.0,63.3
11113,385.0,4620.0,63.6
11114,399.0,4788.0,63.2
11115,402.0,4824.0,63.3
11116,403.0,4836.0,63.2
11117,422.0,5064.0,63.3
11118,407.0,4884.0,62.8
11119,412.0,4944.0,62.8
11120,422.0,5064.0,63.1
11121,440.0,5280.0,63.1
11122,438.0,5256.0,62.9
11123,443.0,5316.0,63.1
11124,471.0,5652.0,62.3
11125,440.0,5280.0,62.1
11126,441.0,5292.0,62.5
11127,441.0,5292.0,62.8
11128,453.0,5436.0,62.6
11129,452.0,5424.0,62.8
11130,442.0,5304.0,62.6
11131,426.0,5112.0,62.7
11132,433.0,5196.0,62.3
11133,443.0,5316.0,62.3
11134,435.0,5220.0,62.0
11135,440.0,5280.0,62.4
11136,441.0,5292.0,61.9
11137,441.0,5292.0,62.2
11138,435.0,5220.0,62.5
11139,435.0,5220.0,62.9
11140,423.0,5076.0,63.2
11141,419.0,5028.0,60.9
11142,410.0,4920.0,62.2
11143,412.0,4944.0,62.2
11144,429.0,5148.0,62.3
11145,438.0,5256.0,62.5
11146,431.0,5172.0,62.3
11147,422.0,5064.0,63.2
11148,425.0,5100.0,62.5
11149,436.0,5232.0,63.7
11150,455.0,5460.0,63.8
11151,449.0,5388.0,63.1
11152,445.0,5340.0,63.0
11153,431.0,5172.0,63.1
11154,441.0,5292.0,63.4
11155,461.0,5532.0,63.5
11156,455.0,5460.0,64.1
11157,441.0,5292.0,64.6
11158,432.0,5184.0,65.3
11159,435.0,5220.0,65.6
11160,419.0,5028.0,65.8
11161,399.0,4788.0,65.9
11162,406.0,4872.0,65.8
11163,399.0,4788.0,66.4
11164,397.0,4764.0,66.6
11165,403.0,4836.0,66.8
11166,395.0,4740.0,67.0
11167,343.0,4116.0,67.2
11168,338.0,4056.0,67.3
11169,321.0,3852.0,67.3
11170,347.0,4164.0,67.8
11171,327.0,3924.0,68.0
11172,306.0,3672.0,68.0
11173,317.0,3804.0,68.3
11174,321.0,3852.0,68.3
11175,327.0,3924.0,68.1
11176,304.0,3648.0,68.2
11177,297.0,3564.0,68.2
11178,297.0,3564.0,67.8
11179,287.0,3444.0,67.7
11180,278.0,3336.0,67.3
11181,291.0,3492.0,67.1
11182,267.0,3204.0,66.9
11183,274.0,3288.0,67.0
11184,258.0,3096.0,67.1
11185,253.0,3036.0,67.0
11186,264.0,3168.0,67.0
11187,252.0,3024.0,67.2
11188,269.0,3228.0,66.9
11189,261.0,3132.0,66.8
11190,245.0,2940.0,67.2
11191,246.0,2952.0,66.7
11192,252.0,3024.0,67.1
11193,232.0,2784.0,67.1
11194,251.0,3012.0,67.0
11195,234.0,2808.0,67.3
11196,230.0,2760.0,67.9
11197,214.0,2568.0,68.1
11198,224.0,2688.0,68.4
11199,225.0,2700.0,68.9
11200,234.0,2808.0,69.0
11201,230.0,2760.0,68.9
11202,234.0,2808.0,68.6
11203,218.0,2616.0,68.7
11204,218.0,2616.0,68.9
11205,204.0,2448.0,69.1
11206,211.0,2532.0,68.9
11207,199.0,2388.0,68.9
11208,196.0,2352.0,69.1
11209,201.0,2412.0,68.8
11210,196.0,2352.0,68.7
11211,204.0,2448.0,68.9
11212,192.0,2304.0,68.4
11213,184.0,2208.0,68.6
11214,158.0,1896.0,68.6
11215,167.0,2004.0,68.4
11216,161.0,1932.0,68.9
11217,156.0,1872.0,68.8
11218,144.0,1728.0,68.3
11219,142.0,1704.0,68.1
11220,139.0,1668.0,68.4
11221,139.0,1668.0,68.5
11222,148.0,1776.0,68.5
11223,135.0,1620.0,68.5
11224,149.0,1788.0,68.3
11225,141.0,1692.0,68.3
11226,119.0,1428.0,68.5
11227,116.0,1392.0,68.4
11228,123.0,1476.0,67.8
11229,110.0,1320.0,68.1
11230,116.0,1392.0,67.9
11231,99.0,1188.0,67.8
11232,95.0,1140.0,68.9
11233,95.0,1140.0,69.0
11234,97.0,1164.0,68.7
11235,95.0,1140.0,68.5
11236,88.0,1056.0,68.2
11237,88.0,1056.0,68.2
11238,82.0,984.0,68.1
11239,75.0,900.0,67.9
11240,74.0,888.0,68.1
11241,74.0,888.0,68.1
11242,76.0,912.0,67.2
11243,69.0,828.0,67.0
11244,65.0,780.0,67.4
11245,67.0,804.0,68.0
11246,62.0,744.0,68.1
11247,63.0,756.0,68.2
11248,62.0,744.0,67.5
11249,56.0,672.0,67.5
11250,59.0,708.0,67.9
11251,61.0,732.0,67.2
11252,59.0,708.0,67.2
11253,53.0,636.0,67.2
11254,56.0,672.0,67.1
11255,59.0,708.0,67.5
11256,50.0,600.0,67.6
11257,49.0,588.0,67.2
11258,56.0,672.0,67.4
11259,60.0,720.0,67.1
11260,65.0,780.0,67.2
11261,61.0,732.0,67.5
11262,56.0,672.0,67.1
11263,53.0,636.0,67.1
11264,50.0,600.0,67.1
11265,52.0,624.0,67.3
11266,52.0,624.0,67.2
11267,52.0,624.0,67.1
11268,56.0,672.0,66.9
11269,52.0,624.0,66.6
11270,60.0,720.0,66.9
11271,61.0,732.0,67.0
11272,58.0,696.0,67.1
11273,60.0,720.0,67.0
11274,63.0,756.0,67.3
11275,69.0,828.0,67.6
11276,74.0,888.0,67.9
11277,82.0,984.0,67.9
11278,79.0,948.0,67.9
11279,74.0,888.0,67.8
11280,79.0,948.0,67.2
11281,75.0,900.0,67.1
11282,88.0,1056.0,67.4
11283,95.0,1140.0,67.5
11284,106.0,1272.0,67.5
11285,118.0,1416.0,68.1
11286,132.0,1584.0,67.8
11287,149.0,1788.0,68.1
11288,166.0,1992.0,68.7
11289,174.0,2088.0,68.3
11290,167.0,2004.0,68.9
11291,167.0,2004.0,68.4
11292,178.0,2136.0,68.4
11293,192.0,2304.0,68.5
11294,216.0,2592.0,68.5
11295,238.0,2856.0,68.5
11296,258.0,3096.0,69.4
11297,268.0,3216.0,68.9
11298,290.0,3480.0,68.6
11299,309.0,3708.0,68.4
11300,326.0,3912.0,68.9
11301,342.0,4104.0,69.4
11302,336.0,4032.0,69.4
11303,308.0,3696.0,69.0
11304,301.0,3612.0,66.5
11305,310.0,3720.0,65.3
11306,324.0,3888.0,64.9
11307,342.0,4104.0,64.7
11308,276.0,3312.0,64.4
11309,278.0,3336.0,64.4
11310,286.0,3432.0,64.5
11311,260.0,3120.0,64.5
11312,283.0,3396.0,64.6
11313,296.0,3552.0,64.5
11314,320.0,3840.0,64.7
11315,342.0,4104.0,64.9
11316,339.0,4068.0,64.8
11317,326.0,3912.0,64.8
11318,343.0,4116.0,64.7
11319,317.0,3804.0,65.0
11320,306.0,3672.0,64.8
11321,290.0,3480.0,64.9
11322,280.0,3360.0,64.9
11323,338.0,4056.0,64.6
11324,380.0,4560.0,64.3
11325,364.0,4368.0,64.1
11326,359.0,4308.0,63.9
11327,343.0,4116.0,64.0
11328,317.0,3804.0,64.2
11329,378.0,4536.0,64.1
11330,377.0,4524.0,64.0
11331,336.0,4032.0,64.5
11332,352.0,4224.0,64.1
11333,378.0,4536.0,64.2
11334,378.0,4536.0,64.3
11335,380.0,4560.0,64.6
11336,380.0,4560.0,64.1
11337,383.0,4596.0,64.2
11338,376.0,4512.0,64.4
11339,364.0,4368.0,64.1
11340,358.0,4296.0,63.6
11341,348.0,4176.0,63.3
11342,354.0,4248.0,63.3
11343,354.0,4248.0,63.1
11344,352.0,4224.0,62.9
11345,354.0,4248.0,63.0
11346,348.0,4176.0,63.0
11347,350.0,4200.0,63.2
11348,353.0,4236.0,63.2
11349,355.0,4260.0,62.9
11350,346.0,4152.0,62.8
11351,340.0,4080.0,62.6
11352,330.0,3960.0,62.8
11353,332.0,3984.0,62.8
11354,336.0,4032.0,62.9
11355,342.0,4104.0,63.4
11356,334.0,4008.0,63.0
11357,336.0,4032.0,62.8
11358,339.0,4068.0,62.5
11359,343.0,4116.0,62.6
11360,347.0,4164.0,62.5
11361,343.0,4116.0,62.7
11362,343.0,4116.0,62.5
11363,336.0,4032.0,62.4
11364,329.0,3948.0,62.3
11365,340.0,4080.0,62.4
11366,343.0,4116.0,62.3
11367,350.0,4200.0,62.4
11368,347.0,4164.0,62.6
11369,347.0,4164.0,62.8
11370,342.0,4104.0,62.5
11371,354.0,4248.0,63.0
11372,358.0,4296.0,62.8
11373,355.0,4260.0,62.6
11374,347.0,4164.0,63.0
11375,346.0,4152.0,62.9
11376,343.0,4116.0,62.7
11377,346.0,4152.0,62.7
11378,354.0,4248.0,62.8
11379,355.0,4260.0,62.8
11380,353.0,4236.0,63.0
11381,354.0,4248.0,62.9
11382,359.0,4308.0,62.7
11383,360.0,4320.0,62.8
11384,355.0,4260.0,63.3
11385,354.0,4248.0,62.9
11386,352.0,4224.0,63.0
11387,354.0,4248.0,63.3
11388,346.0,4152.0,62.8
11389,343.0,4116.0,62.7
11390,355.0,4260.0,63.7
11391,362.0,4344.0,63.7
11392,358.0,4296.0,63.6
11393,363.0,4356.0,63.3
11394,360.0,4320.0,63.0
11395,366.0,4392.0,63.3
11396,369.0,4428.0,62.8
11397,376.0,4512.0,62.8
11398,376.0,4512.0,62.6
11399,376.0,4512.0,62.7
11400,376.0,4512.0,62.7
11401,378.0,4536.0,62.6
11402,385.0,4620.0,62.9
11403,395.0,4740.0,62.9
11404,396.0,4752.0,63.0
11405,402.0,4824.0,62.8
11406,402.0,4824.0,62.9
11407,410.0,4920.0,62.8
11408,417.0,5004.0,62.9
11409,436.0,5232.0,63.4
11410,459.0,5508.0,63.2
11411,466.0,5592.0,62.8
11412,469.0,5628.0,62.7
11413,468.0,5616.0,62.5
11414,452.0,5424.0,62.2
11415,468.0,5616.0,62.5
11416,479.0,5748.0,62.3
11417,463.0,5556.0,61.9
11418,471.0,5652.0,62.3
11419,459.0,5508.0,61.7
11420,445.0,5340.0,61.7
11421,432.0,5184.0,60.7
11422,455.0,5460.0,61.4
11423,442.0,5304.0,61.7
11424,434.0,5208.0,62.1
11425,453.0,5436.0,62.6
11426,449.0,5388.0,62.9
11427,426.0,5112.0,63.1
11428,427.0,5124.0,63.0
11429,445.0,5340.0,63.2
11430,427.0,5124.0,63.5
11431,413.0,4956.0,63.7
11432,440.0,5280.0,63.1
11433,425.0,5100.0,61.2
11434,449.0,5388.0,61.8
11435,432.0,5184.0,61.7
11436,426.0,5112.0,61.8
11437,438.0,5256.0,62.9
11438,461.0,5532.0,62.9
11439,442.0,5304.0,62.7
11440,459.0,5508.0,62.2
11441,464.0,5568.0,61.6
11442,449.0,5388.0,60.7
11443,448.0,5376.0,60.4
11444,438.0,5256.0,62.2
11445,438.0,5256.0,64.5
11446,432.0,5184.0,65.2
11447,459.0,5508.0,65.6
11448,431.0,5172.0,65.6
11449,396.0,4752.0,65.9
11450,380.0,4560.0,66.1
11451,392.0,4704.0,66.6
11452,380.0,4560.0,66.9
11453,385.0,4620.0,67.1
11454,352.0,4224.0,67.1
11455,336.0,4032.0,67.2
11456,364.0,4368.0,67.3
11457,350.0,4200.0,67.5
11458,340.0,4080.0,67.6
11459,320.0,3840.0,68.1
11460,309.0,3708.0,67.3
11461,313.0,3756.0,67.5
11462,317.0,3804.0,67.9
11463,326.0,3912.0,67.8
11464,320.0,3840.0,68.0
11465,313.0,3756.0,68.2
11466,310.0,3720.0,68.1
11467,293.0,3516.0,67.7
11468,297.0,3564.0,67.6
11469,293.0,3516.0,67.2
11470,296.0,3552.0,66.9
11471,290.0,3480.0,66.7
11472,278.0,3336.0,66.7
11473,287.0,3444.0,66.9
11474,278.0,3336.0,67.0
11475,263.0,3156.0,66.8
11476,275.0,3300.0,67.1
11477,278.0,3336.0,67.0
11478,271.0,3252.0,66.9
11479,258.0,3096.0,66.9
11480,258.0,3096.0,67.0
11481,241.0,2892.0,67.1
11482,254.0,3048.0,67.2
11483,231.0,2772.0,67.2
11484,241.0,2892.0,67.9
11485,241.0,2892.0,68.1
11486,227.0,2724.0,68.3
11487,244.0,2928.0,68.6
11488,238.0,2856.0,68.5
11489,248.0,2976.0,68.7
11490,223.0,2676.0,68.7
11491,216.0,2592.0,68.4
11492,218.0,2616.0,68.4
11493,234.0,2808.0,68.2
11494,208.0,2496.0,68.4
11495,216.0,2592.0,68.0
11496,204.0,2448.0,68.0
11497,214.0,2568.0,68.3
11498,197.0,2364.0,68.2
11499,215.0,2580.0,68.3
11500,200.0,2400.0,68.7
11501,186.0,2232.0,68.7
11502,169.0,2028.0,68.8
11503,174.0,2088.0,68.4
11504,169.0,2028.0,68.4
11505,166.0,1992.0,68.4
11506,165.0,1980.0,68.2
11507,142.0,1704.0,68.1
11508,139.0,1668.0,68.2
11509,144.0,1728.0,68.3
11510,152.0,1824.0,68.3
11511,144.0,1728.0,68.6
11512,144.0,1728.0,68.5
11513,127.0,1524.0,68.7
11514,125.0,1500.0,68.7
11515,119.0,1428.0,68.4
11516,116.0,1392.0,68.3
11517,118.0,1416.0,68.1
11518,112.0,1344.0,68.0
11519,102.0,1224.0,68.2
11520,95.0,1140.0,68.8
11521,97.0,1164.0,68.6
11522,105.0,1260.0,68.8
11523,105.0,1260.0,68.8
11524,95.0,1140.0,68.0
11525,86.0,1032.0,68.5
11526,79.0,948.0,68.2
11527,72.0,864.0,68.0
11528,75.0,900.0,67.8
11529,76.0,912.0,67.5
11530,69.0,828.0,67.5
11531,69.0,828.0,67.5
11532,65.0,780.0,67.7
11533,63.0,756.0,67.5
11534,69.0,828.0,67.6
11535,72.0,864.0,67.8
11536,71.0,852.0,67.7
11537,60.0,720.0,67.5
11538,62.0,744.0,67.4
11539,53.0,636.0,67.5
11540,64.0,768.0,67.4
11541,63.0,756.0,67.5
11542,63.0,756.0,67.2
11543,58.0,696.0,67.3
11544,56.0,672.0,67.6
11545,61.0,732.0,67.7
11546,62.0,744.0,67.6
11547,62.0,744.0,67.4
11548,60.0,720.0,67.6
11549,53.0,636.0,67.3
11550,49.0,588.0,67.2
11551,53.0,636.0,67.1
11552,50.0,600.0,67.2
11553,56.0,672.0,67.1
11554,56.0,672.0,67.0
11555,49.0,588.0,66.9
11556,49.0,588.0,66.8
11557,49.0,588.0,66.8
11558,56.0,672.0,66.8
11559,60.0,720.0,66.9
11560,59.0,708.0,67.0
11561,60.0,720.0,67.3
11562,62.0,744.0,67.1
11563,67.0,804.0,67.2
11564,75.0,900.0,67.3
11565,76.0,912.0,67.8
11566,75.0,900.0,67.6
11567,76.0,912.0,67.7
11568,76.0,912.0,67.5
11569,83.0,996.0,67.5
11570,95.0,1140.0,67.4
11571,98.0,1176.0,67.6
11572,106.0,1272.0,67.9
11573,122.0,1464.0,67.9
11574,136.0,1632.0,68.1
11575,142.0,1704.0,68.3
11576,169.0,2028.0,68.6
11577,178.0,2136.0,68.4
11578,171.0,2052.0,68.5
11579,165.0,1980.0,68.6
11580,167.0,2004.0,68.3
11581,184.0,2208.0,68.3
11582,218.0,2616.0,68.3
11583,241.0,2892.0,68.8
11584,251.0,3012.0,68.7
11585,267.0,3204.0,68.6
11586,287.0,3444.0,67.8
11587,306.0,3672.0,68.2
11588,329.0,3948.0,68.7
11589,339.0,4068.0,68.5
11590,331.0,3972.0,68.5
11591,308.0,3696.0,68.7
11592,308.0,3696.0,66.3
11593,310.0,3720.0,65.3
11594,316.0,3792.0,64.7
11595,294.0,3528.0,64.5
11596,329.0,3948.0,64.4
11597,309.0,3708.0,64.5
11598,306.0,3672.0,64.5
11599,316.0,3792.0,64.5
11600,368.0,4416.0,64.6
11601,324.0,3888.0,64.7
11602,324.0,3888.0,64.7
11603,359.0,4308.0,64.9
11604,383.0,4596.0,64.9
11605,361.0,4332.0,64.9
11606,327.0,3924.0,64.7
11607,347.0,4164.0,64.7
11608,366.0,4392.0,64.7
11609,297.0,3564.0,64.9
11610,336.0,4032.0,64.7
11611,369.0,4428.0,64.8
11612,396.0,4752.0,64.5
11613,419.0,5028.0,64.4
11614,415.0,4980.0,64.5
11615,390.0,4680.0,64.4
11616,380.0,4560.0,64.5
11617,382.0,4584.0,64.2
11618,385.0,4620.0,64.4
11619,388.0,4656.0,64.2
11620,385.0,4620.0,64.1
11621,380.0,4560.0,64.4
11622,373.0,4476.0,64.1
11623,385.0,4620.0,64.2
11624,383.0,4596.0,64.1
11625,380.0,4560.0,64.0
11626,382.0,4584.0,64.0
11627,366.0,4392.0,64.1
11628,353.0,4236.0,64.1
11629,347.0,4164.0,63.8
11630,350.0,4200.0,63.7
11631,353.0,4236.0,63.6
11632,352.0,4224.0,63.5
11633,354.0,4248.0,63.3
11634,353.0,4236.0,63.3
11635,353.0,4236.0,63.3
11636,358.0,4296.0,63.1
11637,350.0,4200.0,62.7
11638,347.0,4164.0,62.7
11639,339.0,4068.0,62.7
11640,332.0,3984.0,62.5
11641,327.0,3924.0,62.8
11642,336.0,4032.0,62.8
11643,336.0,4032.0,62.4
11644,336.0,4032.0,62.5
11645,339.0,4068.0,62.6
11646,340.0,4080.0,62.7
11647,343.0,4116.0,62.2
11648,347.0,4164.0,62.6
11649,348.0,4176.0,62.4
11650,346.0,4152.0,62.5
11651,340.0,4080.0,61.9
11652,333.0,3996.0,62.6
11653,340.0,4080.0,62.7
11654,350.0,4200.0,62.5
11655,347.0,4164.0,62.4
11656,340.0,4080.0,62.9
11657,340.0,4080.0,63.0
11658,340.0,4080.0,62.3
11659,343.0,4116.0,62.9
11660,343.0,4116.0,62.9
11661,350.0,4200.0,62.3
11662,350.0,4200.0,62.5
11663,346.0,4152.0,62.8
11664,354.0,4248.0,62.7
11665,357.0,4284.0,62.7
11666,358.0,4296.0,62.4
11667,364.0,4368.0,62.7
11668,360.0,4320.0,62.7
11669,361.0,4332.0,63.4
11670,360.0,4320.0,63.0
11671,360.0,4320.0,62.9
11672,369.0,4428.0,62.6
11673,364.0,4368.0,62.8
11674,362.0,4344.0,62.6
11675,366.0,4392.0,62.7
11676,362.0,4344.0,62.8
11677,364.0,4368.0,62.6
11678,366.0,4392.0,62.6
11679,376.0,4512.0,62.9
11680,376.0,4512.0,63.3
11681,383.0,4596.0,63.0
11682,376.0,4512.0,62.9
11683,382.0,4584.0,63.1
11684,387.0,4644.0,62.7
11685,395.0,4740.0,62.8
11686,392.0,4704.0,63.0
11687,390.0,4680.0,63.0
11688,385.0,4620.0,63.0
11689,389.0,4668.0,62.7
11690,397.0,4764.0,63.0
11691,403.0,4836.0,63.1
11692,407.0,4884.0,63.0
11693,411.0,4932.0,63.0
11694,418.0,5016.0,62.9
11695,413.0,4956.0,63.1
11696,425.0,5100.0,63.1
11697,448.0,5376.0,63.1
11698,434.0,5208.0,63.0
11699,429.0,5148.0,63.0
11700,449.0,5388.0,62.2
11701,429.0,5148.0,62.6
11702,432.0,5184.0,62.5
11703,443.0,5316.0,62.3
11704,442.0,5304.0,62.5
11705,447.0,5364.0,62.3
11706,463.0,5556.0,62.2
11707,438.0,5256.0,62.6
11708,431.0,5172.0,62.9
11709,436.0,5232.0,61.1
11710,438.0,5256.0,59.6
11711,443.0,5316.0,59.7
11712,449.0,5388.0,59.9
11713,441.0,5292.0,60.7
11714,465.0,5580.0,61.1
11715,445.0,5340.0,61.3
11716,431.0,5172.0,61.0
11717,441.0,5292.0,59.8
11718,449.0,5388.0,60.4
11719,459.0,5508.0,61.0
11720,443.0,5316.0,62.3
11721,433.0,5196.0,60.9
11722,432.0,5184.0,61.4
11723,425.0,5100.0,61.6
11724,418.0,5016.0,62.1
11725,432.0,5184.0,61.3
11726,445.0,5340.0,61.0
11727,443.0,5316.0,61.2
11728,443.0,5316.0,61.2
11729,436.0,5232.0,61.5
11730,429.0,5148.0,62.2
11731,447.0,5364.0,62.9
11732,445.0,5340.0,63.1
11733,415.0,4980.0,63.4
11734,410.0,4920.0,63.5
11735,434.0,5208.0,64.8
11736,422.0,5064.0,65.3
11737,405.0,4860.0,65.8
11738,419.0,5028.0,65.9
11739,407.0,4884.0,66.1
11740,392.0,4704.0,66.2
11741,407.0,4884.0,66.5
11742,403.0,4836.0,66.5
11743,377.0,4524.0,66.7
11744,354.0,4248.0,66.6
11745,358.0,4296.0,66.6
11746,346.0,4152.0,67.0
11747,327.0,3924.0,66.9
11748,313.0,3756.0,67.0
11749,329.0,3948.0,67.2
11750,330.0,3960.0,67.2
11751,340.0,4080.0,67.4
11752,326.0,3912.0,67.2
11753,330.0,3960.0,67.3
11754,323.0,3876.0,67.2
11755,296.0,3552.0,67.1
11756,294.0,3528.0,66.9
11757,290.0,3480.0,66.9
11758,293.0,3516.0,66.8
11759,300.0,3600.0,66.7
11760,275.0,3300.0,66.9
11761,285.0,3420.0,66.8
11762,287.0,3444.0,67.1
11763,303.0,3636.0,67.1
11764,268.0,3216.0,67.0
11765,269.0,3228.0,66.9
11766,280.0,3360.0,66.9
11767,281.0,3372.0,66.8
11768,254.0,3048.0,67.3
11769,260.0,3120.0,67.2
11770,261.0,3132.0,67.1
11771,264.0,3168.0,67.3
11772,267.0,3204.0,67.8
11773,248.0,2976.0,68.3
11774,246.0,2952.0,68.4
11775,248.0,2976.0,68.1
11776,244.0,2928.0,68.5
11777,254.0,3048.0,68.4
11778,238.0,2856.0,68.3
11779,238.0,2856.0,68.4
11780,234.0,2808.0,68.2
11781,232.0,2784.0,68.4
11782,238.0,2856.0,68.4
11783,218.0,2616.0,68.4
11784,216.0,2592.0,68.4
11785,199.0,2388.0,68.3
11786,208.0,2496.0,68.4
11787,208.0,2496.0,68.7
11788,195.0,2340.0,68.5
11789,195.0,2340.0,68.3
11790,177.0,2124.0,68.1
11791,186.0,2232.0,68.1
11792,178.0,2136.0,68.2
11793,174.0,2088.0,68.2
11794,162.0,1944.0,68.2
11795,156.0,1872.0,68.0
11796,152.0,1824.0,68.2
11797,136.0,1632.0,69.1
11798,153.0,1836.0,68.3
11799,158.0,1896.0,68.3
11800,141.0,1692.0,67.9
11801,141.0,1692.0,67.6
11802,128.0,1536.0,67.8
11803,128.0,1536.0,67.7
11804,131.0,1572.0,67.3
11805,125.0,1500.0,67.7
11806,113.0,1356.0,67.5
11807,113.0,1356.0,67.4
11808,105.0,1260.0,69.2
11809,105.0,1260.0,68.8
11810,106.0,1272.0,68.6
11811,109.0,1308.0,68.6
11812,95.0,1140.0,67.7
11813,82.0,984.0,67.9
11814,91.0,1092.0,67.6
11815,76.0,912.0,67.4
11816,79.0,948.0,67.7
11817,76.0,912.0,67.4
11818,71.0,852.0,67.5
11819,72.0,864.0,67.3
11820,63.0,756.0,67.7
11821,64.0,768.0,67.5
11822,72.0,864.0,67.7
11823,62.0,744.0,67.8
11824,69.0,828.0,67.5
11825,63.0,756.0,67.9
11826,60.0,720.0,67.5
11827,60.0,720.0,67.3
11828,69.0,828.0,67.2
11829,69.0,828.0,67.2
11830,67.0,804.0,67.6
11831,58.0,696.0,67.2
11832,56.0,672.0,67.3
11833,53.0,636.0,67.8
11834,61.0,732.0,67.8
11835,67.0,804.0,68.2
11836,53.0,636.0,67.7
11837,58.0,696.0,67.3
11838,53.0,636.0,67.4
11839,52.0,624.0,67.2
11840,58.0,696.0,67.3
11841,56.0,672.0,67.3
11842,58.0,696.0,66.9
11843,53.0,636.0,66.8
11844,50.0,600.0,66.9
11845,53.0,636.0,67.0
11846,56.0,672.0,67.3
11847,58.0,696.0,67.2
11848,60.0,720.0,67.5
11849,62.0,744.0,67.2
11850,64.0,768.0,67.4
11851,71.0,852.0,67.4
11852,74.0,888.0,67.6
11853,83.0,996.0,67.6
11854,80.0,960.0,67.8
11855,76.0,912.0,67.9
11856,82.0,984.0,67.5
11857,85.0,1020.0,67.2
11858,95.0,1140.0,67.4
11859,98.0,1176.0,67.3
11860,114.0,1368.0,67.7
11861,121.0,1452.0,67.7
11862,132.0,1584.0,67.8
11863,156.0,1872.0,67.8
11864,166.0,1992.0,68.4
11865,171.0,2052.0,68.5
11866,177.0,2124.0,68.5
11867,182.0,2184.0,68.5
11868,176.0,2112.0,68.5
11869,192.0,2304.0,68.4
11870,218.0,2616.0,68.2
11871,248.0,2976.0,68.3
11872,256.0,3072.0,68.3
11873,267.0,3204.0,68.2
11874,290.0,3480.0,68.3
11875,310.0,3720.0,68.7
11876,321.0,3852.0,68.6
11877,332.0,3984.0,68.8
11878,330.0,3960.0,69.5
11879,320.0,3840.0,69.0
11880,313.0,3756.0,67.0
11881,316.0,3792.0,65.6
11882,338.0,4056.0,65.1
11883,353.0,4236.0,64.9
11884,373.0,4476.0,64.9
11885,366.0,4392.0,64.7
11886,368.0,4416.0,64.7
11887,385.0,4620.0,64.7
11888,360.0,4320.0,64.8
11889,300.0,3600.0,64.7
11890,364.0,4368.0,64.9
11891,326.0,3912.0,65.0
11892,372.0,4464.0,64.9
11893,340.0,4080.0,65.1
11894,410.0,4920.0,64.9
11895,370.0,4440.0,65.1
11896,407.0,4884.0,65.0
11897,369.0,4428.0,65.0
11898,403.0,4836.0,64.9
11899,378.0,4536.0,64.6
11900,406.0,4872.0,64.7
11901,412.0,4944.0,64.4
11902,418.0,5016.0,64.5
11903,408.0,4896.0,64.6
11904,387.0,4644.0,64.5
11905,382.0,4584.0,64.3
11906,383.0,4596.0,64.2
11907,390.0,4680.0,64.2
11908,387.0,4644.0,64.2
11909,382.0,4584.0,64.1
11910,376.0,4512.0,64.1
11911,376.0,4512.0,64.1
11912,377.0,4524.0,64.1
11913,383.0,4596.0,63.7
11914,387.0,4644.0,63.7
11915,368.0,4416.0,63.9
11916,355.0,4260.0,63.5
11917,353.0,4236.0,63.6
11918,357.0,4284.0,63.3
11919,358.0,4296.0,63.1
11920,358.0,4296.0,62.8
11921,357.0,4284.0,62.9
11922,352.0,4224.0,62.9
11923,352.0,4224.0,63.1
11924,354.0,4248.0,63.2
11925,358.0,4296.0,62.8
11926,355.0,4260.0,62.9
11927,352.0,4224.0,62.7
11928,343.0,4116.0,62.8
11929,342.0,4104.0,62.4
11930,346.0,4152.0,62.5
11931,350.0,4200.0,62.4
11932,350.0,4200.0,62.4
11933,350.0,4200.0,62.4
11934,350.0,4200.0,62.4
11935,350.0,4200.0,62.4
11936,355.0,4260.0,62.4
11937,355.0,4260.0,62.3
11938,354.0,4248.0,62.5
11939,350.0,4200.0,62.7
11940,346.0,4152.0,62.8
11941,348.0,4176.0,62.3
11942,352.0,4224.0,62.2
11943,358.0,4296.0,62.2
11944,355.0,4260.0,62.4
11945,362.0,4344.0,62.4
11946,362.0,4344.0,62.4
11947,360.0,4320.0,62.4
11948,364.0,4368.0,62.6
11949,363.0,4356.0,62.8
11950,368.0,4416.0,62.5
11951,363.0,4356.0,62.5
11952,355.0,4260.0,62.9
11953,364.0,4368.0,63.0
11954,361.0,4332.0,62.5
11955,366.0,4392.0,62.7
11956,369.0,4428.0,62.7
11957,368.0,4416.0,63.5
11958,366.0,4392.0,63.5
11959,376.0,4512.0,63.4
11960,372.0,4464.0,63.4
11961,376.0,4512.0,62.7
11962,373.0,4476.0,62.9
11963,364.0,4368.0,63.1
11964,369.0,4428.0,62.6
11965,369.0,4428.0,63.4
11966,372.0,4464.0,63.6
11967,377.0,4524.0,63.0
11968,385.0,4620.0,62.7
11969,376.0,4512.0,62.3
11970,376.0,4512.0,62.4
11971,383.0,4596.0,62.7
11972,392.0,4704.0,62.7
11973,399.0,4788.0,62.8
11974,392.0,4704.0,62.6
11975,395.0,4740.0,62.4
11976,392.0,4704.0,62.0
11977,393.0,4716.0,62.2
11978,406.0,4872.0,62.1
11979,410.0,4920.0,62.3
11980,425.0,5100.0,62.3
11981,412.0,4944.0,62.5
11982,412.0,4944.0,62.3
11983,415.0,4980.0,62.4
11984,425.0,5100.0,62.3
11985,443.0,5316.0,61.8
11986,441.0,5292.0,61.3
11987,452.0,5424.0,61.2
11988,452.0,5424.0,60.5
11989,434.0,5208.0,60.0
11990,464.0,5568.0,59.4
11991,449.0,5388.0,59.5
11992,443.0,5316.0,59.2
11993,452.0,5424.0,59.0
11994,422.0,5064.0,58.6
11995,455.0,5460.0,58.6
11996,455.0,5460.0,58.6
11997,441.0,5292.0,57.7
11998,429.0,5148.0,56.3
11999,429.0,5148.0,56.6
12000,441.0,5292.0,54.8
12001,432.0,5184.0,56.2
12002,436.0,5232.0,57.5
12003,436.0,5232.0,56.9
12004,449.0,5388.0,57.2
12005,433.0,5196.0,57.7
12006,442.0,5304.0,57.7
12007,427.0,5124.0,57.7
12008,438.0,5256.0,58.0
12009,441.0,5292.0,58.4
12010,436.0,5232.0,58.4
12011,441.0,5292.0,57.6
12012,429.0,5148.0,58.0
12013,429.0,5148.0,58.4
12014,441.0,5292.0,58.1
12015,441.0,5292.0,57.3
12016,435.0,5220.0,57.0
12017,431.0,5172.0,55.8
12018,438.0,5256.0,57.6
12019,427.0,5124.0,57.7
12020,429.0,5148.0,58.1
12021,449.0,5388.0,58.4
12022,436.0,5232.0,59.1
12023,408.0,4896.0,59.8
12024,411.0,4932.0,61.1
12025,419.0,5028.0,63.8
12026,441.0,5292.0,64.5
12027,417.0,5004.0,65.1
12028,393.0,4716.0,65.5
12029,406.0,4872.0,65.8
12030,412.0,4944.0,66.2
12031,402.0,4824.0,66.5
12032,385.0,4620.0,66.4
12033,396.0,4752.0,66.6
12034,405.0,4860.0,66.8
12035,376.0,4512.0,67.1
12036,350.0,4200.0,67.2
12037,369.0,4428.0,67.5
12038,339.0,4068.0,67.3
12039,355.0,4260.0,67.4
12040,336.0,4032.0,67.5
12041,339.0,4068.0,67.3
12042,332.0,3984.0,67.1
12043,336.0,4032.0,66.8
12044,301.0,3612.0,66.8
12045,320.0,3840.0,66.7
12046,330.0,3960.0,66.6
12047,306.0,3672.0,66.5
12048,327.0,3924.0,66.8
12049,310.0,3720.0,66.7
12050,313.0,3756.0,66.8
12051,326.0,3912.0,67.0
12052,317.0,3804.0,66.7
12053,320.0,3840.0,67.0
12054,310.0,3720.0,66.8
12055,300.0,3600.0,67.1
12056,303.0,3636.0,67.0
12057,293.0,3516.0,67.6
12058,283.0,3396.0,67.7
12059,267.0,3204.0,67.3
12060,267.0,3204.0,68.0
12061,274.0,3288.0,68.1
12062,269.0,3228.0,68.0
12063,286.0,3432.0,68.4
12064,287.0,3444.0,68.5
12065,271.0,3252.0,68.2
12066,285.0,3420.0,68.0
12067,269.0,3228.0,68.5
12068,256.0,3072.0,68.6
12069,244.0,2928.0,68.5
12070,251.0,3012.0,68.6
12071,248.0,2976.0,68.7
12072,228.0,2736.0,68.4
12073,228.0,2736.0,68.9
12074,237.0,2844.0,69.0
12075,224.0,2688.0,68.6
12076,224.0,2688.0,68.5
12077,220.0,2640.0,68.2
12078,214.0,2568.0,68.6
12079,211.0,2532.0,68.7
12080,208.0,2496.0,68.3
12081,186.0,2232.0,68.6
12082,185.0,2220.0,68.2
12083,170.0,2040.0,68.4
12084,169.0,2028.0,68.1
12085,159.0,1908.0,68.5
12086,169.0,2028.0,68.3
12087,156.0,1872.0,68.7
12088,156.0,1872.0,68.4
12089,151.0,1812.0,68.4
12090,146.0,1752.0,68.3
12091,135.0,1620.0,68.1
12092,144.0,1728.0,68.2
12093,141.0,1692.0,68.0
12094,128.0,1536.0,68.3
12095,113.0,1356.0,68.1
12096,114.0,1368.0,69.3
12097,121.0,1452.0,68.6
12098,120.0,1440.0,68.9
12099,113.0,1356.0,68.3
12100,106.0,1272.0,68.0
12101,92.0,1104.0,67.6
12102,90.0,1080.0,67.8
12103,93.0,1116.0,67.9
12104,92.0,1104.0,67.4
12105,85.0,1020.0,67.5
12106,80.0,960.0,67.5
12107,74.0,888.0,68.0
12108,76.0,912.0,68.1
12109,83.0,996.0,68.1
12110,72.0,864.0,67.6
12111,80.0,960.0,68.4
12112,72.0,864.0,68.3
12113,74.0,888.0,67.7
12114,69.0,828.0,67.4
12115,71.0,852.0,67.7
12116,74.0,888.0,67.8
12117,69.0,828.0,67.7
12118,64.0,768.0,67.4
12119,62.0,744.0,67.3
12120,63.0,756.0,67.7
12121,61.0,732.0,67.8
12122,62.0,744.0,67.7
12123,61.0,732.0,68.1
12124,72.0,864.0,67.8
12125,63.0,756.0,67.6
12126,60.0,720.0,67.4
12127,65.0,780.0,67.6
12128,59.0,708.0,67.3
12129,59.0,708.0,67.4
12130,60.0,720.0,67.4
12131,56.0,672.0,67.3
12132,53.0,636.0,67.2
12133,61.0,732.0,66.8
12134,59.0,708.0,67.2
12135,76.0,912.0,67.3
12136,67.0,804.0,67.9
12137,65.0,780.0,67.7
12138,67.0,804.0,67.6
12139,71.0,852.0,67.5
12140,79.0,948.0,67.5
12141,82.0,984.0,67.8
12142,79.0,948.0,67.9
12143,79.0,948.0,67.7
12144,83.0,996.0,67.5
12145,85.0,1020.0,67.5
12146,98.0,1176.0,67.5
12147,106.0,1272.0,67.7
12148,116.0,1392.0,67.8
12149,131.0,1572.0,67.9
12150,139.0,1668.0,68.3
12151,158.0,1896.0,68.1
12152,159.0,1908.0,68.1
12153,182.0,2184.0,68.8
12154,181.0,2172.0,68.6
12155,178.0,2136.0,68.6
12156,181.0,2172.0,68.3
12157,185.0,2220.0,68.4
12158,214.0,2568.0,68.5
12159,230.0,2760.0,68.4
12160,241.0,2892.0,68.5
12161,261.0,3132.0,68.5
12162,274.0,3288.0,68.8
12163,291.0,3492.0,68.4
12164,309.0,3708.0,68.4
12165,324.0,3888.0,68.7
12166,313.0,3756.0,68.8
12167,294.0,3528.0,68.7
12168,296.0,3552.0,66.1
12169,306.0,3672.0,64.9
12170,320.0,3840.0,64.6
12171,340.0,4080.0,64.4
12172,354.0,4248.0,64.1
12173,359.0,4308.0,64.3
12174,369.0,4428.0,64.4
12175,373.0,4476.0,64.4
12176,376.0,4512.0,64.1
12177,399.0,4788.0,64.2
12178,387.0,4644.0,64.2
12179,369.0,4428.0,64.2
12180,363.0,4356.0,64.5
12181,370.0,4440.0,64.1
12182,385.0,4620.0,64.0
12183,396.0,4752.0,64.7
12184,393.0,4716.0,64.2
12185,403.0,4836.0,64.2
12186,411.0,4932.0,64.1
12187,411.0,4932.0,64.1
12188,415.0,4980.0,63.8
12189,411.0,4932.0,64.0
12190,399.0,4788.0,64.0
12191,392.0,4704.0,63.8
12192,376.0,4512.0,63.5
12193,369.0,4428.0,63.9
12194,369.0,4428.0,63.7
12195,376.0,4512.0,63.7
12196,369.0,4428.0,63.9
12197,368.0,4416.0,63.7
12198,364.0,4368.0,63.7
12199,366.0,4392.0,63.6
12200,373.0,4476.0,63.5
12201,373.0,4476.0,63.4
12202,369.0,4428.0,63.3
12203,364.0,4368.0,63.4
12204,350.0,4200.0,63.1
12205,347.0,4164.0,63.0
12206,346.0,4152.0,62.5
12207,350.0,4200.0,62.3
12208,354.0,4248.0,62.4
12209,355.0,4260.0,62.2
12210,359.0,4308.0,62.4
12211,361.0,4332.0,62.3
12212,366.0,4392.0,62.3
12213,369.0,4428.0,62.1
12214,363.0,4356.0,62.1
12215,357.0,4284.0,62.0
12216,352.0,4224.0,61.9
12217,355.0,4260.0,61.9
12218,361.0,4332.0,61.9
12219,369.0,4428.0,61.6
12220,368.0,4416.0,61.9
12221,366.0,4392.0,61.7
12222,361.0,4332.0,61.8
12223,366.0,4392.0,61.7
12224,376.0,4512.0,61.6
12225,376.0,4512.0,61.2
12226,376.0,4512.0,61.4
12227,370.0,4440.0,61.0
12228,370.0,4440.0,61.2
12229,373.0,4476.0,61.2
12230,385.0,4620.0,61.1
12231,376.0,4512.0,61.1
12232,396.0,4752.0,60.9
12233,402.0,4824.0,60.9
12234,380.0,4560.0,61.0
12235,382.0,4584.0,60.5
12236,383.0,4596.0,60.7
12237,378.0,4536.0,60.6
12238,387.0,4644.0,60.8
12239,380.0,4560.0,60.7
12240,385.0,4620.0,61.0
12241,380.0,4560.0,61.3
12242,387.0,4644.0,61.3
12243,392.0,4704.0,61.1
12244,390.0,4680.0,61.1
12245,392.0,4704.0,60.9
12246,385.0,4620.0,61.1
12247,387.0,4644.0,61.1
12248,396.0,4752.0,60.6
12249,392.0,4704.0,59.9
12250,393.0,4716.0,59.4
12251,385.0,4620.0,59.7
12252,389.0,4668.0,60.0
12253,387.0,4644.0,59.6
12254,393.0,4716.0,59.9
12255,402.0,4824.0,59.9
12256,403.0,4836.0,59.8
12257,399.0,4788.0,60.0
12258,399.0,4788.0,60.0
12259,405.0,4860.0,59.8
12260,408.0,4896.0,60.0
12261,408.0,4896.0,59.5
12262,410.0,4920.0,59.8
12263,407.0,4884.0,59.5
12264,399.0,4788.0,59.0
12265,405.0,4860.0,58.5
12266,410.0,4920.0,58.6
12267,410.0,4920.0,58.2
12268,410.0,4920.0,57.8
12269,411.0,4932.0,57.2
12270,411.0,4932.0,57.2
12271,408.0,4896.0,56.3
12272,413.0,4956.0,56.9
12273,419.0,5028.0,56.2
12274,418.0,5016.0,52.5
12275,415.0,4980.0,53.8
12276,411.0,4932.0,53.7
12277,415.0,4980.0,53.0
12278,418.0,5016.0,53.6
12279,422.0,5064.0,53.1
12280,415.0,4980.0,53.2
12281,415.0,4980.0,53.0
12282,412.0,4944.0,50.7
12283,410.0,4920.0,53.3
12284,419.0,5028.0,50.2
12285,418.0,5016.0,47.8
12286,415.0,4980.0,49.3
12287,407.0,4884.0,51.3
12288,406.0,4872.0,53.4
12289,412.0,4944.0,52.8
12290,413.0,4956.0,53.2
12291,415.0,4980.0,53.8
12292,413.0,4956.0,55.4
12293,412.0,4944.0,55.8
12294,399.0,4788.0,56.1
12295,412.0,4944.0,56.2
12296,413.0,4956.0,56.5
12297,417.0,5004.0,56.8
12298,415.0,4980.0,56.9
12299,407.0,4884.0,57.2
12300,402.0,4824.0,57.5
12301,410.0,4920.0,57.7
12302,419.0,5028.0,57.9
12303,425.0,5100.0,58.2
12304,422.0,5064.0,58.0
12305,413.0,4956.0,57.6
12306,410.0,4920.0,57.7
12307,397.0,4764.0,57.7
12308,397.0,4764.0,58.0
12309,396.0,4752.0,58.6
12310,402.0,4824.0,58.6
12311,380.0,4560.0,58.7
12312,393.0,4716.0,59.8
12313,390.0,4680.0,61.5
12314,400.0,4800.0,63.8
12315,393.0,4716.0,64.6
12316,385.0,4620.0,65.4
12317,395.0,4740.0,65.7
12318,370.0,4440.0,65.8
12319,385.0,4620.0,66.0
12320,395.0,4740.0,65.8
12321,389.0,4668.0,66.2
12322,370.0,4440.0,66.6
12323,366.0,4392.0,66.5
12324,378.0,4536.0,66.9
12325,385.0,4620.0,66.9
12326,382.0,4584.0,66.6
12327,380.0,4560.0,67.0
12328,378.0,4536.0,66.8
12329,361.0,4332.0,66.9
12330,353.0,4236.0,66.7
12331,355.0,4260.0,66.6
12332,343.0,4116.0,66.5
12333,359.0,4308.0,66.1
12334,346.0,4152.0,66.2
12335,338.0,4056.0,66.1
12336,346.0,4152.0,66.2
12337,354.0,4248.0,66.2
12338,358.0,4296.0,66.4
12339,321.0,3852.0,66.4
12340,346.0,4152.0,66.4
12341,355.0,4260.0,66.4
12342,339.0,4068.0,66.5
12343,331.0,3972.0,66.6
12344,333.0,3996.0,66.7
12345,306.0,3672.0,66.8
12346,320.0,3840.0,66.9
12347,320.0,3840.0,67.1
12348,302.0,3624.0,67.1
12349,310.0,3720.0,67.3
12350,336.0,4032.0,67.5
12351,320.0,3840.0,67.7
12352,313.0,3756.0,68.2
12353,296.0,3552.0,68.0
12354,294.0,3528.0,67.9
12355,287.0,3444.0,68.0
12356,290.0,3480.0,68.3
12357,294.0,3528.0,68.3
12358,306.0,3672.0,68.4
12359,272.0,3264.0,68.6
12360,261.0,3132.0,68.6
12361,275.0,3300.0,68.7
12362,285.0,3420.0,68.7
12363,278.0,3336.0,68.2
12364,260.0,3120.0,68.3
12365,256.0,3072.0,68.2
12366,248.0,2976.0,68.3
12367,248.0,2976.0,68.4
12368,220.0,2640.0,68.5
12369,230.0,2760.0,68.7
12370,223.0,2676.0,68.7
12371,218.0,2616.0,68.8
12372,202.0,2424.0,68.7
12373,211.0,2532.0,68.4
12374,199.0,2388.0,68.8
12375,196.0,2352.0,68.2
12376,189.0,2268.0,68.2
12377,192.0,2304.0,68.5
12378,192.0,2304.0,68.3
12379,174.0,2088.0,68.3
12380,178.0,2136.0,68.7
12381,185.0,2220.0,68.5
12382,171.0,2052.0,68.6
12383,171.0,2052.0,68.6
12384,158.0,1896.0,68.9
12385,158.0,1896.0,68.5
12386,150.0,1800.0,68.7
12387,165.0,1980.0,68.4
12388,142.0,1704.0,68.1
12389,139.0,1668.0,68.0
12390,125.0,1500.0,68.1
12391,121.0,1452.0,68.0
12392,123.0,1476.0,68.0
12393,119.0,1428.0,68.5
12394,112.0,1344.0,68.2
12395,106.0,1272.0,68.4
12396,109.0,1308.0,68.7
12397,106.0,1272.0,68.4
12398,106.0,1272.0,68.4
12399,105.0,1260.0,68.2
12400,95.0,1140.0,68.2
12401,95.0,1140.0,68.6
12402,91.0,1092.0,68.4
12403,91.0,1092.0,68.3
12404,90.0,1080.0,68.2
12405,86.0,1032.0,68.2
12406,86.0,1032.0,68.7
12407,86.0,1032.0,68.3
12408,90.0,1080.0,68.7
12409,85.0,1020.0,68.6
12410,75.0,900.0,68.5
12411,83.0,996.0,68.3
12412,83.0,996.0,68.2
12413,72.0,864.0,68.6
12414,75.0,900.0,68.4
12415,72.0,864.0,67.8
12416,76.0,912.0,68.1
12417,71.0,852.0,67.8
12418,67.0,804.0,68.0
12419,69.0,828.0,67.8
12420,67.0,804.0,68.2
12421,67.0,804.0,68.2
12422,64.0,768.0,68.1
12423,69.0,828.0,67.8
12424,72.0,864.0,68.0
12425,72.0,864.0,67.9
12426,65.0,780.0,67.8
12427,65.0,780.0,68.0
12428,61.0,732.0,68.0
12429,65.0,780.0,67.8
12430,79.0,948.0,68.0
12431,67.0,804.0,67.9
12432,64.0,768.0,68.0
12433,63.0,756.0,67.8
12434,69.0,828.0,67.7
12435,69.0,828.0,67.5
12436,67.0,804.0,67.9
12437,72.0,864.0,67.9
12438,72.0,864.0,68.1
12439,79.0,948.0,68.1
12440,85.0,1020.0,68.2
12441,86.0,1032.0,68.3
12442,88.0,1056.0,68.1
12443,97.0,1164.0,68.0
12444,85.0,1020.0,67.9
12445,89.0,1068.0,68.2
12446,95.0,1140.0,67.8
12447,118.0,1416.0,67.8
12448,132.0,1584.0,67.9
12449,118.0,1416.0,68.1
12450,125.0,1500.0,68.0
12451,131.0,1572.0,68.3
12452,142.0,1704.0,68.3
12453,167.0,2004.0,68.5
12454,158.0,1896.0,68.6
12455,169.0,2028.0,68.7
12456,174.0,2088.0,67.8
12457,188.0,2256.0,67.4
12458,194.0,2328.0,67.1
12459,194.0,2328.0,67.0
12460,222.0,2664.0,67.4
12461,204.0,2448.0,67.2
12462,216.0,2592.0,67.3
12463,218.0,2616.0,67.5
12464,214.0,2568.0,67.8
12465,230.0,2760.0,67.8
12466,248.0,2976.0,68.1
12467,245.0,2940.0,67.9
12468,257.0,3084.0,67.3
12469,258.0,3096.0,66.4
12470,263.0,3156.0,66.1
12471,254.0,3048.0,65.7
12472,282.0,3384.0,65.8
12473,297.0,3564.0,65.7
12474,291.0,3492.0,65.9
12475,296.0,3552.0,65.8
12476,297.0,3564.0,66.1
12477,296.0,3552.0,65.9
12478,306.0,3672.0,65.8
12479,340.0,4080.0,65.8
12480,294.0,3528.0,65.6
12481,303.0,3636.0,65.7
12482,303.0,3636.0,65.6
12483,324.0,3888.0,65.2
12484,313.0,3756.0,65.5
12485,340.0,4080.0,65.8
12486,323.0,3876.0,65.7
12487,343.0,4116.0,65.6
12488,323.0,3876.0,65.8
12489,330.0,3960.0,65.6
12490,330.0,3960.0,65.4
12491,327.0,3924.0,65.9
12492,317.0,3804.0,66.0
12493,316.0,3792.0,65.6
12494,323.0,3876.0,65.5
12495,331.0,3972.0,65.3
12496,333.0,3996.0,65.4
12497,338.0,4056.0,65.2
12498,342.0,4104.0,65.3
12499,346.0,4152.0,65.4
12500,355.0,4260.0,64.8
12501,359.0,4308.0,64.9
12502,355.0,4260.0,65.0
12503,347.0,4164.0,65.0
12504,346.0,4152.0,65.1
12505,336.0,4032.0,65.0
12506,347.0,4164.0,64.9
12507,350.0,4200.0,64.8
12508,355.0,4260.0,64.9
12509,360.0,4320.0,64.8
12510,366.0,4392.0,64.7
12511,369.0,4428.0,64.6
12512,373.0,4476.0,64.4
12513,372.0,4464.0,64.5
12514,369.0,4428.0,64.5
12515,369.0,4428.0,64.4
12516,376.0,4512.0,64.1
12517,376.0,4512.0,64.5
12518,376.0,4512.0,64.6
12519,376.0,4512.0,64.7
12520,378.0,4536.0,64.6
12521,378.0,4536.0,65.1
12522,380.0,4560.0,65.0
12523,376.0,4512.0,64.9
12524,382.0,4584.0,64.8
12525,383.0,4596.0,64.9
12526,380.0,4560.0,64.9
12527,383.0,4596.0,64.9
12528,383.0,4596.0,65.1
12529,385.0,4620.0,65.1
12530,390.0,4680.0,65.2
12531,393.0,4716.0,64.6
12532,390.0,4680.0,64.6
12533,388.0,4656.0,64.7
12534,389.0,4668.0,64.7
12535,392.0,4704.0,64.8
12536,388.0,4656.0,64.2
12537,388.0,4656.0,64.9
12538,392.0,4704.0,64.8
12539,385.0,4620.0,64.9
12540,388.0,4656.0,65.1
12541,385.0,4620.0,65.1
12542,393.0,4716.0,65.3
12543,393.0,4716.0,64.8
12544,392.0,4704.0,65.1
12545,393.0,4716.0,65.3
12546,393.0,4716.0,65.3
12547,392.0,4704.0,65.2
12548,396.0,4752.0,65.2
12549,396.0,4752.0,65.1
12550,388.0,4656.0,65.3
12551,385.0,4620.0,65.1
12552,385.0,4620.0,65.2
12553,383.0,4596.0,65.4
12554,385.0,4620.0,65.5
12555,389.0,4668.0,65.2
12556,393.0,4716.0,65.4
12557,392.0,4704.0,65.4
12558,392.0,4704.0,65.4
12559,383.0,4596.0,65.6
12560,393.0,4716.0,65.5
12561,392.0,4704.0,65.6
12562,395.0,4740.0,65.6
12563,396.0,4752.0,65.3
12564,383.0,4596.0,65.5
12565,387.0,4644.0,65.6
12566,392.0,4704.0,65.7
12567,396.0,4752.0,65.6
12568,393.0,4716.0,65.4
12569,393.0,4716.0,65.6
12570,387.0,4644.0,65.7
12571,387.0,4644.0,65.8
12572,390.0,4680.0,65.7
12573,393.0,4716.0,65.7
12574,390.0,4680.0,66.1
12575,385.0,4620.0,65.8
12576,376.0,4512.0,65.8
12577,380.0,4560.0,65.8
12578,389.0,4668.0,65.8
12579,392.0,4704.0,65.9
12580,387.0,4644.0,66.0
12581,390.0,4680.0,66.0
12582,390.0,4680.0,66.3
12583,392.0,4704.0,66.2
12584,388.0,4656.0,66.3
12585,392.0,4704.0,66.0
12586,399.0,4788.0,66.0
12587,376.0,4512.0,66.1
12588,377.0,4524.0,66.2
12589,377.0,4524.0,66.2
12590,382.0,4584.0,66.1
12591,377.0,4524.0,66.2
12592,385.0,4620.0,66.7
12593,378.0,4536.0,66.5
12594,376.0,4512.0,66.4
12595,373.0,4476.0,66.4
12596,370.0,4440.0,66.5
12597,369.0,4428.0,66.7
12598,366.0,4392.0,66.7
12599,360.0,4320.0,66.9
12600,357.0,4284.0,66.6
12601,357.0,4284.0,66.7
12602,358.0,4296.0,66.8
12603,357.0,4284.0,67.0
12604,366.0,4392.0,67.0
12605,368.0,4416.0,67.3
12606,350.0,4200.0,67.1
12607,346.0,4152.0,67.2
12608,343.0,4116.0,67.4
12609,336.0,4032.0,67.2
12610,327.0,3924.0,67.0
12611,324.0,3888.0,67.2
12612,338.0,4056.0,67.2
12613,320.0,3840.0,67.2
12614,320.0,3840.0,67.3
12615,317.0,3804.0,67.6
12616,323.0,3876.0,67.4
12617,310.0,3720.0,67.2
12618,301.0,3612.0,67.3
12619,303.0,3636.0,67.2
12620,306.0,3672.0,66.8
12621,310.0,3720.0,66.6
12622,300.0,3600.0,66.5
12623,293.0,3516.0,66.1
12624,293.0,3516.0,66.3
12625,291.0,3492.0,66.3
12626,291.0,3492.0,66.5
12627,296.0,3552.0,66.6
12628,293.0,3516.0,66.6
12629,286.0,3432.0,66.7
12630,278.0,3336.0,66.8
12631,283.0,3396.0,66.8
12632,291.0,3492.0,67.0
12633,283.0,3396.0,67.1
12634,270.0,3240.0,67.1
12635,285.0,3420.0,67.2
12636,278.0,3336.0,67.7
12637,283.0,3396.0,68.3
12638,264.0,3168.0,68.4
12639,281.0,3372.0,68.5
12640,283.0,3396.0,68.6
12641,294.0,3528.0,68.6
12642,281.0,3372.0,68.7
12643,264.0,3168.0,68.6
12644,269.0,3228.0,68.5
12645,257.0,3084.0,68.7
12646,260.0,3120.0,68.6
12647,283.0,3396.0,68.7
12648,252.0,3024.0,68.4
12649,253.0,3036.0,68.2
12650,254.0,3048.0,68.4
12651,246.0,2952.0,68.1
12652,244.0,2928.0,68.4
12653,267.0,3204.0,68.7
12654,263.0,3156.0,68.8
12655,241.0,2892.0,68.8
12656,238.0,2856.0,68.8
12657,227.0,2724.0,69.1
12658,241.0,2892.0,68.9
12659,237.0,2844.0,69.1
12660,230.0,2760.0,68.7
12661,220.0,2640.0,68.5
12662,208.0,2496.0,68.4
12663,211.0,2532.0,68.5
12664,220.0,2640.0,68.3
12665,185.0,2220.0,68.5
12666,186.0,2232.0,68.4
12667,178.0,2136.0,68.5
12668,178.0,2136.0,68.4
12669,169.0,2028.0,68.6
12670,177.0,2124.0,68.3
12671,171.0,2052.0,68.7
12672,150.0,1800.0,68.8
12673,159.0,1908.0,68.6
12674,155.0,1860.0,68.5
12675,144.0,1728.0,68.2
12676,151.0,1812.0,68.4
12677,142.0,1704.0,68.5
12678,125.0,1500.0,68.6
12679,129.0,1548.0,68.6
12680,127.0,1524.0,68.8
12681,114.0,1368.0,68.3
12682,112.0,1344.0,68.6
12683,110.0,1320.0,68.8
12684,105.0,1260.0,68.7
12685,98.0,1176.0,68.5
12686,101.0,1212.0,68.5
12687,101.0,1212.0,68.3
12688,93.0,1116.0,68.3
12689,90.0,1080.0,68.6
12690,82.0,984.0,68.7
12691,83.0,996.0,68.3
12692,79.0,948.0,68.7
12693,76.0,912.0,68.3
12694,79.0,948.0,68.7
12695,76.0,912.0,68.6
12696,75.0,900.0,68.6
12697,75.0,900.0,68.5
12698,74.0,888.0,68.6
12699,71.0,852.0,68.7
12700,69.0,828.0,68.6
12701,63.0,756.0,68.6
12702,62.0,744.0,68.6
12703,62.0,744.0,68.7
12704,60.0,720.0,68.7
12705,56.0,672.0,68.3
12706,56.0,672.0,68.5
12707,53.0,636.0,68.4
12708,50.0,600.0,68.7
12709,52.0,624.0,68.7
12710,50.0,600.0,68.7
12711,53.0,636.0,68.5
12712,49.0,588.0,68.5
12713,47.0,564.0,68.6
12714,46.0,552.0,68.7
12715,46.0,552.0,68.5
12716,45.0,540.0,68.4
12717,45.0,540.0,68.6
12718,42.0,504.0,68.4
12719,41.0,492.0,68.1
12720,42.0,504.0,68.2
12721,42.0,504.0,68.2
12722,42.0,504.0,68.3
12723,42.0,504.0,68.2
12724,42.0,504.0,68.3
12725,44.0,528.0,68.4
12726,44.0,528.0,68.3
12727,49.0,588.0,68.2
12728,49.0,588.0,68.4
12729,50.0,600.0,68.6
12730,49.0,588.0,68.4
12731,50.0,600.0,68.3
12732,47.0,564.0,68.4
12733,50.0,600.0,68.3
12734,52.0,624.0,68.4
12735,56.0,672.0,68.5
12736,58.0,696.0,68.3
12737,60.0,720.0,68.3
12738,62.0,744.0,68.1
12739,67.0,804.0,68.5
12740,72.0,864.0,68.3
12741,72.0,864.0,68.2
12742,72.0,864.0,68.3
12743,86.0,1032.0,68.4
12744,72.0,864.0,68.1
12745,79.0,948.0,68.3
12746,82.0,984.0,68.2
12747,88.0,1056.0,68.3
12748,110.0,1320.0,68.4
12749,106.0,1272.0,68.4
12750,101.0,1212.0,68.5
12751,110.0,1320.0,68.9
12752,112.0,1344.0,68.9
12753,122.0,1464.0,68.9
12754,120.0,1440.0,69.0
12755,125.0,1500.0,69.1
12756,129.0,1548.0,68.7
12757,142.0,1704.0,68.8
12758,146.0,1752.0,68.7
12759,156.0,1872.0,68.6
12760,158.0,1896.0,68.5
12761,161.0,1932.0,68.8
12762,152.0,1824.0,68.9
12763,153.0,1836.0,68.8
12764,159.0,1908.0,69.0
12765,169.0,2028.0,68.8
12766,162.0,1944.0,69.0
12767,174.0,2088.0,69.0
12768,169.0,2028.0,68.4
12769,178.0,2136.0,68.1
12770,192.0,2304.0,68.0
12771,214.0,2568.0,68.4
12772,197.0,2364.0,68.2
12773,188.0,2256.0,68.3
12774,206.0,2472.0,68.2
12775,206.0,2472.0,68.3
12776,225.0,2700.0,68.1
12777,221.0,2652.0,68.1
12778,244.0,2928.0,67.9
12779,225.0,2700.0,68.0
12780,230.0,2760.0,67.6
12781,230.0,2760.0,67.7
12782,241.0,2892.0,67.5
12783,250.0,3000.0,67.6
12784,257.0,3084.0,67.4
12785,263.0,3156.0,67.4
12786,269.0,3228.0,67.3
12787,275.0,3300.0,67.4
12788,283.0,3396.0,67.3
12789,290.0,3480.0,67.2
12790,294.0,3528.0,67.2
12791,291.0,3492.0,67.5
12792,291.0,3492.0,66.9
12793,287.0,3444.0,66.9
12794,308.0,3696.0,66.7
12795,302.0,3624.0,66.6
12796,310.0,3720.0,66.6
12797,313.0,3756.0,66.5
12798,317.0,3804.0,66.4
12799,323.0,3876.0,66.6
12800,332.0,3984.0,66.5
12801,334.0,4008.0,66.5
12802,336.0,4032.0,66.5
12803,334.0,4008.0,66.6
12804,331.0,3972.0,66.5
12805,324.0,3888.0,66.2
12806,332.0,3984.0,66.1
12807,340.0,4080.0,66.2
12808,338.0,4056.0,65.9
12809,343.0,4116.0,66.1
12810,354.0,4248.0,65.9
12811,354.0,4248.0,65.9
12812,357.0,4284.0,65.7
12813,358.0,4296.0,65.7
12814,357.0,4284.0,65.7
12815,363.0,4356.0,65.5
12816,363.0,4356.0,65.5
12817,358.0,4296.0,65.7
12818,366.0,4392.0,65.6
12819,366.0,4392.0,65.7
12820,369.0,4428.0,65.3
12821,372.0,4464.0,65.1
12822,377.0,4524.0,65.4
12823,380.0,4560.0,65.0
12824,385.0,4620.0,65.0
12825,383.0,4596.0,65.0
12826,382.0,4584.0,64.9
12827,380.0,4560.0,65.2
12828,377.0,4524.0,65.2
12829,373.0,4476.0,65.2
12830,377.0,4524.0,65.1
12831,380.0,4560.0,65.1
12832,383.0,4596.0,64.8
12833,385.0,4620.0,64.7
12834,380.0,4560.0,64.5
12835,380.0,4560.0,64.7
12836,382.0,4584.0,64.7
12837,382.0,4584.0,64.3
12838,380.0,4560.0,64.8
12839,376.0,4512.0,64.5
12840,369.0,4428.0,64.7
12841,369.0,4428.0,64.8
12842,369.0,4428.0,64.9
12843,373.0,4476.0,65.0
12844,373.0,4476.0,65.1
12845,369.0,4428.0,65.1
12846,369.0,4428.0,64.9
12847,364.0,4368.0,65.0
12848,369.0,4428.0,65.1
12849,369.0,4428.0,65.2
12850,366.0,4392.0,65.1
12851,360.0,4320.0,65.3
12852,366.0,4392.0,65.4
12853,360.0,4320.0,65.3
12854,369.0,4428.0,65.1
12855,366.0,4392.0,65.4
12856,366.0,4392.0,65.0
12857,362.0,4344.0,65.1
12858,373.0,4476.0,65.1
12859,373.0,4476.0,65.1
12860,373.0,4476.0,65.1
12861,370.0,4440.0,65.6
12862,376.0,4512.0,65.4
12863,369.0,4428.0,65.2
12864,363.0,4356.0,65.4
12865,364.0,4368.0,65.3
12866,370.0,4440.0,65.6
12867,368.0,4416.0,65.7
12868,380.0,4560.0,65.2
12869,368.0,4416.0,65.2
12870,366.0,4392.0,65.3
12871,364.0,4368.0,65.6
12872,366.0,4392.0,65.5
12873,362.0,4344.0,65.5
12874,360.0,4320.0,65.6
12875,350.0,4200.0,65.9
12876,348.0,4176.0,65.7
12877,357.0,4284.0,65.9
12878,352.0,4224.0,66.0
12879,355.0,4260.0,65.9
12880,352.0,4224.0,66.5
12881,350.0,4200.0,66.4
12882,343.0,4116.0,66.7
12883,343.0,4116.0,66.6
12884,342.0,4104.0,66.4
12885,340.0,4080.0,66.3
12886,342.0,4104.0,66.5
12887,336.0,4032.0,66.7
12888,336.0,4032.0,66.5
12889,340.0,4080.0,66.6
12890,340.0,4080.0,66.6
12891,340.0,4080.0,66.4
12892,354.0,4248.0,66.1
12893,329.0,3948.0,66.5
12894,361.0,4332.0,66.4
12895,332.0,3984.0,66.3
12896,326.0,3912.0,66.3
12897,324.0,3888.0,66.2
12898,320.0,3840.0,66.2
12899,317.0,3804.0,66.3
12900,316.0,3792.0,66.1
12901,313.0,3756.0,66.1
12902,320.0,3840.0,65.9
12903,320.0,3840.0,65.7
12904,323.0,3876.0,65.7
12905,316.0,3792.0,65.5
12906,313.0,3756.0,65.2
12907,306.0,3672.0,65.0
12908,310.0,3720.0,64.7
12909,320.0,3840.0,64.5
12910,308.0,3696.0,64.3
12911,309.0,3708.0,64.2
12912,306.0,3672.0,63.9
12913,304.0,3648.0,64.1
12914,313.0,3756.0,64.3
12915,306.0,3672.0,64.0
12916,310.0,3720.0,64.4
12917,308.0,3696.0,63.9
12918,297.0,3564.0,63.9
12919,297.0,3564.0,64.1
12920,297.0,3564.0,63.9
12921,287.0,3444.0,64.5
12922,281.0,3372.0,64.4
12923,278.0,3336.0,64.6
12924,274.0,3288.0,66.5
12925,274.0,3288.0,67.3
12926,270.0,3240.0,67.8
12927,268.0,3216.0,68.1
12928,280.0,3360.0,68.4
12929,267.0,3204.0,68.3
12930,253.0,3036.0,68.6
12931,251.0,3012.0,68.6
12932,245.0,2940.0,68.6
12933,246.0,2952.0,68.6
12934,236.0,2832.0,68.8
12935,238.0,2856.0,69.0
12936,227.0,2724.0,68.7
12937,221.0,2652.0,68.6
12938,220.0,2640.0,68.6
12939,211.0,2532.0,68.6
12940,206.0,2472.0,68.5
12941,196.0,2352.0,68.7
12942,197.0,2364.0,68.4
12943,181.0,2172.0,68.5
12944,189.0,2268.0,68.7
12945,171.0,2052.0,68.4
12946,162.0,1944.0,68.7
12947,161.0,1932.0,68.8
12948,144.0,1728.0,68.7
12949,146.0,1752.0,68.5
12950,141.0,1692.0,68.6
12951,137.0,1644.0,68.5
12952,144.0,1728.0,68.3
12953,135.0,1620.0,68.7
12954,125.0,1500.0,68.7
12955,116.0,1392.0,68.6
12956,114.0,1368.0,68.8
12957,113.0,1356.0,68.5
12958,105.0,1260.0,68.1
12959,102.0,1224.0,68.3
12960,91.0,1092.0,69.5
12961,89.0,1068.0,68.9
12962,90.0,1080.0,68.7
12963,82.0,984.0,68.9
12964,85.0,1020.0,68.4
12965,79.0,948.0,68.5
12966,74.0,888.0,68.7
12967,69.0,828.0,68.7
12968,65.0,780.0,68.3
12969,69.0,828.0,68.2
12970,62.0,744.0,68.0
12971,58.0,696.0,68.0
12972,56.0,672.0,68.5
12973,59.0,708.0,68.5
12974,60.0,720.0,68.6
12975,53.0,636.0,68.4
12976,53.0,636.0,68.4
12977,52.0,624.0,68.0
12978,47.0,564.0,68.0
12979,56.0,672.0,68.0
12980,46.0,552.0,67.8
12981,46.0,552.0,67.9
12982,49.0,588.0,67.7
12983,44.0,528.0,67.9
12984,46.0,552.0,67.8
12985,45.0,540.0,67.7
12986,44.0,528.0,67.9
12987,45.0,540.0,67.9
12988,44.0,528.0,67.9
12989,45.0,540.0,67.8
12990,44.0,528.0,67.9
12991,44.0,528.0,67.7
12992,45.0,540.0,67.7
12993,45.0,540.0,67.7
12994,44.0,528.0,67.8
12995,46.0,552.0,67.3
12996,46.0,552.0,67.7
12997,45.0,540.0,67.4
12998,49.0,588.0,67.6
12999,47.0,564.0,67.8
13000,53.0,636.0,67.6
13001,56.0,672.0,67.6
13002,59.0,708.0,67.8
13003,65.0,780.0,67.8
13004,71.0,852.0,68.1
13005,76.0,912.0,67.7
13006,72.0,864.0,67.8
13007,72.0,864.0,67.6
13008,74.0,888.0,67.7
13009,76.0,912.0,68.0
13010,86.0,1032.0,68.0
13011,95.0,1140.0,67.9
13012,110.0,1320.0,68.1
13013,114.0,1368.0,67.9
13014,128.0,1536.0,68.3
13015,146.0,1752.0,68.5
13016,155.0,1860.0,68.7
13017,174.0,2088.0,69.2
13018,162.0,1944.0,68.8
13019,162.0,1944.0,68.6
13020,177.0,2124.0,68.7
13021,188.0,2256.0,68.5
13022,202.0,2424.0,68.6
13023,230.0,2760.0,68.7
13024,241.0,2892.0,69.5
13025,244.0,2928.0,69.6
13026,283.0,3396.0,69.3
13027,291.0,3492.0,69.2
13028,310.0,3720.0,69.5
13029,323.0,3876.0,69.7
13030,313.0,3756.0,69.6
13031,297.0,3564.0,69.3
13032,293.0,3516.0,66.2
13033,299.0,3588.0,65.0
13034,320.0,3840.0,64.9
13035,339.0,4068.0,64.9
13036,350.0,4200.0,64.9
13037,329.0,3948.0,64.9
13038,320.0,3840.0,64.9
13039,310.0,3720.0,64.9
13040,309.0,3708.0,65.1
13041,357.0,4284.0,65.0
13042,329.0,3948.0,64.9
13043,343.0,4116.0,64.8
13044,316.0,3792.0,64.9
13045,340.0,4080.0,64.8
13046,342.0,4104.0,65.0
13047,329.0,3948.0,64.9
13048,355.0,4260.0,64.9
13049,369.0,4428.0,64.9
13050,317.0,3804.0,64.9
13051,388.0,4656.0,64.7
13052,400.0,4800.0,64.6
13053,378.0,4536.0,64.3
13054,354.0,4248.0,64.2
13055,400.0,4800.0,64.4
13056,373.0,4476.0,64.3
13057,364.0,4368.0,64.5
13058,385.0,4620.0,64.5
13059,383.0,4596.0,64.6
13060,376.0,4512.0,64.3
13061,376.0,4512.0,64.1
13062,376.0,4512.0,64.3
13063,377.0,4524.0,64.1
13064,380.0,4560.0,64.0
13065,380.0,4560.0,64.0
13066,373.0,4476.0,63.8
13067,361.0,4332.0,64.0
13068,350.0,4200.0,63.7
13069,343.0,4116.0,63.8
13070,346.0,4152.0,63.1
13071,355.0,4260.0,62.9
13072,350.0,4200.0,63.1
13073,357.0,4284.0,63.3
13074,348.0,4176.0,62.8
13075,354.0,4248.0,63.2
13076,358.0,4296.0,62.9
13077,355.0,4260.0,63.0
13078,353.0,4236.0,62.4
13079,348.0,4176.0,62.6
13080,343.0,4116.0,62.7
13081,340.0,4080.0,62.8
13082,348.0,4176.0,62.8
13083,348.0,4176.0,62.1
13084,352.0,4224.0,62.1
13085,355.0,4260.0,62.0
13086,352.0,4224.0,62.1
13087,359.0,4308.0,62.6
13088,360.0,4320.0,62.2
13089,358.0,4296.0,62.3
13090,353.0,4236.0,62.7
13091,350.0,4200.0,62.2
13092,347.0,4164.0,62.4
13093,354.0,4248.0,62.5
13094,366.0,4392.0,61.8
13095,359.0,4308.0,62.1
13096,362.0,4344.0,62.3
13097,357.0,4284.0,62.4
13098,361.0,4332.0,62.7
13099,359.0,4308.0,62.0
13100,363.0,4356.0,62.1
13101,361.0,4332.0,62.0
13102,362.0,4344.0,62.5
13103,359.0,4308.0,62.2
13104,359.0,4308.0,62.8
13105,359.0,4308.0,62.6
13106,368.0,4416.0,62.6
13107,366.0,4392.0,62.5
13108,364.0,4368.0,62.9
13109,364.0,4368.0,63.1
13110,366.0,4392.0,62.7
13111,376.0,4512.0,62.5
13112,377.0,4524.0,62.6
13113,376.0,4512.0,62.7
13114,370.0,4440.0,62.5
13115,372.0,4464.0,62.3
13116,361.0,4332.0,62.4
13117,373.0,4476.0,62.6
13118,370.0,4440.0,62.5
13119,380.0,4560.0,62.9
13120,383.0,4596.0,62.7
13121,385.0,4620.0,62.5
13122,380.0,4560.0,62.5
13123,383.0,4596.0,62.8
13124,388.0,4656.0,62.7
13125,389.0,4668.0,62.9
13126,383.0,4596.0,63.2
13127,383.0,4596.0,63.5
13128,383.0,4596.0,63.3
13129,385.0,4620.0,63.6
13130,399.0,4788.0,63.2
13131,402.0,4824.0,63.3
13132,403.0,4836.0,63.2
13133,422.0,5064.0,63.3
13134,407.0,4884.0,62.8
13135,412.0,4944.0,62.8
13136,422.0,5064.0,63.1
13137,440.0,5280.0,63.1
13138,438.0,5256.0,62.9
13139,443.0,5316.0,63.1
13140,471.0,5652.0,62.3
13141,440.0,5280.0,62.1
13142,441.0,5292.0,62.5
13143,441.0,5292.0,62.8
13144,453.0,5436.0,62.6
13145,452.0,5424.0,62.8
13146,442.0,5304.0,62.6
13147,426.0,5112.0,62.7
13148,433.0,5196.0,62.3
13149,443.0,5316.0,62.3
13150,435.0,5220.0,62.0
13151,440.0,5280.0,62.4
13152,441.0,5292.0,61.9
13153,441.0,5292.0,62.2
13154,435.0,5220.0,62.5
13155,435.0,5220.0,62.9
13156,423.0,5076.0,63.2
13157,419.0,5028.0,60.9
13158,410.0,4920.0,62.2
13159,412.0,4944.0,62.2
13160,429.0,5148.0,62.3
13161,438.0,5256.0,62.5
13162,431.0,5172.0,62.3
13163,422.0,5064.0,63.2
13164,425.0,5100.0,62.5
13165,436.0,5232.0,63.7
13166,455.0,5460.0,63.8
13167,449.0,5388.0,63.1
13168,445.0,5340.0,63.0
13169,431.0,5172.0,63.1
13170,441.0,5292.0,63.4
13171,461.0,5532.0,63.5
13172,455.0,5460.0,64.1
13173,441.0,5292.0,64.6
13174,432.0,5184.0,65.3
13175,435.0,5220.0,65.6
13176,419.0,5028.0,65.8
13177,399.0,4788.0,65.9
13178,406.0,4872.0,65.8
13179,399.0,4788.0,66.4
13180,397.0,4764.0,66.6
13181,403.0,4836.0,66.8
13182,395.0,4740.0,67.0
13183,343.0,4116.0,67.2
13184,338.0,4056.0,67.3
13185,321.0,3852.0,67.3
13186,347.0,4164.0,67.8
13187,327.0,3924.0,68.0
13188,306.0,3672.0,68.0
13189,317.0,3804.0,68.3
13190,321.0,3852.0,68.3
13191,327.0,3924.0,68.1
13192,304.0,3648.0,68.2
13193,297.0,3564.0,68.2
13194,297.0,3564.0,67.8
13195,287.0,3444.0,67.7
13196,278.0,3336.0,67.3
13197,291.0,3492.0,67.1
13198,267.0,3204.0,66.9
13199,274.0,3288.0,67.0
13200,258.0,3096.0,67.1
13201,253.0,3036.0,67.0
13202,264.0,3168.0,67.0
13203,252.0,3024.0,67.2
13204,269.0,3228.0,66.9
13205,261.0,3132.0,66.8
13206,245.0,2940.0,67.2
13207,246.0,2952.0,66.7
13208,252.0,3024.0,67.1
13209,232.0,2784.0,67.1
13210,251.0,3012.0,67.0
13211,234.0,2808.0,67.3
13212,230.0,2760.0,67.9
13213,214.0,2568.0,68.1
13214,224.0,2688.0,68.4
13215,225.0,2700.0,68.9
13216,234.0,2808.0,69.0
13217,230.0,2760.0,68.9
13218,234.0,2808.0,68.6
13219,218.0,2616.0,68.7
13220,218.0,2616.0,68.9
13221,204.0,2448.0,69.1
13222,211.0,2532.0,68.9
13223,199.0,2388.0,68.9
13224,196.0,2352.0,69.1
13225,201.0,2412.0,68.8
13226,196.0,2352.0,68.7
13227,204.0,2448.0,68.9
13228,192.0,2304.0,68.4
13229,184.0,2208.0,68.6
13230,158.0,1896.0,68.6
13231,167.0,2004.0,68.4
13232,161.0,1932.0,68.9
13233,156.0,1872.0,68.8
13234,144.0,1728.0,68.3
13235,142.0,1704.0,68.1
13236,139.0,1668.0,68.4
13237,139.0,1668.0,68.5
13238,148.0,1776.0,68.5
13239,135.0,1620.0,68.5
13240,149.0,1788.0,68.3
13241,141.0,1692.0,68.3
13242,119.0,1428.0,68.5
13243,116.0,1392.0,68.4
13244,123.0,1476.0,67.8
13245,110.0,1320.0,68.1
13246,116.0,1392.0,67.9
13247,99.0,1188.0,67.8
13248,95.0,1140.0,68.9
13249,95.0,1140.0,69.0
13250,97.0,1164.0,68.7
13251,95.0,1140.0,68.5
13252,88.0,1056.0,68.2
13253,88.0,1056.0,68.2
13254,82.0,984.0,68.1
13255,75.0,900.0,67.9
13256,74.0,888.0,68.1
13257,74.0,888.0,68.1
13258,76.0,912.0,67.2
13259,69.0,828.0,67.0
13260,65.0,780.0,67.4
13261,67.0,804.0,68.0
13262,62.0,744.0,68.1
13263,63.0,756.0,68.2
13264,62.0,744.0,67.5
13265,56.0,672.0,67.5
13266,59.0,708.0,67.9
13267,61.0,732.0,67.2
13268,59.0,708.0,67.2
13269,53.0,636.0,67.2
13270,56.0,672.0,67.1
13271,59.0,708.0,67.5
13272,50.0,600.0,67.6
13273,49.0,588.0,67.2
13274,56.0,672.0,67.4
13275,60.0,720.0,67.1
13276,65.0,780.0,67.2
13277,61.0,732.0,67.5
13278,56.0,672.0,67.1
13279,53.0,636.0,67.1
13280,50.0,600.0,67.1
13281,52.0,624.0,67.3
13282,52.0,624.0,67.2
13283,52.0,624.0,67.1
13284,56.0,672.0,66.9
13285,52.0,624.0,66.6
13286,60.0,720.0,66.9
13287,61.0,732.0,67.0
13288,58.0,696.0,67.1
13289,60.0,720.0,67.0
13290,63.0,756.0,67.3
13291,69.0,828.0,67.6
13292,74.0,888.0,67.9
13293,82.0,984.0,67.9
13294,79.0,948.0,67.9
13295,74.0,888.0,67.8
13296,79.0,948.0,67.2
13297,75.0,900.0,67.1
13298,88.0,1056.0,67.4
13299,95.0,1140.0,67.5
13300,106.0,1272.0,67.5
13301,118.0,1416.0,68.1
13302,132.0,1584.0,67.8
13303,149.0,1788.0,68.1
13304,166.0,1992.0,68.7
13305,174.0,2088.0,68.3
13306,167.0,2004.0,68.9
13307,167.0,2004.0,68.4
13308,178.0,2136.0,68.4
13309,192.0,2304.0,68.5
13310,216.0,2592.0,68.5
13311,238.0,2856.0,68.5
13312,258.0,3096.0,69.4
13313,268.0,3216.0,68.9
13314,290.0,3480.0,68.6
13315,309.0,3708.0,68.4
13316,326.0,3912.0,68.9
13317,342.0,4104.0,69.4
13318,336.0,4032.0,69.4
13319,308.0,3696.0,69.0
13320,301.0,3612.0,66.5
13321,310.0,3720.0,65.3
13322,324.0,3888.0,64.9
13323,342.0,4104.0,64.7
13324,276.0,3312.0,64.4
13325,278.0,3336.0,64.4
13326,286.0,3432.0,64.5
13327,260.0,3120.0,64.5
13328,283.0,3396.0,64.6
13329,296.0,3552.0,64.5
13330,320.0,3840.0,64.7
13331,342.0,4104.0,64.9
13332,339.0,4068.0,64.8
13333,326.0,3912.0,64.8
13334,343.0,4116.0,64.7
13335,317.0,3804.0,65.0
13336,306.0,3672.0,64.8
13337,290.0,3480.0,64.9
13338,280.0,3360.0,64.9
13339,338.0,4056.0,64.6
13340,380.0,4560.0,64.3
13341,364.0,4368.0,64.1
13342,359.0,4308.0,63.9
13343,343.0,4116.0,64.0
13344,317.0,3804.0,64.2
13345,378.0,4536.0,64.1
13346,377.0,4524.0,64.0
13347,336.0,4032.0,64.5
13348,352.0,4224.0,64.1
13349,378.0,4536.0,64.2
13350,378.0,4536.0,64.3
13351,380.0,4560.0,64.6
13352,380.0,4560.0,64.1
13353,383.0,4596.0,64.2
13354,376.0,4512.0,64.4
13355,364.0,4368.0,64.1
13356,358.0,4296.0,63.6
13357,348.0,4176.0,63.3
13358,354.0,4248.0,63.3
13359,354.0,4248.0,63.1
13360,352.0,4224.0,62.9
13361,354.0,4248.0,63.0
13362,348.0,4176.0,63.0
13363,350.0,4200.0,63.2
13364,353.0,4236.0,63.2
13365,355.0,4260.0,62.9
13366,346.0,4152.0,62.8
13367,340.0,4080.0,62.6
13368,330.0,3960.0,62.8
13369,332.0,3984.0,62.8
13370,336.0,4032.0,62.9
13371,342.0,4104.0,63.4
13372,334.0,4008.0,63.0
13373,336.0,4032.0,62.8
13374,339.0,4068.0,62.5
13375,343.0,4116.0,62.6
13376,347.0,4164.0,62.5
13377,343.0,4116.0,62.7
13378,343.0,4116.0,62.5
13379,336.0,4032.0,62.4
13380,329.0,3948.0,62.3
13381,340.0,4080.0,62.4
13382,343.0,4116.0,62.3
13383,350.0,4200.0,62.4
13384,347.0,4164.0,62.6
13385,347.0,4164.0,62.8
13386,342.0,4104.0,62.5
13387,354.0,4248.0,63.0
13388,358.0,4296.0,62.8
13389,355.0,4260.0,62.6
13390,347.0,4164.0,63.0
13391,346.0,4152.0,62.9
13392,343.0,4116.0,62.7
13393,346.0,4152.0,62.7
13394,354.0,4248.0,62.8
13395,355.0,4260.0,62.8
13396,353.0,4236.0,63.0
13397,354.0,4248.0,62.9
13398,359.0,4308.0,62.7
13399,360.0,4320.0,62.8
13400,355.0,4260.0,63.3
13401,354.0,4248.0,62.9
13402,352.0,4224.0,63.0
13403,354.0,4248.0,63.3
13404,346.0,4152.0,62.8
13405,343.0,4116.0,62.7
13406,355.0,4260.0,63.7
13407,362.0,4344.0,63.7
13408,358.0,4296.0,63.6
13409,363.0,4356.0,63.3
13410,360.0,4320.0,63.0
13411,366.0,4392.0,63.3
13412,369.0,4428.0,62.8
13413,376.0,4512.0,62.8
13414,376.0,4512.0,62.6
13415,376.0,4512.0,62.7
13416,376.0,4512.0,62.7
13417,378.0,4536.0,62.6
13418,385.0,4620.0,62.9
13419,395.0,4740.0,62.9
13420,396.0,4752.0,63.0
13421,402.0,4824.0,62.8
13422,402.0,4824.0,62.9
13423,410.0,4920.0,62.8
13424,417.0,5004.0,62.9
13425,436.0,5232.0,63.4
13426,459.0,5508.0,63.2
13427,466.0,5592.0,62.8
13428,469.0,5628.0,62.7
13429,468.0,5616.0,62.5
13430,452.0,5424.0,62.2
13431,468.0,5616.0,62.5
13432,479.0,5748.0,62.3
13433,463.0,5556.0,61.9
13434,471.0,5652.0,62.3
13435,459.0,5508.0,61.7
13436,445.0,5340.0,61.7
13437,432.0,5184.0,60.7
13438,455.0,5460.0,61.4
13439,442.0,5304.0,61.7
13440,434.0,5208.0,62.1
13441,453.0,5436.0,62.6
13442,449.0,5388.0,62.9
13443,426.0,5112.0,63.1
13444,427.0,5124.0,63.0
13445,445.0,5340.0,63.2
13446,427.0,5124.0,63.5
13447,413.0,4956.0,63.7
13448,440.0,5280.0,63.1
13449,425.0,5100.0,61.2
13450,449.0,5388.0,61.8
13451,432.0,5184.0,61.7
13452,426.0,5112.0,61.8
13453,438.0,5256.0,62.9
13454,461.0,5532.0,62.9
13455,442.0,5304.0,62.7
13456,459.0,5508.0,62.2
13457,464.0,5568.0,61.6
13458,449.0,5388.0,60.7
13459,448.0,5376.0,60.4
13460,438.0,5256.0,62.2
13461,438.0,5256.0,64.5
13462,432.0,5184.0,65.2
13463,459.0,5508.0,65.6
13464,431.0,5172.0,65.6
13465,396.0,4752.0,65.9
13466,380.0,4560.0,66.1
13467,392.0,4704.0,66.6
13468,380.0,4560.0,66.9
13469,385.0,4620.0,67.1
13470,352.0,4224.0,67.1
13471,336.0,4032.0,67.2
13472,364.0,4368.0,67.3
13473,350.0,4200.0,67.5
13474,340.0,4080.0,67.6
13475,320.0,3840.0,68.1
13476,309.0,3708.0,67.3
13477,313.0,3756.0,67.5
13478,317.0,3804.0,67.9
13479,326.0,3912.0,67.8
13480,320.0,3840.0,68.0
13481,313.0,3756.0,68.2
13482,310.0,3720.0,68.1
13483,293.0,3516.0,67.7
13484,297.0,3564.0,67.6
13485,293.0,3516.0,67.2
13486,296.0,3552.0,66.9
13487,290.0,3480.0,66.7
13488,278.0,3336.0,66.7
13489,287.0,3444.0,66.9
13490,278.0,3336.0,67.0
13491,263.0,3156.0,66.8
13492,275.0,3300.0,67.1
13493,278.0,3336.0,67.0
13494,271.0,3252.0,66.9
13495,258.0,3096.0,66.9
13496,258.0,3096.0,67.0
13497,241.0,2892.0,67.1
13498,254.0,3048.0,67.2
13499,231.0,2772.0,67.2
13500,241.0,2892.0,67.9
13501,241.0,2892.0,68.1
13502,227.0,2724.0,68.3
13503,244.0,2928.0,68.6
13504,238.0,2856.0,68.5
13505,248.0,2976.0,68.7
13506,223.0,2676.0,68.7
13507,216.0,2592.0,68.4
13508,218.0,2616.0,68.4
13509,234.0,2808.0,68.2
13510,208.0,2496.0,68.4
13511,216.0,2592.0,68.0
13512,204.0,2448.0,68.0
13513,214.0,2568.0,68.3
13514,197.0,2364.0,68.2
13515,215.0,2580.0,68.3
13516,200.0,2400.0,68.7
13517,186.0,2232.0,68.7
13518,169.0,2028.0,68.8
13519,174.0,2088.0,68.4
13520,169.0,2028.0,68.4
13521,166.0,1992.0,68.4
13522,165.0,1980.0,68.2
13523,142.0,1704.0,68.1
13524,139.0,1668.0,68.2
13525,144.0,1728.0,68.3
13526,152.0,1824.0,68.3
13527,144.0,1728.0,68.6
13528,144.0,1728.0,68.5
13529,127.0,1524.0,68.7
13530,125.0,1500.0,68.7
13531,119.0,1428.0,68.4
13532,116.0,1392.0,68.3
13533,118.0,1416.0,68.1
13534,112.0,1344.0,68.0
13535,102.0,1224.0,68.2
13536,95.0,1140.0,68.8
13537,97.0,1164.0,68.6
13538,105.0,1260.0,68.8
13539,105.0,1260.0,68.8
13540,95.0,1140.0,68.0
13541,86.0,1032.0,68.5
13542,79.0,948.0,68.2
13543,72.0,864.0,68.0
13544,75.0,900.0,67.8
13545,76.0,912.0,67.5
13546,69.0,828.0,67.5
13547,69.0,828.0,67.5
13548,65.0,780.0,67.7
13549,63.0,756.0,67.5
13550,69.0,828.0,67.6
13551,72.0,864.0,67.8
13552,71.0,852.0,67.7
13553,60.0,720.0,67.5
13554,62.0,744.0,67.4
13555,53.0,636.0,67.5
13556,64.0,768.0,67.4
13557,63.0,756.0,67.5
13558,63.0,756.0,67.2
13559,58.0,696.0,67.3
13560,56.0,672.0,67.6
13561,61.0,732.0,67.7
13562,62.0,744.0,67.6
13563,62.0,744.0,67.4
13564,60.0,720.0,67.6
13565,53.0,636.0,67.3
13566,49.0,588.0,67.2
13567,53.0,636.0,67.1
13568,50.0,600.0,67.2
13569,56.0,672.0,67.1
13570,56.0,672.0,67.0
13571,49.0,588.0,66.9
13572,49.0,588.0,66.8
13573,49.0,588.0,66.8
13574,56.0,672.0,66.8
13575,60.0,720.0,66.9
13576,59.0,708.0,67.0
13577,60.0,720.0,67.3
13578,62.0,744.0,67.1
13579,67.0,804.0,67.2
13580,75.0,900.0,67.3
13581,76.0,912.0,67.8
13582,75.0,900.0,67.6
13583,76.0,912.0,67.7
13584,76.0,912.0,67.5
13585,83.0,996.0,67.5
13586,95.0,1140.0,67.4
13587,98.0,1176.0,67.6
13588,106.0,1272.0,67.9
13589,122.0,1464.0,67.9
13590,136.0,1632.0,68.1
13591,142.0,1704.0,68.3
13592,169.0,2028.0,68.6
13593,178.0,2136.0,68.4
13594,171.0,2052.0,68.5
13595,165.0,1980.0,68.6
13596,167.0,2004.0,68.3
13597,184.0,2208.0,68.3
13598,218.0,2616.0,68.3
13599,241.0,2892.0,68.8
13600,251.0,3012.0,68.7
13601,267.0,3204.0,68.6
13602,287.0,3444.0,67.8
13603,306.0,3672.0,68.2
13604,329.0,3948.0,68.7
13605,339.0,4068.0,68.5
13606,331.0,3972.0,68.5
13607,308.0,3696.0,68.7
13608,308.0,3696.0,66.3
13609,310.0,3720.0,65.3
13610,316.0,3792.0,64.7
13611,294.0,3528.0,64.5
13612,329.0,3948.0,64.4
13613,309.0,3708.0,64.5
13614,306.0,3672.0,64.5
13615,316.0,3792.0,64.5
13616,368.0,4416.0,64.6
13617,324.0,3888.0,64.7
13618,324.0,3888.0,64.7
13619,359.0,4308.0,64.9
13620,383.0,4596.0,64.9
13621,361.0,4332.0,64.9
13622,327.0,3924.0,64.7
13623,347.0,4164.0,64.7
13624,366.0,4392.0,64.7
13625,297.0,3564.0,64.9
13626,336.0,4032.0,64.7
13627,369.0,4428.0,64.8
13628,396.0,4752.0,64.5
13629,419.0,5028.0,64.4
13630,415.0,4980.0,64.5
13631,390.0,4680.0,64.4
13632,380.0,4560.0,64.5
13633,382.0,4584.0,64.2
13634,385.0,4620.0,64.4
13635,388.0,4656.0,64.2
13636,385.0,4620.0,64.1
13637,380.0,4560.0,64.4
13638,373.0,4476.0,64.1
13639,385.0,4620.0,64.2
13640,383.0,4596.0,64.1
13641,380.0,4560.0,64.0
13642,382.0,4584.0,64.0
13643,366.0,4392.0,64.1
13644,353.0,4236.0,64.1
13645,347.0,4164.0,63.8
13646,350.0,4200.0,63.7
13647,353.0,4236.0,63.6
13648,352.0,4224.0,63.5
13649,354.0,4248.0,63.3
13650,353.0,4236.0,63.3
13651,353.0,4236.0,63.3
13652,358.0,4296.0,63.1
13653,350.0,4200.0,62.7
13654,347.0,4164.0,62.7
13655,339.0,4068.0,62.7
13656,332.0,3984.0,62.5
13657,327.0,3924.0,62.8
13658,336.0,4032.0,62.8
13659,336.0,4032.0,62.4
13660,336.0,4032.0,62.5
13661,339.0,4068.0,62.6
13662,340.0,4080.0,62.7
13663,343.0,4116.0,62.2
13664,347.0,4164.0,62.6
13665,348.0,4176.0,62.4
13666,346.0,4152.0,62.5
13667,340.0,4080.0,61.9
13668,333.0,3996.0,62.6
13669,340.0,4080.0,62.7
13670,350.0,4200.0,62.5
13671,347.0,4164.0,62.4
13672,340.0,4080.0,62.9
13673,340.0,4080.0,63.0
13674,340.0,4080.0,62.3
13675,343.0,4116.0,62.9
13676,343.0,4116.0,62.9
13677,350.0,4200.0,62.3
13678,350.0,4200.0,62.5
13679,346.0,4152.0,62.8
13680,354.0,4248.0,62.7
13681,357.0,4284.0,62.7
13682,358.0,4296.0,62.4
13683,364.0,4368.0,62.7
13684,360.0,4320.0,62.7
13685,361.0,4332.0,63.4
13686,360.0,4320.0,63.0
13687,360.0,4320.0,62.9
13688,369.0,4428.0,62.6
13689,364.0,4368.0,62.8
13690,362.0,4344.0,62.6
13691,366.0,4392.0,62.7
13692,362.0,4344.0,62.8
13693,364.0,4368.0,62.6
13694,366.0,4392.0,62.6
13695,376.0,4512.0,62.9
13696,376.0,4512.0,63.3
13697,383.0,4596.0,63.0
13698,376.0,4512.0,62.9
13699,382.0,4584.0,63.1
13700,387.0,4644.0,62.7
13701,395.0,4740.0,62.8
13702,392.0,4704.0,63.0
13703,390.0,4680.0,63.0
13704,385.0,4620.0,63.0
13705,389.0,4668.0,62.7
13706,397.0,4764.0,63.0
13707,403.0,4836.0,63.1
13708,407.0,4884.0,63.0
13709,411.0,4932.0,63.0
13710,418.0,5016.0,62.9
13711,413.0,4956.0,63.1
13712,425.0,5100.0,63.1
13713,448.0,5376.0,63.1
13714,434.0,5208.0,63.0
13715,429.0,5148.0,63.0
13716,449.0,5388.0,62.2
13717,429.0,5148.0,62.6
13718,432.0,5184.0,62.5
13719,443.0,5316.0,62.3
13720,442.0,5304.0,62.5
13721,447.0,5364.0,62.3
13722,463.0,5556.0,62.2
13723,438.0,5256.0,62.6
13724,431.0,5172.0,62.9
13725,436.0,5232.0,61.1
13726,438.0,5256.0,59.6
13727,443.0,5316.0,59.7
13728,449.0,5388.0,59.9
13729,441.0,5292.0,60.7
13730,465.0,5580.0,61.1
13731,445.0,5340.0,61.3
13732,431.0,5172.0,61.0
13733,441.0,5292.0,59.8
13734,449.0,5388.0,60.4
13735,459.0,5508.0,61.0
13736,443.0,5316.0,62.3
13737,433.0,5196.0,60.9
13738,432.0,5184.0,61.4
13739,425.0,5100.0,61.6
13740,418.0,5016.0,62.1
13741,432.0,5184.0,61.3
13742,445.0,5340.0,61.0
13743,443.0,5316.0,61.2
13744,443.0,5316.0,61.2
13745,436.0,5232.0,61.5
13746,429.0,5148.0,62.2
13747,447.0,5364.0,62.9
13748,445.0,5340.0,63.1
13749,415.0,4980.0,63.4
13750,410.0,4920.0,63.5
13751,434.0,5208.0,64.8
13752,422.0,5064.0,65.3
13753,405.0,4860.0,65.8
13754,419.0,5028.0,65.9
13755,407.0,4884.0,66.1
13756,392.0,4704.0,66.2
13757,407.0,4884.0,66.5
13758,403.0,4836.0,66.5
13759,377.0,4524.0,66.7
13760,354.0,4248.0,66.6
13761,358.0,4296.0,66.6
13762,346.0,4152.0,67.0
13763,327.0,3924.0,66.9
13764,313.0,3756.0,67.0
13765,329.0,3948.0,67.2
13766,330.0,3960.0,67.2
13767,340.0,4080.0,67.4
13768,326.0,3912.0,67.2
13769,330.0,3960.0,67.3
13770,323.0,3876.0,67.2
13771,296.0,3552.0,67.1
13772,294.0,3528.0,66.9
13773,290.0,3480.0,66.9
13774,293.0,3516.0,66.8
13775,300.0,3600.0,66.7
13776,275.0,3300.0,66.9
13777,285.0,3420.0,66.8
13778,287.0,3444.0,67.1
13779,303.0,3636.0,67.1
13780,268.0,3216.0,67.0
13781,269.0,3228.0,66.9
13782,280.0,3360.0,66.9
13783,281.0,3372.0,66.8
13784,254.0,3048.0,67.3
13785,260.0,3120.0,67.2
13786,261.0,3132.0,67.1
13787,264.0,3168.0,67.3
13788,267.0,3204.0,67.8
13789,248.0,2976.0,68.3
13790,246.0,2952.0,68.4
13791,248.0,2976.0,68.1
13792,244.0,2928.0,68.5
13793,254.0,3048.0,68.4
13794,238.0,2856.0,68.3
13795,238.0,2856.0,68.4
13796,234.0,2808.0,68.2
13797,232.0,2784.0,68.4
13798,238.0,2856.0,68.4
13799,218.0,2616.0,68.4
13800,216.0,2592.0,68.4
13801,199.0,2388.0,68.3
13802,208.0,2496.0,68.4
13803,208.0,2496.0,68.7
13804,195.0,2340.0,68.5
13805,195.0,2340.0,68.3
13806,177.0,2124.0,68.1
13807,186.0,2232.0,68.1
13808,178.0,2136.0,68.2
13809,174.0,2088.0,68.2
13810,162.0,1944.0,68.2
13811,156.0,1872.0,68.0
13812,152.0,1824.0,68.2
13813,136.0,1632.0,69.1
13814,153.0,1836.0,68.3
13815,158.0,1896.0,68.3
13816,141.0,1692.0,67.9
13817,141.0,1692.0,67.6
13818,128.0,1536.0,67.8
13819,128.0,1536.0,67.7
13820,131.0,1572.0,67.3
13821,125.0,1500.0,67.7
13822,113.0,1356.0,67.5
13823,113.0,1356.0,67.4
13824,105.0,1260.0,69.2
13825,105.0,1260.0,68.8
13826,106.0,1272.0,68.6
13827,109.0,1308.0,68.6
13828,95.0,1140.0,67.7
13829,82.0,984.0,67.9
13830,91.0,1092.0,67.6
13831,76.0,912.0,67.4
13832,79.0,948.0,67.7
13833,76.0,912.0,67.4
13834,71.0,852.0,67.5
13835,72.0,864.0,67.3
13836,63.0,756.0,67.7
13837,64.0,768.0,67.5
13838,72.0,864.0,67.7
13839,62.0,744.0,67.8
13840,69.0,828.0,67.5
13841,63.0,756.0,67.9
13842,60.0,720.0,67.5
13843,60.0,720.0,67.3
13844,69.0,828.0,67.2
13845,69.0,828.0,67.2
13846,67.0,804.0,67.6
13847,58.0,696.0,67.2
13848,56.0,672.0,67.3
13849,53.0,636.0,67.8
13850,61.0,732.0,67.8
13851,67.0,804.0,68.2
13852,53.0,636.0,67.7
13853,58.0,696.0,67.3
13854,53.0,636.0,67.4
13855,52.0,624.0,67.2
13856,58.0,696.0,67.3
13857,56.0,672.0,67.3
13858,58.0,696.0,66.9
13859,53.0,636.0,66.8
13860,50.0,600.0,66.9
13861,53.0,636.0,67.0
13862,56.0,672.0,67.3
13863,58.0,696.0,67.2
13864,60.0,720.0,67.5
13865,62.0,744.0,67.2
13866,64.0,768.0,67.4
13867,71.0,852.0,67.4
13868,74.0,888.0,67.6
13869,83.0,996.0,67.6
13870,80.0,960.0,67.8
13871,76.0,912.0,67.9
13872,82.0,984.0,67.5
13873,85.0,1020.0,67.2
13874,95.0,1140.0,67.4
13875,98.0,1176.0,67.3
13876,114.0,1368.0,67.7
13877,121.0,1452.0,67.7
13878,132.0,1584.0,67.8
13879,156.0,1872.0,67.8
13880,166.0,1992.0,68.4
13881,171.0,2052.0,68.5
13882,177.0,2124.0,68.5
13883,182.0,2184.0,68.5
13884,176.0,2112.0,68.5
13885,192.0,2304.0,68.4
13886,218.0,2616.0,68.2
13887,248.0,2976.0,68.3
13888,256.0,3072.0,68.3
13889,267.0,3204.0,68.2
13890,290.0,3480.0,68.3
13891,310.0,3720.0,68.7
13892,321.0,3852.0,68.6
13893,332.0,3984.0,68.8
13894,330.0,3960.0,69.5
13895,320.0,3840.0,69.0
13896,313.0,3756.0,67.0
13897,316.0,3792.0,65.6
13898,338.0,4056.0,65.1
13899,353.0,4236.0,64.9
13900,373.0,4476.0,64.9
13901,366.0,4392.0,64.7
13902,368.0,4416.0,64.7
13903,385.0,4620.0,64.7
13904,360.0,4320.0,64.8
13905,300.0,3600.0,64.7
13906,364.0,4368.0,64.9
13907,326.0,3912.0,65.0
13908,372.0,4464.0,64.9
13909,340.0,4080.0,65.1
13910,410.0,4920.0,64.9
13911,370.0,4440.0,65.1
13912,407.0,4884.0,65.0
13913,369.0,4428.0,65.0
13914,403.0,4836.0,64.9
13915,378.0,4536.0,64.6
13916,406.0,4872.0,64.7
13917,412.0,4944.0,64.4
13918,418.0,5016.0,64.5
13919,408.0,4896.0,64.6
13920,387.0,4644.0,64.5
13921,382.0,4584.0,64.3
13922,383.0,4596.0,64.2
13923,390.0,4680.0,64.2
13924,387.0,4644.0,64.2
13925,382.0,4584.0,64.1
13926,376.0,4512.0,64.1
13927,376.0,4512.0,64.1
13928,377.0,4524.0,64.1
13929,383.0,4596.0,63.7
13930,387.0,4644.0,63.7
13931,368.0,4416.0,63.9
13932,355.0,4260.0,63.5
13933,353.0,4236.0,63.6
13934,357.0,4284.0,63.3
13935,358.0,4296.0,63.1
13936,358.0,4296.0,62.8
13937,357.0,4284.0,62.9
13938,352.0,4224.0,62.9
13939,352.0,4224.0,63.1
13940,354.0,4248.0,63.2
13941,358.0,4296.0,62.8
13942,355.0,4260.0,62.9
13943,352.0,4224.0,62.7
13944,343.0,4116.0,62.8
13945,342.0,4104.0,62.4
13946,346.0,4152.0,62.5
13947,350.0,4200.0,62.4
13948,350.0,4200.0,62.4
13949,350.0,4200.0,62.4
13950,350.0,4200.0,62.4
13951,350.0,4200.0,62.4
13952,355.0,4260.0,62.4
13953,355.0,4260.0,62.3
13954,354.0,4248.0,62.5
13955,350.0,4200.0,62.7
13956,346.0,4152.0,62.8
13957,348.0,4176.0,62.3
13958,352.0,4224.0,62.2
13959,358.0,4296.0,62.2
13960,355.0,4260.0,62.4
13961,362.0,4344.0,62.4
13962,362.0,4344.0,62.4
13963,360.0,4320.0,62.4
13964,364.0,4368.0,62.6
13965,363.0,4356.0,62.8
13966,368.0,4416.0,62.5
13967,363.0,4356.0,62.5
13968,355.0,4260.0,62.9
13969,364.0,4368.0,63.0
13970,361.0,4332.0,62.5
13971,366.0,4392.0,62.7
13972,369.0,4428.0,62.7
13973,368.0,4416.0,63.5
13974,366.0,4392.0,63.5
13975,376.0,4512.0,63.4
13976,372.0,4464.0,63.4
13977,376.0,4512.0,62.7
13978,373.0,4476.0,62.9
13979,364.0,4368.0,63.1
13980,369.0,4428.0,62.6
13981,369.0,4428.0,63.4
13982,372.0,4464.0,63.6
13983,377.0,4524.0,63.0
13984,385.0,4620.0,62.7
13985,376.0,4512.0,62.3
13986,376.0,4512.0,62.4
13987,383.0,4596.0,62.7
13988,392.0,4704.0,62.7
13989,399.0,4788.0,62.8
13990,392.0,4704.0,62.6
13991,395.0,4740.0,62.4
13992,392.0,4704.0,62.0
13993,393.0,4716.0,62.2
13994,406.0,4872.0,62.1
13995,410.0,4920.0,62.3
13996,425.0,5100.0,62.3
13997,412.0,4944.0,62.5
13998,412.0,4944.0,62.3
13999,415.0,4980.0,62.4
14000,425.0,5100.0,62.3
14001,443.0,5316.0,61.8
14002,441.0,5292.0,61.3
14003,452.0,5424.0,61.2
14004,452.0,5424.0,60.5
14005,434.0,5208.0,60.0
14006,464.0,5568.0,59.4
14007,449.0,5388.0,59.5
14008,443.0,5316.0,59.2
14009,452.0,5424.0,59.0
14010,422.0,5064.0,58.6
14011,455.0,5460.0,58.6
14012,455.0,5460.0,58.6
14013,441.0,5292.0,57.7
14014,429.0,5148.0,56.3
14015,429.0,5148.0,56.6
14016,441.0,5292.0,54.8
14017,432.0,5184.0,56.2
14018,436.0,5232.0,57.5
14019,436.0,5232.0,56.9
14020,449.0,5388.0,57.2
14021,433.0,5196.0,57.7
14022,442.0,5304.0,57.7
14023,427.0,5124.0,57.7
14024,438.0,5256.0,58.0
14025,441.0,5292.0,58.4
14026,436.0,5232.0,58.4
14027,441.0,5292.0,57.6
14028,429.0,5148.0,58.0
14029,429.0,5148.0,58.4
14030,441.0,5292.0,58.1
14031,441.0,5292.0,57.3
14032,435.0,5220.0,57.0
14033,431.0,5172.0,55.8
14034,438.0,5256.0,57.6
14035,427.0,5124.0,57.7
14036,429.0,5148.0,58.1
14037,449.0,5388.0,58.4
14038,436.0,5232.0,59.1
14039,408.0,4896.0,59.8
14040,411.0,4932.0,61.1
14041,419.0,5028.0,63.8
14042,441.0,5292.0,64.5
14043,417.0,5004.0,65.1
14044,393.0,4716.0,65.5
14045,406.0,4872.0,65.8
14046,412.0,4944.0,66.2
14047,402.0,4824.0,66.5
14048,385.0,4620.0,66.4
14049,396.0,4752.0,66.6
14050,405.0,4860.0,66.8
14051,376.0,4512.0,67.1
14052,350.0,4200.0,67.2
14053,369.0,4428.0,67.5
14054,339.0,4068.0,67.3
14055,355.0,4260.0,67.4
14056,336.0,4032.0,67.5
14057,339.0,4068.0,67.3
14058,332.0,3984.0,67.1
14059,336.0,4032.0,66.8
14060,301.0,3612.0,66.8
14061,320.0,3840.0,66.7
14062,330.0,3960.0,66.6
14063,306.0,3672.0,66.5
14064,327.0,3924.0,66.8
14065,310.0,3720.0,66.7
14066,313.0,3756.0,66.8
14067,326.0,3912.0,67.0
14068,317.0,3804.0,66.7
14069,320.0,3840.0,67.0
14070,310.0,3720.0,66.8
14071,300.0,3600.0,67.1
14072,303.0,3636.0,67.0
14073,293.0,3516.0,67.6
14074,283.0,3396.0,67.7
14075,267.0,3204.0,67.3
14076,267.0,3204.0,68.0
14077,274.0,3288.0,68.1
14078,269.0,3228.0,68.0
14079,286.0,3432.0,68.4
14080,287.0,3444.0,68.5
14081,271.0,3252.0,68.2
14082,285.0,3420.0,68.0
14083,269.0,3228.0,68.5
14084,256.0,3072.0,68.6
14085,244.0,2928.0,68.5
14086,251.0,3012.0,68.6
14087,248.0,2976.0,68.7
14088,228.0,2736.0,68.4
14089,228.0,2736.0,68.9
14090,237.0,2844.0,69.0
14091,224.0,2688.0,68.6
14092,224.0,2688.0,68.5
14093,220.0,2640.0,68.2
14094,214.0,2568.0,68.6
14095,211.0,2532.0,68.7
14096,208.0,2496.0,68.3
14097,186.0,2232.0,68.6
14098,185.0,2220.0,68.2
14099,170.0,2040.0,68.4
14100,169.0,2028.0,68.1
14101,159.0,1908.0,68.5
14102,169.0,2028.0,68.3
14103,156.0,1872.0,68.7
14104,156.0,1872.0,68.4
14105,151.0,1812.0,68.4
14106,146.0,1752.0,68.3
14107,135.0,1620.0,68.1
14108,144.0,1728.0,68.2
14109,141.0,1692.0,68.0
14110,128.0,1536.0,68.3
14111,113.0,1356.0,68.1
14112,114.0,1368.0,69.3
14113,121.0,1452.0,68.6
14114,120.0,1440.0,68.9
14115,113.0,1356.0,68.3
14116,106.0,1272.0,68.0
14117,92.0,1104.0,67.6
14118,90.0,1080.0,67.8
14119,93.0,1116.0,67.9
14120,92.0,1104.0,67.4
14121,85.0,1020.0,67.5
14122,80.0,960.0,67.5
14123,74.0,888.0,68.0
14124,76.0,912.0,68.1
14125,83.0,996.0,68.1
14126,72.0,864.0,67.6
14127,80.0,960.0,68.4
14128,72.0,864.0,68.3
14129,74.0,888.0,67.7
14130,69.0,828.0,67.4
14131,71.0,852.0,67.7
14132,74.0,888.0,67.8
14133,69.0,828.0,67.7
14134,64.0,768.0,67.4
14135,62.0,744.0,67.3
14136,63.0,756.0,67.7
14137,61.0,732.0,67.8
14138,62.0,744.0,67.7
14139,61.0,732.0,68.1
14140,72.0,864.0,67.8
14141,63.0,756.0,67.6
14142,60.0,720.0,67.4
14143,65.0,780.0,67.6
14144,59.0,708.0,67.3
14145,59.0,708.0,67.4
14146,60.0,720.0,67.4
14147,56.0,672.0,67.3
14148,53.0,636.0,67.2
14149,61.0,732.0,66.8
14150,59.0,708.0,67.2
14151,76.0,912.0,67.3
14152,67.0,804.0,67.9
14153,65.0,780.0,67.7
14154,67.0,804.0,67.6
14155,71.0,852.0,67.5
14156,79.0,948.0,67.5
14157,82.0,984.0,67.8
14158,79.0,948.0,67.9
14159,79.0,948.0,67.7
14160,83.0,996.0,67.5
14161,85.0,1020.0,67.5
14162,98.0,1176.0,67.5
14163,106.0,1272.0,67.7
14164,116.0,1392.0,67.8
14165,131.0,1572.0,67.9
14166,139.0,1668.0,68.3
14167,158.0,1896.0,68.1
14168,159.0,1908.0,68.1
14169,182.0,2184.0,68.8
14170,181.0,2172.0,68.6
14171,178.0,2136.0,68.6
14172,181.0,2172.0,68.3
14173,185.0,2220.0,68.4
14174,214.0,2568.0,68.5
14175,230.0,2760.0,68.4
14176,241.0,2892.0,68.5
14177,261.0,3132.0,68.5
14178,274.0,3288.0,68.8
14179,291.0,3492.0,68.4
14180,309.0,3708.0,68.4
14181,324.0,3888.0,68.7
14182,313.0,3756.0,68.8
14183,294.0,3528.0,68.7
14184,296.0,3552.0,66.1
14185,306.0,3672.0,64.9
14186,320.0,3840.0,64.6
14187,340.0,4080.0,64.4
14188,354.0,4248.0,64.1
14189,359.0,4308.0,64.3
14190,369.0,4428.0,64.4
14191,373.0,4476.0,64.4
14192,376.0,4512.0,64.1
14193,399.0,4788.0,64.2
14194,387.0,4644.0,64.2
14195,369.0,4428.0,64.2
14196,363.0,4356.0,64.5
14197,370.0,4440.0,64.1
14198,385.0,4620.0,64.0
14199,396.0,4752.0,64.7
14200,393.0,4716.0,64.2
14201,403.0,4836.0,64.2
14202,411.0,4932.0,64.1
14203,411.0,4932.0,64.1
14204,415.0,4980.0,63.8
14205,411.0,4932.0,64.0
14206,399.0,4788.0,64.0
14207,392.0,4704.0,63.8
14208,376.0,4512.0,63.5
14209,369.0,4428.0,63.9
14210,369.0,4428.0,63.7
14211,376.0,4512.0,63.7
14212,369.0,4428.0,63.9
14213,368.0,4416.0,63.7
14214,364.0,4368.0,63.7
14215,366.0,4392.0,63.6
14216,373.0,4476.0,63.5
14217,373.0,4476.0,63.4
14218,369.0,4428.0,63.3
14219,364.0,4368.0,63.4
14220,350.0,4200.0,63.1
14221,347.0,4164.0,63.0
14222,346.0,4152.0,62.5
14223,350.0,4200.0,62.3
14224,354.0,4248.0,62.4
14225,355.0,4260.0,62.2
14226,359.0,4308.0,62.4
14227,361.0,4332.0,62.3
14228,366.0,4392.0,62.3
14229,369.0,4428.0,62.1
14230,363.0,4356.0,62.1
14231,357.0,4284.0,62.0
14232,352.0,4224.0,61.9
14233,355.0,4260.0,61.9
14234,361.0,4332.0,61.9
14235,369.0,4428.0,61.6
14236,368.0,4416.0,61.9
14237,366.0,4392.0,61.7
14238,361.0,4332.0,61.8
14239,366.0,4392.0,61.7
14240,376.0,4512.0,61.6
14241,376.0,4512.0,61.2
14242,376.0,4512.0,61.4
14243,370.0,4440.0,61.0
14244,370.0,4440.0,61.2
14245,373.0,4476.0,61.2
14246,385.0,4620.0,61.1
14247,376.0,4512.0,61.1
14248,396.0,4752.0,60.9
14249,402.0,4824.0,60.9
14250,380.0,4560.0,61.0
14251,382.0,4584.0,60.5
14252,383.0,4596.0,60.7
14253,378.0,4536.0,60.6
14254,387.0,4644.0,60.8
14255,380.0,4560.0,60.7
14256,385.0,4620.0,61.0
14257,380.0,4560.0,61.3
14258,387.0,4644.0,61.3
14259,392.0,4704.0,61.1
14260,390.0,4680.0,61.1
14261,392.0,4704.0,60.9
14262,385.0,4620.0,61.1
14263,387.0,4644.0,61.1
14264,396.0,4752.0,60.6
14265,392.0,4704.0,59.9
14266,393.0,4716.0,59.4
14267,385.0,4620.0,59.7
14268,389.0,4668.0,60.0
14269,387.0,4644.0,59.6
14270,393.0,4716.0,59.9
14271,402.0,4824.0,59.9
14272,403.0,4836.0,59.8
14273,399.0,4788.0,60.0
14274,399.0,4788.0,60.0
14275,405.0,4860.0,59.8
14276,408.0,4896.0,60.0
14277,408.0,4896.0,59.5
14278,410.0,4920.0,59.8
14279,407.0,4884.0,59.5
14280,399.0,4788.0,59.0
14281,405.0,4860.0,58.5
14282,410.0,4920.0,58.6
14283,410.0,4920.0,58.2
14284,410.0,4920.0,57.8
14285,411.0,4932.0,57.2
14286,411.0,4932.0,57.2
14287,408.0,4896.0,56.3
14288,413.0,4956.0,56.9
14289,419.0,5028.0,56.2
14290,418.0,5016.0,52.5
14291,415.0,4980.0,53.8
14292,411.0,4932.0,53.7
14293,415.0,4980.0,53.0
14294,418.0,5016.0,53.6
14295,422.0,5064.0,53.1
14296,415.0,4980.0,53.2
14297,415.0,4980.0,53.0
14298,412.0,4944.0,50.7
14299,410.0,4920.0,53.3
14300,419.0,5028.0,50.2
14301,418.0,5016.0,47.8
14302,415.0,4980.0,49.3
14303,407.0,4884.0,51.3
14304,406.0,4872.0,53.4
14305,412.0,4944.0,52.8
14306,413.0,4956.0,53.2
14307,415.0,4980.0,53.8
14308,413.0,4956.0,55.4
14309,412.0,4944.0,55.8
14310,399.0,4788.0,56.1
14311,412.0,4944.0,56.2
14312,413.0,4956.0,56.5
14313,417.0,5004.0,56.8
14314,415.0,4980.0,56.9
14315,407.0,4884.0,57.2
14316,402.0,4824.0,57.5
14317,410.0,4920.0,57.7
14318,419.0,5028.0,57.9
14319,425.0,5100.0,58.2
14320,422.0,5064.0,58.0
14321,413.0,4956.0,57.6
14322,410.0,4920.0,57.7
14323,397.0,4764.0,57.7
14324,397.0,4764.0,58.0
14325,396.0,4752.0,58.6
14326,402.0,4824.0,58.6
14327,380.0,4560.0,58.7
14328,393.0,4716.0,59.8
14329,390.0,4680.0,61.5
14330,400.0,4800.0,63.8
14331,393.0,4716.0,64.6
14332,385.0,4620.0,65.4
14333,395.0,4740.0,65.7
14334,370.0,4440.0,65.8
14335,385.0,4620.0,66.0
14336,395.0,4740.0,65.8
14337,389.0,4668.0,66.2
14338,370.0,4440.0,66.6
14339,366.0,4392.0,66.5
14340,378.0,4536.0,66.9
14341,385.0,4620.0,66.9
14342,382.0,4584.0,66.6
14343,380.0,4560.0,67.0
14344,378.0,4536.0,66.8
14345,361.0,4332.0,66.9
14346,353.0,4236.0,66.7
14347,355.0,4260.0,66.6
14348,343.0,4116.0,66.5
14349,359.0,4308.0,66.1
14350,346.0,4152.0,66.2
14351,338.0,4056.0,66.1
14352,346.0,4152.0,66.2
14353,354.0,4248.0,66.2
14354,358.0,4296.0,66.4
14355,321.0,3852.0,66.4
14356,346.0,4152.0,66.4
14357,355.0,4260.0,66.4
14358,339.0,4068.0,66.5
14359,331.0,3972.0,66.6
14360,333.0,3996.0,66.7
14361,306.0,3672.0,66.8
14362,320.0,3840.0,66.9
14363,320.0,3840.0,67.1
14364,302.0,3624.0,67.1
14365,310.0,3720.0,67.3
14366,336.0,4032.0,67.5
14367,320.0,3840.0,67.7
14368,313.0,3756.0,68.2
14369,296.0,3552.0,68.0
14370,294.0,3528.0,67.9
14371,287.0,3444.0,68.0
14372,290.0,3480.0,68.3
14373,294.0,3528.0,68.3
14374,306.0,3672.0,68.4
14375,272.0,3264.0,68.6
14376,261.0,3132.0,68.6
14377,275.0,3300.0,68.7
14378,285.0,3420.0,68.7
14379,278.0,3336.0,68.2
14380,260.0,3120.0,68.3
14381,256.0,3072.0,68.2
14382,248.0,2976.0,68.3
14383,248.0,2976.0,68.4
14384,220.0,2640.0,68.5
14385,230.0,2760.0,68.7
14386,223.0,2676.0,68.7
14387,218.0,2616.0,68.8
14388,202.0,2424.0,68.7
14389,211.0,2532.0,68.4
14390,199.0,2388.0,68.8
14391,196.0,2352.0,68.2
14392,189.0,2268.0,68.2
14393,192.0,2304.0,68.5
14394,192.0,2304.0,68.3
14395,174.0,2088.0,68.3
14396,178.0,2136.0,68.7
14397,185.0,2220.0,68.5
14398,171.0,2052.0,68.6
14399,171.0,2052.0,68.6
14400,158.0,1896.0,68.9
14401,158.0,1896.0,68.5
14402,150.0,1800.0,68.7
14403,165.0,1980.0,68.4
14404,142.0,1704.0,68.1
14405,139.0,1668.0,68.0
14406,125.0,1500.0,68.1
14407,121.0,1452.0,68.0
14408,123.0,1476.0,68.0
14409,119.0,1428.0,68.5
14410,112.0,1344.0,68.2
14411,106.0,1272.0,68.4
14412,109.0,1308.0,68.7
14413,106.0,1272.0,68.4
14414,106.0,1272.0,68.4
14415,105.0,1260.0,68.2
14416,95.0,1140.0,68.2
14417,95.0,1140.0,68.6
14418,91.0,1092.0,68.4
14419,91.0,1092.0,68.3
14420,90.0,1080.0,68.2
14421,86.0,1032.0,68.2
14422,86.0,1032.0,68.7
14423,86.0,1032.0,68.3
14424,90.0,1080.0,68.7
14425,85.0,1020.0,68.6
14426,75.0,900.0,68.5
14427,83.0,996.0,68.3
14428,83.0,996.0,68.2
14429,72.0,864.0,68.6
14430,75.0,900.0,68.4
14431,72.0,864.0,67.8
14432,76.0,912.0,68.1
14433,71.0,852.0,67.8
14434,67.0,804.0,68.0
14435,69.0,828.0,67.8
14436,67.0,804.0,68.2
14437,67.0,804.0,68.2
14438,64.0,768.0,68.1
14439,69.0,828.0,67.8
14440,72.0,864.0,68.0
14441,72.0,864.0,67.9
14442,65.0,780.0,67.8
14443,65.0,780.0,68.0
14444,61.0,732.0,68.0
14445,65.0,780.0,67.8
14446,79.0,948.0,68.0
14447,67.0,804.0,67.9
14448,64.0,768.0,68.0
14449,63.0,756.0,67.8
14450,69.0,828.0,67.7
14451,69.0,828.0,67.5
14452,67.0,804.0,67.9
14453,72.0,864.0,67.9
14454,72.0,864.0,68.1
14455,79.0,948.0,68.1
14456,85.0,1020.0,68.2
14457,86.0,1032.0,68.3
14458,88.0,1056.0,68.1
14459,97.0,1164.0,68.0
14460,85.0,1020.0,67.9
14461,89.0,1068.0,68.2
14462,95.0,1140.0,67.8
14463,118.0,1416.0,67.8
14464,132.0,1584.0,67.9
14465,118.0,1416.0,68.1
14466,125.0,1500.0,68.0
14467,131.0,1572.0,68.3
14468,142.0,1704.0,68.3
14469,167.0,2004.0,68.5
14470,158.0,1896.0,68.6
14471,169.0,2028.0,68.7
14472,174.0,2088.0,67.8
14473,188.0,2256.0,67.4
14474,194.0,2328.0,67.1
14475,194.0,2328.0,67.0
14476,222.0,2664.0,67.4
14477,204.0,2448.0,67.2
14478,216.0,2592.0,67.3
14479,218.0,2616.0,67.5
14480,214.0,2568.0,67.8
14481,230.0,2760.0,67.8
14482,248.0,2976.0,68.1
14483,245.0,2940.0,67.9
14484,257.0,3084.0,67.3
14485,258.0,3096.0,66.4
14486,263.0,3156.0,66.1
14487,254.0,3048.0,65.7
14488,282.0,3384.0,65.8
14489,297.0,3564.0,65.7
14490,291.0,3492.0,65.9
14491,296.0,3552.0,65.8
14492,297.0,3564.0,66.1
14493,296.0,3552.0,65.9
14494,306.0,3672.0,65.8
14495,340.0,4080.0,65.8
14496,294.0,3528.0,65.6
14497,303.0,3636.0,65.7
14498,303.0,3636.0,65.6
14499,324.0,3888.0,65.2
14500,313.0,3756.0,65.5
14501,340.0,4080.0,65.8
14502,323.0,3876.0,65.7
14503,343.0,4116.0,65.6
14504,323.0,3876.0,65.8
14505,330.0,3960.0,65.6
14506,330.0,3960.0,65.4
14507,327.0,3924.0,65.9
14508,317.0,3804.0,66.0
14509,316.0,3792.0,65.6
14510,323.0,3876.0,65.5
14511,331.0,3972.0,65.3
14512,333.0,3996.0,65.4
14513,338.0,4056.0,65.2
14514,342.0,4104.0,65.3
14515,346.0,4152.0,65.4
14516,355.0,4260.0,64.8
14517,359.0,4308.0,64.9
14518,355.0,4260.0,65.0
14519,347.0,4164.0,65.0
14520,346.0,4152.0,65.1
14521,336.0,4032.0,65.0
14522,347.0,4164.0,64.9
14523,350.0,4200.0,64.8
14524,355.0,4260.0,64.9
14525,360.0,4320.0,64.8
14526,366.0,4392.0,64.7
14527,369.0,4428.0,64.6
14528,373.0,4476.0,64.4
14529,372.0,4464.0,64.5
14530,369.0,4428.0,64.5
14531,369.0,4428.0,64.4
14532,376.0,4512.0,64.1
14533,376.0,4512.0,64.5
14534,376.0,4512.0,64.6
14535,376.0,4512.0,64.7
14536,378.0,4536.0,64.6
14537,378.0,4536.0,65.1
14538,380.0,4560.0,65.0
14539,376.0,4512.0,64.9
14540,382.0,4584.0,64.8
14541,383.0,4596.0,64.9
14542,380.0,4560.0,64.9
14543,383.0,4596.0,64.9
14544,383.0,4596.0,65.1
14545,385.0,4620.0,65.1
14546,390.0,4680.0,65.2
14547,393.0,4716.0,64.6
14548,390.0,4680.0,64.6
14549,388.0,4656.0,64.7
14550,389.0,4668.0,64.7
14551,392.0,4704.0,64.8
14552,388.0,4656.0,64.2
14553,388.0,4656.0,64.9
14554,392.0,4704.0,64.8
14555,385.0,4620.0,64.9
14556,388.0,4656.0,65.1
14557,385.0,4620.0,65.1
14558,393.0,4716.0,65.3
14559,393.0,4716.0,64.8
14560,392.0,4704.0,65.1
14561,393.0,4716.0,65.3
14562,393.0,4716.0,65.3
14563,392.0,4704.0,65.2
14564,396.0,4752.0,65.2
14565,396.0,4752.0,65.1
14566,388.0,4656.0,65.3
14567,385.0,4620.0,65.1
14568,385.0,4620.0,65.2
14569,383.0,4596.0,65.4
14570,385.0,4620.0,65.5
14571,389.0,4668.0,65.2
14572,393.0,4716.0,65.4
14573,392.0,4704.0,65.4
14574,392.0,4704.0,65.4
14575,383.0,4596.0,65.6
14576,393.0,4716.0,65.5
14577,392.0,4704.0,65.6
14578,395.0,4740.0,65.6
14579,396.0,4752.0,65.3
14580,383.0,4596.0,65.5
14581,387.0,4644.0,65.6
14582,392.0,4704.0,65.7
14583,396.0,4752.0,65.6
14584,393.0,4716.0,65.4
14585,393.0,4716.0,65.6
14586,387.0,4644.0,65.7
14587,387.0,4644.0,65.8
14588,390.0,4680.0,65.7
14589,393.0,4716.0,65.7
14590,390.0,4680.0,66.1
14591,385.0,4620.0,65.8
14592,376.0,4512.0,65.8
14593,380.0,4560.0,65.8
14594,389.0,4668.0,65.8
14595,392.0,4704.0,65.9
14596,387.0,4644.0,66.0
14597,390.0,4680.0,66.0
14598,390.0,4680.0,66.3
14599,392.0,4704.0,66.2
14600,388.0,4656.0,66.3
14601,392.0,4704.0,66.0
14602,399.0,4788.0,66.0
14603,376.0,4512.0,66.1
14604,377.0,4524.0,66.2
14605,377.0,4524.0,66.2
14606,382.0,4584.0,66.1
14607,377.0,4524.0,66.2
14608,385.0,4620.0,66.7
14609,378.0,4536.0,66.5
14610,376.0,4512.0,66.4
14611,373.0,4476.0,66.4
14612,370.0,4440.0,66.5
14613,369.0,4428.0,66.7
14614,366.0,4392.0,66.7
14615,360.0,4320.0,66.9
14616,357.0,4284.0,66.6
14617,357.0,4284.0,66.7
14618,358.0,4296.0,66.8
14619,357.0,4284.0,67.0
14620,366.0,4392.0,67.0
14621,368.0,4416.0,67.3
14622,350.0,4200.0,67.1
14623,346.0,4152.0,67.2
14624,343.0,4116.0,67.4
14625,336.0,4032.0,67.2
14626,327.0,3924.0,67.0
14627,324.0,3888.0,67.2
14628,338.0,4056.0,67.2
14629,320.0,3840.0,67.2
14630,320.0,3840.0,67.3
14631,317.0,3804.0,67.6
14632,323.0,3876.0,67.4
14633,310.0,3720.0,67.2
14634,301.0,3612.0,67.3
14635,303.0,3636.0,67.2
14636,306.0,3672.0,66.8
14637,310.0,3720.0,66.6
14638,300.0,3600.0,66.5
14639,293.0,3516.0,66.1
14640,293.0,3516.0,66.3
14641,291.0,3492.0,66.3
14642,291.0,3492.0,66.5
14643,296.0,3552.0,66.6
14644,293.0,3516.0,66.6
14645,286.0,3432.0,66.7
14646,278.0,3336.0,66.8
14647,283.0,3396.0,66.8
14648,291.0,3492.0,67.0
14649,283.0,3396.0,67.1
14650,270.0,3240.0,67.1
14651,285.0,3420.0,67.2
14652,278.0,3336.0,67.7
14653,283.0,3396.0,68.3
14654,264.0,3168.0,68.4
14655,281.0,3372.0,68.5
14656,283.0,3396.0,68.6
14657,294.0,3528.0,68.6
14658,281.0,3372.0,68.7
14659,264.0,3168.0,68.6
14660,269.0,3228.0,68.5
14661,257.0,3084.0,68.7
14662,260.0,3120.0,68.6
14663,283.0,3396.0,68.7
14664,252.0,3024.0,68.4
14665,253.0,3036.0,68.2
14666,254.0,3048.0,68.4
14667,246.0,2952.0,68.1
14668,244.0,2928.0,68.4
14669,267.0,3204.0,68.7
14670,263.0,3156.0,68.8
14671,241.0,2892.0,68.8
14672,238.0,2856.0,68.8
14673,227.0,2724.0,69.1
14674,241.0,2892.0,68.9
14675,237.0,2844.0,69.1
14676,230.0,2760.0,68.7
14677,220.0,2640.0,68.5
14678,208.0,2496.0,68.4
14679,211.0,2532.0,68.5
14680,220.0,2640.0,68.3
14681,185.0,2220.0,68.5
14682,186.0,2232.0,68.4
14683,178.0,2136.0,68.5
14684,178.0,2136.0,68.4
14685,169.0,2028.0,68.6
14686,177.0,2124.0,68.3
14687,171.0,2052.0,68.7
14688,150.0,1800.0,68.8
14689,159.0,1908.0,68.6
14690,155.0,1860.0,68.5
14691,144.0,1728.0,68.2
14692,151.0,1812.0,68.4
14693,142.0,1704.0,68.5
14694,125.0,1500.0,68.6
14695,129.0,1548.0,68.6
14696,127.0,1524.0,68.8
14697,114.0,1368.0,68.3
14698,112.0,1344.0,68.6
14699,110.0,1320.0,68.8
14700,105.0,1260.0,68.7
14701,98.0,1176.0,68.5
14702,101.0,1212.0,68.5
14703,101.0,1212.0,68.3
14704,93.0,1116.0,68.3
14705,90.0,1080.0,68.6
14706,82.0,984.0,68.7
14707,83.0,996.0,68.3
14708,79.0,948.0,68.7
14709,76.0,912.0,68.3
14710,79.0,948.0,68.7
14711,76.0,912.0,68.6
14712,75.0,900.0,68.6
14713,75.0,900.0,68.5
14714,74.0,888.0,68.6
14715,71.0,852.0,68.7
14716,69.0,828.0,68.6
14717,63.0,756.0,68.6
14718,62.0,744.0,68.6
14719,62.0,744.0,68.7
14720,60.0,720.0,68.7
14721,56.0,672.0,68.3
14722,56.0,672.0,68.5
14723,53.0,636.0,68.4
14724,50.0,600.0,68.7
14725,52.0,624.0,68.7
14726,50.0,600.0,68.7
14727,53.0,636.0,68.5
14728,49.0,588.0,68.5
14729,47.0,564.0,68.6
14730,46.0,552.0,68.7
14731,46.0,552.0,68.5
14732,45.0,540.0,68.4
14733,45.0,540.0,68.6
14734,42.0,504.0,68.4
14735,41.0,492.0,68.1
14736,42.0,504.0,68.2
14737,42.0,504.0,68.2
14738,42.0,504.0,68.3
14739,42.0,504.0,68.2
14740,42.0,504.0,68.3
14741,44.0,528.0,68.4
14742,44.0,528.0,68.3
14743,49.0,588.0,68.2
14744,49.0,588.0,68.4
14745,50.0,600.0,68.6
14746,49.0,588.0,68.4
14747,50.0,600.0,68.3
14748,47.0,564.0,68.4
14749,50.0,600.0,68.3
14750,52.0,624.0,68.4
14751,56.0,672.0,68.5
14752,58.0,696.0,68.3
14753,60.0,720.0,68.3
14754,62.0,744.0,68.1
14755,67.0,804.0,68.5
14756,72.0,864.0,68.3
14757,72.0,864.0,68.2
14758,72.0,864.0,68.3
14759,86.0,1032.0,68.4
14760,72.0,864.0,68.1
14761,79.0,948.0,68.3
14762,82.0,984.0,68.2
14763,88.0,1056.0,68.3
14764,110.0,1320.0,68.4
14765,106.0,1272.0,68.4
14766,101.0,1212.0,68.5
14767,110.0,1320.0,68.9
14768,112.0,1344.0,68.9
14769,122.0,1464.0,68.9
14770,120.0,1440.0,69.0
14771,125.0,1500.0,69.1
14772,129.0,1548.0,68.7
14773,142.0,1704.0,68.8
14774,146.0,1752.0,68.7
14775,156.0,1872.0,68.6
14776,158.0,1896.0,68.5
14777,161.0,1932.0,68.8
14778,152.0,1824.0,68.9
14779,153.0,1836.0,68.8
14780,159.0,1908.0,69.0
14781,169.0,2028.0,68.8
14782,162.0,1944.0,69.0
14783,174.0,2088.0,69.0
14784,169.0,2028.0,68.4
14785,178.0,2136.0,68.1
14786,192.0,2304.0,68.0
14787,214.0,2568.0,68.4
14788,197.0,2364.0,68.2
14789,188.0,2256.0,68.3
14790,206.0,2472.0,68.2
14791,206.0,2472.0,68.3
14792,225.0,2700.0,68.1
14793,221.0,2652.0,68.1
14794,244.0,2928.0,67.9
14795,225.0,2700.0,68.0
14796,230.0,2760.0,67.6
14797,230.0,2760.0,67.7
14798,241.0,2892.0,67.5
14799,250.0,3000.0,67.6
14800,257.0,3084.0,67.4
14801,263.0,3156.0,67.4
14802,269.0,3228.0,67.3
14803,275.0,3300.0,67.4
14804,283.0,3396.0,67.3
14805,290.0,3480.0,67.2
14806,294.0,3528.0,67.2
14807,291.0,3492.0,67.5
14808,291.0,3492.0,66.9
14809,287.0,3444.0,66.9
14810,308.0,3696.0,66.7
14811,302.0,3624.0,66.6
14812,310.0,3720.0,66.6
14813,313.0,3756.0,66.5
14814,317.0,3804.0,66.4
14815,323.0,3876.0,66.6
14816,332.0,3984.0,66.5
14817,334.0,4008.0,66.5
14818,336.0,4032.0,66.5
14819,334.0,4008.0,66.6
14820,331.0,3972.0,66.5
14821,324.0,3888.0,66.2
14822,332.0,3984.0,66.1
14823,340.0,4080.0,66.2
14824,338.0,4056.0,65.9
14825,343.0,4116.0,66.1
14826,354.0,4248.0,65.9
14827,354.0,4248.0,65.9
14828,357.0,4284.0,65.7
14829,358.0,4296.0,65.7
14830,357.0,4284.0,65.7
14831,363.0,4356.0,65.5
14832,363.0,4356.0,65.5
14833,358.0,4296.0,65.7
14834,366.0,4392.0,65.6
14835,366.0,4392.0,65.7
14836,369.0,4428.0,65.3
14837,372.0,4464.0,65.1
14838,377.0,4524.0,65.4
14839,380.0,4560.0,65.0
14840,385.0,4620.0,65.0
14841,383.0,4596.0,65.0
14842,382.0,4584.0,64.9
14843,380.0,4560.0,65.2
14844,377.0,4524.0,65.2
14845,373.0,4476.0,65.2
14846,377.0,4524.0,65.1
14847,380.0,4560.0,65.1
14848,383.0,4596.0,64.8
14849,385.0,4620.0,64.7
14850,380.0,4560.0,64.5
14851,380.0,4560.0,64.7
14852,382.0,4584.0,64.7
14853,382.0,4584.0,64.3
14854,380.0,4560.0,64.8
14855,376.0,4512.0,64.5
14856,369.0,4428.0,64.7
14857,369.0,4428.0,64.8
14858,369.0,4428.0,64.9
14859,373.0,4476.0,65.0
14860,373.0,4476.0,65.1
14861,369.0,4428.0,65.1
14862,369.0,4428.0,64.9
14863,364.0,4368.0,65.0
14864,369.0,4428.0,65.1
14865,369.0,4428.0,65.2
14866,366.0,4392.0,65.1
14867,360.0,4320.0,65.3
14868,366.0,4392.0,65.4
14869,360.0,4320.0,65.3
14870,369.0,4428.0,65.1
14871,366.0,4392.0,65.4
14872,366.0,4392.0,65.0
14873,362.0,4344.0,65.1
14874,373.0,4476.0,65.1
14875,373.0,4476.0,65.1
14876,373.0,4476.0,65.1
14877,370.0,4440.0,65.6
14878,376.0,4512.0,65.4
14879,369.0,4428.0,65.2
14880,363.0,4356.0,65.4
14881,364.0,4368.0,65.3
14882,370.0,4440.0,65.6
14883,368.0,4416.0,65.7
14884,380.0,4560.0,65.2
14885,368.0,4416.0,65.2
14886,366.0,4392.0,65.3
14887,364.0,4368.0,65.6
14888,366.0,4392.0,65.5
14889,362.0,4344.0,65.5
14890,360.0,4320.0,65.6
14891,350.0,4200.0,65.9
14892,348.0,4176.0,65.7
14893,357.0,4284.0,65.9
14894,352.0,4224.0,66.0
14895,355.0,4260.0,65.9
14896,352.0,4224.0,66.5
14897,350.0,4200.0,66.4
14898,343.0,4116.0,66.7
14899,343.0,4116.0,66.6
14900,342.0,4104.0,66.4
14901,340.0,4080.0,66.3
14902,342.0,4104.0,66.5
14903,336.0,4032.0,66.7
14904,336.0,4032.0,66.5
14905,340.0,4080.0,66.6
14906,340.0,4080.0,66.6
14907,340.0,4080.0,66.4
14908,354.0,4248.0,66.1
14909,329.0,3948.0,66.5
14910,361.0,4332.0,66.4
14911,332.0,3984.0,66.3
14912,326.0,3912.0,66.3
14913,324.0,3888.0,66.2
14914,320.0,3840.0,66.2
14915,317.0,3804.0,66.3
14916,316.0,3792.0,66.1
14917,313.0,3756.0,66.1
14918,320.0,3840.0,65.9
14919,320.0,3840.0,65.7
14920,323.0,3876.0,65.7
14921,316.0,3792.0,65.5
14922,313.0,3756.0,65.2
14923,306.0,3672.0,65.0
14924,310.0,3720.0,64.7
14925,320.0,3840.0,64.5
14926,308.0,3696.0,64.3
14927,309.0,3708.0,64.2
14928,306.0,3672.0,63.9
14929,304.0,3648.0,64.1
14930,313.0,3756.0,64.3
14931,306.0,3672.0,64.0
14932,310.0,3720.0,64.4
14933,308.0,3696.0,63.9
14934,297.0,3564.0,63.9
14935,297.0,3564.0,64.1
14936,297.0,3564.0,63.9
14937,287.0,3444.0,64.5
14938,281.0,3372.0,64.4
14939,278.0,3336.0,64.6
14940,274.0,3288.0,66.5
14941,274.0,3288.0,67.3
14942,270.0,3240.0,67.8
14943,268.0,3216.0,68.1
14944,280.0,3360.0,68.4
14945,267.0,3204.0,68.3
14946,253.0,3036.0,68.6
14947,251.0,3012.0,68.6
14948,245.0,2940.0,68.6
14949,246.0,2952.0,68.6
14950,236.0,2832.0,68.8
14951,238.0,2856.0,69.0
14952,227.0,2724.0,68.7
14953,221.0,2652.0,68.6
14954,220.0,2640.0,68.6
14955,211.0,2532.0,68.6
14956,206.0,2472.0,68.5
14957,196.0,2352.0,68.7
14958,197.0,2364.0,68.4
14959,181.0,2172.0,68.5
14960,189.0,2268.0,68.7
14961,171.0,2052.0,68.4
14962,162.0,1944.0,68.7
14963,161.0,1932.0,68.8
14964,144.0,1728.0,68.7
14965,146.0,1752.0,68.5
14966,141.0,1692.0,68.6
14967,137.0,1644.0,68.5
14968,144.0,1728.0,68.3
14969,135.0,1620.0,68.7
14970,125.0,1500.0,68.7
14971,116.0,1392.0,68.6
14972,114.0,1368.0,68.8
14973,113.0,1356.0,68.5
14974,105.0,1260.0,68.1
14975,102.0,1224.0,68.3
14976,91.0,1092.0,69.5
14977,89.0,1068.0,68.9
14978,90.0,1080.0,68.7
14979,82.0,984.0,68.9
14980,85.0,1020.0,68.4
14981,79.0,948.0,68.5
14982,74.0,888.0,68.7
14983,69.0,828.0,68.7
14984,65.0,780.0,68.3
14985,69.0,828.0,68.2
14986,62.0,744.0,68.0
14987,58.0,696.0,68.0
14988,56.0,672.0,68.5
14989,59.0,708.0,68.5
14990,60.0,720.0,68.6
14991,53.0,636.0,68.4
14992,53.0,636.0,68.4
14993,52.0,624.0,68.0
14994,47.0,564.0,68.0
14995,56.0,672.0,68.0
14996,46.0,552.0,67.8
14997,46.0,552.0,67.9
14998,49.0,588.0,67.7
14999,44.0,528.0,67.9
15000,46.0,552.0,67.8
15001,45.0,540.0,67.7
15002,44.0,528.0,67.9
15003,45.0,540.0,67.9
15004,44.0,528.0,67.9
15005,45.0,540.0,67.8
15006,44.0,528.0,67.9
15007,44.0,528.0,67.7
15008,45.0,540.0,67.7
15009,45.0,540.0,67.7
15010,44.0,528.0,67.8
15011,46.0,552.0,67.3
15012,46.0,552.0,67.7
15013,45.0,540.0,67.4
15014,49.0,588.0,67.6
15015,47.0,564.0,67.8
15016,53.0,636.0,67.6
15017,56.0,672.0,67.6
15018,59.0,708.0,67.8
15019,65.0,780.0,67.8
15020,71.0,852.0,68.1
15021,76.0,912.0,67.7
15022,72.0,864.0,67.8
15023,72.0,864.0,67.6
15024,74.0,888.0,67.7
15025,76.0,912.0,68.0
15026,86.0,1032.0,68.0
15027,95.0,1140.0,67.9
15028,110.0,1320.0,68.1
15029,114.0,1368.0,67.9
15030,128.0,1536.0,68.3
15031,146.0,1752.0,68.5
15032,155.0,1860.0,68.7
15033,174.0,2088.0,69.2
15034,162.0,1944.0,68.8
15035,162.0,1944.0,68.6
15036,177.0,2124.0,68.7
15037,188.0,2256.0,68.5
15038,202.0,2424.0,68.6
15039,230.0,2760.0,68.7
15040,241.0,2892.0,69.5
15041,244.0,2928.0,69.6
15042,283.0,3396.0,69.3
15043,291.0,3492.0,69.2
15044,310.0,3720.0,69.5
15045,323.0,3876.0,69.7
15046,313.0,3756.0,69.6
15047,297.0,3564.0,69.3
15048,293.0,3516.0,66.2
15049,299.0,3588.0,65.0
15050,320.0,3840.0,64.9
15051,339.0,4068.0,64.9
15052,350.0,4200.0,64.9
15053,329.0,3948.0,64.9
15054,320.0,3840.0,64.9
15055,310.0,3720.0,64.9
15056,309.0,3708.0,65.1
15057,357.0,4284.0,65.0
15058,329.0,3948.0,64.9
15059,343.0,4116.0,64.8
15060,316.0,3792.0,64.9
15061,340.0,4080.0,64.8
15062,342.0,4104.0,65.0
15063,329.0,3948.0,64.9
15064,355.0,4260.0,64.9
15065,369.0,4428.0,64.9
15066,317.0,3804.0,64.9
15067,388.0,4656.0,64.7
15068,400.0,4800.0,64.6
15069,378.0,4536.0,64.3
15070,354.0,4248.0,64.2
15071,400.0,4800.0,64.4
15072,373.0,4476.0,64.3
15073,364.0,4368.0,64.5
15074,385.0,4620.0,64.5
15075,383.0,4596.0,64.6
15076,376.0,4512.0,64.3
15077,376.0,4512.0,64.1
15078,376.0,4512.0,64.3
15079,377.0,4524.0,64.1
15080,380.0,4560.0,64.0
15081,380.0,4560.0,64.0
15082,373.0,4476.0,63.8
15083,361.0,4332.0,64.0
15084,350.0,4200.0,63.7
15085,343.0,4116.0,63.8
15086,346.0,4152.0,63.1
15087,355.0,4260.0,62.9
15088,350.0,4200.0,63.1
15089,357.0,4284.0,63.3
15090,348.0,4176.0,62.8
15091,354.0,4248.0,63.2
15092,358.0,4296.0,62.9
15093,355.0,4260.0,63.0
15094,353.0,4236.0,62.4
15095,348.0,4176.0,62.6
15096,343.0,4116.0,62.7
15097,340.0,4080.0,62.8
15098,348.0,4176.0,62.8
15099,348.0,4176.0,62.1
15100,352.0,4224.0,62.1
15101,355.0,4260.0,62.0
15102,352.0,4224.0,62.1
15103,359.0,4308.0,62.6
15104,360.0,4320.0,62.2
15105,358.0,4296.0,62.3
15106,353.0,4236.0,62.7
15107,350.0,4200.0,62.2
15108,347.0,4164.0,62.4
15109,354.0,4248.0,62.5
15110,366.0,4392.0,61.8
15111,359.0,4308.0,62.1
15112,362.0,4344.0,62.3
15113,357.0,4284.0,62.4
15114,361.0,4332.0,62.7
15115,359.0,4308.0,62.0
15116,363.0,4356.0,62.1
15117,361.0,4332.0,62.0
15118,362.0,4344.0,62.5
15119,359.0,4308.0,62.2
15120,359.0,4308.0,62.8
15121,359.0,4308.0,62.6
15122,368.0,4416.0,62.6
15123,366.0,4392.0,62.5
15124,364.0,4368.0,62.9
15125,364.0,4368.0,63.1
15126,366.0,4392.0,62.7
15127,376.0,4512.0,62.5
15128,377.0,4524.0,62.6
15129,376.0,4512.0,62.7
15130,370.0,4440.0,62.5
15131,372.0,4464.0,62.3
15132,361.0,4332.0,62.4
15133,373.0,4476.0,62.6
15134,370.0,4440.0,62.5
15135,380.0,4560.0,62.9
15136,383.0,4596.0,62.7
15137,385.0,4620.0,62.5
15138,380.0,4560.0,62.5
15139,383.0,4596.0,62.8
15140,388.0,4656.0,62.7
15141,389.0,4668.0,62.9
15142,383.0,4596.0,63.2
15143,383.0,4596.0,63.5
15144,383.0,4596.0,63.3
15145,385.0,4620.0,63.6
15146,399.0,4788.0,63.2
15147,402.0,4824.0,63.3
15148,403.0,4836.0,63.2
15149,422.0,5064.0,63.3
15150,407.0,4884.0,62.8
15151,412.0,4944.0,62.8
15152,422.0,5064.0,63.1
15153,440.0,5280.0,63.1
15154,438.0,5256.0,62.9
15155,443.0,5316.0,63.1
15156,471.0,5652.0,62.3
15157,440.0,5280.0,62.1
15158,441.0,5292.0,62.5
15159,441.0,5292.0,62.8
15160,453.0,5436.0,62.6
15161,452.0,5424.0,62.8
15162,442.0,5304.0,62.6
15163,426.0,5112.0,62.7
15164,433.0,5196.0,62.3
15165,443.0,5316.0,62.3
15166,435.0,5220.0,62.0
15167,440.0,5280.0,62.4
15168,441.0,5292.0,61.9
15169,441.0,5292.0,62.2
15170,435.0,5220.0,62.5
15171,435.0,5220.0,62.9
15172,423.0,5076.0,63.2
15173,419.0,5028.0,60.9
15174,410.0,4920.0,62.2
15175,412.0,4944.0,62.2
15176,429.0,5148.0,62.3
15177,438.0,5256.0,62.5
15178,431.0,5172.0,62.3
15179,422.0,5064.0,63.2
15180,425.0,5100.0,62.5
15181,436.0,5232.0,63.7
15182,455.0,5460.0,63.8
15183,449.0,5388.0,63.1
15184,445.0,5340.0,63.0
15185,431.0,5172.0,63.1
15186,441.0,5292.0,63.4
15187,461.0,5532.0,63.5
15188,455.0,5460.0,64.1
15189,441.0,5292.0,64.6
15190,432.0,5184.0,65.3
15191,435.0,5220.0,65.6
15192,419.0,5028.0,65.8
15193,399.0,4788.0,65.9
15194,406.0,4872.0,65.8
15195,399.0,4788.0,66.4
15196,397.0,4764.0,66.6
15197,403.0,4836.0,66.8
15198,395.0,4740.0,67.0
15199,343.0,4116.0,67.2
15200,338.0,4056.0,67.3
15201,321.0,3852.0,67.3
15202,347.0,4164.0,67.8
15203,327.0,3924.0,68.0
15204,306.0,3672.0,68.0
15205,317.0,3804.0,68.3
15206,321.0,3852.0,68.3
15207,327.0,3924.0,68.1
15208,304.0,3648.0,68.2
15209,297.0,3564.0,68.2
15210,297.0,3564.0,67.8
15211,287.0,3444.0,67.7
15212,278.0,3336.0,67.3
15213,291.0,3492.0,67.1
15214,267.0,3204.0,66.9
15215,274.0,3288.0,67.0
15216,258.0,3096.0,67.1
15217,253.0,3036.0,67.0
15218,264.0,3168.0,67.0
15219,252.0,3024.0,67.2
15220,269.0,3228.0,66.9
15221,261.0,3132.0,66.8
15222,245.0,2940.0,67.2
15223,246.0,2952.0,66.7
15224,252.0,3024.0,67.1
15225,232.0,2784.0,67.1
15226,251.0,3012.0,67.0
15227,234.0,2808.0,67.3
15228,230.0,2760.0,67.9
15229,214.0,2568.0,68.1
15230,224.0,2688.0,68.4
15231,225.0,2700.0,68.9
15232,234.0,2808.0,69.0
15233,230.0,2760.0,68.9
15234,234.0,2808.0,68.6
15235,218.0,2616.0,68.7
15236,218.0,2616.0,68.9
15237,204.0,2448.0,69.1
15238,211.0,2532.0,68.9
15239,199.0,2388.0,68.9
15240,196.0,2352.0,69.1
15241,201.0,2412.0,68.8
15242,196.0,2352.0,68.7
15243,204.0,2448.0,68.9
15244,192.0,2304.0,68.4
15245,184.0,2208.0,68.6
15246,158.0,1896.0,68.6
15247,167.0,2004.0,68.4
15248,161.0,1932.0,68.9
15249,156.0,1872.0,68.8
15250,144.0,1728.0,68.3
15251,142.0,1704.0,68.1
15252,139.0,1668.0,68.4
15253,139.0,1668.0,68.5
15254,148.0,1776.0,68.5
15255,135.0,1620.0,68.5
15256,149.0,1788.0,68.3
15257,141.0,1692.0,68.3
15258,119.0,1428.0,68.5
15259,116.0,1392.0,68.4
15260,123.0,1476.0,67.8
15261,110.0,1320.0,68.1
15262,116.0,1392.0,67.9
15263,99.0,1188.0,67.8
15264,95.0,1140.0,68.9
15265,95.0,1140.0,69.0
15266,97.0,1164.0,68.7
15267,95.0,1140.0,68.5
15268,88.0,1056.0,68.2
15269,88.0,1056.0,68.2
15270,82.0,984.0,68.1
15271,75.0,900.0,67.9
15272,74.0,888.0,68.1
15273,74.0,888.0,68.1
15274,76.0,912.0,67.2
15275,69.0,828.0,67.0
15276,65.0,780.0,67.4
15277,67.0,804.0,68.0
15278,62.0,744.0,68.1
15279,63.0,756.0,68.2
15280,62.0,744.0,67.5
15281,56.0,672.0,67.5
15282,59.0,708.0,67.9
15283,61.0,732.0,67.2
15284,59.0,708.0,67.2
15285,53.0,636.0,67.2
15286,56.0,672.0,67.1
15287,59.0,708.0,67.5
15288,50.0,600.0,67.6
15289,49.0,588.0,67.2
15290,56.0,672.0,67.4
15291,60.0,720.0,67.1
15292,65.0,780.0,67.2
15293,61.0,732.0,67.5
15294,56.0,672.0,67.1
15295,53.0,636.0,67.1
15296,50.0,600.0,67.1
15297,52.0,624.0,67.3
15298,52.0,624.0,67.2
15299,52.0,624.0,67.1
15300,56.0,672.0,66.9
15301,52.0,624.0,66.6
15302,60.0,720.0,66.9
15303,61.0,732.0,67.0
15304,58.0,696.0,67.1
15305,60.0,720.0,67.0
15306,63.0,756.0,67.3
15307,69.0,828.0,67.6
15308,74.0,888.0,67.9
15309,82.0,984.0,67.9
15310,79.0,948.0,67.9
15311,74.0,888.0,67.8
15312,79.0,948.0,67.2
15313,75.0,900.0,67.1
15314,88.0,1056.0,67.4
15315,95.0,1140.0,67.5
15316,106.0,1272.0,67.5
15317,118.0,1416.0,68.1
15318,132.0,1584.0,67.8
15319,149.0,1788.0,68.1
15320,166.0,1992.0,68.7
15321,174.0,2088.0,68.3
15322,167.0,2004.0,68.9
15323,167.0,2004.0,68.4
15324,178.0,2136.0,68.4
15325,192.0,2304.0,68.5
15326,216.0,2592.0,68.5
15327,238.0,2856.0,68.5
15328,258.0,3096.0,69.4
15329,268.0,3216.0,68.9
15330,290.0,3480.0,68.6
15331,309.0,3708.0,68.4
15332,326.0,3912.0,68.9
15333,342.0,4104.0,69.4
15334,336.0,4032.0,69.4
15335,308.0,3696.0,69.0
15336,301.0,3612.0,66.5
15337,310.0,3720.0,65.3
15338,324.0,3888.0,64.9
15339,342.0,4104.0,64.7
15340,276.0,3312.0,64.4
15341,278.0,3336.0,64.4
15342,286.0,3432.0,64.5
15343,260.0,3120.0,64.5
15344,283.0,3396.0,64.6
15345,296.0,3552.0,64.5
15346,320.0,3840.0,64.7
15347,342.0,4104.0,64.9
15348,339.0,4068.0,64.8
15349,326.0,3912.0,64.8
15350,343.0,4116.0,64.7
15351,317.0,3804.0,65.0
15352,306.0,3672.0,64.8
15353,290.0,3480.0,64.9
15354,280.0,3360.0,64.9
15355,338.0,4056.0,64.6
15356,380.0,4560.0,64.3
15357,364.0,4368.0,64.1
15358,359.0,4308.0,63.9
15359,343.0,4116.0,64.0
15360,317.0,3804.0,64.2
15361,378.0,4536.0,64.1
15362,377.0,4524.0,64.0
15363,336.0,4032.0,64.5
15364,352.0,4224.0,64.1
15365,378.0,4536.0,64.2
15366,378.0,4536.0,64.3
15367,380.0,4560.0,64.6
15368,380.0,4560.0,64.1
15369,383.0,4596.0,64.2
15370,376.0,4512.0,64.4
15371,364.0,4368.0,64.1
15372,358.0,4296.0,63.6
15373,348.0,4176.0,63.3
15374,354.0,4248.0,63.3
15375,354.0,4248.0,63.1
15376,352.0,4224.0,62.9
15377,354.0,4248.0,63.0
15378,348.0,4176.0,63.0
15379,350.0,4200.0,63.2
15380,353.0,4236.0,63.2
15381,355.0,4260.0,62.9
15382,346.0,4152.0,62.8
15383,340.0,4080.0,62.6
15384,330.0,3960.0,62.8
15385,332.0,3984.0,62.8
15386,336.0,4032.0,62.9
15387,342.0,4104.0,63.4
15388,334.0,4008.0,63.0
15389,336.0,4032.0,62.8
15390,339.0,4068.0,62.5
15391,343.0,4116.0,62.6
15392,347.0,4164.0,62.5
15393,343.0,4116.0,62.7
15394,343.0,4116.0,62.5
15395,336.0,4032.0,62.4
15396,329.0,3948.0,62.3
15397,340.0,4080.0,62.4
15398,343.0,4116.0,62.3
15399,350.0,4200.0,62.4
15400,347.0,4164.0,62.6
15401,347.0,4164.0,62.8
15402,342.0,4104.0,62.5
15403,354.0,4248.0,63.0
15404,358.0,4296.0,62.8
15405,355.0,4260.0,62.6
15406,347.0,4164.0,63.0
15407,346.0,4152.0,62.9
15408,343.0,4116.0,62.7
15409,346.0,4152.0,62.7
15410,354.0,4248.0,62.8
15411,355.0,4260.0,62.8
15412,353.0,4236.0,63.0
15413,354.0,4248.0,62.9
15414,359.0,4308.0,62.7
15415,360.0,4320.0,62.8
15416,355.0,4260.0,63.3
15417,354.0,4248.0,62.9
15418,352.0,4224.0,63.0
15419,354.0,4248.0,63.3
15420,346.0,4152.0,62.8
15421,343.0,4116.0,62.7
15422,355.0,4260.0,63.7
15423,362.0,4344.0,63.7
15424,358.0,4296.0,63.6
15425,363.0,4356.0,63.3
15426,360.0,4320.0,63.0
15427,366.0,4392.0,63.3
15428,369.0,4428.0,62.8
15429,376.0,4512.0,62.8
15430,376.0,4512.0,62.6
15431,376.0,4512.0,62.7
15432,376.0,4512.0,62.7
15433,378.0,4536.0,62.6
15434,385.0,4620.0,62.9
15435,395.0,4740.0,62.9
15436,396.0,4752.0,63.0
15437,402.0,4824.0,62.8
15438,402.0,4824.0,62.9
15439,410.0,4920.0,62.8
15440,417.0,5004.0,62.9
15441,436.0,5232.0,63.4
15442,459.0,5508.0,63.2
15443,466.0,5592.0,62.8
15444,469.0,5628.0,62.7
15445,468.0,5616.0,62.5
15446,452.0,5424.0,62.2
15447,468.0,5616.0,62.5
15448,479.0,5748.0,62.3
15449,463.0,5556.0,61.9
15450,471.0,5652.0,62.3
15451,459.0,5508.0,61.7
15452,445.0,5340.0,61.7
15453,432.0,5184.0,60.7
15454,455.0,5460.0,61.4
15455,442.0,5304.0,61.7
15456,434.0,5208.0,62.1
15457,453.0,5436.0,62.6
15458,449.0,5388.0,62.9
15459,426.0,5112.0,63.1
15460,427.0,5124.0,63.0
15461,445.0,5340.0,63.2
15462,427.0,5124.0,63.5
15463,413.0,4956.0,63.7
15464,440.0,5280.0,63.1
15465,425.0,5100.0,61.2
15466,449.0,5388.0,61.8
15467,432.0,5184.0,61.7
15468,426.0,5112.0,61.8
15469,438.0,5256.0,62.9
15470,461.0,5532.0,62.9
15471,442.0,5304.0,62.7
15472,459.0,5508.0,62.2
15473,464.0,5568.0,61.6
15474,449.0,5388.0,60.7
15475,448.0,5376.0,60.4
15476,438.0,5256.0,62.2
15477,438.0,5256.0,64.5
15478,432.0,5184.0,65.2
15479,459.0,5508.0,65.6
15480,431.0,5172.0,65.6
15481,396.0,4752.0,65.9
15482,380.0,4560.0,66.1
15483,392.0,4704.0,66.6
15484,380.0,4560.0,66.9
15485,385.0,4620.0,67.1
15486,352.0,4224.0,67.1
15487,336.0,4032.0,67.2
15488,364.0,4368.0,67.3
15489,350.0,4200.0,67.5
15490,340.0,4080.0,67.6
15491,320.0,3840.0,68.1
15492,309.0,3708.0,67.3
15493,313.0,3756.0,67.5
15494,317.0,3804.0,67.9
15495,326.0,3912.0,67.8
15496,320.0,3840.0,68.0
15497,313.0,3756.0,68.2
15498,310.0,3720.0,68.1
15499,293.0,3516.0,67.7
15500,297.0,3564.0,67.6
15501,293.0,3516.0,67.2
15502,296.0,3552.0,66.9
15503,290.0,3480.0,66.7
15504,278.0,3336.0,66.7
15505,287.0,3444.0,66.9
15506,278.0,3336.0,67.0
15507,263.0,3156.0,66.8
15508,275.0,3300.0,67.1
15509,278.0,3336.0,67.0
15510,271.0,3252.0,66.9
15511,258.0,3096.0,66.9
15512,258.0,3096.0,67.0
15513,241.0,2892.0,67.1
15514,254.0,3048.0,67.2
15515,231.0,2772.0,67.2
15516,241.0,2892.0,67.9
15517,241.0,2892.0,68.1
15518,227.0,2724.0,68.3
15519,244.0,2928.0,68.6
15520,238.0,2856.0,68.5
15521,248.0,2976.0,68.7
15522,223.0,2676.0,68.7
15523,216.0,2592.0,68.4
15524,218.0,2616.0,68.4
15525,234.0,2808.0,68.2
15526,208.0,2496.0,68.4
15527,216.0,2592.0,68.0
15528,204.0,2448.0,68.0
15529,214.0,2568.0,68.3
15530,197.0,2364.0,68.2
15531,215.0,2580.0,68.3
15532,200.0,2400.0,68.7
15533,186.0,2232.0,68.7
15534,169.0,2028.0,68.8
15535,174.0,2088.0,68.4
15536,169.0,2028.0,68.4
15537,166.0,1992.0,68.4
15538,165.0,1980.0,68.2
15539,142.0,1704.0,68.1
15540,139.0,1668.0,68.2
15541,144.0,1728.0,68.3
15542,152.0,1824.0,68.3
15543,144.0,1728.0,68.6
15544,144.0,1728.0,68.5
15545,127.0,1524.0,68.7
15546,125.0,1500.0,68.7
15547,119.0,1428.0,68.4
15548,116.0,1392.0,68.3
15549,118.0,1416.0,68.1
15550,112.0,1344.0,68.0
15551,102.0,1224.0,68.2
15552,95.0,1140.0,68.8
15553,97.0,1164.0,68.6
15554,105.0,1260.0,68.8
15555,105.0,1260.0,68.8
15556,95.0,1140.0,68.0
15557,86.0,1032.0,68.5
15558,79.0,948.0,68.2
15559,72.0,864.0,68.0
15560,75.0,900.0,67.8
15561,76.0,912.0,67.5
15562,69.0,828.0,67.5
15563,69.0,828.0,67.5
15564,65.0,780.0,67.7
15565,63.0,756.0,67.5
15566,69.0,828.0,67.6
15567,72.0,864.0,67.8
15568,71.0,852.0,67.7
15569,60.0,720.0,67.5
15570,62.0,744.0,67.4
15571,53.0,636.0,67.5
15572,64.0,768.0,67.4
15573,63.0,756.0,67.5
15574,63.0,756.0,67.2
15575,58.0,696.0,67.3
15576,56.0,672.0,67.6
15577,61.0,732.0,67.7
15578,62.0,744.0,67.6
15579,62.0,744.0,67.4
15580,60.0,720.0,67.6
15581,53.0,636.0,67.3
15582,49.0,588.0,67.2
15583,53.0,636.0,67.1
15584,50.0,600.0,67.2
15585,56.0,672.0,67.1
15586,56.0,672.0,67.0
15587,49.0,588.0,66.9
15588,49.0,588.0,66.8
15589,49.0,588.0,66.8
15590,56.0,672.0,66.8
15591,60.0,720.0,66.9
15592,59.0,708.0,67.0
15593,60.0,720.0,67.3
15594,62.0,744.0,67.1
15595,67.0,804.0,67.2
15596,75.0,900.0,67.3
15597,76.0,912.0,67.8
15598,75.0,900.0,67.6
15599,76.0,912.0,67.7
15600,76.0,912.0,67.5
15601,83.0,996.0,67.5
15602,95.0,1140.0,67.4
15603,98.0,1176.0,67.6
15604,106.0,1272.0,67.9
15605,122.0,1464.0,67.9
15606,136.0,1632.0,68.1
15607,142.0,1704.0,68.3
15608,169.0,2028.0,68.6
15609,178.0,2136.0,68.4
15610,171.0,2052.0,68.5
15611,165.0,1980.0,68.6
15612,167.0,2004.0,68.3
15613,184.0,2208.0,68.3
15614,218.0,2616.0,68.3
15615,241.0,2892.0,68.8
15616,251.0,3012.0,68.7
15617,267.0,3204.0,68.6
15618,287.0,3444.0,67.8
15619,306.0,3672.0,68.2
15620,329.0,3948.0,68.7
15621,339.0,4068.0,68.5
15622,331.0,3972.0,68.5
15623,308.0,3696.0,68.7
15624,308.0,3696.0,66.3
15625,310.0,3720.0,65.3
15626,316.0,3792.0,64.7
15627,294.0,3528.0,64.5
15628,329.0,3948.0,64.4
15629,309.0,3708.0,64.5
15630,306.0,3672.0,64.5
15631,316.0,3792.0,64.5
15632,368.0,4416.0,64.6
15633,324.0,3888.0,64.7
15634,324.0,3888.0,64.7
15635,359.0,4308.0,64.9
15636,383.0,4596.0,64.9
15637,361.0,4332.0,64.9
15638,327.0,3924.0,64.7
15639,347.0,4164.0,64.7
15640,366.0,4392.0,64.7
15641,297.0,3564.0,64.9
15642,336.0,4032.0,64.7
15643,369.0,4428.0,64.8
15644,396.0,4752.0,64.5
15645,419.0,5028.0,64.4
15646,415.0,4980.0,64.5
15647,390.0,4680.0,64.4
15648,380.0,4560.0,64.5
15649,382.0,4584.0,64.2
15650,385.0,4620.0,64.4
15651,388.0,4656.0,64.2
15652,385.0,4620.0,64.1
15653,380.0,4560.0,64.4
15654,373.0,4476.0,64.1
15655,385.0,4620.0,64.2
15656,383.0,4596.0,64.1
15657,380.0,4560.0,64.0
15658,382.0,4584.0,64.0
15659,366.0,4392.0,64.1
15660,353.0,4236.0,64.1
15661,347.0,4164.0,63.8
15662,350.0,4200.0,63.7
15663,353.0,4236.0,63.6
15664,352.0,4224.0,63.5
15665,354.0,4248.0,63.3
15666,353.0,4236.0,63.3
15667,353.0,4236.0,63.3
15668,358.0,4296.0,63.1
15669,350.0,4200.0,62.7
15670,347.0,4164.0,62.7
15671,339.0,4068.0,62.7
15672,332.0,3984.0,62.5
15673,327.0,3924.0,62.8
15674,336.0,4032.0,62.8
15675,336.0,4032.0,62.4
15676,336.0,4032.0,62.5
15677,339.0,4068.0,62.6
15678,340.0,4080.0,62.7
15679,343.0,4116.0,62.2
15680,347.0,4164.0,62.6
15681,348.0,4176.0,62.4
15682,346.0,4152.0,62.5
15683,340.0,4080.0,61.9
15684,333.0,3996.0,62.6
15685,340.0,4080.0,62.7
15686,350.0,4200.0,62.5
15687,347.0,4164.0,62.4
15688,340.0,4080.0,62.9
15689,340.0,4080.0,63.0
15690,340.0,4080.0,62.3
15691,343.0,4116.0,62.9
15692,343.0,4116.0,62.9
15693,350.0,4200.0,62.3
15694,350.0,4200.0,62.5
15695,346.0,4152.0,62.8
15696,354.0,4248.0,62.7
15697,357.0,4284.0,62.7
15698,358.0,4296.0,62.4
15699,364.0,4368.0,62.7
15700,360.0,4320.0,62.7
15701,361.0,4332.0,63.4
15702,360.0,4320.0,63.0
15703,360.0,4320.0,62.9
15704,369.0,4428.0,62.6
15705,364.0,4368.0,62.8
15706,362.0,4344.0,62.6
15707,366.0,4392.0,62.7
15708,362.0,4344.0,62.8
15709,364.0,4368.0,62.6
15710,366.0,4392.0,62.6
15711,376.0,4512.0,62.9
15712,376.0,4512.0,63.3
15713,383.0,4596.0,63.0
15714,376.0,4512.0,62.9
15715,382.0,4584.0,63.1
15716,387.0,4644.0,62.7
15717,395.0,4740.0,62.8
15718,392.0,4704.0,63.0
15719,390.0,4680.0,63.0
15720,385.0,4620.0,63.0
15721,389.0,4668.0,62.7
15722,397.0,4764.0,63.0
15723,403.0,4836.0,63.1
15724,407.0,4884.0,63.0
15725,411.0,4932.0,63.0
15726,418.0,5016.0,62.9
15727,413.0,4956.0,63.1
15728,425.0,5100.0,63.1
15729,448.0,5376.0,63.1
15730,434.0,5208.0,63.0
15731,429.0,5148.0,63.0
15732,449.0,5388.0,62.2
15733,429.0,5148.0,62.6
15734,432.0,5184.0,62.5
15735,443.0,5316.0,62.3
15736,442.0,5304.0,62.5
15737,447.0,5364.0,62.3
15738,463.0,5556.0,62.2
15739,438.0,5256.0,62.6
15740,431.0,5172.0,62.9
15741,436.0,5232.0,61.1
15742,438.0,5256.0,59.6
15743,443.0,5316.0,59.7
15744,449.0,5388.0,59.9
15745,441.0,5292.0,60.7
15746,465.0,5580.0,61.1
15747,445.0,5340.0,61.3
15748,431.0,5172.0,61.0
15749,441.0,5292.0,59.8
15750,449.0,5388.0,60.4
15751,459.0,5508.0,61.0
15752,443.0,5316.0,62.3
15753,433.0,5196.0,60.9
15754,432.0,5184.0,61.4
15755,425.0,5100.0,61.6
15756,418.0,5016.0,62.1
15757,432.0,5184.0,61.3
15758,445.0,5340.0,61.0
15759,443.0,5316.0,61.2
15760,443.0,5316.0,61.2
15761,436.0,5232.0,61.5
15762,429.0,5148.0,62.2
15763,447.0,5364.0,62.9
15764,445.0,5340.0,63.1
15765,415.0,4980.0,63.4
15766,410.0,4920.0,63.5
15767,434.0,5208.0,64.8
15768,422.0,5064.0,65.3
15769,405.0,4860.0,65.8
15770,419.0,5028.0,65.9
15771,407.0,4884.0,66.1
15772,392.0,4704.0,66.2
15773,407.0,4884.0,66.5
15774,403.0,4836.0,66.5
15775,377.0,4524.0,66.7
15776,354.0,4248.0,66.6
15777,358.0,4296.0,66.6
15778,346.0,4152.0,67.0
15779,327.0,3924.0,66.9
15780,313.0,3756.0,67.0
15781,329.0,3948.0,67.2
15782,330.0,3960.0,67.2
15783,340.0,4080.0,67.4
15784,326.0,3912.0,67.2
15785,330.0,3960.0,67.3
15786,323.0,3876.0,67.2
15787,296.0,3552.0,67.1
15788,294.0,3528.0,66.9
15789,290.0,3480.0,66.9
15790,293.0,3516.0,66.8
15791,300.0,3600.0,66.7
15792,275.0,3300.0,66.9
15793,285.0,3420.0,66.8
15794,287.0,3444.0,67.1
15795,303.0,3636.0,67.1
15796,268.0,3216.0,67.0
15797,269.0,3228.0,66.9
15798,280.0,3360.0,66.9
15799,281.0,3372.0,66.8
15800,254.0,3048.0,67.3
15801,260.0,3120.0,67.2
15802,261.0,3132.0,67.1
15803,264.0,3168.0,67.3
15804,267.0,3204.0,67.8
15805,248.0,2976.0,68.3
15806,246.0,2952.0,68.4
15807,248.0,2976.0,68.1
15808,244.0,2928.0,68.5
15809,254.0,3048.0,68.4
15810,238.0,2856.0,68.3
15811,238.0,2856.0,68.4
15812,234.0,2808.0,68.2
15813,232.0,2784.0,68.4
15814,238.0,2856.0,68.4
15815,218.0,2616.0,68.4
15816,216.0,2592.0,68.4
15817,199.0,2388.0,68.3
15818,208.0,2496.0,68.4
15819,208.0,2496.0,68.7
15820,195.0,2340.0,68.5
15821,195.0,2340.0,68.3
15822,177.0,2124.0,68.1
15823,186.0,2232.0,68.1
15824,178.0,2136.0,68.2
15825,174.0,2088.0,68.2
15826,162.0,1944.0,68.2
15827,156.0,1872.0,68.0
15828,152.0,1824.0,68.2
15829,136.0,1632.0,69.1
15830,153.0,1836.0,68.3
15831,158.0,1896.0,68.3
15832,141.0,1692.0,67.9
15833,141.0,1692.0,67.6
15834,128.0,1536.0,67.8
15835,128.0,1536.0,67.7
15836,131.0,1572.0,67.3
15837,125.0,1500.0,67.7
15838,113.0,1356.0,67.5
15839,113.0,1356.0,67.4
15840,105.0,1260.0,69.2
15841,105.0,1260.0,68.8
15842,106.0,1272.0,68.6
15843,109.0,1308.0,68.6
15844,95.0,1140.0,67.7
15845,82.0,984.0,67.9
15846,91.0,1092.0,67.6
15847,76.0,912.0,67.4
15848,79.0,948.0,67.7
15849,76.0,912.0,67.4
15850,71.0,852.0,67.5
15851,72.0,864.0,67.3
15852,63.0,756.0,67.7
15853,64.0,768.0,67.5
15854,72.0,864.0,67.7
15855,62.0,744.0,67.8
15856,69.0,828.0,67.5
15857,63.0,756.0,67.9
15858,60.0,720.0,67.5
15859,60.0,720.0,67.3
15860,69.0,828.0,67.2
15861,69.0,828.0,67.2
15862,67.0,804.0,67.6
15863,58.0,696.0,67.2
15864,56.0,672.0,67.3
15865,53.0,636.0,67.8
15866,61.0,732.0,67.8
15867,67.0,804.0,68.2
15868,53.0,636.0,67.7
15869,58.0,696.0,67.3
15870,53.0,636.0,67.4
15871,52.0,624.0,67.2
15872,58.0,696.0,67.3
15873,56.0,672.0,67.3
15874,58.0,696.0,66.9
15875,53.0,636.0,66.8
15876,50.0,600.0,66.9
15877,53.0,636.0,67.0
15878,56.0,672.0,67.3
15879,58.0,696.0,67.2
15880,60.0,720.0,67.5
15881,62.0,744.0,67.2
15882,64.0,768.0,67.4
15883,71.0,852.0,67.4
15884,74.0,888.0,67.6
15885,83.0,996.0,67.6
15886,80.0,960.0,67.8
15887,76.0,912.0,67.9
15888,82.0,984.0,67.5
15889,85.0,1020.0,67.2
15890,95.0,1140.0,67.4
15891,98.0,1176.0,67.3
15892,114.0,1368.0,67.7
15893,121.0,1452.0,67.7
15894,132.0,1584.0,67.8
15895,156.0,1872.0,67.8
15896,166.0,1992.0,68.4
15897,171.0,2052.0,68.5
15898,177.0,2124.0,68.5
15899,182.0,2184.0,68.5
15900,176.0,2112.0,68.5
15901,192.0,2304.0,68.4
15902,218.0,2616.0,68.2
15903,248.0,2976.0,68.3
15904,256.0,3072.0,68.3
15905,267.0,3204.0,68.2
15906,290.0,3480.0,68.3
15907,310.0,3720.0,68.7
15908,321.0,3852.0,68.6
15909,332.0,3984.0,68.8
15910,330.0,3960.0,69.5
15911,320.0,3840.0,69.0
15912,313.0,3756.0,67.0
15913,316.0,3792.0,65.6
15914,338.0,4056.0,65.1
15915,353.0,4236.0,64.9
15916,373.0,4476.0,64.9
15917,366.0,4392.0,64.7
15918,368.0,4416.0,64.7
15919,385.0,4620.0,64.7
15920,360.0,4320.0,64.8
15921,300.0,3600.0,64.7
15922,364.0,4368.0,64.9
15923,326.0,3912.0,65.0
15924,372.0,4464.0,64.9
15925,340.0,4080.0,65.1
15926,410.0,4920.0,64.9
15927,370.0,4440.0,65.1
15928,407.0,4884.0,65.0
15929,369.0,4428.0,65.0
15930,403.0,4836.0,64.9
15931,378.0,4536.0,64.6
15932,406.0,4872.0,64.7
15933,412.0,4944.0,64.4
15934,418.0,5016.0,64.5
15935,408.0,4896.0,64.6
15936,387.0,4644.0,64.5
15937,382.0,4584.0,64.3
15938,383.0,4596.0,64.2
15939,390.0,4680.0,64.2
15940,387.0,4644.0,64.2
15941,382.0,4584.0,64.1
15942,376.0,4512.0,64.1
15943,376.0,4512.0,64.1
15944,377.0,4524.0,64.1
15945,383.0,4596.0,63.7
15946,387.0,4644.0,63.7
15947,368.0,4416.0,63.9
15948,355.0,4260.0,63.5
15949,353.0,4236.0,63.6
15950,357.0,4284.0,63.3
15951,358.0,4296.0,63.1
15952,358.0,4296.0,62.8
15953,357.0,4284.0,62.9
15954,352.0,4224.0,62.9
15955,352.0,4224.0,63.1
15956,354.0,4248.0,63.2
15957,358.0,4296.0,62.8
15958,355.0,4260.0,62.9
15959,352.0,4224.0,62.7
15960,343.0,4116.0,62.8
15961,342.0,4104.0,62.4
15962,346.0,4152.0,62.5
15963,350.0,4200.0,62.4
15964,350.0,4200.0,62.4
15965,350.0,4200.0,62.4
15966,350.0,4200.0,62.4
15967,350.0,4200.0,62.4
15968,355.0,4260.0,62.4
15969,355.0,4260.0,62.3
15970,354.0,4248.0,62.5
15971,350.0,4200.0,62.7
15972,346.0,4152.0,62.8
15973,348.0,4176.0,62.3
15974,352.0,4224.0,62.2
15975,358.0,4296.0,62.2
15976,355.0,4260.0,62.4
15977,362.0,4344.0,62.4
15978,362.0,4344.0,62.4
15979,360.0,4320.0,62.4
15980,364.0,4368.0,62.6
15981,363.0,4356.0,62.8
15982,368.0,4416.0,62.5
15983,363.0,4356.0,62.5
15984,355.0,4260.0,62.9
15985,364.0,4368.0,63.0
15986,361.0,4332.0,62.5
15987,366.0,4392.0,62.7
15988,369.0,4428.0,62.7
15989,368.0,4416.0,63.5
15990,366.0,4392.0,63.5
15991,376.0,4512.0,63.4
15992,372.0,4464.0,63.4
15993,376.0,4512.0,62.7
15994,373.0,4476.0,62.9
15995,364.0,4368.0,63.1
15996,369.0,4428.0,62.6
15997,369.0,4428.0,63.4
15998,372.0,4464.0,63.6
15999,377.0,4524.0,63.0
16000,385.0,4620.0,62.7
16001,376.0,4512.0,62.3
16002,376.0,4512.0,62.4
16003,383.0,4596.0,62.7
16004,392.0,4704.0,62.7
16005,399.0,4788.0,62.8
16006,392.0,4704.0,62.6
16007,395.0,4740.0,62.4
16008,392.0,4704.0,62.0
16009,393.0,4716.0,62.2
16010,406.0,4872.0,62.1
16011,410.0,4920.0,62.3
16012,425.0,5100.0,62.3
16013,412.0,4944.0,62.5
16014,412.0,4944.0,62.3
16015,415.0,4980.0,62.4
16016,425.0,5100.0,62.3
16017,443.0,5316.0,61.8
16018,441.0,5292.0,61.3
16019,452.0,5424.0,61.2
16020,452.0,5424.0,60.5
16021,434.0,5208.0,60.0
16022,464.0,5568.0,59.4
16023,449.0,5388.0,59.5
16024,443.0,5316.0,59.2
16025,452.0,5424.0,59.0
16026,422.0,5064.0,58.6
16027,455.0,5460.0,58.6
16028,455.0,5460.0,58.6
16029,441.0,5292.0,57.7
16030,429.0,5148.0,56.3
16031,429.0,5148.0,56.6
16032,441.0,5292.0,54.8
16033,432.0,5184.0,56.2
16034,436.0,5232.0,57.5
16035,436.0,5232.0,56.9
16036,449.0,5388.0,57.2
16037,433.0,5196.0,57.7
16038,442.0,5304.0,57.7
16039,427.0,5124.0,57.7
16040,438.0,5256.0,58.0
16041,441.0,5292.0,58.4
16042,436.0,5232.0,58.4
16043,441.0,5292.0,57.6
16044,429.0,5148.0,58.0
16045,429.0,5148.0,58.4
16046,441.0,5292.0,58.1
16047,441.0,5292.0,57.3
16048,435.0,5220.0,57.0
16049,431.0,5172.0,55.8
16050,438.0,5256.0,57.6
16051,427.0,5124.0,57.7
16052,429.0,5148.0,58.1
16053,449.0,5388.0,58.4
16054,436.0,5232.0,59.1
16055,408.0,4896.0,59.8
16056,411.0,4932.0,61.1
16057,419.0,5028.0,63.8
16058,441.0,5292.0,64.5
16059,417.0,5004.0,65.1
16060,393.0,4716.0,65.5
16061,406.0,4872.0,65.8
16062,412.0,4944.0,66.2
16063,402.0,4824.0,66.5
16064,385.0,4620.0,66.4
16065,396.0,4752.0,66.6
16066,405.0,4860.0,66.8
16067,376.0,4512.0,67.1
16068,350.0,4200.0,67.2
16069,369.0,4428.0,67.5
16070,339.0,4068.0,67.3
16071,355.0,4260.0,67.4
16072,336.0,4032.0,67.5
16073,339.0,4068.0,67.3
16074,332.0,3984.0,67.1
16075,336.0,4032.0,66.8
16076,301.0,3612.0,66.8
16077,320.0,3840.0,66.7
16078,330.0,3960.0,66.6
16079,306.0,3672.0,66.5
16080,327.0,3924.0,66.8
16081,310.0,3720.0,66.7
16082,313.0,3756.0,66.8
16083,326.0,3912.0,67.0
16084,317.0,3804.0,66.7
16085,320.0,3840.0,67.0
16086,310.0,3720.0,66.8
16087,300.0,3600.0,67.1
16088,303.0,3636.0,67.0
16089,293.0,3516.0,67.6
16090,283.0,3396.0,67.7
16091,267.0,3204.0,67.3
16092,267.0,3204.0,68.0
16093,274.0,3288.0,68.1
16094,269.0,3228.0,68.0
16095,286.0,3432.0,68.4
16096,287.0,3444.0,68.5
16097,271.0,3252.0,68.2
16098,285.0,3420.0,68.0
16099,269.0,3228.0,68.5
16100,256.0,3072.0,68.6
16101,244.0,2928.0,68.5
16102,251.0,3012.0,68.6
16103,248.0,2976.0,68.7
16104,228.0,2736.0,68.4
16105,228.0,2736.0,68.9
16106,237.0,2844.0,69.0
16107,224.0,2688.0,68.6
16108,224.0,2688.0,68.5
16109,220.0,2640.0,68.2
16110,214.0,2568.0,68.6
16111,211.0,2532.0,68.7
16112,208.0,2496.0,68.3
16113,186.0,2232.0,68.6
16114,185.0,2220.0,68.2
16115,170.0,2040.0,68.4
16116,169.0,2028.0,68.1
16117,159.0,1908.0,68.5
16118,169.0,2028.0,68.3
16119,156.0,1872.0,68.7
16120,156.0,1872.0,68.4
16121,151.0,1812.0,68.4
16122,146.0,1752.0,68.3
16123,135.0,1620.0,68.1
16124,144.0,1728.0,68.2
16125,141.0,1692.0,68.0
16126,128.0,1536.0,68.3
16127,113.0,1356.0,68.1
16128,114.0,1368.0,69.3
16129,121.0,1452.0,68.6
16130,120.0,1440.0,68.9
16131,113.0,1356.0,68.3
16132,106.0,1272.0,68.0
16133,92.0,1104.0,67.6
16134,90.0,1080.0,67.8
16135,93.0,1116.0,67.9
16136,92.0,1104.0,67.4
16137,85.0,1020.0,67.5
16138,80.0,960.0,67.5
16139,74.0,888.0,68.0
16140,76.0,912.0,68.1
16141,83.0,996.0,68.1
16142,72.0,864.0,67.6
16143,80.0,960.0,68.4
16144,72.0,864.0,68.3
16145,74.0,888.0,67.7
16146,69.0,828.0,67.4
16147,71.0,852.0,67.7
16148,74.0,888.0,67.8
16149,69.0,828.0,67.7
16150,64.0,768.0,67.4
16151,62.0,744.0,67.3
16152,63.0,756.0,67.7
16153,61.0,732.0,67.8
16154,62.0,744.0,67.7
16155,61.0,732.0,68.1
16156,72.0,864.0,67.8
16157,63.0,756.0,67.6
16158,60.0,720.0,67.4
16159,65.0,780.0,67.6
16160,59.0,708.0,67.3
16161,59.0,708.0,67.4
16162,60.0,720.0,67.4
16163,56.0,672.0,67.3
16164,53.0,636.0,67.2
16165,61.0,732.0,66.8
16166,59.0,708.0,67.2
16167,76.0,912.0,67.3
16168,67.0,804.0,67.9
16169,65.0,780.0,67.7
16170,67.0,804.0,67.6
16171,71.0,852.0,67.5
16172,79.0,948.0,67.5
16173,82.0,984.0,67.8
16174,79.0,948.0,67.9
16175,79.0,948.0,67.7
16176,83.0,996.0,67.5
16177,85.0,1020.0,67.5
16178,98.0,1176.0,67.5
16179,106.0,1272.0,67.7
16180,116.0,1392.0,67.8
16181,131.0,1572.0,67.9
16182,139.0,1668.0,68.3
16183,158.0,1896.0,68.1
16184,159.0,1908.0,68.1
16185,182.0,2184.0,68.8
16186,181.0,2172.0,68.6
16187,178.0,2136.0,68.6
16188,181.0,2172.0,68.3
16189,185.0,2220.0,68.4
16190,214.0,2568.0,68.5
16191,230.0,2760.0,68.4
16192,241.0,2892.0,68.5
16193,261.0,3132.0,68.5
16194,274.0,3288.0,68.8
16195,291.0,3492.0,68.4
16196,309.0,3708.0,68.4
16197,324.0,3888.0,68.7
16198,313.0,3756.0,68.8
16199,294.0,3528.0,68.7
16200,296.0,3552.0,66.1
16201,306.0,3672.0,64.9
16202,320.0,3840.0,64.6
16203,340.0,4080.0,64.4
16204,354.0,4248.0,64.1
16205,359.0,4308.0,64.3
16206,369.0,4428.0,64.4
16207,373.0,4476.0,64.4
16208,376.0,4512.0,64.1
16209,399.0,4788.0,64.2
16210,387.0,4644.0,64.2
16211,369.0,4428.0,64.2
16212,363.0,4356.0,64.5
16213,370.0,4440.0,64.1
16214,385.0,4620.0,64.0
16215,396.0,4752.0,64.7
16216,393.0,4716.0,64.2
16217,403.0,4836.0,64.2
16218,411.0,4932.0,64.1
16219,411.0,4932.0,64.1
16220,415.0,4980.0,63.8
16221,411.0,4932.0,64.0
16222,399.0,4788.0,64.0
16223,392.0,4704.0,63.8
16224,376.0,4512.0,63.5
16225,369.0,4428.0,63.9
16226,369.0,4428.0,63.7
16227,376.0,4512.0,63.7
16228,369.0,4428.0,63.9
16229,368.0,4416.0,63.7
16230,364.0,4368.0,63.7
16231,366.0,4392.0,63.6
16232,373.0,4476.0,63.5
16233,373.0,4476.0,63.4
16234,369.0,4428.0,63.3
16235,364.0,4368.0,63.4
16236,350.0,4200.0,63.1
16237,347.0,4164.0,63.0
16238,346.0,4152.0,62.5
16239,350.0,4200.0,62.3
16240,354.0,4248.0,62.4
16241,355.0,4260.0,62.2
16242,359.0,4308.0,62.4
16243,361.0,4332.0,62.3
16244,366.0,4392.0,62.3
16245,369.0,4428.0,62.1
16246,363.0,4356.0,62.1
16247,357.0,4284.0,62.0
16248,352.0,4224.0,61.9
16249,355.0,4260.0,61.9
16250,361.0,4332.0,61.9
16251,369.0,4428.0,61.6
16252,368.0,4416.0,61.9
16253,366.0,4392.0,61.7
16254,361.0,4332.0,61.8
16255,366.0,4392.0,61.7
16256,376.0,4512.0,61.6
16257,376.0,4512.0,61.2
16258,376.0,4512.0,61.4
16259,370.0,4440.0,61.0
16260,370.0,4440.0,61.2
16261,373.0,4476.0,61.2
16262,385.0,4620.0,61.1
16263,376.0,4512.0,61.1
16264,396.0,4752.0,60.9
16265,402.0,4824.0,60.9
16266,380.0,4560.0,61.0
16267,382.0,4584.0,60.5
16268,383.0,4596.0,60.7
16269,378.0,4536.0,60.6
16270,387.0,4644.0,60.8
16271,380.0,4560.0,60.7
16272,385.0,4620.0,61.0
16273,380.0,4560.0,61.3
16274,387.0,4644.0,61.3
16275,392.0,4704.0,61.1
16276,390.0,4680.0,61.1
16277,392.0,4704.0,60.9
16278,385.0,4620.0,61.1
16279,387.0,4644.0,61.1
16280,396.0,4752.0,60.6
16281,392.0,4704.0,59.9
16282,393.0,4716.0,59.4
16283,385.0,4620.0,59.7
16284,389.0,4668.0,60.0
16285,387.0,4644.0,59.6
16286,393.0,4716.0,59.9
16287,402.0,4824.0,59.9
16288,403.0,4836.0,59.8
16289,399.0,4788.0,60.0
16290,399.0,4788.0,60.0
16291,405.0,4860.0,59.8
16292,408.0,4896.0,60.0
16293,408.0,4896.0,59.5
16294,410.0,4920.0,59.8
16295,407.0,4884.0,59.5
16296,399.0,4788.0,59.0
16297,405.0,4860.0,58.5
16298,410.0,4920.0,58.6
16299,410.0,4920.0,58.2
16300,410.0,4920.0,57.8
16301,411.0,4932.0,57.2
16302,411.0,4932.0,57.2
16303,408.0,4896.0,56.3
16304,413.0,4956.0,56.9
16305,419.0,5028.0,56.2
16306,418.0,5016.0,52.5
16307,415.0,4980.0,53.8
16308,411.0,4932.0,53.7
16309,415.0,4980.0,53.0
16310,418.0,5016.0,53.6
16311,422.0,5064.0,53.1
16312,415.0,4980.0,53.2
16313,415.0,4980.0,53.0
16314,412.0,4944.0,50.7
16315,410.0,4920.0,53.3
16316,419.0,5028.0,50.2
16317,418.0,5016.0,47.8
16318,415.0,4980.0,49.3
16319,407.0,4884.0,51.3
16320,406.0,4872.0,53.4
16321,412.0,4944.0,52.8
16322,413.0,4956.0,53.2
16323,415.0,4980.0,53.8
16324,413.0,4956.0,55.4
16325,412.0,4944.0,55.8
16326,399.0,4788.0,56.1
16327,412.0,4944.0,56.2
16328,413.0,4956.0,56.5
16329,417.0,5004.0,56.8
16330,415.0,4980.0,56.9
16331,407.0,4884.0,57.2
16332,402.0,4824.0,57.5
16333,410.0,4920.0,57.7
16334,419.0,5028.0,57.9
16335,425.0,5100.0,58.2
16336,422.0,5064.0,58.0
16337,413.0,4956.0,57.6
16338,410.0,4920.0,57.7
16339,397.0,4764.0,57.7
16340,397.0,4764.0,58.0
16341,396.0,4752.0,58.6
16342,402.0,4824.0,58.6
16343,380.0,4560.0,58.7
16344,393.0,4716.0,59.8
16345,390.0,4680.0,61.5
16346,400.0,4800.0,63.8
16347,393.0,4716.0,64.6
16348,385.0,4620.0,65.4
16349,395.0,4740.0,65.7
16350,370.0,4440.0,65.8
16351,385.0,4620.0,66.0
16352,395.0,4740.0,65.8
16353,389.0,4668.0,66.2
16354,370.0,4440.0,66.6
16355,366.0,4392.0,66.5
16356,378.0,4536.0,66.9
16357,385.0,4620.0,66.9
16358,382.0,4584.0,66.6
16359,380.0,4560.0,67.0
16360,378.0,4536.0,66.8
16361,361.0,4332.0,66.9
16362,353.0,4236.0,66.7
16363,355.0,4260.0,66.6
16364,343.0,4116.0,66.5
16365,359.0,4308.0,66.1
16366,346.0,4152.0,66.2
16367,338.0,4056.0,66.1
16368,346.0,4152.0,66.2
16369,354.0,4248.0,66.2
16370,358.0,4296.0,66.4
16371,321.0,3852.0,66.4
16372,346.0,4152.0,66.4
16373,355.0,4260.0,66.4
16374,339.0,4068.0,66.5
16375,331.0,3972.0,66.6
16376,333.0,3996.0,66.7
16377,306.0,3672.0,66.8
16378,320.0,3840.0,66.9
16379,320.0,3840.0,67.1
16380,302.0,3624.0,67.1
16381,310.0,3720.0,67.3
16382,336.0,4032.0,67.5
16383,320.0,3840.0,67.7
16384,313.0,3756.0,68.2
16385,296.0,3552.0,68.0
16386,294.0,3528.0,67.9
16387,287.0,3444.0,68.0
16388,290.0,3480.0,68.3
16389,294.0,3528.0,68.3
16390,306.0,3672.0,68.4
16391,272.0,3264.0,68.6
16392,261.0,3132.0,68.6
16393,275.0,3300.0,68.7
16394,285.0,3420.0,68.7
16395,278.0,3336.0,68.2
16396,260.0,3120.0,68.3
16397,256.0,3072.0,68.2
16398,248.0,2976.0,68.3
16399,248.0,2976.0,68.4
16400,220.0,2640.0,68.5
16401,230.0,2760.0,68.7
16402,223.0,2676.0,68.7
16403,218.0,2616.0,68.8
16404,202.0,2424.0,68.7
16405,211.0,2532.0,68.4
16406,199.0,2388.0,68.8
16407,196.0,2352.0,68.2
16408,189.0,2268.0,68.2
16409,192.0,2304.0,68.5
16410,192.0,2304.0,68.3
16411,174.0,2088.0,68.3
16412,178.0,2136.0,68.7
16413,185.0,2220.0,68.5
16414,171.0,2052.0,68.6
16415,171.0,2052.0,68.6
16416,158.0,1896.0,68.9
16417,158.0,1896.0,68.5
16418,150.0,1800.0,68.7
16419,165.0,1980.0,68.4
16420,142.0,1704.0,68.1
16421,139.0,1668.0,68.0
16422,125.0,1500.0,68.1
16423,121.0,1452.0,68.0
16424,123.0,1476.0,68.0
16425,119.0,1428.0,68.5
16426,112.0,1344.0,68.2
16427,106.0,1272.0,68.4
16428,109.0,1308.0,68.7
16429,106.0,1272.0,68.4
16430,106.0,1272.0,68.4
16431,105.0,1260.0,68.2
16432,95.0,1140.0,68.2
16433,95.0,1140.0,68.6
16434,91.0,1092.0,68.4
16435,91.0,1092.0,68.3
16436,90.0,1080.0,68.2
16437,86.0,1032.0,68.2
16438,86.0,1032.0,68.7
16439,86.0,1032.0,68.3
16440,90.0,1080.0,68.7
16441,85.0,1020.0,68.6
16442,75.0,900.0,68.5
16443,83.0,996.0,68.3
16444,83.0,996.0,68.2
16445,72.0,864.0,68.6
16446,75.0,900.0,68.4
16447,72.0,864.0,67.8
16448,76.0,912.0,68.1
16449,71.0,852.0,67.8
16450,67.0,804.0,68.0
16451,69.0,828.0,67.8
16452,67.0,804.0,68.2
16453,67.0,804.0,68.2
16454,64.0,768.0,68.1
16455,69.0,828.0,67.8
16456,72.0,864.0,68.0
16457,72.0,864.0,67.9
16458,65.0,780.0,67.8
16459,65.0,780.0,68.0
16460,61.0,732.0,68.0
16461,65.0,780.0,67.8
16462,79.0,948.0,68.0
16463,67.0,804.0,67.9
16464,64.0,768.0,68.0
16465,63.0,756.0,67.8
16466,69.0,828.0,67.7
16467,69.0,828.0,67.5
16468,67.0,804.0,67.9
16469,72.0,864.0,67.9
16470,72.0,864.0,68.1
16471,79.0,948.0,68.1
16472,85.0,1020.0,68.2
16473,86.0,1032.0,68.3
16474,88.0,1056.0,68.1
16475,97.0,1164.0,68.0
16476,85.0,1020.0,67.9
16477,89.0,1068.0,68.2
16478,95.0,1140.0,67.8
16479,118.0,1416.0,67.8
16480,132.0,1584.0,67.9
16481,118.0,1416.0,68.1
16482,125.0,1500.0,68.0
16483,131.0,1572.0,68.3
16484,142.0,1704.0,68.3
16485,167.0,2004.0,68.5
16486,158.0,1896.0,68.6
16487,169.0,2028.0,68.7
16488,174.0,2088.0,67.8
16489,188.0,2256.0,67.4
16490,194.0,2328.0,67.1
16491,194.0,2328.0,67.0
16492,222.0,2664.0,67.4
16493,204.0,2448.0,67.2
16494,216.0,2592.0,67.3
16495,218.0,2616.0,67.5
16496,214.0,2568.0,67.8
16497,230.0,2760.0,67.8
16498,248.0,2976.0,68.1
16499,245.0,2940.0,67.9
16500,257.0,3084.0,67.3
16501,258.0,3096.0,66.4
16502,263.0,3156.0,66.1
16503,254.0,3048.0,65.7
16504,282.0,3384.0,65.8
16505,297.0,3564.0,65.7
16506,291.0,3492.0,65.9
16507,296.0,3552.0,65.8
16508,297.0,3564.0,66.1
16509,296.0,3552.0,65.9
16510,306.0,3672.0,65.8
16511,340.0,4080.0,65.8
16512,294.0,3528.0,65.6
16513,303.0,3636.0,65.7
16514,303.0,3636.0,65.6
16515,324.0,3888.0,65.2
16516,313.0,3756.0,65.5
16517,340.0,4080.0,65.8
16518,323.0,3876.0,65.7
16519,343.0,4116.0,65.6
16520,323.0,3876.0,65.8
16521,330.0,3960.0,65.6
16522,330.0,3960.0,65.4
16523,327.0,3924.0,65.9
16524,317.0,3804.0,66.0
16525,316.0,3792.0,65.6
16526,323.0,3876.0,65.5
16527,331.0,3972.0,65.3
16528,333.0,3996.0,65.4
16529,338.0,4056.0,65.2
16530,342.0,4104.0,65.3
16531,346.0,4152.0,65.4
16532,355.0,4260.0,64.8
16533,359.0,4308.0,64.9
16534,355.0,4260.0,65.0
16535,347.0,4164.0,65.0
16536,346.0,4152.0,65.1
16537,336.0,4032.0,65.0
16538,347.0,4164.0,64.9
16539,350.0,4200.0,64.8
16540,355.0,4260.0,64.9
16541,360.0,4320.0,64.8
16542,366.0,4392.0,64.7
16543,369.0,4428.0,64.6
16544,373.0,4476.0,64.4
16545,372.0,4464.0,64.5
16546,369.0,4428.0,64.5
16547,369.0,4428.0,64.4
16548,376.0,4512.0,64.1
16549,376.0,4512.0,64.5
16550,376.0,4512.0,64.6
16551,376.0,4512.0,64.7
16552,378.0,4536.0,64.6
16553,378.0,4536.0,65.1
16554,380.0,4560.0,65.0
16555,376.0,4512.0,64.9
16556,382.0,4584.0,64.8
16557,383.0,4596.0,64.9
16558,380.0,4560.0,64.9
16559,383.0,4596.0,64.9
16560,383.0,4596.0,65.1
16561,385.0,4620.0,65.1
16562,390.0,4680.0,65.2
16563,393.0,4716.0,64.6
16564,390.0,4680.0,64.6
16565,388.0,4656.0,64.7
16566,389.0,4668.0,64.7
16567,392.0,4704.0,64.8
16568,388.0,4656.0,64.2
16569,388.0,4656.0,64.9
16570,392.0,4704.0,64.8
16571,385.0,4620.0,64.9
16572,388.0,4656.0,65.1
16573,385.0,4620.0,65.1
16574,393.0,4716.0,65.3
16575,393.0,4716.0,64.8
16576,392.0,4704.0,65.1
16577,393.0,4716.0,65.3
16578,393.0,4716.0,65.3
16579,392.0,4704.0,65.2
16580,396.0,4752.0,65.2
16581,396.0,4752.0,65.1
16582,388.0,4656.0,65.3
16583,385.0,4620.0,65.1
16584,385.0,4620.0,65.2
16585,383.0,4596.0,65.4
16586,385.0,4620.0,65.5
16587,389.0,4668.0,65.2
16588,393.0,4716.0,65.4
16589,392.0,4704.0,65.4
16590,392.0,4704.0,65.4
16591,383.0,4596.0,65.6
16592,393.0,4716.0,65.5
16593,392.0,4704.0,65.6
16594,395.0,4740.0,65.6
16595,396.0,4752.0,65.3
16596,383.0,4596.0,65.5
16597,387.0,4644.0,65.6
16598,392.0,4704.0,65.7
16599,396.0,4752.0,65.6
16600,393.0,4716.0,65.4
16601,393.0,4716.0,65.6
16602,387.0,4644.0,65.7
16603,387.0,4644.0,65.8
16604,390.0,4680.0,65.7
16605,393.0,4716.0,65.7
16606,390.0,4680.0,66.1
16607,385.0,4620.0,65.8
16608,376.0,4512.0,65.8
16609,380.0,4560.0,65.8
16610,389.0,4668.0,65.8
16611,392.0,4704.0,65.9
16612,387.0,4644.0,66.0
16613,390.0,4680.0,66.0
16614,390.0,4680.0,66.3
16615,392.0,4704.0,66.2
16616,388.0,4656.0,66.3
16617,392.0,4704.0,66.0
16618,399.0,4788.0,66.0
16619,376.0,4512.0,66.1
16620,377.0,4524.0,66.2
16621,377.0,4524.0,66.2
16622,382.0,4584.0,66.1
16623,377.0,4524.0,66.2
16624,385.0,4620.0,66.7
16625,378.0,4536.0,66.5
16626,376.0,4512.0,66.4
16627,373.0,4476.0,66.4
16628,370.0,4440.0,66.5
16629,369.0,4428.0,66.7
16630,366.0,4392.0,66.7
16631,360.0,4320.0,66.9
16632,357.0,4284.0,66.6
16633,357.0,4284.0,66.7
16634,358.0,4296.0,66.8
16635,357.0,4284.0,67.0
16636,366.0,4392.0,67.0
16637,368.0,4416.0,67.3
16638,350.0,4200.0,67.1
16639,346.0,4152.0,67.2
16640,343.0,4116.0,67.4
16641,336.0,4032.0,67.2
16642,327.0,3924.0,67.0
16643,324.0,3888.0,67.2
16644,338.0,4056.0,67.2
16645,320.0,3840.0,67.2
16646,320.0,3840.0,67.3
16647,317.0,3804.0,67.6
16648,323.0,3876.0,67.4
16649,310.0,3720.0,67.2
16650,301.0,3612.0,67.3
16651,303.0,3636.0,67.2
16652,306.0,3672.0,66.8
16653,310.0,3720.0,66.6
16654,300.0,3600.0,66.5
16655,293.0,3516.0,66.1
16656,293.0,3516.0,66.3
16657,291.0,3492.0,66.3
16658,291.0,3492.0,66.5
16659,296.0,3552.0,66.6
16660,293.0,3516.0,66.6
16661,286.0,3432.0,66.7
16662,278.0,3336.0,66.8
16663,283.0,3396.0,66.8
16664,291.0,3492.0,67.0
16665,283.0,3396.0,67.1
16666,270.0,3240.0,67.1
16667,285.0,3420.0,67.2
16668,278.0,3336.0,67.7
16669,283.0,3396.0,68.3
16670,264.0,3168.0,68.4
16671,281.0,3372.0,68.5
16672,283.0,3396.0,68.6
16673,294.0,3528.0,68.6
16674,281.0,3372.0,68.7
16675,264.0,3168.0,68.6
16676,269.0,3228.0,68.5
16677,257.0,3084.0,68.7
16678,260.0,3120.0,68.6
16679,283.0,3396.0,68.7
16680,252.0,3024.0,68.4
16681,253.0,3036.0,68.2
16682,254.0,3048.0,68.4
16683,246.0,2952.0,68.1
16684,244.0,2928.0,68.4
16685,267.0,3204.0,68.7
16686,263.0,3156.0,68.8
16687,241.0,2892.0,68.8
16688,238.0,2856.0,68.8
16689,227.0,2724.0,69.1
16690,241.0,2892.0,68.9
16691,237.0,2844.0,69.1
16692,230.0,2760.0,68.7
16693,220.0,2640.0,68.5
16694,208.0,2496.0,68.4
16695,211.0,2532.0,68.5
16696,220.0,2640.0,68.3
16697,185.0,2220.0,68.5
16698,186.0,2232.0,68.4
16699,178.0,2136.0,68.5
16700,178.0,2136.0,68.4
16701,169.0,2028.0,68.6
16702,177.0,2124.0,68.3
16703,171.0,2052.0,68.7
16704,150.0,1800.0,68.8
16705,159.0,1908.0,68.6
16706,155.0,1860.0,68.5
16707,144.0,1728.0,68.2
16708,151.0,1812.0,68.4
16709,142.0,1704.0,68.5
16710,125.0,1500.0,68.6
16711,129.0,1548.0,68.6
16712,127.0,1524.0,68.8
16713,114.0,1368.0,68.3
16714,112.0,1344.0,68.6
16715,110.0,1320.0,68.8
16716,105.0,1260.0,68.7
16717,98.0,1176.0,68.5
16718,101.0,1212.0,68.5
16719,101.0,1212.0,68.3
16720,93.0,1116.0,68.3
16721,90.0,1080.0,68.6
16722,82.0,984.0,68.7
16723,83.0,996.0,68.3
16724,79.0,948.0,68.7
16725,76.0,912.0,68.3
16726,79.0,948.0,68.7
16727,76.0,912.0,68.6
16728,75.0,900.0,68.6
16729,75.0,900.0,68.5
16730,74.0,888.0,68.6
16731,71.0,852.0,68.7
16732,69.0,828.0,68.6
16733,63.0,756.0,68.6
16734,62.0,744.0,68.6
16735,62.0,744.0,68.7
16736,60.0,720.0,68.7
16737,56.0,672.0,68.3
16738,56.0,672.0,68.5
16739,53.0,636.0,68.4
16740,50.0,600.0,68.7
16741,52.0,624.0,68.7
16742,50.0,600.0,68.7
16743,53.0,636.0,68.5
16744,49.0,588.0,68.5
16745,47.0,564.0,68.6
16746,46.0,552.0,68.7
16747,46.0,552.0,68.5
16748,45.0,540.0,68.4
16749,45.0,540.0,68.6
16750,42.0,504.0,68.4
16751,41.0,492.0,68.1
16752,42.0,504.0,68.2
16753,42.0,504.0,68.2
16754,42.0,504.0,68.3
16755,42.0,504.0,68.2
16756,42.0,504.0,68.3
16757,44.0,528.0,68.4
16758,44.0,528.0,68.3
16759,49.0,588.0,68.2
16760,49.0,588.0,68.4
16761,50.0,600.0,68.6
16762,49.0,588.0,68.4
16763,50.0,600.0,68.3
16764,47.0,564.0,68.4
16765,50.0,600.0,68.3
16766,52.0,624.0,68.4
16767,56.0,672.0,68.5
16768,58.0,696.0,68.3
16769,60.0,720.0,68.3
16770,62.0,744.0,68.1
16771,67.0,804.0,68.5
16772,72.0,864.0,68.3
16773,72.0,864.0,68.2
16774,72.0,864.0,68.3
16775,86.0,1032.0,68.4
16776,72.0,864.0,68.1
16777,79.0,948.0,68.3
16778,82.0,984.0,68.2
16779,88.0,1056.0,68.3
16780,110.0,1320.0,68.4
16781,106.0,1272.0,68.4
16782,101.0,1212.0,68.5
16783,110.0,1320.0,68.9
16784,112.0,1344.0,68.9
16785,122.0,1464.0,68.9
16786,120.0,1440.0,69.0
16787,125.0,1500.0,69.1
16788,129.0,1548.0,68.7
16789,142.0,1704.0,68.8
16790,146.0,1752.0,68.7
16791,156.0,1872.0,68.6
16792,158.0,1896.0,68.5
16793,161.0,1932.0,68.8
16794,152.0,1824.0,68.9
16795,153.0,1836.0,68.8
16796,159.0,1908.0,69.0
16797,169.0,2028.0,68.8
16798,162.0,1944.0,69.0
16799,174.0,2088.0,69.0
16800,169.0,2028.0,68.4
16801,178.0,2136.0,68.1
16802,192.0,2304.0,68.0
16803,214.0,2568.0,68.4
16804,197.0,2364.0,68.2
16805,188.0,2256.0,68.3
16806,206.0,2472.0,68.2
16807,206.0,2472.0,68.3
16808,225.0,2700.0,68.1
16809,221.0,2652.0,68.1
16810,244.0,2928.0,67.9
16811,225.0,2700.0,68.0
16812,230.0,2760.0,67.6
16813,230.0,2760.0,67.7
16814,241.0,2892.0,67.5
16815,250.0,3000.0,67.6
16816,257.0,3084.0,67.4
16817,263.0,3156.0,67.4
16818,269.0,3228.0,67.3
16819,275.0,3300.0,67.4
16820,283.0,3396.0,67.3
16821,290.0,3480.0,67.2
16822,294.0,3528.0,67.2
16823,291.0,3492.0,67.5
16824,291.0,3492.0,66.9
16825,287.0,3444.0,66.9
16826,308.0,3696.0,66.7
16827,302.0,3624.0,66.6
16828,310.0,3720.0,66.6
16829,313.0,3756.0,66.5
16830,317.0,3804.0,66.4
16831,323.0,3876.0,66.6
16832,332.0,3984.0,66.5
16833,334.0,4008.0,66.5
16834,336.0,4032.0,66.5
16835,334.0,4008.0,66.6
16836,331.0,3972.0,66.5
16837,324.0,3888.0,66.2
16838,332.0,3984.0,66.1
16839,340.0,4080.0,66.2
16840,338.0,4056.0,65.9
16841,343.0,4116.0,66.1
16842,354.0,4248.0,65.9
16843,354.0,4248.0,65.9
16844,357.0,4284.0,65.7
16845,358.0,4296.0,65.7
16846,357.0,4284.0,65.7
16847,363.0,4356.0,65.5
16848,363.0,4356.0,65.5
16849,358.0,4296.0,65.7
16850,366.0,4392.0,65.6
16851,366.0,4392.0,65.7
16852,369.0,4428.0,65.3
16853,372.0,4464.0,65.1
16854,377.0,4524.0,65.4
16855,380.0,4560.0,65.0
16856,385.0,4620.0,65.0
16857,383.0,4596.0,65.0
16858,382.0,4584.0,64.9
16859,380.0,4560.0,65.2
16860,377.0,4524.0,65.2
16861,373.0,4476.0,65.2
16862,377.0,4524.0,65.1
16863,380.0,4560.0,65.1
16864,383.0,4596.0,64.8
16865,385.0,4620.0,64.7
16866,380.0,4560.0,64.5
16867,380.0,4560.0,64.7
16868,382.0,4584.0,64.7
16869,382.0,4584.0,64.3
16870,380.0,4560.0,64.8
16871,376.0,4512.0,64.5
16872,369.0,4428.0,64.7
16873,369.0,4428.0,64.8
16874,369.0,4428.0,64.9
16875,373.0,4476.0,65.0
16876,373.0,4476.0,65.1
16877,369.0,4428.0,65.1
16878,369.0,4428.0,64.9
16879,364.0,4368.0,65.0
16880,369.0,4428.0,65.1
16881,369.0,4428.0,65.2
16882,366.0,4392.0,65.1
16883,360.0,4320.0,65.3
16884,366.0,4392.0,65.4
16885,360.0,4320.0,65.3
16886,369.0,4428.0,65.1
16887,366.0,4392.0,65.4
16888,366.0,4392.0,65.0
16889,362.0,4344.0,65.1
16890,373.0,4476.0,65.1
16891,373.0,4476.0,65.1
16892,373.0,4476.0,65.1
16893,370.0,4440.0,65.6
16894,376.0,4512.0,65.4
16895,369.0,4428.0,65.2
16896,363.0,4356.0,65.4
16897,364.0,4368.0,65.3
16898,370.0,4440.0,65.6
16899,368.0,4416.0,65.7
16900,380.0,4560.0,65.2
16901,368.0,4416.0,65.2
16902,366.0,4392.0,65.3
16903,364.0,4368.0,65.6
16904,366.0,4392.0,65.5
16905,362.0,4344.0,65.5
16906,360.0,4320.0,65.6
16907,350.0,4200.0,65.9
16908,348.0,4176.0,65.7
16909,357.0,4284.0,65.9
16910,352.0,4224.0,66.0
16911,355.0,4260.0,65.9
16912,352.0,4224.0,66.5
16913,350.0,4200.0,66.4
16914,343.0,4116.0,66.7
16915,343.0,4116.0,66.6
16916,342.0,4104.0,66.4
16917,340.0,4080.0,66.3
16918,342.0,4104.0,66.5
16919,336.0,4032.0,66.7
16920,336.0,4032.0,66.5
16921,340.0,4080.0,66.6
16922,340.0,4080.0,66.6
16923,340.0,4080.0,66.4
16924,354.0,4248.0,66.1
16925,329.0,3948.0,66.5
16926,361.0,4332.0,66.4
16927,332.0,3984.0,66.3
16928,326.0,3912.0,66.3
16929,324.0,3888.0,66.2
16930,320.0,3840.0,66.2
16931,317.0,3804.0,66.3
16932,316.0,3792.0,66.1
16933,313.0,3756.0,66.1
16934,320.0,3840.0,65.9
16935,320.0,3840.0,65.7
16936,323.0,3876.0,65.7
16937,316.0,3792.0,65.5
16938,313.0,3756.0,65.2
16939,306.0,3672.0,65.0
16940,310.0,3720.0,64.7
16941,320.0,3840.0,64.5
16942,308.0,3696.0,64.3
16943,309.0,3708.0,64.2
16944,306.0,3672.0,63.9
16945,304.0,3648.0,64.1
16946,313.0,3756.0,64.3
16947,306.0,3672.0,64.0
16948,310.0,3720.0,64.4
16949,308.0,3696.0,63.9
16950,297.0,3564.0,63.9
16951,297.0,3564.0,64.1
16952,297.0,3564.0,63.9
16953,287.0,3444.0,64.5
16954,281.0,3372.0,64.4
16955,278.0,3336.0,64.6
16956,274.0,3288.0,66.5
16957,274.0,3288.0,67.3
16958,270.0,3240.0,67.8
16959,268.0,3216.0,68.1
16960,280.0,3360.0,68.4
16961,267.0,3204.0,68.3
16962,253.0,3036.0,68.6
16963,251.0,3012.0,68.6
16964,245.0,2940.0,68.6
16965,246.0,2952.0,68.6
16966,236.0,2832.0,68.8
16967,238.0,2856.0,69.0
16968,227.0,2724.0,68.7
16969,221.0,2652.0,68.6
16970,220.0,2640.0,68.6
16971,211.0,2532.0,68.6
16972,206.0,2472.0,68.5
16973,196.0,2352.0,68.7
16974,197.0,2364.0,68.4
16975,181.0,2172.0,68.5
16976,189.0,2268.0,68.7
16977,171.0,2052.0,68.4
16978,162.0,1944.0,68.7
16979,161.0,1932.0,68.8
16980,144.0,1728.0,68.7
16981,146.0,1752.0,68.5
16982,141.0,1692.0,68.6
16983,137.0,1644.0,68.5
16984,144.0,1728.0,68.3
16985,135.0,1620.0,68.7
16986,125.0,1500.0,68.7
16987,116.0,1392.0,68.6
16988,114.0,1368.0,68.8
16989,113.0,1356.0,68.5
16990,105.0,1260.0,68.1
16991,102.0,1224.0,68.3
16992,91.0,1092.0,69.5
16993,89.0,1068.0,68.9
16994,90.0,1080.0,68.7
16995,82.0,984.0,68.9
16996,85.0,1020.0,68.4
16997,79.0,948.0,68.5
16998,74.0,888.0,68.7
16999,69.0,828.0,68.7
17000,65.0,780.0,68.3
17001,69.0,828.0,68.2
17002,62.0,744.0,68.0
17003,58.0,696.0,68.0
17004,56.0,672.0,68.5
17005,59.0,708.0,68.5
17006,60.0,720.0,68.6
17007,53.0,636.0,68.4
17008,53.0,636.0,68.4
17009,52.0,624.0,68.0
17010,47.0,564.0,68.0
17011,56.0,672.0,68.0
17012,46.0,552.0,67.8
17013,46.0,552.0,67.9
17014,49.0,588.0,67.7
17015,44.0,528.0,67.9
17016,46.0,552.0,67.8
17017,45.0,540.0,67.7
17018,44.0,528.0,67.9
17019,45.0,540.0,67.9
17020,44.0,528.0,67.9
17021,45.0,540.0,67.8
17022,44.0,528.0,67.9
17023,44.0,528.0,67.7
17024,45.0,540.0,67.7
17025,45.0,540.0,67.7
17026,44.0,528.0,67.8
17027,46.0,552.0,67.3
17028,46.0,552.0,67.7
17029,45.0,540.0,67.4
17030,49.0,588.0,67.6
17031,47.0,564.0,67.8
17032,53.0,636.0,67.6
17033,56.0,672.0,67.6
17034,59.0,708.0,67.8
17035,65.0,780.0,67.8
17036,71.0,852.0,68.1
17037,76.0,912.0,67.7
17038,72.0,864.0,67.8
17039,72.0,864.0,67.6
17040,74.0,888.0,67.7
17041,76.0,912.0,68.0
17042,86.0,1032.0,68.0
17043,95.0,1140.0,67.9
17044,110.0,1320.0,68.1
17045,114.0,1368.0,67.9
17046,128.0,1536.0,68.3
17047,146.0,1752.0,68.5
17048,155.0,1860.0,68.7
17049,174.0,2088.0,69.2
17050,162.0,1944.0,68.8
17051,162.0,1944.0,68.6
17052,177.0,2124.0,68.7
17053,188.0,2256.0,68.5
17054,202.0,2424.0,68.6
17055,230.0,2760.0,68.7
17056,241.0,2892.0,69.5
17057,244.0,2928.0,69.6
17058,283.0,3396.0,69.3
17059,291.0,3492.0,69.2
17060,310.0,3720.0,69.5
17061,323.0,3876.0,69.7
17062,313.0,3756.0,69.6
17063,297.0,3564.0,69.3
17064,293.0,3516.0,66.2
17065,299.0,3588.0,65.0
17066,320.0,3840.0,64.9
17067,339.0,4068.0,64.9
17068,350.0,4200.0,64.9
17069,329.0,3948.0,64.9
17070,320.0,3840.0,64.9
17071,310.0,3720.0,64.9
17072,309.0,3708.0,65.1
17073,357.0,4284.0,65.0
17074,329.0,3948.0,64.9
17075,343.0,4116.0,64.8
17076,316.0,3792.0,64.9
17077,340.0,4080.0,64.8
17078,342.0,4104.0,65.0
17079,329.0,3948.0,64.9
17080,355.0,4260.0,64.9
17081,369.0,4428.0,64.9
17082,317.0,3804.0,64.9
17083,388.0,4656.0,64.7
17084,400.0,4800.0,64.6
17085,378.0,4536.0,64.3
17086,354.0,4248.0,64.2
17087,400.0,4800.0,64.4
17088,373.0,4476.0,64.3
17089,364.0,4368.0,64.5
17090,385.0,4620.0,64.5
17091,383.0,4596.0,64.6
17092,376.0,4512.0,64.3
17093,376.0,4512.0,64.1
17094,376.0,4512.0,64.3
17095,377.0,4524.0,64.1
17096,380.0,4560.0,64.0
17097,380.0,4560.0,64.0
17098,373.0,4476.0,63.8
17099,361.0,4332.0,64.0
17100,350.0,4200.0,63.7
17101,343.0,4116.0,63.8
17102,346.0,4152.0,63.1
17103,355.0,4260.0,62.9
17104,350.0,4200.0,63.1
17105,357.0,4284.0,63.3
17106,348.0,4176.0,62.8
17107,354.0,4248.0,63.2
17108,358.0,4296.0,62.9
17109,355.0,4260.0,63.0
17110,353.0,4236.0,62.4
17111,348.0,4176.0,62.6
17112,343.0,4116.0,62.7
17113,340.0,4080.0,62.8
17114,348.0,4176.0,62.8
17115,348.0,4176.0,62.1
17116,352.0,4224.0,62.1
17117,355.0,4260.0,62.0
17118,352.0,4224.0,62.1
17119,359.0,4308.0,62.6
17120,360.0,4320.0,62.2
17121,358.0,4296.0,62.3
17122,353.0,4236.0,62.7
17123,350.0,4200.0,62.2
17124,347.0,4164.0,62.4
17125,354.0,4248.0,62.5
17126,366.0,4392.0,61.8
17127,359.0,4308.0,62.1
17128,362.0,4344.0,62.3
17129,357.0,4284.0,62.4
17130,361.0,4332.0,62.7
17131,359.0,4308.0,62.0
17132,363.0,4356.0,62.1
17133,361.0,4332.0,62.0
17134,362.0,4344.0,62.5
17135,359.0,4308.0,62.2
17136,359.0,4308.0,62.8
17137,359.0,4308.0,62.6
17138,368.0,4416.0,62.6
17139,366.0,4392.0,62.5
17140,364.0,4368.0,62.9
17141,364.0,4368.0,63.1
17142,366.0,4392.0,62.7
17143,376.0,4512.0,62.5
17144,377.0,4524.0,62.6
17145,376.0,4512.0,62.7
17146,370.0,4440.0,62.5
17147,372.0,4464.0,62.3
17148,361.0,4332.0,62.4
17149,373.0,4476.0,62.6
17150,370.0,4440.0,62.5
17151,380.0,4560.0,62.9
17152,383.0,4596.0,62.7
17153,385.0,4620.0,62.5
17154,380.0,4560.0,62.5
17155,383.0,4596.0,62.8
17156,388.0,4656.0,62.7
17157,389.0,4668.0,62.9
17158,383.0,4596.0,63.2
17159,383.0,4596.0,63.5
17160,383.0,4596.0,63.3
17161,385.0,4620.0,63.6
17162,399.0,4788.0,63.2
17163,402.0,4824.0,63.3
17164,403.0,4836.0,63.2
17165,422.0,5064.0,63.3
17166,407.0,4884.0,62.8
17167,412.0,4944.0,62.8
17168,422.0,5064.0,63.1
17169,440.0,5280.0,63.1
17170,438.0,5256.0,62.9
17171,443.0,5316.0,63.1
17172,471.0,5652.0,62.3
17173,440.0,5280.0,62.1
17174,441.0,5292.0,62.5
17175,441.0,5292.0,62.8
17176,453.0,5436.0,62.6
17177,452.0,5424.0,62.8
17178,442.0,5304.0,62.6
17179,426.0,5112.0,62.7
17180,433.0,5196.0,62.3
17181,443.0,5316.0,62.3
17182,435.0,5220.0,62.0
17183,440.0,5280.0,62.4
17184,441.0,5292.0,61.9
17185,441.0,5292.0,62.2
17186,435.0,5220.0,62.5
17187,435.0,5220.0,62.9
17188,423.0,5076.0,63.2
17189,419.0,5028.0,60.9
17190,410.0,4920.0,62.2
17191,412.0,4944.0,62.2
17192,429.0,5148.0,62.3
17193,438.0,5256.0,62.5
17194,431.0,5172.0,62.3
17195,422.0,5064.0,63.2
17196,425.0,5100.0,62.5
17197,436.0,5232.0,63.7
17198,455.0,5460.0,63.8
17199,449.0,5388.0,63.1
17200,445.0,5340.0,63.0
17201,431.0,5172.0,63.1
17202,441.0,5292.0,63.4
17203,461.0,5532.0,63.5
17204,455.0,5460.0,64.1
17205,441.0,5292.0,64.6
17206,432.0,5184.0,65.3
17207,435.0,5220.0,65.6
17208,419.0,5028.0,65.8
17209,399.0,4788.0,65.9
17210,406.0,4872.0,65.8
17211,399.0,4788.0,66.4
17212,397.0,4764.0,66.6
17213,403.0,4836.0,66.8
17214,395.0,4740.0,67.0
17215,343.0,4116.0,67.2
17216,338.0,4056.0,67.3
17217,321.0,3852.0,67.3
17218,347.0,4164.0,67.8
17219,327.0,3924.0,68.0
17220,306.0,3672.0,68.0
17221,317.0,3804.0,68.3
17222,321.0,3852.0,68.3
17223,327.0,3924.0,68.1
17224,304.0,3648.0,68.2
17225,297.0,3564.0,68.2
17226,297.0,3564.0,67.8
17227,287.0,3444.0,67.7
17228,278.0,3336.0,67.3
17229,291.0,3492.0,67.1
17230,267.0,3204.0,66.9
17231,274.0,3288.0,67.0
17232,258.0,3096.0,67.1
17233,253.0,3036.0,67.0
17234,264.0,3168.0,67.0
17235,252.0,3024.0,67.2
17236,269.0,3228.0,66.9
17237,261.0,3132.0,66.8
17238,245.0,2940.0,67.2
17239,246.0,2952.0,66.7
17240,252.0,3024.0,67.1
17241,232.0,2784.0,67.1
17242,251.0,3012.0,67.0
17243,234.0,2808.0,67.3
17244,230.0,2760.0,67.9
17245,214.0,2568.0,68.1
17246,224.0,2688.0,68.4
17247,225.0,2700.0,68.9
17248,234.0,2808.0,69.0
17249,230.0,2760.0,68.9
17250,234.0,2808.0,68.6
17251,218.0,2616.0,68.7
17252,218.0,2616.0,68.9
17253,204.0,2448.0,69.1
17254,211.0,2532.0,68.9
17255,199.0,2388.0,68.9
17256,196.0,2352.0,69.1
17257,201.0,2412.0,68.8
17258,196.0,2352.0,68.7
17259,204.0,2448.0,68.9
17260,192.0,2304.0,68.4
17261,184.0,2208.0,68.6
17262,158.0,1896.0,68.6
17263,167.0,2004.0,68.4
17264,161.0,1932.0,68.9
17265,156.0,1872.0,68.8
17266,144.0,1728.0,68.3
17267,142.0,1704.0,68.1
17268,139.0,1668.0,68.4
17269,139.0,1668.0,68.5
17270,148.0,1776.0,68.5
17271,135.0,1620.0,68.5
17272,149.0,1788.0,68.3
17273,141.0,1692.0,68.3
17274,119.0,1428.0,68.5
17275,116.0,1392.0,68.4
17276,123.0,1476.0,67.8
17277,110.0,1320.0,68.1
17278,116.0,1392.0,67.9
17279,99.0,1188.0,67.8
17280,95.0,1140.0,68.9
17281,95.0,1140.0,69.0
17282,97.0,1164.0,68.7
17283,95.0,1140.0,68.5
17284,88.0,1056.0,68.2
17285,88.0,1056.0,68.2
17286,82.0,984.0,68.1
17287,75.0,900.0,67.9
17288,74.0,888.0,68.1
17289,74.0,888.0,68.1
17290,76.0,912.0,67.2
17291,69.0,828.0,67.0
17292,65.0,780.0,67.4
17293,67.0,804.0,68.0
17294,62.0,744.0,68.1
17295,63.0,756.0,68.2
17296,62.0,744.0,67.5
17297,56.0,672.0,67.5
17298,59.0,708.0,67.9
17299,61.0,732.0,67.2
17300,59.0,708.0,67.2
17301,53.0,636.0,67.2
17302,56.0,672.0,67.1
17303,59.0,708.0,67.5
17304,50.0,600.0,67.6
17305,49.0,588.0,67.2
17306,56.0,672.0,67.4
17307,60.0,720.0,67.1
17308,65.0,780.0,67.2
17309,61.0,732.0,67.5
17310,56.0,672.0,67.1
17311,53.0,636.0,67.1
17312,50.0,600.0,67.1
17313,52.0,624.0,67.3
17314,52.0,624.0,67.2
17315,52.0,624.0,67.1
17316,56.0,672.0,66.9
17317,52.0,624.0,66.6
17318,60.0,720.0,66.9
17319,61.0,732.0,67.0
17320,58.0,696.0,67.1
17321,60.0,720.0,67.0
17322,63.0,756.0,67.3
17323,69.0,828.0,67.6
17324,74.0,888.0,67.9
17325,82.0,984.0,67.9
17326,79.0,948.0,67.9
17327,74.0,888.0,67.8
17328,79.0,948.0,67.2
17329,75.0,900.0,67.1
17330,88.0,1056.0,67.4
17331,95.0,1140.0,67.5
17332,106.0,1272.0,67.5
17333,118.0,1416.0,68.1
17334,132.0,1584.0,67.8
17335,149.0,1788.0,68.1
17336,166.0,1992.0,68.7
17337,174.0,2088.0,68.3
17338,167.0,2004.0,68.9
17339,167.0,2004.0,68.4
17340,178.0,2136.0,68.4
17341,192.0,2304.0,68.5
17342,216.0,2592.0,68.5
17343,238.0,2856.0,68.5
17344,258.0,3096.0,69.4
17345,268.0,3216.0,68.9
17346,290.0,3480.0,68.6
17347,309.0,3708.0,68.4
17348,326.0,3912.0,68.9
17349,342.0,4104.0,69.4
17350,336.0,4032.0,69.4
17351,308.0,3696.0,69.0
17352,301.0,3612.0,66.5
17353,310.0,3720.0,65.3
17354,324.0,3888.0,64.9
17355,342.0,4104.0,64.7
17356,276.0,3312.0,64.4
17357,278.0,3336.0,64.4
17358,286.0,3432.0,64.5
17359,260.0,3120.0,64.5
17360,283.0,3396.0,64.6
17361,296.0,3552.0,64.5
17362,320.0,3840.0,64.7
17363,342.0,4104.0,64.9
17364,339.0,4068.0,64.8
17365,326.0,3912.0,64.8
17366,343.0,4116.0,64.7
17367,317.0,3804.0,65.0
17368,306.0,3672.0,64.8
17369,290.0,3480.0,64.9
17370,280.0,3360.0,64.9
17371,338.0,4056.0,64.6
17372,380.0,4560.0,64.3
17373,364.0,4368.0,64.1
17374,359.0,4308.0,63.9
17375,343.0,4116.0,64.0
17376,317.0,3804.0,64.2
17377,378.0,4536.0,64.1
17378,377.0,4524.0,64.0
17379,336.0,4032.0,64.5
17380,352.0,4224.0,64.1
17381,378.0,4536.0,64.2
17382,378.0,4536.0,64.3
17383,380.0,4560.0,64.6
17384,380.0,4560.0,64.1
17385,383.0,4596.0,64.2
17386,376.0,4512.0,64.4
17387,364.0,4368.0,64.1
17388,358.0,4296.0,63.6
17389,348.0,4176.0,63.3
17390,354.0,4248.0,63.3
17391,354.0,4248.0,63.1
17392,352.0,4224.0,62.9
17393,354.0,4248.0,63.0
17394,348.0,4176.0,63.0
17395,350.0,4200.0,63.2
17396,353.0,4236.0,63.2
17397,355.0,4260.0,62.9
17398,346.0,4152.0,62.8
17399,340.0,4080.0,62.6
17400,330.0,3960.0,62.8
17401,332.0,3984.0,62.8
17402,336.0,4032.0,62.9
17403,342.0,4104.0,63.4
17404,334.0,4008.0,63.0
17405,336.0,4032.0,62.8
17406,339.0,4068.0,62.5
17407,343.0,4116.0,62.6
17408,347.0,4164.0,62.5
17409,343.0,4116.0,62.7
17410,343.0,4116.0,62.5
17411,336.0,4032.0,62.4
17412,329.0,3948.0,62.3
17413,340.0,4080.0,62.4
17414,343.0,4116.0,62.3
17415,350.0,4200.0,62.4
17416,347.0,4164.0,62.6
17417,347.0,4164.0,62.8
17418,342.0,4104.0,62.5
17419,354.0,4248.0,63.0
17420,358.0,4296.0,62.8
17421,355.0,4260.0,62.6
17422,347.0,4164.0,63.0
17423,346.0,4152.0,62.9
17424,343.0,4116.0,62.7
17425,346.0,4152.0,62.7
17426,354.0,4248.0,62.8
17427,355.0,4260.0,62.8
17428,353.0,4236.0,63.0
17429,354.0,4248.0,62.9
17430,359.0,4308.0,62.7
17431,360.0,4320.0,62.8
17432,355.0,4260.0,63.3
17433,354.0,4248.0,62.9
17434,352.0,4224.0,63.0
17435,354.0,4248.0,63.3
17436,346.0,4152.0,62.8
17437,343.0,4116.0,62.7
17438,355.0,4260.0,63.7
17439,362.0,4344.0,63.7
17440,358.0,4296.0,63.6
17441,363.0,4356.0,63.3
17442,360.0,4320.0,63.0
17443,366.0,4392.0,63.3
17444,369.0,4428.0,62.8
17445,376.0,4512.0,62.8
17446,376.0,4512.0,62.6
17447,376.0,4512.0,62.7
17448,376.0,4512.0,62.7
17449,378.0,4536.0,62.6
17450,385.0,4620.0,62.9
17451,395.0,4740.0,62.9
17452,396.0,4752.0,63.0
17453,402.0,4824.0,62.8
17454,402.0,4824.0,62.9
17455,410.0,4920.0,62.8
17456,417.0,5004.0,62.9
17457,436.0,5232.0,63.4
17458,459.0,5508.0,63.2
17459,466.0,5592.0,62.8
17460,469.0,5628.0,62.7
17461,468.0,5616.0,62.5
17462,452.0,5424.0,62.2
17463,468.0,5616.0,62.5
17464,479.0,5748.0,62.3
17465,463.0,5556.0,61.9
17466,471.0,5652.0,62.3
17467,459.0,5508.0,61.7
17468,445.0,5340.0,61.7
17469,432.0,5184.0,60.7
17470,455.0,5460.0,61.4
17471,442.0,5304.0,61.7
17472,434.0,5208.0,62.1
17473,453.0,5436.0,62.6
17474,449.0,5388.0,62.9
17475,426.0,5112.0,63.1
17476,427.0,5124.0,63.0
17477,445.0,5340.0,63.2
17478,427.0,5124.0,63.5
17479,413.0,4956.0,63.7
17480,440.0,5280.0,63.1
17481,425.0,5100.0,61.2
17482,449.0,5388.0,61.8
17483,432.0,5184.0,61.7
17484,426.0,5112.0,61.8
17485,438.0,5256.0,62.9
17486,461.0,5532.0,62.9
17487,442.0,5304.0,62.7
17488,459.0,5508.0,62.2
17489,464.0,5568.0,61.6
17490,449.0,5388.0,60.7
17491,448.0,5376.0,60.4
17492,438.0,5256.0,62.2
17493,438.0,5256.0,64.5
17494,432.0,5184.0,65.2
17495,459.0,5508.0,65.6
17496,431.0,5172.0,65.6
17497,396.0,4752.0,65.9
17498,380.0,4560.0,66.1
17499,392.0,4704.0,66.6
17500,380.0,4560.0,66.9
17501,385.0,4620.0,67.1
17502,352.0,4224.0,67.1
17503,336.0,4032.0,67.2
17504,364.0,4368.0,67.3
17505,350.0,4200.0,67.5
17506,340.0,4080.0,67.6
17507,320.0,3840.0,68.1
17508,309.0,3708.0,67.3
17509,313.0,3756.0,67.5
17510,317.0,3804.0,67.9
17511,326.0,3912.0,67.8
17512,320.0,3840.0,68.0
17513,313.0,3756.0,68.2
17514,310.0,3720.0,68.1
17515,293.0,3516.0,67.7
17516,297.0,3564.0,67.6
17517,293.0,3516.0,67.2
17518,296.0,3552.0,66.9
17519,290.0,3480.0,66.7
17520,278.0,3336.0,66.7
17521,287.0,3444.0,66.9
17522,278.0,3336.0,67.0
17523,263.0,3156.0,66.8
17524,275.0,3300.0,67.1
17525,278.0,3336.0,67.0
17526,271.0,3252.0,66.9
17527,258.0,3096.0,66.9
17528,258.0,3096.0,67.0
17529,241.0,2892.0,67.1
17530,254.0,3048.0,67.2
17531,231.0,2772.0,67.2
17532,241.0,2892.0,67.9
17533,241.0,2892.0,68.1
17534,227.0,2724.0,68.3
17535,244.0,2928.0,68.6
17536,238.0,2856.0,68.5
17537,248.0,2976.0,68.7
17538,223.0,2676.0,68.7
17539,216.0,2592.0,68.4
17540,218.0,2616.0,68.4
17541,234.0,2808.0,68.2
17542,208.0,2496.0,68.4
17543,216.0,2592.0,68.0
17544,204.0,2448.0,68.0
17545,214.0,2568.0,68.3
17546,197.0,2364.0,68.2
17547,215.0,2580.0,68.3
17548,200.0,2400.0,68.7
17549,186.0,2232.0,68.7
17550,169.0,2028.0,68.8
17551,174.0,2088.0,68.4
17552,169.0,2028.0,68.4
17553,166.0,1992.0,68.4
17554,165.0,1980.0,68.2
17555,142.0,1704.0,68.1
17556,139.0,1668.0,68.2
17557,144.0,1728.0,68.3
17558,152.0,1824.0,68.3
17559,144.0,1728.0,68.6
17560,144.0,1728.0,68.5
17561,127.0,1524.0,68.7
17562,125.0,1500.0,68.7
17563,119.0,1428.0,68.4
17564,116.0,1392.0,68.3
17565,118.0,1416.0,68.1
17566,112.0,1344.0,68.0
17567,102.0,1224.0,68.2
17568,95.0,1140.0,68.8
17569,97.0,1164.0,68.6
17570,105.0,1260.0,68.8
17571,105.0,1260.0,68.8
17572,95.0,1140.0,68.0
17573,86.0,1032.0,68.5
17574,79.0,948.0,68.2
17575,72.0,864.0,68.0
17576,75.0,900.0,67.8
17577,76.0,912.0,67.5
17578,69.0,828.0,67.5
17579,69.0,828.0,67.5
17580,65.0,780.0,67.7
17581,63.0,756.0,67.5
17582,69.0,828.0,67.6
17583,72.0,864.0,67.8
17584,71.0,852.0,67.7
17585,60.0,720.0,67.5
17586,62.0,744.0,67.4
17587,53.0,636.0,67.5
17588,64.0,768.0,67.4
17589,63.0,756.0,67.5
17590,63.0,756.0,67.2
17591,58.0,696.0,67.3
17592,56.0,672.0,67.6
17593,61.0,732.0,67.7
17594,62.0,744.0,67.6
17595,62.0,744.0,67.4
17596,60.0,720.0,67.6
17597,53.0,636.0,67.3
17598,49.0,588.0,67.2
17599,53.0,636.0,67.1
17600,50.0,600.0,67.2
17601,56.0,672.0,67.1
17602,56.0,672.0,67.0
17603,49.0,588.0,66.9
17604,49.0,588.0,66.8
17605,49.0,588.0,66.8
17606,56.0,672.0,66.8
17607,60.0,720.0,66.9
17608,59.0,708.0,67.0
17609,60.0,720.0,67.3
17610,62.0,744.0,67.1
17611,67.0,804.0,67.2
17612,75.0,900.0,67.3
17613,76.0,912.0,67.8
17614,75.0,900.0,67.6
17615,76.0,912.0,67.7
17616,76.0,912.0,67.5
17617,83.0,996.0,67.5
17618,95.0,1140.0,67.4
17619,98.0,1176.0,67.6
17620,106.0,1272.0,67.9
17621,122.0,1464.0,67.9
17622,136.0,1632.0,68.1
17623,142.0,1704.0,68.3
17624,169.0,2028.0,68.6
17625,178.0,2136.0,68.4
17626,171.0,2052.0,68.5
17627,165.0,1980.0,68.6
17628,167.0,2004.0,68.3
17629,184.0,2208.0,68.3
17630,218.0,2616.0,68.3
17631,241.0,2892.0,68.8
17632,251.0,3012.0,68.7
17633,267.0,3204.0,68.6
17634,287.0,3444.0,67.8
17635,306.0,3672.0,68.2
17636,329.0,3948.0,68.7
17637,339.0,4068.0,68.5
17638,331.0,3972.0,68.5
17639,308.0,3696.0,68.7
17640,308.0,3696.0,66.3
17641,310.0,3720.0,65.3
17642,316.0,3792.0,64.7
17643,294.0,3528.0,64.5
17644,329.0,3948.0,64.4
17645,309.0,3708.0,64.5
17646,306.0,3672.0,64.5
17647,316.0,3792.0,64.5
17648,368.0,4416.0,64.6
17649,324.0,3888.0,64.7
17650,324.0,3888.0,64.7
17651,359.0,4308.0,64.9
17652,383.0,4596.0,64.9
17653,361.0,4332.0,64.9
17654,327.0,3924.0,64.7
17655,347.0,4164.0,64.7
17656,366.0,4392.0,64.7
17657,297.0,3564.0,64.9
17658,336.0,4032.0,64.7
17659,369.0,4428.0,64.8
17660,396.0,4752.0,64.5
17661,419.0,5028.0,64.4
17662,415.0,4980.0,64.5
17663,390.0,4680.0,64.4
17664,380.0,4560.0,64.5
17665,382.0,4584.0,64.2
17666,385.0,4620.0,64.4
17667,388.0,4656.0,64.2
17668,385.0,4620.0,64.1
17669,380.0,4560.0,64.4
17670,373.0,4476.0,64.1
17671,385.0,4620.0,64.2
17672,383.0,4596.0,64.1
17673,380.0,4560.0,64.0
17674,382.0,4584.0,64.0
17675,366.0,4392.0,64.1
17676,353.0,4236.0,64.1
17677,347.0,4164.0,63.8
17678,350.0,4200.0,63.7
17679,353.0,4236.0,63.6
17680,352.0,4224.0,63.5
17681,354.0,4248.0,63.3
17682,353.0,4236.0,63.3
17683,353.0,4236.0,63.3
17684,358.0,4296.0,63.1
17685,350.0,4200.0,62.7
17686,347.0,4164.0,62.7
17687,339.0,4068.0,62.7
17688,332.0,3984.0,62.5
17689,327.0,3924.0,62.8
17690,336.0,4032.0,62.8
17691,336.0,4032.0,62.4
17692,336.0,4032.0,62.5
17693,339.0,4068.0,62.6
17694,340.0,4080.0,62.7
17695,343.0,4116.0,62.2
17696,347.0,4164.0,62.6
17697,348.0,4176.0,62.4
17698,346.0,4152.0,62.5
17699,340.0,4080.0,61.9
17700,333.0,3996.0,62.6
17701,340.0,4080.0,62.7
17702,350.0,4200.0,62.5
17703,347.0,4164.0,62.4
17704,340.0,4080.0,62.9
17705,340.0,4080.0,63.0
17706,340.0,4080.0,62.3
17707,343.0,4116.0,62.9
17708,343.0,4116.0,62.9
17709,350.0,4200.0,62.3
17710,350.0,4200.0,62.5
17711,346.0,4152.0,62.8
17712,354.0,4248.0,62.7
17713,357.0,4284.0,62.7
17714,358.0,4296.0,62.4
17715,364.0,4368.0,62.7
17716,360.0,4320.0,62.7
17717,361.0,4332.0,63.4
17718,360.0,4320.0,63.0
17719,360.0,4320.0,62.9
17720,369.0,4428.0,62.6
17721,364.0,4368.0,62.8
17722,362.0,4344.0,62.6
17723,366.0,4392.0,62.7
17724,362.0,4344.0,62.8
17725,364.0,4368.0,62.6
17726,366.0,4392.0,62.6
17727,376.0,4512.0,62.9
17728,376.0,4512.0,63.3
17729,383.0,4596.0,63.0
17730,376.0,4512.0,62.9
17731,382.0,4584.0,63.1
17732,387.0,4644.0,62.7
17733,395.0,4740.0,62.8
17734,392.0,4704.0,63.0
17735,390.0,4680.0,63.0
17736,385.0,4620.0,63.0
17737,389.0,4668.0,62.7
17738,397.0,4764.0,63.0
17739,403.0,4836.0,63.1
17740,407.0,4884.0,63.0
17741,411.0,4932.0,63.0
17742,418.0,5016.0,62.9
17743,413.0,4956.0,63.1
17744,425.0,5100.0,63.1
17745,448.0,5376.0,63.1
17746,434.0,5208.0,63.0
17747,429.0,5148.0,63.0
17748,449.0,5388.0,62.2
17749,429.0,5148.0,62.6
17750,432.0,5184.0,62.5
17751,443.0,5316.0,62.3
17752,442.0,5304.0,62.5
17753,447.0,5364.0,62.3
17754,463.0,5556.0,62.2
17755,438.0,5256.0,62.6
17756,431.0,5172.0,62.9
17757,436.0,5232.0,61.1
17758,438.0,5256.0,59.6
17759,443.0,5316.0,59.7
17760,449.0,5388.0,59.9
17761,441.0,5292.0,60.7
17762,465.0,5580.0,61.1
17763,445.0,5340.0,61.3
17764,431.0,5172.0,61.0
17765,441.0,5292.0,59.8
17766,449.0,5388.0,60.4
17767,459.0,5508.0,61.0
17768,443.0,5316.0,62.3
17769,433.0,5196.0,60.9
17770,432.0,5184.0,61.4
17771,425.0,5100.0,61.6
17772,418.0,5016.0,62.1
17773,432.0,5184.0,61.3
17774,445.0,5340.0,61.0
17775,443.0,5316.0,61.2
17776,443.0,5316.0,61.2
17777,436.0,5232.0,61.5
17778,429.0,5148.0,62.2
17779,447.0,5364.0,62.9
17780,445.0,5340.0,63.1
17781,415.0,4980.0,63.4
17782,410.0,4920.0,63.5
17783,434.0,5208.0,64.8
17784,422.0,5064.0,65.3
17785,405.0,4860.0,65.8
17786,419.0,5028.0,65.9
17787,407.0,4884.0,66.1
17788,392.0,4704.0,66.2
17789,407.0,4884.0,66.5
17790,403.0,4836.0,66.5
17791,377.0,4524.0,66.7
17792,354.0,4248.0,66.6
17793,358.0,4296.0,66.6
17794,346.0,4152.0,67.0
17795,327.0,3924.0,66.9
17796,313.0,3756.0,67.0
17797,329.0,3948.0,67.2
17798,330.0,3960.0,67.2
17799,340.0,4080.0,67.4
17800,326.0,3912.0,67.2
17801,330.0,3960.0,67.3
17802,323.0,3876.0,67.2
17803,296.0,3552.0,67.1
17804,294.0,3528.0,66.9
17805,290.0,3480.0,66.9
17806,293.0,3516.0,66.8
17807,300.0,3600.0,66.7
17808,275.0,3300.0,66.9
17809,285.0,3420.0,66.8
17810,287.0,3444.0,67.1
17811,303.0,3636.0,67.1
17812,268.0,3216.0,67.0
17813,269.0,3228.0,66.9
17814,280.0,3360.0,66.9
17815,281.0,3372.0,66.8
17816,254.0,3048.0,67.3
17817,260.0,3120.0,67.2
17818,261.0,3132.0,67.1
17819,264.0,3168.0,67.3
17820,267.0,3204.0,67.8
17821,248.0,2976.0,68.3
17822,246.0,2952.0,68.4
17823,248.0,2976.0,68.1
17824,244.0,2928.0,68.5
17825,254.0,3048.0,68.4
17826,238.0,2856.0,68.3
17827,238.0,2856.0,68.4
17828,234.0,2808.0,68.2
17829,232.0,2784.0,68.4
17830,238.0,2856.0,68.4
17831,218.0,2616.0,68.4
17832,216.0,2592.0,68.4
17833,199.0,2388.0,68.3
17834,208.0,2496.0,68.4
17835,208.0,2496.0,68.7
17836,195.0,2340.0,68.5
17837,195.0,2340.0,68.3
17838,177.0,2124.0,68.1
17839,186.0,2232.0,68.1
17840,178.0,2136.0,68.2
17841,174.0,2088.0,68.2
17842,162.0,1944.0,68.2
17843,156.0,1872.0,68.0
17844,152.0,1824.0,68.2
17845,136.0,1632.0,69.1
17846,153.0,1836.0,68.3
17847,158.0,1896.0,68.3
17848,141.0,1692.0,67.9
17849,141.0,1692.0,67.6
17850,128.0,1536.0,67.8
17851,128.0,1536.0,67.7
17852,131.0,1572.0,67.3
17853,125.0,1500.0,67.7
17854,113.0,1356.0,67.5
17855,113.0,1356.0,67.4
